id,raw_category,scope_group,scope_subgroup,policy,scope_status,canonical_tracker,reason,source_file,source_line,source_label,group7_scope_decision,destination_group,corrected_group7_decision,correction_reason,stable_target_key,battle_hold_group,canonical_decision,decision_reason,evidence_source
dlg_c939fd14c944ce60,battle,Unclassified,battle,HOLD_FOR_SCOPE_DECISION,HOLD,,Raw inventory row; scope not explicitly approved.,data/maps/AbandonedShip_Corridors_1F/scripts.inc,19,AbandonedShip_Corridors_1F_Text_CharliePostBattle,GROUP7_SELECTED,,DEFER_NONFACILITY_BATTLE,Not explicit Battle Frontier/Battle Tent facility content; keep for later dedicated HOLD handling,data/maps/AbandonedShip_Corridors_1F/scripts.inc::AbandonedShip_Corridors_1F_Text_CharliePostBattle,G,COVERED_ALREADY,Existing translated/closed tracker evidence,tools/thai/translation/phaseF/batches/phaseF-selected-hold-groups1-4-final-reconcile.csv
dlg_2f9156914c1c5042,battle,Unclassified,battle,HOLD_FOR_SCOPE_DECISION,HOLD,,Raw inventory row; scope not explicitly approved.,data/maps/AbandonedShip_Corridors_B1F/scripts.inc,63,AbandonedShip_Corridors_B1F_Text_DuncanPostBattle,GROUP7_SELECTED,,DEFER_NONFACILITY_BATTLE,Not explicit Battle Frontier/Battle Tent facility content; keep for later dedicated HOLD handling,data/maps/AbandonedShip_Corridors_B1F/scripts.inc::AbandonedShip_Corridors_B1F_Text_DuncanPostBattle,G,COVERED_ALREADY,Existing translated/closed tracker evidence,tools/thai/translation/phaseF/batches/phaseF-selected-hold-groups1-4-final-reconcile.csv
dlg_b1b78ab67d465aad,battle,Unclassified,battle,HOLD_FOR_SCOPE_DECISION,HOLD,,Raw inventory row; scope not explicitly approved.,data/maps/AbandonedShip_Rooms2_1F/scripts.inc,59,AbandonedShip_Rooms2_1F_Text_DanPostBattle,GROUP7_SELECTED,,DEFER_NONFACILITY_BATTLE,Not explicit Battle Frontier/Battle Tent facility content; keep for later dedicated HOLD handling,data/maps/AbandonedShip_Rooms2_1F/scripts.inc::AbandonedShip_Rooms2_1F_Text_DanPostBattle,G,COVERED_ALREADY,Existing translated/closed tracker evidence,tools/thai/translation/phaseF/batches/phaseF-selected-hold-groups1-4-final-reconcile.csv
dlg_8ef80f4d4739c5e8,battle,Unclassified,battle,HOLD_FOR_SCOPE_DECISION,HOLD,,Raw inventory row; scope not explicitly approved.,data/maps/AbandonedShip_Rooms2_1F/scripts.inc,75,AbandonedShip_Rooms2_1F_Text_KiraPostBattle,GROUP7_SELECTED,,DEFER_NONFACILITY_BATTLE,Not explicit Battle Frontier/Battle Tent facility content; keep for later dedicated HOLD handling,data/maps/AbandonedShip_Rooms2_1F/scripts.inc::AbandonedShip_Rooms2_1F_Text_KiraPostBattle,G,COVERED_ALREADY,Existing translated/closed tracker evidence,tools/thai/translation/phaseF/batches/phaseF-selected-hold-groups1-4-final-reconcile.csv
dlg_a95bc3dab153f9ed,battle,Unclassified,battle,HOLD_FOR_SCOPE_DECISION,HOLD,,Raw inventory row; scope not explicitly approved.,data/maps/AbandonedShip_Rooms2_1F/scripts.inc,134,AbandonedShip_Rooms2_1F_Text_JaniPostBattle,GROUP7_SELECTED,,DEFER_NONFACILITY_BATTLE,Not explicit Battle Frontier/Battle Tent facility content; keep for later dedicated HOLD handling,data/maps/AbandonedShip_Rooms2_1F/scripts.inc::AbandonedShip_Rooms2_1F_Text_JaniPostBattle,G,COVERED_ALREADY,Existing translated/closed tracker evidence,tools/thai/translation/phaseF/batches/phaseF-selected-hold-groups1-4-final-reconcile.csv
dlg_410c905e70aba7af,battle,Unclassified,battle,HOLD_FOR_SCOPE_DECISION,HOLD,,Raw inventory row; scope not explicitly approved.,data/maps/AbandonedShip_Rooms2_1F/scripts.inc,146,AbandonedShip_Rooms2_1F_Text_GarrisonPostBattle,GROUP7_SELECTED,,DEFER_NONFACILITY_BATTLE,Not explicit Battle Frontier/Battle Tent facility content; keep for later dedicated HOLD handling,data/maps/AbandonedShip_Rooms2_1F/scripts.inc::AbandonedShip_Rooms2_1F_Text_GarrisonPostBattle,G,COVERED_ALREADY,Existing translated/closed tracker evidence,tools/thai/translation/phaseF/batches/phaseF-selected-hold-groups1-4-final-reconcile.csv
dlg_00b0a4af1de4c25f,battle,Unclassified,battle,HOLD_FOR_SCOPE_DECISION,HOLD,,Raw inventory row; scope not explicitly approved.,data/maps/AbandonedShip_Rooms_1F/scripts.inc,46,AbandonedShip_Rooms_1F_Text_ThaliaPostBattle,GROUP7_SELECTED,,DEFER_NONFACILITY_BATTLE,Not explicit Battle Frontier/Battle Tent facility content; keep for later dedicated HOLD handling,data/maps/AbandonedShip_Rooms_1F/scripts.inc::AbandonedShip_Rooms_1F_Text_ThaliaPostBattle,G,COVERED_ALREADY,Existing translated/closed tracker evidence,tools/thai/translation/phaseF/batches/phaseF-selected-hold-groups1-4-final-reconcile.csv
dlg_9848116b0c4e11ae,battle,Unclassified,battle,HOLD_FOR_SCOPE_DECISION,HOLD,,Raw inventory row; scope not explicitly approved.,data/maps/AbandonedShip_Rooms_1F/scripts.inc,73,AbandonedShip_Rooms_1F_Text_DemetriusPostBattle,GROUP7_SELECTED,,DEFER_NONFACILITY_BATTLE,Not explicit Battle Frontier/Battle Tent facility content; keep for later dedicated HOLD handling,data/maps/AbandonedShip_Rooms_1F/scripts.inc::AbandonedShip_Rooms_1F_Text_DemetriusPostBattle,G,COVERED_ALREADY,Existing translated/closed tracker evidence,tools/thai/translation/phaseF/batches/phaseF-selected-hold-groups1-4-final-reconcile.csv
dlg_071fd9fd0855f071,battle,Unclassified,battle,HOLD_FOR_SCOPE_DECISION,HOLD,,Raw inventory row; scope not explicitly approved.,data/maps/AquaHideout_1F/scripts.inc,115,AquaHideout_1F_Text_Grunt1PostBattle,GROUP7_SELECTED,,DEFER_NONFACILITY_BATTLE,Not explicit Battle Frontier/Battle Tent facility content; keep for later dedicated HOLD handling,data/maps/AquaHideout_1F/scripts.inc::AquaHideout_1F_Text_Grunt1PostBattle,G,COVERED_ALREADY,Existing translated/closed tracker evidence,tools/thai/translation/phaseF/batches/phaseF-selected-hold-groups1-4-final-reconcile.csv
dlg_ebc2e18b473a5976,battle,Unclassified,battle,HOLD_FOR_SCOPE_DECISION,HOLD,,Raw inventory row; scope not explicitly approved.,data/maps/AquaHideout_B1F/scripts.inc,115,AquaHideout_B1F_Text_Grunt2PostBattle,GROUP7_SELECTED,,DEFER_NONFACILITY_BATTLE,Not explicit Battle Frontier/Battle Tent facility content; keep for later dedicated HOLD handling,data/maps/AquaHideout_B1F/scripts.inc::AquaHideout_B1F_Text_Grunt2PostBattle,G,COVERED_ALREADY,Existing translated/closed tracker evidence,tools/thai/translation/phaseF/batches/phaseF-selected-hold-groups1-4-final-reconcile.csv
dlg_d86ee7fb78d04186,battle,Unclassified,battle,HOLD_FOR_SCOPE_DECISION,HOLD,,Raw inventory row; scope not explicitly approved.,data/maps/AquaHideout_B1F/scripts.inc,131,AquaHideout_B1F_Text_Grunt3PostBattle,GROUP7_SELECTED,,DEFER_NONFACILITY_BATTLE,Not explicit Battle Frontier/Battle Tent facility content; keep for later dedicated HOLD handling,data/maps/AquaHideout_B1F/scripts.inc::AquaHideout_B1F_Text_Grunt3PostBattle,G,COVERED_ALREADY,Existing translated/closed tracker evidence,tools/thai/translation/phaseF/batches/phaseF-selected-hold-groups1-4-final-reconcile.csv
dlg_af290f764e8fd63a,battle,Unclassified,battle,HOLD_FOR_SCOPE_DECISION,HOLD,,Raw inventory row; scope not explicitly approved.,data/maps/AquaHideout_B1F/scripts.inc,144,AquaHideout_B1F_Text_Grunt5PostBattle,GROUP7_SELECTED,,DEFER_NONFACILITY_BATTLE,Not explicit Battle Frontier/Battle Tent facility content; keep for later dedicated HOLD handling,data/maps/AquaHideout_B1F/scripts.inc::AquaHideout_B1F_Text_Grunt5PostBattle,G,COVERED_ALREADY,Existing translated/closed tracker evidence,tools/thai/translation/phaseF/batches/phaseF-selected-hold-groups1-4-final-reconcile.csv
dlg_75b1199d8b87b167,battle,Unclassified,battle,HOLD_FOR_SCOPE_DECISION,HOLD,,Raw inventory row; scope not explicitly approved.,data/maps/AquaHideout_B1F/scripts.inc,157,AquaHideout_B1F_Text_Grunt7PostBattle,GROUP7_SELECTED,,DEFER_NONFACILITY_BATTLE,Not explicit Battle Frontier/Battle Tent facility content; keep for later dedicated HOLD handling,data/maps/AquaHideout_B1F/scripts.inc::AquaHideout_B1F_Text_Grunt7PostBattle,G,COVERED_ALREADY,Existing translated/closed tracker evidence,tools/thai/translation/phaseF/batches/phaseF-selected-hold-groups1-4-final-reconcile.csv
dlg_b13c4d9e2a1feba7,battle,Unclassified,battle,HOLD_FOR_SCOPE_DECISION,HOLD,,Raw inventory row; scope not explicitly approved.,data/maps/AquaHideout_B2F/scripts.inc,107,AquaHideout_B2F_Text_MattPostBattle,GROUP7_SELECTED,,DEFER_NONFACILITY_BATTLE,Not explicit Battle Frontier/Battle Tent facility content; keep for later dedicated HOLD handling,data/maps/AquaHideout_B2F/scripts.inc::AquaHideout_B2F_Text_MattPostBattle,G,COVERED_ALREADY,Existing translated/closed tracker evidence,tools/thai/translation/phaseF/batches/phaseF-selected-hold-groups1-4-final-reconcile.csv
dlg_42a69ad295141147,battle,Unclassified,battle,HOLD_FOR_SCOPE_DECISION,HOLD,,Raw inventory row; scope not explicitly approved.,data/maps/AquaHideout_B2F/scripts.inc,125,AquaHideout_B2F_Text_Grunt4PostBattle,GROUP7_SELECTED,,DEFER_NONFACILITY_BATTLE,Not explicit Battle Frontier/Battle Tent facility content; keep for later dedicated HOLD handling,data/maps/AquaHideout_B2F/scripts.inc::AquaHideout_B2F_Text_Grunt4PostBattle,G,COVERED_ALREADY,Existing translated/closed tracker evidence,tools/thai/translation/phaseF/batches/phaseF-selected-hold-groups1-4-final-reconcile.csv
dlg_25d46ff126e68da4,battle,Unclassified,battle,HOLD_FOR_SCOPE_DECISION,HOLD,,Raw inventory row; scope not explicitly approved.,data/maps/AquaHideout_B2F/scripts.inc,141,AquaHideout_B2F_Text_Grunt6PostBattle,GROUP7_SELECTED,,DEFER_NONFACILITY_BATTLE,Not explicit Battle Frontier/Battle Tent facility content; keep for later dedicated HOLD handling,data/maps/AquaHideout_B2F/scripts.inc::AquaHideout_B2F_Text_Grunt6PostBattle,G,COVERED_ALREADY,Existing translated/closed tracker evidence,tools/thai/translation/phaseF/batches/phaseF-selected-hold-groups1-4-final-reconcile.csv
dlg_a3fd6103867f76b3,battle,Unclassified,battle,HOLD_FOR_SCOPE_DECISION,HOLD,,Raw inventory row; scope not explicitly approved.,data/maps/AquaHideout_B2F/scripts.inc,156,AquaHideout_B2F_Text_Grunt8PostBattle,GROUP7_SELECTED,,DEFER_NONFACILITY_BATTLE,Not explicit Battle Frontier/Battle Tent facility content; keep for later dedicated HOLD handling,data/maps/AquaHideout_B2F/scripts.inc::AquaHideout_B2F_Text_Grunt8PostBattle,G,COVERED_ALREADY,Existing translated/closed tracker evidence,tools/thai/translation/phaseF/batches/phaseF-selected-hold-groups1-4-final-reconcile.csv
dlg_1be5902769f98d9e,battle,Unclassified,battle,HOLD_FOR_SCOPE_DECISION,HOLD,,Raw inventory row; scope not explicitly approved.,data/maps/DewfordTown_Gym/scripts.inc,311,DewfordTown_Gym_Text_TakaoPostBattle,GROUP7_SELECTED,,DEFER_NONFACILITY_BATTLE,Not explicit Battle Frontier/Battle Tent facility content; keep for later dedicated HOLD handling,data/maps/DewfordTown_Gym/scripts.inc::DewfordTown_Gym_Text_TakaoPostBattle,G,COVERED_ALREADY,Existing translated/closed tracker evidence,tools/thai/translation/phaseF/batches/phaseF-selected-hold-groups1-4-final-reconcile.csv
dlg_51f27ead662a008e,battle,Unclassified,battle,HOLD_FOR_SCOPE_DECISION,HOLD,,Raw inventory row; scope not explicitly approved.,data/maps/DewfordTown_Gym/scripts.inc,324,DewfordTown_Gym_Text_JocelynPostBattle,GROUP7_SELECTED,,DEFER_NONFACILITY_BATTLE,Not explicit Battle Frontier/Battle Tent facility content; keep for later dedicated HOLD handling,data/maps/DewfordTown_Gym/scripts.inc::DewfordTown_Gym_Text_JocelynPostBattle,G,COVERED_ALREADY,Existing translated/closed tracker evidence,tools/thai/translation/phaseF/batches/phaseF-selected-hold-groups1-4-final-reconcile.csv
dlg_82c2904aa0ab4518,battle,Unclassified,battle,HOLD_FOR_SCOPE_DECISION,HOLD,,Raw inventory row; scope not explicitly approved.,data/maps/DewfordTown_Gym/scripts.inc,339,DewfordTown_Gym_Text_LauraPostBattle,GROUP7_SELECTED,,DEFER_NONFACILITY_BATTLE,Not explicit Battle Frontier/Battle Tent facility content; keep for later dedicated HOLD handling,data/maps/DewfordTown_Gym/scripts.inc::DewfordTown_Gym_Text_LauraPostBattle,G,COVERED_ALREADY,Existing translated/closed tracker evidence,tools/thai/translation/phaseF/batches/phaseF-selected-hold-groups1-4-final-reconcile.csv
dlg_f07497a6f5e36c7b,battle,Unclassified,battle,HOLD_FOR_SCOPE_DECISION,HOLD,,Raw inventory row; scope not explicitly approved.,data/maps/DewfordTown_Gym/scripts.inc,353,DewfordTown_Gym_Text_LilithPostBattle,GROUP7_SELECTED,,DEFER_NONFACILITY_BATTLE,Not explicit Battle Frontier/Battle Tent facility content; keep for later dedicated HOLD handling,data/maps/DewfordTown_Gym/scripts.inc::DewfordTown_Gym_Text_LilithPostBattle,G,COVERED_ALREADY,Existing translated/closed tracker evidence,tools/thai/translation/phaseF/batches/phaseF-selected-hold-groups1-4-final-reconcile.csv
dlg_79a5018d68b37958,battle,Unclassified,battle,HOLD_FOR_SCOPE_DECISION,HOLD,,Raw inventory row; scope not explicitly approved.,data/maps/DewfordTown_Gym/scripts.inc,365,DewfordTown_Gym_Text_BrendenPostBattle,GROUP7_SELECTED,,DEFER_NONFACILITY_BATTLE,Not explicit Battle Frontier/Battle Tent facility content; keep for later dedicated HOLD handling,data/maps/DewfordTown_Gym/scripts.inc::DewfordTown_Gym_Text_BrendenPostBattle,G,COVERED_ALREADY,Existing translated/closed tracker evidence,tools/thai/translation/phaseF/batches/phaseF-selected-hold-groups1-4-final-reconcile.csv
dlg_052ff3e0c618df75,battle,Unclassified,battle,HOLD_FOR_SCOPE_DECISION,HOLD,,Raw inventory row; scope not explicitly approved.,data/maps/DewfordTown_Gym/scripts.inc,377,DewfordTown_Gym_Text_CristianPostBattle,GROUP7_SELECTED,,DEFER_NONFACILITY_BATTLE,Not explicit Battle Frontier/Battle Tent facility content; keep for later dedicated HOLD handling,data/maps/DewfordTown_Gym/scripts.inc::DewfordTown_Gym_Text_CristianPostBattle,G,COVERED_ALREADY,Existing translated/closed tracker evidence,tools/thai/translation/phaseF/batches/phaseF-selected-hold-groups1-4-final-reconcile.csv
dlg_7d1d16ab4a5481da,battle,Unclassified,battle,HOLD_FOR_SCOPE_DECISION,HOLD,,Raw inventory row; scope not explicitly approved.,data/maps/EverGrandeCity_ChampionsRoom/scripts.inc,253,EverGrandeCity_ChampionsRoom_Text_PostBattleSpeech,GROUP7_SELECTED,,DEFER_NONFACILITY_BATTLE,Not explicit Battle Frontier/Battle Tent facility content; keep for later dedicated HOLD handling,data/maps/EverGrandeCity_ChampionsRoom/scripts.inc::EverGrandeCity_ChampionsRoom_Text_PostBattleSpeech,G,COVERED_ALREADY,Existing translated/closed tracker evidence,tools/thai/translation/phaseF/batches/phaseF-selected-hold-groups1-4-final-reconcile.csv
dlg_54c5bd92ce96a92f,battle,Unclassified,battle,HOLD_FOR_SCOPE_DECISION,HOLD,,Raw inventory row; scope not explicitly approved.,data/maps/EverGrandeCity_DrakesRoom/scripts.inc,79,EverGrandeCity_DrakesRoom_Text_PostBattleSpeech,GROUP7_SELECTED,,DEFER_NONFACILITY_BATTLE,Not explicit Battle Frontier/Battle Tent facility content; keep for later dedicated HOLD handling,data/maps/EverGrandeCity_DrakesRoom/scripts.inc::EverGrandeCity_DrakesRoom_Text_PostBattleSpeech,G,COVERED_ALREADY,Existing translated/closed tracker evidence,tools/thai/translation/phaseF/batches/phaseF-selected-hold-groups1-4-final-reconcile.csv
dlg_236b10a5bd114afd,battle,Unclassified,battle,HOLD_FOR_SCOPE_DECISION,HOLD,,Raw inventory row; scope not explicitly approved.,data/maps/EverGrandeCity_GlaciasRoom/scripts.inc,78,EverGrandeCity_GlaciasRoom_Text_PostBattleSpeech,GROUP7_SELECTED,,DEFER_NONFACILITY_BATTLE,Not explicit Battle Frontier/Battle Tent facility content; keep for later dedicated HOLD handling,data/maps/EverGrandeCity_GlaciasRoom/scripts.inc::EverGrandeCity_GlaciasRoom_Text_PostBattleSpeech,G,COVERED_ALREADY,Existing translated/closed tracker evidence,tools/thai/translation/phaseF/batches/phaseF-selected-hold-groups1-4-final-reconcile.csv
dlg_bf4de60e1cb5bc43,battle,Unclassified,battle,HOLD_FOR_SCOPE_DECISION,HOLD,,Raw inventory row; scope not explicitly approved.,data/maps/EverGrandeCity_PhoebesRoom/scripts.inc,75,EverGrandeCity_PhoebesRoom_Text_PostBattleSpeech,GROUP7_SELECTED,,DEFER_NONFACILITY_BATTLE,Not explicit Battle Frontier/Battle Tent facility content; keep for later dedicated HOLD handling,data/maps/EverGrandeCity_PhoebesRoom/scripts.inc::EverGrandeCity_PhoebesRoom_Text_PostBattleSpeech,G,COVERED_ALREADY,Existing translated/closed tracker evidence,tools/thai/translation/phaseF/batches/phaseF-selected-hold-groups1-4-final-reconcile.csv
dlg_0d3f5ffdd4940765,battle,Unclassified,battle,HOLD_FOR_SCOPE_DECISION,HOLD,,Raw inventory row; scope not explicitly approved.,data/maps/EverGrandeCity_SidneysRoom/scripts.inc,80,EverGrandeCity_SidneysRoom_Text_PostBattleSpeech,GROUP7_SELECTED,,DEFER_NONFACILITY_BATTLE,Not explicit Battle Frontier/Battle Tent facility content; keep for later dedicated HOLD handling,data/maps/EverGrandeCity_SidneysRoom/scripts.inc::EverGrandeCity_SidneysRoom_Text_PostBattleSpeech,G,COVERED_ALREADY,Existing translated/closed tracker evidence,tools/thai/translation/phaseF/batches/phaseF-selected-hold-groups1-4-final-reconcile.csv
dlg_e2c2ae83600a2d81,battle,Unclassified,battle,HOLD_FOR_SCOPE_DECISION,HOLD,,Raw inventory row; scope not explicitly approved.,data/maps/FortreeCity_Gym/scripts.inc,158,FortreeCity_Gym_Text_JaredPostBattle,GROUP7_SELECTED,,DEFER_NONFACILITY_BATTLE,Not explicit Battle Frontier/Battle Tent facility content; keep for later dedicated HOLD handling,data/maps/FortreeCity_Gym/scripts.inc::FortreeCity_Gym_Text_JaredPostBattle,G,COVERED_ALREADY,Existing translated/closed tracker evidence,tools/thai/translation/phaseF/batches/phaseF-selected-hold-groups1-4-final-reconcile.csv
dlg_99fb8a5c41e55c8d,battle,Unclassified,battle,HOLD_FOR_SCOPE_DECISION,HOLD,,Raw inventory row; scope not explicitly approved.,data/maps/FortreeCity_Gym/scripts.inc,174,FortreeCity_Gym_Text_EdwardoPostBattle,GROUP7_SELECTED,,DEFER_NONFACILITY_BATTLE,Not explicit Battle Frontier/Battle Tent facility content; keep for later dedicated HOLD handling,data/maps/FortreeCity_Gym/scripts.inc::FortreeCity_Gym_Text_EdwardoPostBattle,G,COVERED_ALREADY,Existing translated/closed tracker evidence,tools/thai/translation/phaseF/batches/phaseF-selected-hold-groups1-4-final-reconcile.csv
dlg_e74085a63da69959,battle,Unclassified,battle,HOLD_FOR_SCOPE_DECISION,HOLD,,Raw inventory row; scope not explicitly approved.,data/maps/FortreeCity_Gym/scripts.inc,189,FortreeCity_Gym_Text_FlintPostBattle,GROUP7_SELECTED,,DEFER_NONFACILITY_BATTLE,Not explicit Battle Frontier/Battle Tent facility content; keep for later dedicated HOLD handling,data/maps/FortreeCity_Gym/scripts.inc::FortreeCity_Gym_Text_FlintPostBattle,G,COVERED_ALREADY,Existing translated/closed tracker evidence,tools/thai/translation/phaseF/batches/phaseF-selected-hold-groups1-4-final-reconcile.csv
dlg_b3aa3960e85f5654,battle,Unclassified,battle,HOLD_FOR_SCOPE_DECISION,HOLD,,Raw inventory row; scope not explicitly approved.,data/maps/FortreeCity_Gym/scripts.inc,201,FortreeCity_Gym_Text_AshleyPostBattle,GROUP7_SELECTED,,DEFER_NONFACILITY_BATTLE,Not explicit Battle Frontier/Battle Tent facility content; keep for later dedicated HOLD handling,data/maps/FortreeCity_Gym/scripts.inc::FortreeCity_Gym_Text_AshleyPostBattle,G,COVERED_ALREADY,Existing translated/closed tracker evidence,tools/thai/translation/phaseF/batches/phaseF-selected-hold-groups1-4-final-reconcile.csv
dlg_872acef3cb35bbfd,battle,Unclassified,battle,HOLD_FOR_SCOPE_DECISION,HOLD,,Raw inventory row; scope not explicitly approved.,data/maps/FortreeCity_Gym/scripts.inc,215,FortreeCity_Gym_Text_HumbertoPostBattle,GROUP7_SELECTED,,DEFER_NONFACILITY_BATTLE,Not explicit Battle Frontier/Battle Tent facility content; keep for later dedicated HOLD handling,data/maps/FortreeCity_Gym/scripts.inc::FortreeCity_Gym_Text_HumbertoPostBattle,G,COVERED_ALREADY,Existing translated/closed tracker evidence,tools/thai/translation/phaseF/batches/phaseF-selected-hold-groups1-4-final-reconcile.csv
dlg_f151fd84055e0d00,battle,Unclassified,battle,HOLD_FOR_SCOPE_DECISION,HOLD,,Raw inventory row; scope not explicitly approved.,data/maps/FortreeCity_Gym/scripts.inc,228,FortreeCity_Gym_Text_DariusPostBattle,GROUP7_SELECTED,,DEFER_NONFACILITY_BATTLE,Not explicit Battle Frontier/Battle Tent facility content; keep for later dedicated HOLD handling,data/maps/FortreeCity_Gym/scripts.inc::FortreeCity_Gym_Text_DariusPostBattle,G,COVERED_ALREADY,Existing translated/closed tracker evidence,tools/thai/translation/phaseF/batches/phaseF-selected-hold-groups1-4-final-reconcile.csv
dlg_2760ddcbeef7fda6,battle,Unclassified,battle,HOLD_FOR_SCOPE_DECISION,HOLD,,Raw inventory row; scope not explicitly approved.,data/maps/JaggedPass/scripts.inc,159,JaggedPass_Text_EricPostBattle,GROUP7_SELECTED,,DEFER_NONFACILITY_BATTLE,Not explicit Battle Frontier/Battle Tent facility content; keep for later dedicated HOLD handling,data/maps/JaggedPass/scripts.inc::JaggedPass_Text_EricPostBattle,G,COVERED_ALREADY,Existing translated/closed tracker evidence,tools/thai/translation/phaseF/batches/phaseF-selected-hold-groups1-4-final-reconcile.csv
dlg_d9fdffffe0b295bd,battle,Unclassified,battle,HOLD_FOR_SCOPE_DECISION,HOLD,,Raw inventory row; scope not explicitly approved.,data/maps/JaggedPass/scripts.inc,172,JaggedPass_Text_DianaPostBattle,GROUP7_SELECTED,,DEFER_NONFACILITY_BATTLE,Not explicit Battle Frontier/Battle Tent facility content; keep for later dedicated HOLD handling,data/maps/JaggedPass/scripts.inc::JaggedPass_Text_DianaPostBattle,G,COVERED_ALREADY,Existing translated/closed tracker evidence,tools/thai/translation/phaseF/batches/phaseF-selected-hold-groups1-4-final-reconcile.csv
dlg_90d92aa97f70842a,battle,Unclassified,battle,HOLD_FOR_SCOPE_DECISION,HOLD,,Raw inventory row; scope not explicitly approved.,data/maps/JaggedPass/scripts.inc,201,JaggedPass_Text_EthanPostBattle,GROUP7_SELECTED,,DEFER_NONFACILITY_BATTLE,Not explicit Battle Frontier/Battle Tent facility content; keep for later dedicated HOLD handling,data/maps/JaggedPass/scripts.inc::JaggedPass_Text_EthanPostBattle,G,COVERED_ALREADY,Existing translated/closed tracker evidence,tools/thai/translation/phaseF/batches/phaseF-selected-hold-groups1-4-final-reconcile.csv
dlg_991b79eaa42b6fd3,battle,Unclassified,battle,HOLD_FOR_SCOPE_DECISION,HOLD,,Raw inventory row; scope not explicitly approved.,data/maps/JaggedPass/scripts.inc,250,JaggedPass_Text_JulioPostBattle,GROUP7_SELECTED,,DEFER_NONFACILITY_BATTLE,Not explicit Battle Frontier/Battle Tent facility content; keep for later dedicated HOLD handling,data/maps/JaggedPass/scripts.inc::JaggedPass_Text_JulioPostBattle,G,COVERED_ALREADY,Existing translated/closed tracker evidence,tools/thai/translation/phaseF/batches/phaseF-selected-hold-groups1-4-final-reconcile.csv
dlg_0c4050075089b9ca,battle,Unclassified,battle,HOLD_FOR_SCOPE_DECISION,HOLD,,Raw inventory row; scope not explicitly approved.,data/maps/JaggedPass/scripts.inc,262,JaggedPass_Text_AutumnPostBattle,GROUP7_SELECTED,,DEFER_NONFACILITY_BATTLE,Not explicit Battle Frontier/Battle Tent facility content; keep for later dedicated HOLD handling,data/maps/JaggedPass/scripts.inc::JaggedPass_Text_AutumnPostBattle,G,COVERED_ALREADY,Existing translated/closed tracker evidence,tools/thai/translation/phaseF/batches/phaseF-selected-hold-groups1-4-final-reconcile.csv
dlg_6f03803d9bf61f34,battle,Unclassified,battle,HOLD_FOR_SCOPE_DECISION,HOLD,,Raw inventory row; scope not explicitly approved.,data/maps/LavaridgeTown_Gym_1F/scripts.inc,203,LavaridgeTown_Gym_1F_Text_ColePostBattle,GROUP7_SELECTED,,DEFER_NONFACILITY_BATTLE,Not explicit Battle Frontier/Battle Tent facility content; keep for later dedicated HOLD handling,data/maps/LavaridgeTown_Gym_1F/scripts.inc::LavaridgeTown_Gym_1F_Text_ColePostBattle,G,COVERED_ALREADY,Existing translated/closed tracker evidence,tools/thai/translation/phaseF/batches/phaseF-selected-hold-groups1-4-final-reconcile.csv
dlg_170cc8be3b00fd5c,battle,Unclassified,battle,HOLD_FOR_SCOPE_DECISION,HOLD,,Raw inventory row; scope not explicitly approved.,data/maps/LavaridgeTown_Gym_1F/scripts.inc,216,LavaridgeTown_Gym_1F_Text_AxlePostBattle,GROUP7_SELECTED,,DEFER_NONFACILITY_BATTLE,Not explicit Battle Frontier/Battle Tent facility content; keep for later dedicated HOLD handling,data/maps/LavaridgeTown_Gym_1F/scripts.inc::LavaridgeTown_Gym_1F_Text_AxlePostBattle,G,COVERED_ALREADY,Existing translated/closed tracker evidence,tools/thai/translation/phaseF/batches/phaseF-selected-hold-groups1-4-final-reconcile.csv
dlg_26e6336ecea3c094,battle,Unclassified,battle,HOLD_FOR_SCOPE_DECISION,HOLD,,Raw inventory row; scope not explicitly approved.,data/maps/LavaridgeTown_Gym_1F/scripts.inc,232,LavaridgeTown_Gym_B1F_Text_KeeganPostBattle,GROUP7_SELECTED,,DEFER_NONFACILITY_BATTLE,Not explicit Battle Frontier/Battle Tent facility content; keep for later dedicated HOLD handling,data/maps/LavaridgeTown_Gym_1F/scripts.inc::LavaridgeTown_Gym_B1F_Text_KeeganPostBattle,G,COVERED_ALREADY,Existing translated/closed tracker evidence,tools/thai/translation/phaseF/batches/phaseF-selected-hold-groups1-4-final-reconcile.csv
dlg_31e7c358fe8ed9e9,battle,Unclassified,battle,HOLD_FOR_SCOPE_DECISION,HOLD,,Raw inventory row; scope not explicitly approved.,data/maps/LavaridgeTown_Gym_1F/scripts.inc,245,LavaridgeTown_Gym_1F_Text_GeraldPostBattle,GROUP7_SELECTED,,DEFER_NONFACILITY_BATTLE,Not explicit Battle Frontier/Battle Tent facility content; keep for later dedicated HOLD handling,data/maps/LavaridgeTown_Gym_1F/scripts.inc::LavaridgeTown_Gym_1F_Text_GeraldPostBattle,G,COVERED_ALREADY,Existing translated/closed tracker evidence,tools/thai/translation/phaseF/batches/phaseF-selected-hold-groups1-4-final-reconcile.csv
dlg_205903cc29c387f8,battle,Unclassified,battle,HOLD_FOR_SCOPE_DECISION,HOLD,,Raw inventory row; scope not explicitly approved.,data/maps/LavaridgeTown_Gym_1F/scripts.inc,258,LavaridgeTown_Gym_1F_Text_DaniellePostBattle,GROUP7_SELECTED,,DEFER_NONFACILITY_BATTLE,Not explicit Battle Frontier/Battle Tent facility content; keep for later dedicated HOLD handling,data/maps/LavaridgeTown_Gym_1F/scripts.inc::LavaridgeTown_Gym_1F_Text_DaniellePostBattle,G,COVERED_ALREADY,Existing translated/closed tracker evidence,tools/thai/translation/phaseF/batches/phaseF-selected-hold-groups1-4-final-reconcile.csv
dlg_adb8247c266674eb,battle,Unclassified,battle,HOLD_FOR_SCOPE_DECISION,HOLD,,Raw inventory row; scope not explicitly approved.,data/maps/LavaridgeTown_Gym_1F/scripts.inc,270,LavaridgeTown_Gym_B1F_Text_JacePostBattle,GROUP7_SELECTED,,DEFER_NONFACILITY_BATTLE,Not explicit Battle Frontier/Battle Tent facility content; keep for later dedicated HOLD handling,data/maps/LavaridgeTown_Gym_1F/scripts.inc::LavaridgeTown_Gym_B1F_Text_JacePostBattle,G,COVERED_ALREADY,Existing translated/closed tracker evidence,tools/thai/translation/phaseF/batches/phaseF-selected-hold-groups1-4-final-reconcile.csv
dlg_98da460fab496d7c,battle,Unclassified,battle,HOLD_FOR_SCOPE_DECISION,HOLD,,Raw inventory row; scope not explicitly approved.,data/maps/LavaridgeTown_Gym_1F/scripts.inc,282,LavaridgeTown_Gym_B1F_Text_JeffPostBattle,GROUP7_SELECTED,,DEFER_NONFACILITY_BATTLE,Not explicit Battle Frontier/Battle Tent facility content; keep for later dedicated HOLD handling,data/maps/LavaridgeTown_Gym_1F/scripts.inc::LavaridgeTown_Gym_B1F_Text_JeffPostBattle,G,COVERED_ALREADY,Existing translated/closed tracker evidence,tools/thai/translation/phaseF/batches/phaseF-selected-hold-groups1-4-final-reconcile.csv
dlg_3001dab5420efd1e,battle,Unclassified,battle,HOLD_FOR_SCOPE_DECISION,HOLD,,Raw inventory row; scope not explicitly approved.,data/maps/LavaridgeTown_Gym_1F/scripts.inc,295,LavaridgeTown_Gym_B1F_Text_EliPostBattle,GROUP7_SELECTED,,DEFER_NONFACILITY_BATTLE,Not explicit Battle Frontier/Battle Tent facility content; keep for later dedicated HOLD handling,data/maps/LavaridgeTown_Gym_1F/scripts.inc::LavaridgeTown_Gym_B1F_Text_EliPostBattle,G,COVERED_ALREADY,Existing translated/closed tracker evidence,tools/thai/translation/phaseF/batches/phaseF-selected-hold-groups1-4-final-reconcile.csv
dlg_a8f0fe8b1aae473f,battle,Unclassified,battle,HOLD_FOR_SCOPE_DECISION,HOLD,,Raw inventory row; scope not explicitly approved.,data/maps/LilycoveCity/scripts.inc,411,LilycoveCity_Text_MayShoppingLetsBattle,GROUP7_SELECTED,,DEFER_NONFACILITY_BATTLE,Not explicit Battle Frontier/Battle Tent facility content; keep for later dedicated HOLD handling,data/maps/LilycoveCity/scripts.inc::LilycoveCity_Text_MayShoppingLetsBattle,G,COVERED_ALREADY,Existing translated/closed tracker evidence,tools/thai/translation/phaseF/batches/phaseF-selected-hold-groups1-4-final-reconcile.csv
dlg_5fb9bb3b708a0d92,battle,Unclassified,battle,HOLD_FOR_SCOPE_DECISION,HOLD,,Raw inventory row; scope not explicitly approved.,data/maps/LilycoveCity/scripts.inc,430,LilycoveCity_Text_MayBattleMe,GROUP7_SELECTED,,DEFER_NONFACILITY_BATTLE,Not explicit Battle Frontier/Battle Tent facility content; keep for later dedicated HOLD handling,data/maps/LilycoveCity/scripts.inc::LilycoveCity_Text_MayBattleMe,G,COVERED_ALREADY,Existing translated/closed tracker evidence,tools/thai/translation/phaseF/batches/phaseF-selected-hold-groups1-4-final-reconcile.csv
dlg_2392827ca1f76926,battle,Unclassified,battle,HOLD_FOR_SCOPE_DECISION,HOLD,,Raw inventory row; scope not explicitly approved.,data/maps/LilycoveCity/scripts.inc,471,LilycoveCity_Text_MayYouGoingToBattleFrontier,GROUP7_SELECTED,,DEFER_NONFACILITY_BATTLE,Not explicit Battle Frontier/Battle Tent facility content; keep for later dedicated HOLD handling,data/maps/LilycoveCity/scripts.inc::LilycoveCity_Text_MayYouGoingToBattleFrontier,G,COVERED_ALREADY,Existing translated/closed tracker evidence,tools/thai/translation/phaseF/batches/phaseF-selected-hold-groups1-4-final-reconcile.csv
dlg_0dcf76a27fcc0437,battle,Unclassified,battle,HOLD_FOR_SCOPE_DECISION,HOLD,,Raw inventory row; scope not explicitly approved.,data/maps/LilycoveCity/scripts.inc,481,LilycoveCity_Text_BrendanShoppingLetsBattle,GROUP7_SELECTED,,DEFER_NONFACILITY_BATTLE,Not explicit Battle Frontier/Battle Tent facility content; keep for later dedicated HOLD handling,data/maps/LilycoveCity/scripts.inc::LilycoveCity_Text_BrendanShoppingLetsBattle,G,COVERED_ALREADY,Existing translated/closed tracker evidence,tools/thai/translation/phaseF/batches/phaseF-selected-hold-groups1-4-final-reconcile.csv
dlg_bd832ad0ea41a255,battle,Unclassified,battle,HOLD_FOR_SCOPE_DECISION,HOLD,,Raw inventory row; scope not explicitly approved.,data/maps/LilycoveCity/scripts.inc,493,LilycoveCity_Text_BrendanBattleMe,GROUP7_SELECTED,,DEFER_NONFACILITY_BATTLE,Not explicit Battle Frontier/Battle Tent facility content; keep for later dedicated HOLD handling,data/maps/LilycoveCity/scripts.inc::LilycoveCity_Text_BrendanBattleMe,G,COVERED_ALREADY,Existing translated/closed tracker evidence,tools/thai/translation/phaseF/batches/phaseF-selected-hold-groups1-4-final-reconcile.csv
dlg_43278431586644a9,battle,Unclassified,battle,HOLD_FOR_SCOPE_DECISION,HOLD,,Raw inventory row; scope not explicitly approved.,data/maps/LilycoveCity/scripts.inc,530,LilycoveCity_Text_BrendanYouGoingToBattleFrontier,GROUP7_SELECTED,,DEFER_NONFACILITY_BATTLE,Not explicit Battle Frontier/Battle Tent facility content; keep for later dedicated HOLD handling,data/maps/LilycoveCity/scripts.inc::LilycoveCity_Text_BrendanYouGoingToBattleFrontier,G,COVERED_ALREADY,Existing translated/closed tracker evidence,tools/thai/translation/phaseF/batches/phaseF-selected-hold-groups1-4-final-reconcile.csv
dlg_c03b6206c257ce3a,battle,Unclassified,battle,HOLD_FOR_SCOPE_DECISION,HOLD,,Raw inventory row; scope not explicitly approved.,data/maps/LilycoveCity_ContestHall/scripts.inc,466,LilycoveCity_ContestHall_Text_NeverWonBattleButContest,GROUP7_SELECTED,,DEFER_NONFACILITY_BATTLE,Not explicit Battle Frontier/Battle Tent facility content; keep for later dedicated HOLD handling,data/maps/LilycoveCity_ContestHall/scripts.inc::LilycoveCity_ContestHall_Text_NeverWonBattleButContest,G,NEEDS_TRANSLATION,Current source still matches English baseline; no closed coverage evidence,data/maps/LilycoveCity_ContestHall/scripts.inc
dlg_f2f37a69deceb4e3,battle,Unclassified,battle,HOLD_FOR_SCOPE_DECISION,HOLD,,Raw inventory row; scope not explicitly approved.,data/maps/LilycoveCity_Harbor/scripts.inc,563,LilycoveCity_Harbor_Text_BattleFrontierItIs,GROUP7_SELECTED,,DEFER_NONFACILITY_BATTLE,Not explicit Battle Frontier/Battle Tent facility content; keep for later dedicated HOLD handling,data/maps/LilycoveCity_Harbor/scripts.inc::LilycoveCity_Harbor_Text_BattleFrontierItIs,G,NOT_APPLICABLE,Authoritative N/A evidence,tools/thai/translation/phaseF/batches/phaseF-selected-hold-groups1-4-final-reconcile.csv
dlg_a5addfbf498fc639,battle,Unclassified,battle,HOLD_FOR_SCOPE_DECISION,HOLD,,Raw inventory row; scope not explicitly approved.,data/maps/LittlerootTown_ProfessorBirchsLab/scripts.inc,968,LittlerootTown_ProfessorBirchsLab_Text_MayHaveYouGoneToBattleFrontier,GROUP7_SELECTED,,DEFER_NONFACILITY_BATTLE,Not explicit Battle Frontier/Battle Tent facility content; keep for later dedicated HOLD handling,data/maps/LittlerootTown_ProfessorBirchsLab/scripts.inc::LittlerootTown_ProfessorBirchsLab_Text_MayHaveYouGoneToBattleFrontier,G,COVERED_ALREADY,Existing translated/closed tracker evidence,tools/thai/translation/phaseF/batches/phaseF-selected-hold-groups1-4-final-reconcile.csv
dlg_2b04b4a7d7d42532,battle,Unclassified,battle,HOLD_FOR_SCOPE_DECISION,HOLD,,Raw inventory row; scope not explicitly approved.,data/maps/LittlerootTown_ProfessorBirchsLab/scripts.inc,973,LittlerootTown_ProfessorBirchsLab_Text_BrendanHaveYouGoneToBattleFrontier,GROUP7_SELECTED,,DEFER_NONFACILITY_BATTLE,Not explicit Battle Frontier/Battle Tent facility content; keep for later dedicated HOLD handling,data/maps/LittlerootTown_ProfessorBirchsLab/scripts.inc::LittlerootTown_ProfessorBirchsLab_Text_BrendanHaveYouGoneToBattleFrontier,G,COVERED_ALREADY,Existing translated/closed tracker evidence,tools/thai/translation/phaseF/batches/phaseF-selected-hold-groups1-4-final-reconcile.csv
dlg_b7b5872359c32e1f,battle,Unclassified,battle,HOLD_FOR_SCOPE_DECISION,HOLD,,Raw inventory row; scope not explicitly approved.,data/maps/MagmaHideout_1F/scripts.inc,30,MagmaHideout_1F_Text_Grunt1PostBattle,GROUP7_SELECTED,,DEFER_NONFACILITY_BATTLE,Not explicit Battle Frontier/Battle Tent facility content; keep for later dedicated HOLD handling,data/maps/MagmaHideout_1F/scripts.inc::MagmaHideout_1F_Text_Grunt1PostBattle,G,COVERED_ALREADY,Existing translated/closed tracker evidence,tools/thai/translation/phaseF/batches/phaseF-selected-hold-groups1-4-final-reconcile.csv
dlg_6714deee994214c1,battle,Unclassified,battle,HOLD_FOR_SCOPE_DECISION,HOLD,,Raw inventory row; scope not explicitly approved.,data/maps/MagmaHideout_1F/scripts.inc,47,MagmaHideout_1F_Text_Grunt2PostBattle,GROUP7_SELECTED,,DEFER_NONFACILITY_BATTLE,Not explicit Battle Frontier/Battle Tent facility content; keep for later dedicated HOLD handling,data/maps/MagmaHideout_1F/scripts.inc::MagmaHideout_1F_Text_Grunt2PostBattle,G,COVERED_ALREADY,Existing translated/closed tracker evidence,tools/thai/translation/phaseF/batches/phaseF-selected-hold-groups1-4-final-reconcile.csv
dlg_978093870c0b570f,battle,Unclassified,battle,HOLD_FOR_SCOPE_DECISION,HOLD,,Raw inventory row; scope not explicitly approved.,data/maps/MagmaHideout_2F_1R/scripts.inc,36,MagmaHideout_2F_1R_Text_Grunt14PostBattle,GROUP7_SELECTED,,DEFER_NONFACILITY_BATTLE,Not explicit Battle Frontier/Battle Tent facility content; keep for later dedicated HOLD handling,data/maps/MagmaHideout_2F_1R/scripts.inc::MagmaHideout_2F_1R_Text_Grunt14PostBattle,G,COVERED_ALREADY,Existing translated/closed tracker evidence,tools/thai/translation/phaseF/batches/phaseF-selected-hold-groups1-4-final-reconcile.csv
dlg_39f942ab51c7632d,battle,Unclassified,battle,HOLD_FOR_SCOPE_DECISION,HOLD,,Raw inventory row; scope not explicitly approved.,data/maps/MagmaHideout_2F_1R/scripts.inc,49,MagmaHideout_2F_1R_Text_Grunt3PostBattle,GROUP7_SELECTED,,DEFER_NONFACILITY_BATTLE,Not explicit Battle Frontier/Battle Tent facility content; keep for later dedicated HOLD handling,data/maps/MagmaHideout_2F_1R/scripts.inc::MagmaHideout_2F_1R_Text_Grunt3PostBattle,G,COVERED_ALREADY,Existing translated/closed tracker evidence,tools/thai/translation/phaseF/batches/phaseF-selected-hold-groups1-4-final-reconcile.csv
dlg_60b3a33bf004e260,battle,Unclassified,battle,HOLD_FOR_SCOPE_DECISION,HOLD,,Raw inventory row; scope not explicitly approved.,data/maps/MagmaHideout_2F_1R/scripts.inc,60,MagmaHideout_2F_1R_Text_Grunt4PostBattle,GROUP7_SELECTED,,DEFER_NONFACILITY_BATTLE,Not explicit Battle Frontier/Battle Tent facility content; keep for later dedicated HOLD handling,data/maps/MagmaHideout_2F_1R/scripts.inc::MagmaHideout_2F_1R_Text_Grunt4PostBattle,G,COVERED_ALREADY,Existing translated/closed tracker evidence,tools/thai/translation/phaseF/batches/phaseF-selected-hold-groups1-4-final-reconcile.csv
dlg_d484ebb83d4f30f9,battle,Unclassified,battle,HOLD_FOR_SCOPE_DECISION,HOLD,,Raw inventory row; scope not explicitly approved.,data/maps/MagmaHideout_2F_1R/scripts.inc,72,MagmaHideout_2F_1R_Text_Grunt5PostBattle,GROUP7_SELECTED,,DEFER_NONFACILITY_BATTLE,Not explicit Battle Frontier/Battle Tent facility content; keep for later dedicated HOLD handling,data/maps/MagmaHideout_2F_1R/scripts.inc::MagmaHideout_2F_1R_Text_Grunt5PostBattle,G,COVERED_ALREADY,Existing translated/closed tracker evidence,tools/thai/translation/phaseF/batches/phaseF-selected-hold-groups1-4-final-reconcile.csv
dlg_c6f3251e2f040d5c,battle,Unclassified,battle,HOLD_FOR_SCOPE_DECISION,HOLD,,Raw inventory row; scope not explicitly approved.,data/maps/MagmaHideout_2F_2R/scripts.inc,30,MagmaHideout_2F_2R_Text_Grunt15PostBattle,GROUP7_SELECTED,,DEFER_NONFACILITY_BATTLE,Not explicit Battle Frontier/Battle Tent facility content; keep for later dedicated HOLD handling,data/maps/MagmaHideout_2F_2R/scripts.inc::MagmaHideout_2F_2R_Text_Grunt15PostBattle,G,COVERED_ALREADY,Existing translated/closed tracker evidence,tools/thai/translation/phaseF/batches/phaseF-selected-hold-groups1-4-final-reconcile.csv
dlg_c09f43657c600ca8,battle,Unclassified,battle,HOLD_FOR_SCOPE_DECISION,HOLD,,Raw inventory row; scope not explicitly approved.,data/maps/MagmaHideout_2F_2R/scripts.inc,44,MagmaHideout_2F_2R_Text_Grunt6PostBattle,GROUP7_SELECTED,,DEFER_NONFACILITY_BATTLE,Not explicit Battle Frontier/Battle Tent facility content; keep for later dedicated HOLD handling,data/maps/MagmaHideout_2F_2R/scripts.inc::MagmaHideout_2F_2R_Text_Grunt6PostBattle,G,COVERED_ALREADY,Existing translated/closed tracker evidence,tools/thai/translation/phaseF/batches/phaseF-selected-hold-groups1-4-final-reconcile.csv
dlg_f94d99672e3868e4,battle,Unclassified,battle,HOLD_FOR_SCOPE_DECISION,HOLD,,Raw inventory row; scope not explicitly approved.,data/maps/MagmaHideout_2F_2R/scripts.inc,59,MagmaHideout_2F_2R_Text_Grunt7PostBattle,GROUP7_SELECTED,,DEFER_NONFACILITY_BATTLE,Not explicit Battle Frontier/Battle Tent facility content; keep for later dedicated HOLD handling,data/maps/MagmaHideout_2F_2R/scripts.inc::MagmaHideout_2F_2R_Text_Grunt7PostBattle,G,COVERED_ALREADY,Existing translated/closed tracker evidence,tools/thai/translation/phaseF/batches/phaseF-selected-hold-groups1-4-final-reconcile.csv
dlg_91e97c48fc40e9d2,battle,Unclassified,battle,HOLD_FOR_SCOPE_DECISION,HOLD,,Raw inventory row; scope not explicitly approved.,data/maps/MagmaHideout_2F_2R/scripts.inc,74,MagmaHideout_2F_2R_Text_Grunt8PostBattle,GROUP7_SELECTED,,DEFER_NONFACILITY_BATTLE,Not explicit Battle Frontier/Battle Tent facility content; keep for later dedicated HOLD handling,data/maps/MagmaHideout_2F_2R/scripts.inc::MagmaHideout_2F_2R_Text_Grunt8PostBattle,G,COVERED_ALREADY,Existing translated/closed tracker evidence,tools/thai/translation/phaseF/batches/phaseF-selected-hold-groups1-4-final-reconcile.csv
dlg_2b05cae55cdb1020,battle,Unclassified,battle,HOLD_FOR_SCOPE_DECISION,HOLD,,Raw inventory row; scope not explicitly approved.,data/maps/MagmaHideout_3F_1R/scripts.inc,21,MagmaHideout_3F_1R_Text_Grunt9PostBattle,GROUP7_SELECTED,,DEFER_NONFACILITY_BATTLE,Not explicit Battle Frontier/Battle Tent facility content; keep for later dedicated HOLD handling,data/maps/MagmaHideout_3F_1R/scripts.inc::MagmaHideout_3F_1R_Text_Grunt9PostBattle,G,COVERED_ALREADY,Existing translated/closed tracker evidence,tools/thai/translation/phaseF/batches/phaseF-selected-hold-groups1-4-final-reconcile.csv
dlg_8673863e61012e92,battle,Unclassified,battle,HOLD_FOR_SCOPE_DECISION,HOLD,,Raw inventory row; scope not explicitly approved.,data/maps/MagmaHideout_3F_1R/scripts.inc,37,MagmaHideout_3F_1R_Text_Grunt16PostBattle,GROUP7_SELECTED,,DEFER_NONFACILITY_BATTLE,Not explicit Battle Frontier/Battle Tent facility content; keep for later dedicated HOLD handling,data/maps/MagmaHideout_3F_1R/scripts.inc::MagmaHideout_3F_1R_Text_Grunt16PostBattle,G,COVERED_ALREADY,Existing translated/closed tracker evidence,tools/thai/translation/phaseF/batches/phaseF-selected-hold-groups1-4-final-reconcile.csv
dlg_5247d819de18962f,battle,Unclassified,battle,HOLD_FOR_SCOPE_DECISION,HOLD,,Raw inventory row; scope not explicitly approved.,data/maps/MagmaHideout_3F_2R/scripts.inc,21,MagmaHideout_3F_2R_Text_Grunt10PostBattle,GROUP7_SELECTED,,DEFER_NONFACILITY_BATTLE,Not explicit Battle Frontier/Battle Tent facility content; keep for later dedicated HOLD handling,data/maps/MagmaHideout_3F_2R/scripts.inc::MagmaHideout_3F_2R_Text_Grunt10PostBattle,G,COVERED_ALREADY,Existing translated/closed tracker evidence,tools/thai/translation/phaseF/batches/phaseF-selected-hold-groups1-4-final-reconcile.csv
dlg_025e6e3c8c2c46ea,battle,Unclassified,battle,HOLD_FOR_SCOPE_DECISION,HOLD,,Raw inventory row; scope not explicitly approved.,data/maps/MagmaHideout_4F/scripts.inc,137,MagmaHideout_4F_Text_Grunt11PostBattle,GROUP7_SELECTED,,DEFER_NONFACILITY_BATTLE,Not explicit Battle Frontier/Battle Tent facility content; keep for later dedicated HOLD handling,data/maps/MagmaHideout_4F/scripts.inc::MagmaHideout_4F_Text_Grunt11PostBattle,G,COVERED_ALREADY,Existing translated/closed tracker evidence,tools/thai/translation/phaseF/batches/phaseF-selected-hold-groups1-4-final-reconcile.csv
dlg_f7e1f1902d8efc40,battle,Unclassified,battle,HOLD_FOR_SCOPE_DECISION,HOLD,,Raw inventory row; scope not explicitly approved.,data/maps/MagmaHideout_4F/scripts.inc,149,MagmaHideout_4F_Text_Grunt12PostBattle,GROUP7_SELECTED,,DEFER_NONFACILITY_BATTLE,Not explicit Battle Frontier/Battle Tent facility content; keep for later dedicated HOLD handling,data/maps/MagmaHideout_4F/scripts.inc::MagmaHideout_4F_Text_Grunt12PostBattle,G,COVERED_ALREADY,Existing translated/closed tracker evidence,tools/thai/translation/phaseF/batches/phaseF-selected-hold-groups1-4-final-reconcile.csv
dlg_947c4a21ac7a2beb,battle,Unclassified,battle,HOLD_FOR_SCOPE_DECISION,HOLD,,Raw inventory row; scope not explicitly approved.,data/maps/MagmaHideout_4F/scripts.inc,160,MagmaHideout_4F_Text_Grunt13PostBattle,GROUP7_SELECTED,,DEFER_NONFACILITY_BATTLE,Not explicit Battle Frontier/Battle Tent facility content; keep for later dedicated HOLD handling,data/maps/MagmaHideout_4F/scripts.inc::MagmaHideout_4F_Text_Grunt13PostBattle,G,COVERED_ALREADY,Existing translated/closed tracker evidence,tools/thai/translation/phaseF/batches/phaseF-selected-hold-groups1-4-final-reconcile.csv
dlg_d70cb53b85d4a24b,battle,Unclassified,battle,HOLD_FOR_SCOPE_DECISION,HOLD,,Raw inventory row; scope not explicitly approved.,data/maps/MagmaHideout_4F/scripts.inc,177,MagmaHideout_4F_Text_TabithaPostBattle,GROUP7_SELECTED,,DEFER_NONFACILITY_BATTLE,Not explicit Battle Frontier/Battle Tent facility content; keep for later dedicated HOLD handling,data/maps/MagmaHideout_4F/scripts.inc::MagmaHideout_4F_Text_TabithaPostBattle,G,COVERED_ALREADY,Existing translated/closed tracker evidence,tools/thai/translation/phaseF/batches/phaseF-selected-hold-groups1-4-final-reconcile.csv
dlg_b27b02bbf4fe3d4f,battle,Unclassified,battle,HOLD_FOR_SCOPE_DECISION,HOLD,,Raw inventory row; scope not explicitly approved.,data/maps/MauvilleCity_Gym/scripts.inc,281,MauvilleCity_Gym_Text_KirkPostBattle,GROUP7_SELECTED,,DEFER_NONFACILITY_BATTLE,Not explicit Battle Frontier/Battle Tent facility content; keep for later dedicated HOLD handling,data/maps/MauvilleCity_Gym/scripts.inc::MauvilleCity_Gym_Text_KirkPostBattle,G,COVERED_ALREADY,Existing translated/closed tracker evidence,tools/thai/translation/phaseF/batches/phaseF-selected-hold-groups1-4-final-reconcile.csv
dlg_8f38b5136a1df4a9,battle,Unclassified,battle,HOLD_FOR_SCOPE_DECISION,HOLD,,Raw inventory row; scope not explicitly approved.,data/maps/MauvilleCity_Gym/scripts.inc,292,MauvilleCity_Gym_Text_ShawnPostBattle,GROUP7_SELECTED,,DEFER_NONFACILITY_BATTLE,Not explicit Battle Frontier/Battle Tent facility content; keep for later dedicated HOLD handling,data/maps/MauvilleCity_Gym/scripts.inc::MauvilleCity_Gym_Text_ShawnPostBattle,G,COVERED_ALREADY,Existing translated/closed tracker evidence,tools/thai/translation/phaseF/batches/phaseF-selected-hold-groups1-4-final-reconcile.csv
dlg_8f85e406ad2f862d,battle,Unclassified,battle,HOLD_FOR_SCOPE_DECISION,HOLD,,Raw inventory row; scope not explicitly approved.,data/maps/MauvilleCity_Gym/scripts.inc,305,MauvilleCity_Gym_Text_BenPostBattle,GROUP7_SELECTED,,DEFER_NONFACILITY_BATTLE,Not explicit Battle Frontier/Battle Tent facility content; keep for later dedicated HOLD handling,data/maps/MauvilleCity_Gym/scripts.inc::MauvilleCity_Gym_Text_BenPostBattle,G,COVERED_ALREADY,Existing translated/closed tracker evidence,tools/thai/translation/phaseF/batches/phaseF-selected-hold-groups1-4-final-reconcile.csv
dlg_1338461cc6f30777,battle,Unclassified,battle,HOLD_FOR_SCOPE_DECISION,HOLD,,Raw inventory row; scope not explicitly approved.,data/maps/MauvilleCity_Gym/scripts.inc,316,MauvilleCity_Gym_Text_VivianPostBattle,GROUP7_SELECTED,,DEFER_NONFACILITY_BATTLE,Not explicit Battle Frontier/Battle Tent facility content; keep for later dedicated HOLD handling,data/maps/MauvilleCity_Gym/scripts.inc::MauvilleCity_Gym_Text_VivianPostBattle,G,COVERED_ALREADY,Existing translated/closed tracker evidence,tools/thai/translation/phaseF/batches/phaseF-selected-hold-groups1-4-final-reconcile.csv
dlg_e6d8a6ef7f2f3d8a,battle,Unclassified,battle,HOLD_FOR_SCOPE_DECISION,HOLD,,Raw inventory row; scope not explicitly approved.,data/maps/MauvilleCity_Gym/scripts.inc,330,MauvilleCity_Gym_Text_AngeloPostBattle,GROUP7_SELECTED,,DEFER_NONFACILITY_BATTLE,Not explicit Battle Frontier/Battle Tent facility content; keep for later dedicated HOLD handling,data/maps/MauvilleCity_Gym/scripts.inc::MauvilleCity_Gym_Text_AngeloPostBattle,G,COVERED_ALREADY,Existing translated/closed tracker evidence,tools/thai/translation/phaseF/batches/phaseF-selected-hold-groups1-4-final-reconcile.csv
dlg_0172856bc3d1ae98,battle,Unclassified,battle,HOLD_FOR_SCOPE_DECISION,HOLD,,Raw inventory row; scope not explicitly approved.,data/maps/MeteorFalls_1F_2R/scripts.inc,72,MeteorFalls_1F_2R_Text_NicolasPostBattle,GROUP7_SELECTED,,DEFER_NONFACILITY_BATTLE,Not explicit Battle Frontier/Battle Tent facility content; keep for later dedicated HOLD handling,data/maps/MeteorFalls_1F_2R/scripts.inc::MeteorFalls_1F_2R_Text_NicolasPostBattle,G,COVERED_ALREADY,Existing translated/closed tracker evidence,tools/thai/translation/phaseF/batches/phaseF-selected-hold-groups1-4-final-reconcile.csv
dlg_aa396a3cfaa80cfc,battle,Unclassified,battle,HOLD_FOR_SCOPE_DECISION,HOLD,,Raw inventory row; scope not explicitly approved.,data/maps/MeteorFalls_1F_2R/scripts.inc,106,MeteorFalls_1F_2R_Text_JohnPostBattle,GROUP7_SELECTED,,DEFER_NONFACILITY_BATTLE,Not explicit Battle Frontier/Battle Tent facility content; keep for later dedicated HOLD handling,data/maps/MeteorFalls_1F_2R/scripts.inc::MeteorFalls_1F_2R_Text_JohnPostBattle,G,COVERED_ALREADY,Existing translated/closed tracker evidence,tools/thai/translation/phaseF/batches/phaseF-selected-hold-groups1-4-final-reconcile.csv
dlg_1a9299c8f2113639,battle,Unclassified,battle,HOLD_FOR_SCOPE_DECISION,HOLD,,Raw inventory row; scope not explicitly approved.,data/maps/MeteorFalls_1F_2R/scripts.inc,131,MeteorFalls_1F_2R_Text_JayPostBattle,GROUP7_SELECTED,,DEFER_NONFACILITY_BATTLE,Not explicit Battle Frontier/Battle Tent facility content; keep for later dedicated HOLD handling,data/maps/MeteorFalls_1F_2R/scripts.inc::MeteorFalls_1F_2R_Text_JayPostBattle,G,COVERED_ALREADY,Existing translated/closed tracker evidence,tools/thai/translation/phaseF/batches/phaseF-selected-hold-groups1-4-final-reconcile.csv
dlg_c4c8bb18e72b187c,battle,Unclassified,battle,HOLD_FOR_SCOPE_DECISION,HOLD,,Raw inventory row; scope not explicitly approved.,data/maps/MossdeepCity_GameCorner_1F/scripts.inc,56,RS_MysteryEventsHouse_Text_YouWontBattle,GROUP7_SELECTED,,DEFER_NONFACILITY_BATTLE,Not explicit Battle Frontier/Battle Tent facility content; keep for later dedicated HOLD handling,data/maps/MossdeepCity_GameCorner_1F/scripts.inc::RS_MysteryEventsHouse_Text_YouWontBattle,G,NOT_APPLICABLE,Authoritative N/A evidence,tools/thai/translation/phaseF/batches/phaseF-selected-hold-groups1-4-final-reconcile.csv
dlg_cafff1405d1a93f3,battle,Unclassified,battle,HOLD_FOR_SCOPE_DECISION,HOLD,,Raw inventory row; scope not explicitly approved.,data/maps/MossdeepCity_GameCorner_1F/scripts.inc,73,RS_MysteryEventsHouse_Text_BattleTie,GROUP7_SELECTED,,DEFER_NONFACILITY_BATTLE,Not explicit Battle Frontier/Battle Tent facility content; keep for later dedicated HOLD handling,data/maps/MossdeepCity_GameCorner_1F/scripts.inc::RS_MysteryEventsHouse_Text_BattleTie,G,NOT_APPLICABLE,Authoritative N/A evidence,tools/thai/translation/phaseF/batches/phaseF-selected-hold-groups1-4-final-reconcile.csv
dlg_e8c395a09f4c2d62,battle,Unclassified,battle,HOLD_FOR_SCOPE_DECISION,HOLD,,Raw inventory row; scope not explicitly approved.,data/maps/MossdeepCity_GameCorner_1F/scripts.inc,78,RS_MysteryEventsHouse_Text_BattleWon,GROUP7_SELECTED,,DEFER_NONFACILITY_BATTLE,Not explicit Battle Frontier/Battle Tent facility content; keep for later dedicated HOLD handling,data/maps/MossdeepCity_GameCorner_1F/scripts.inc::RS_MysteryEventsHouse_Text_BattleWon,G,NOT_APPLICABLE,Authoritative N/A evidence,tools/thai/translation/phaseF/batches/phaseF-selected-hold-groups1-4-final-reconcile.csv
dlg_de3714809348cc64,battle,Unclassified,battle,HOLD_FOR_SCOPE_DECISION,HOLD,,Raw inventory row; scope not explicitly approved.,data/maps/MossdeepCity_GameCorner_1F/scripts.inc,83,RS_MysteryEventsHouse_Text_BattleLost,GROUP7_SELECTED,,DEFER_NONFACILITY_BATTLE,Not explicit Battle Frontier/Battle Tent facility content; keep for later dedicated HOLD handling,data/maps/MossdeepCity_GameCorner_1F/scripts.inc::RS_MysteryEventsHouse_Text_BattleLost,G,NOT_APPLICABLE,Authoritative N/A evidence,tools/thai/translation/phaseF/batches/phaseF-selected-hold-groups1-4-final-reconcile.csv
dlg_0efef85fdbdc06ab,battle,Unclassified,battle,HOLD_FOR_SCOPE_DECISION,HOLD,,Raw inventory row; scope not explicitly approved.,data/maps/MossdeepCity_Gym/scripts.inc,392,MossdeepCity_Gym_Text_PrestonPostBattle,GROUP7_SELECTED,,DEFER_NONFACILITY_BATTLE,Not explicit Battle Frontier/Battle Tent facility content; keep for later dedicated HOLD handling,data/maps/MossdeepCity_Gym/scripts.inc::MossdeepCity_Gym_Text_PrestonPostBattle,G,COVERED_ALREADY,Existing translated/closed tracker evidence,tools/thai/translation/phaseF/batches/phaseF-selected-hold-groups1-4-final-reconcile.csv
dlg_cf01748fcd610392,battle,Unclassified,battle,HOLD_FOR_SCOPE_DECISION,HOLD,,Raw inventory row; scope not explicitly approved.,data/maps/MossdeepCity_Gym/scripts.inc,402,MossdeepCity_Gym_Text_VirgilPostBattle,GROUP7_SELECTED,,DEFER_NONFACILITY_BATTLE,Not explicit Battle Frontier/Battle Tent facility content; keep for later dedicated HOLD handling,data/maps/MossdeepCity_Gym/scripts.inc::MossdeepCity_Gym_Text_VirgilPostBattle,G,COVERED_ALREADY,Existing translated/closed tracker evidence,tools/thai/translation/phaseF/batches/phaseF-selected-hold-groups1-4-final-reconcile.csv
dlg_444e40e8538c8b1e,battle,Unclassified,battle,HOLD_FOR_SCOPE_DECISION,HOLD,,Raw inventory row; scope not explicitly approved.,data/maps/MossdeepCity_Gym/scripts.inc,419,MossdeepCity_Gym_Text_BlakePostBattle,GROUP7_SELECTED,,DEFER_NONFACILITY_BATTLE,Not explicit Battle Frontier/Battle Tent facility content; keep for later dedicated HOLD handling,data/maps/MossdeepCity_Gym/scripts.inc::MossdeepCity_Gym_Text_BlakePostBattle,G,COVERED_ALREADY,Existing translated/closed tracker evidence,tools/thai/translation/phaseF/batches/phaseF-selected-hold-groups1-4-final-reconcile.csv
dlg_073423f3b8c66ba4,battle,Unclassified,battle,HOLD_FOR_SCOPE_DECISION,HOLD,,Raw inventory row; scope not explicitly approved.,data/maps/MossdeepCity_Gym/scripts.inc,436,MossdeepCity_Gym_Text_HannahPostBattle,GROUP7_SELECTED,,DEFER_NONFACILITY_BATTLE,Not explicit Battle Frontier/Battle Tent facility content; keep for later dedicated HOLD handling,data/maps/MossdeepCity_Gym/scripts.inc::MossdeepCity_Gym_Text_HannahPostBattle,G,COVERED_ALREADY,Existing translated/closed tracker evidence,tools/thai/translation/phaseF/batches/phaseF-selected-hold-groups1-4-final-reconcile.csv
dlg_0a7617bc47b986bd,battle,Unclassified,battle,HOLD_FOR_SCOPE_DECISION,HOLD,,Raw inventory row; scope not explicitly approved.,data/maps/MossdeepCity_Gym/scripts.inc,451,MossdeepCity_Gym_Text_SamanthaPostBattle,GROUP7_SELECTED,,DEFER_NONFACILITY_BATTLE,Not explicit Battle Frontier/Battle Tent facility content; keep for later dedicated HOLD handling,data/maps/MossdeepCity_Gym/scripts.inc::MossdeepCity_Gym_Text_SamanthaPostBattle,G,COVERED_ALREADY,Existing translated/closed tracker evidence,tools/thai/translation/phaseF/batches/phaseF-selected-hold-groups1-4-final-reconcile.csv
dlg_a370577a04b1215f,battle,Unclassified,battle,HOLD_FOR_SCOPE_DECISION,HOLD,,Raw inventory row; scope not explicitly approved.,data/maps/MossdeepCity_Gym/scripts.inc,466,MossdeepCity_Gym_Text_MauraPostBattle,GROUP7_SELECTED,,DEFER_NONFACILITY_BATTLE,Not explicit Battle Frontier/Battle Tent facility content; keep for later dedicated HOLD handling,data/maps/MossdeepCity_Gym/scripts.inc::MossdeepCity_Gym_Text_MauraPostBattle,G,COVERED_ALREADY,Existing translated/closed tracker evidence,tools/thai/translation/phaseF/batches/phaseF-selected-hold-groups1-4-final-reconcile.csv
dlg_ab09880fe0fc8141,battle,Unclassified,battle,HOLD_FOR_SCOPE_DECISION,HOLD,,Raw inventory row; scope not explicitly approved.,data/maps/MossdeepCity_Gym/scripts.inc,481,MossdeepCity_Gym_Text_SylviaPostBattle,GROUP7_SELECTED,,DEFER_NONFACILITY_BATTLE,Not explicit Battle Frontier/Battle Tent facility content; keep for later dedicated HOLD handling,data/maps/MossdeepCity_Gym/scripts.inc::MossdeepCity_Gym_Text_SylviaPostBattle,G,COVERED_ALREADY,Existing translated/closed tracker evidence,tools/thai/translation/phaseF/batches/phaseF-selected-hold-groups1-4-final-reconcile.csv
dlg_8536d0525fae93e4,battle,Unclassified,battle,HOLD_FOR_SCOPE_DECISION,HOLD,,Raw inventory row; scope not explicitly approved.,data/maps/MossdeepCity_Gym/scripts.inc,495,MossdeepCity_Gym_Text_NatePostBattle,GROUP7_SELECTED,,DEFER_NONFACILITY_BATTLE,Not explicit Battle Frontier/Battle Tent facility content; keep for later dedicated HOLD handling,data/maps/MossdeepCity_Gym/scripts.inc::MossdeepCity_Gym_Text_NatePostBattle,G,COVERED_ALREADY,Existing translated/closed tracker evidence,tools/thai/translation/phaseF/batches/phaseF-selected-hold-groups1-4-final-reconcile.csv
dlg_2698310c53fc0ea4,battle,Unclassified,battle,HOLD_FOR_SCOPE_DECISION,HOLD,,Raw inventory row; scope not explicitly approved.,data/maps/MossdeepCity_Gym/scripts.inc,506,MossdeepCity_Gym_Text_KathleenPostBattle,GROUP7_SELECTED,,DEFER_NONFACILITY_BATTLE,Not explicit Battle Frontier/Battle Tent facility content; keep for later dedicated HOLD handling,data/maps/MossdeepCity_Gym/scripts.inc::MossdeepCity_Gym_Text_KathleenPostBattle,G,COVERED_ALREADY,Existing translated/closed tracker evidence,tools/thai/translation/phaseF/batches/phaseF-selected-hold-groups1-4-final-reconcile.csv
dlg_46b30eb1fc864bdf,battle,Unclassified,battle,HOLD_FOR_SCOPE_DECISION,HOLD,,Raw inventory row; scope not explicitly approved.,data/maps/MossdeepCity_Gym/scripts.inc,518,MossdeepCity_Gym_Text_CliffordPostBattle,GROUP7_SELECTED,,DEFER_NONFACILITY_BATTLE,Not explicit Battle Frontier/Battle Tent facility content; keep for later dedicated HOLD handling,data/maps/MossdeepCity_Gym/scripts.inc::MossdeepCity_Gym_Text_CliffordPostBattle,G,COVERED_ALREADY,Existing translated/closed tracker evidence,tools/thai/translation/phaseF/batches/phaseF-selected-hold-groups1-4-final-reconcile.csv
dlg_0fe6fa1a64e8ac0d,battle,Unclassified,battle,HOLD_FOR_SCOPE_DECISION,HOLD,,Raw inventory row; scope not explicitly approved.,data/maps/MossdeepCity_Gym/scripts.inc,530,MossdeepCity_Gym_Text_MaceyPostBattle,GROUP7_SELECTED,,DEFER_NONFACILITY_BATTLE,Not explicit Battle Frontier/Battle Tent facility content; keep for later dedicated HOLD handling,data/maps/MossdeepCity_Gym/scripts.inc::MossdeepCity_Gym_Text_MaceyPostBattle,G,COVERED_ALREADY,Existing translated/closed tracker evidence,tools/thai/translation/phaseF/batches/phaseF-selected-hold-groups1-4-final-reconcile.csv
dlg_40e642dadfbe0199,battle,Unclassified,battle,HOLD_FOR_SCOPE_DECISION,HOLD,,Raw inventory row; scope not explicitly approved.,data/maps/MossdeepCity_Gym/scripts.inc,543,MossdeepCity_Gym_Text_NicholasPostBattle,GROUP7_SELECTED,,DEFER_NONFACILITY_BATTLE,Not explicit Battle Frontier/Battle Tent facility content; keep for later dedicated HOLD handling,data/maps/MossdeepCity_Gym/scripts.inc::MossdeepCity_Gym_Text_NicholasPostBattle,G,COVERED_ALREADY,Existing translated/closed tracker evidence,tools/thai/translation/phaseF/batches/phaseF-selected-hold-groups1-4-final-reconcile.csv
dlg_a136eaed17b5be73,battle,Unclassified,battle,HOLD_FOR_SCOPE_DECISION,HOLD,,Raw inventory row; scope not explicitly approved.,data/maps/MossdeepCity_SpaceCenter_1F/scripts.inc,370,MossdeepCity_SpaceCenter_1F_Text_Grunt3PostBattle,GROUP7_SELECTED,,DEFER_NONFACILITY_BATTLE,Not explicit Battle Frontier/Battle Tent facility content; keep for later dedicated HOLD handling,data/maps/MossdeepCity_SpaceCenter_1F/scripts.inc::MossdeepCity_SpaceCenter_1F_Text_Grunt3PostBattle,G,COVERED_ALREADY,Existing translated/closed tracker evidence,tools/thai/translation/phaseF/batches/phaseF-selected-hold-groups1-4-final-reconcile.csv
dlg_5d492e0825410607,battle,Unclassified,battle,HOLD_FOR_SCOPE_DECISION,HOLD,,Raw inventory row; scope not explicitly approved.,data/maps/MossdeepCity_SpaceCenter_1F/scripts.inc,382,MossdeepCity_SpaceCenter_1F_Text_Grunt1PostBattle,GROUP7_SELECTED,,DEFER_NONFACILITY_BATTLE,Not explicit Battle Frontier/Battle Tent facility content; keep for later dedicated HOLD handling,data/maps/MossdeepCity_SpaceCenter_1F/scripts.inc::MossdeepCity_SpaceCenter_1F_Text_Grunt1PostBattle,G,COVERED_ALREADY,Existing translated/closed tracker evidence,tools/thai/translation/phaseF/batches/phaseF-selected-hold-groups1-4-final-reconcile.csv
dlg_b7ab6d6624b79d0f,battle,Unclassified,battle,HOLD_FOR_SCOPE_DECISION,HOLD,,Raw inventory row; scope not explicitly approved.,data/maps/MossdeepCity_SpaceCenter_1F/scripts.inc,395,MossdeepCity_SpaceCenter_1F_Text_Grunt4PostBattle,GROUP7_SELECTED,,DEFER_NONFACILITY_BATTLE,Not explicit Battle Frontier/Battle Tent facility content; keep for later dedicated HOLD handling,data/maps/MossdeepCity_SpaceCenter_1F/scripts.inc::MossdeepCity_SpaceCenter_1F_Text_Grunt4PostBattle,G,COVERED_ALREADY,Existing translated/closed tracker evidence,tools/thai/translation/phaseF/batches/phaseF-selected-hold-groups1-4-final-reconcile.csv
dlg_f20ead877ce6cc3e,battle,Unclassified,battle,HOLD_FOR_SCOPE_DECISION,HOLD,,Raw inventory row; scope not explicitly approved.,data/maps/MossdeepCity_SpaceCenter_1F/scripts.inc,408,MossdeepCity_SpaceCenter_1F_Text_Grunt2PostBattle,GROUP7_SELECTED,,DEFER_NONFACILITY_BATTLE,Not explicit Battle Frontier/Battle Tent facility content; keep for later dedicated HOLD handling,data/maps/MossdeepCity_SpaceCenter_1F/scripts.inc::MossdeepCity_SpaceCenter_1F_Text_Grunt2PostBattle,G,COVERED_ALREADY,Existing translated/closed tracker evidence,tools/thai/translation/phaseF/batches/phaseF-selected-hold-groups1-4-final-reconcile.csv
dlg_adbbf23187425efb,battle,Unclassified,battle,HOLD_FOR_SCOPE_DECISION,HOLD,,Raw inventory row; scope not explicitly approved.,data/maps/MossdeepCity_SpaceCenter_2F/scripts.inc,418,MossdeepCity_SpaceCenter_2F_Text_Grunt6PostBattle,GROUP7_SELECTED,,DEFER_NONFACILITY_BATTLE,Not explicit Battle Frontier/Battle Tent facility content; keep for later dedicated HOLD handling,data/maps/MossdeepCity_SpaceCenter_2F/scripts.inc::MossdeepCity_SpaceCenter_2F_Text_Grunt6PostBattle,G,COVERED_ALREADY,Existing translated/closed tracker evidence,tools/thai/translation/phaseF/batches/phaseF-selected-hold-groups1-4-final-reconcile.csv
dlg_bb02cd3eafe03230,battle,Unclassified,battle,HOLD_FOR_SCOPE_DECISION,HOLD,,Raw inventory row; scope not explicitly approved.,data/maps/MossdeepCity_SpaceCenter_2F/scripts.inc,422,MossdeepCity_SpaceCenter_2F_Text_Grunt7PostBattle,GROUP7_SELECTED,,DEFER_NONFACILITY_BATTLE,Not explicit Battle Frontier/Battle Tent facility content; keep for later dedicated HOLD handling,data/maps/MossdeepCity_SpaceCenter_2F/scripts.inc::MossdeepCity_SpaceCenter_2F_Text_Grunt7PostBattle,G,COVERED_ALREADY,Existing translated/closed tracker evidence,tools/thai/translation/phaseF/batches/phaseF-selected-hold-groups1-4-final-reconcile.csv
dlg_b74f072b8de45f04,battle,Unclassified,battle,HOLD_FOR_SCOPE_DECISION,HOLD,,Raw inventory row; scope not explicitly approved.,data/maps/MossdeepCity_SpaceCenter_2F/scripts.inc,426,MossdeepCity_SpaceCenter_2F_Text_Grunt5PostBattle,GROUP7_SELECTED,,DEFER_NONFACILITY_BATTLE,Not explicit Battle Frontier/Battle Tent facility content; keep for later dedicated HOLD handling,data/maps/MossdeepCity_SpaceCenter_2F/scripts.inc::MossdeepCity_SpaceCenter_2F_Text_Grunt5PostBattle,G,COVERED_ALREADY,Existing translated/closed tracker evidence,tools/thai/translation/phaseF/batches/phaseF-selected-hold-groups1-4-final-reconcile.csv
dlg_d72c72eebbcdc251,battle,Unclassified,battle,HOLD_FOR_SCOPE_DECISION,HOLD,,Raw inventory row; scope not explicitly approved.,data/maps/MossdeepCity_SpaceCenter_2F/scripts.inc,457,MossdeepCity_SpaceCenter_2F_Text_StevenAreYouReadyToBattle,GROUP7_SELECTED,,DEFER_NONFACILITY_BATTLE,Not explicit Battle Frontier/Battle Tent facility content; keep for later dedicated HOLD handling,data/maps/MossdeepCity_SpaceCenter_2F/scripts.inc::MossdeepCity_SpaceCenter_2F_Text_StevenAreYouReadyToBattle,G,COVERED_ALREADY,Existing translated/closed tracker evidence,tools/thai/translation/phaseF/batches/phaseF-selected-hold-groups1-4-final-reconcile.csv
dlg_991d95fec7b42203,battle,Unclassified,battle,HOLD_FOR_SCOPE_DECISION,HOLD,,Raw inventory row; scope not explicitly approved.,data/maps/MtPyre_2F/scripts.inc,62,MtPyre_2F_Text_MarkPostBattle,GROUP7_SELECTED,,DEFER_NONFACILITY_BATTLE,Not explicit Battle Frontier/Battle Tent facility content; keep for later dedicated HOLD handling,data/maps/MtPyre_2F/scripts.inc::MtPyre_2F_Text_MarkPostBattle,G,COVERED_ALREADY,Existing translated/closed tracker evidence,tools/thai/translation/phaseF/batches/phaseF-selected-hold-groups1-4-final-reconcile.csv
dlg_a8847d4ad97e0a90,battle,Unclassified,battle,HOLD_FOR_SCOPE_DECISION,HOLD,,Raw inventory row; scope not explicitly approved.,data/maps/MtPyre_2F/scripts.inc,76,MtPyre_2F_Text_LukePostBattle,GROUP7_SELECTED,,DEFER_NONFACILITY_BATTLE,Not explicit Battle Frontier/Battle Tent facility content; keep for later dedicated HOLD handling,data/maps/MtPyre_2F/scripts.inc::MtPyre_2F_Text_LukePostBattle,G,COVERED_ALREADY,Existing translated/closed tracker evidence,tools/thai/translation/phaseF/batches/phaseF-selected-hold-groups1-4-final-reconcile.csv
dlg_4b47749db3f92e88,battle,Unclassified,battle,HOLD_FOR_SCOPE_DECISION,HOLD,,Raw inventory row; scope not explicitly approved.,data/maps/MtPyre_2F/scripts.inc,98,MtPyre_2F_Text_DezPostBattle,GROUP7_SELECTED,,DEFER_NONFACILITY_BATTLE,Not explicit Battle Frontier/Battle Tent facility content; keep for later dedicated HOLD handling,data/maps/MtPyre_2F/scripts.inc::MtPyre_2F_Text_DezPostBattle,G,COVERED_ALREADY,Existing translated/closed tracker evidence,tools/thai/translation/phaseF/batches/phaseF-selected-hold-groups1-4-final-reconcile.csv
dlg_ad7ca25840923063,battle,Unclassified,battle,HOLD_FOR_SCOPE_DECISION,HOLD,,Raw inventory row; scope not explicitly approved.,data/maps/MtPyre_2F/scripts.inc,116,MtPyre_2F_Text_LeahPostBattle,GROUP7_SELECTED,,DEFER_NONFACILITY_BATTLE,Not explicit Battle Frontier/Battle Tent facility content; keep for later dedicated HOLD handling,data/maps/MtPyre_2F/scripts.inc::MtPyre_2F_Text_LeahPostBattle,G,COVERED_ALREADY,Existing translated/closed tracker evidence,tools/thai/translation/phaseF/batches/phaseF-selected-hold-groups1-4-final-reconcile.csv
dlg_cd11e30b5a0da5bb,battle,Unclassified,battle,HOLD_FOR_SCOPE_DECISION,HOLD,,Raw inventory row; scope not explicitly approved.,data/maps/MtPyre_2F/scripts.inc,130,MtPyre_2F_Text_ZanderPostBattle,GROUP7_SELECTED,,DEFER_NONFACILITY_BATTLE,Not explicit Battle Frontier/Battle Tent facility content; keep for later dedicated HOLD handling,data/maps/MtPyre_2F/scripts.inc::MtPyre_2F_Text_ZanderPostBattle,G,COVERED_ALREADY,Existing translated/closed tracker evidence,tools/thai/translation/phaseF/batches/phaseF-selected-hold-groups1-4-final-reconcile.csv
dlg_63883326f2168622,battle,Unclassified,battle,HOLD_FOR_SCOPE_DECISION,HOLD,,Raw inventory row; scope not explicitly approved.,data/maps/MtPyre_3F/scripts.inc,43,MtPyre_3F_Text_WilliamPostBattle,GROUP7_SELECTED,,DEFER_NONFACILITY_BATTLE,Not explicit Battle Frontier/Battle Tent facility content; keep for later dedicated HOLD handling,data/maps/MtPyre_3F/scripts.inc::MtPyre_3F_Text_WilliamPostBattle,G,COVERED_ALREADY,Existing translated/closed tracker evidence,tools/thai/translation/phaseF/batches/phaseF-selected-hold-groups1-4-final-reconcile.csv
dlg_359c616202ecf817,battle,Unclassified,battle,HOLD_FOR_SCOPE_DECISION,HOLD,,Raw inventory row; scope not explicitly approved.,data/maps/MtPyre_3F/scripts.inc,55,MtPyre_3F_Text_KaylaPostBattle,GROUP7_SELECTED,,DEFER_NONFACILITY_BATTLE,Not explicit Battle Frontier/Battle Tent facility content; keep for later dedicated HOLD handling,data/maps/MtPyre_3F/scripts.inc::MtPyre_3F_Text_KaylaPostBattle,G,COVERED_ALREADY,Existing translated/closed tracker evidence,tools/thai/translation/phaseF/batches/phaseF-selected-hold-groups1-4-final-reconcile.csv
dlg_f04bcee003acb011,battle,Unclassified,battle,HOLD_FOR_SCOPE_DECISION,HOLD,,Raw inventory row; scope not explicitly approved.,data/maps/MtPyre_3F/scripts.inc,69,MtPyre_3F_Text_GabriellePostBattle,GROUP7_SELECTED,,DEFER_NONFACILITY_BATTLE,Not explicit Battle Frontier/Battle Tent facility content; keep for later dedicated HOLD handling,data/maps/MtPyre_3F/scripts.inc::MtPyre_3F_Text_GabriellePostBattle,G,COVERED_ALREADY,Existing translated/closed tracker evidence,tools/thai/translation/phaseF/batches/phaseF-selected-hold-groups1-4-final-reconcile.csv
dlg_0e9f358a2cb25c75,battle,Unclassified,battle,HOLD_FOR_SCOPE_DECISION,HOLD,,Raw inventory row; scope not explicitly approved.,data/maps/MtPyre_4F/scripts.inc,18,MtPyre_5F_Text_AtsushiPostBattle,GROUP7_SELECTED,,DEFER_NONFACILITY_BATTLE,Not explicit Battle Frontier/Battle Tent facility content; keep for later dedicated HOLD handling,data/maps/MtPyre_4F/scripts.inc::MtPyre_5F_Text_AtsushiPostBattle,G,COVERED_ALREADY,Existing translated/closed tracker evidence,tools/thai/translation/phaseF/batches/phaseF-selected-hold-groups1-4-final-reconcile.csv
dlg_86c19a189d638c56,battle,Unclassified,battle,HOLD_FOR_SCOPE_DECISION,HOLD,,Raw inventory row; scope not explicitly approved.,data/maps/MtPyre_5F/scripts.inc,19,MtPyre_4F_Text_TashaPostBattle,GROUP7_SELECTED,,DEFER_NONFACILITY_BATTLE,Not explicit Battle Frontier/Battle Tent facility content; keep for later dedicated HOLD handling,data/maps/MtPyre_5F/scripts.inc::MtPyre_4F_Text_TashaPostBattle,G,COVERED_ALREADY,Existing translated/closed tracker evidence,tools/thai/translation/phaseF/batches/phaseF-selected-hold-groups1-4-final-reconcile.csv
dlg_16c0d9887a2650c3,battle,Unclassified,battle,HOLD_FOR_SCOPE_DECISION,HOLD,,Raw inventory row; scope not explicitly approved.,data/maps/MtPyre_6F/scripts.inc,36,MtPyre_6F_Text_ValeriePostBattle,GROUP7_SELECTED,,DEFER_NONFACILITY_BATTLE,Not explicit Battle Frontier/Battle Tent facility content; keep for later dedicated HOLD handling,data/maps/MtPyre_6F/scripts.inc::MtPyre_6F_Text_ValeriePostBattle,G,COVERED_ALREADY,Existing translated/closed tracker evidence,tools/thai/translation/phaseF/batches/phaseF-selected-hold-groups1-4-final-reconcile.csv
dlg_7b6b2d05e1d2d0a8,battle,Unclassified,battle,HOLD_FOR_SCOPE_DECISION,HOLD,,Raw inventory row; scope not explicitly approved.,data/maps/MtPyre_6F/scripts.inc,64,MtPyre_6F_Text_CedricPostBattle,GROUP7_SELECTED,,DEFER_NONFACILITY_BATTLE,Not explicit Battle Frontier/Battle Tent facility content; keep for later dedicated HOLD handling,data/maps/MtPyre_6F/scripts.inc::MtPyre_6F_Text_CedricPostBattle,G,COVERED_ALREADY,Existing translated/closed tracker evidence,tools/thai/translation/phaseF/batches/phaseF-selected-hold-groups1-4-final-reconcile.csv
dlg_0b9d6ca9a0ab9d52,battle,Unclassified,battle,HOLD_FOR_SCOPE_DECISION,HOLD,,Raw inventory row; scope not explicitly approved.,data/maps/MtPyre_Summit/scripts.inc,432,MtPyre_Summit_Text_Grunt1PostBattle,GROUP7_SELECTED,,DEFER_NONFACILITY_BATTLE,Not explicit Battle Frontier/Battle Tent facility content; keep for later dedicated HOLD handling,data/maps/MtPyre_Summit/scripts.inc::MtPyre_Summit_Text_Grunt1PostBattle,G,COVERED_ALREADY,Existing translated/closed tracker evidence,tools/thai/translation/phaseF/batches/phaseF-selected-hold-groups1-4-final-reconcile.csv
dlg_85b82c8a10a866db,battle,Unclassified,battle,HOLD_FOR_SCOPE_DECISION,HOLD,,Raw inventory row; scope not explicitly approved.,data/maps/MtPyre_Summit/scripts.inc,448,MtPyre_Summit_Text_Grunt2PostBattle,GROUP7_SELECTED,,DEFER_NONFACILITY_BATTLE,Not explicit Battle Frontier/Battle Tent facility content; keep for later dedicated HOLD handling,data/maps/MtPyre_Summit/scripts.inc::MtPyre_Summit_Text_Grunt2PostBattle,G,COVERED_ALREADY,Existing translated/closed tracker evidence,tools/thai/translation/phaseF/batches/phaseF-selected-hold-groups1-4-final-reconcile.csv
dlg_77ba4ca3f75e5d22,battle,Unclassified,battle,HOLD_FOR_SCOPE_DECISION,HOLD,,Raw inventory row; scope not explicitly approved.,data/maps/MtPyre_Summit/scripts.inc,462,MtPyre_Summit_Text_Grunt3PostBattle,GROUP7_SELECTED,,DEFER_NONFACILITY_BATTLE,Not explicit Battle Frontier/Battle Tent facility content; keep for later dedicated HOLD handling,data/maps/MtPyre_Summit/scripts.inc::MtPyre_Summit_Text_Grunt3PostBattle,G,COVERED_ALREADY,Existing translated/closed tracker evidence,tools/thai/translation/phaseF/batches/phaseF-selected-hold-groups1-4-final-reconcile.csv
dlg_e9386fb3b3e694ad,battle,Unclassified,battle,HOLD_FOR_SCOPE_DECISION,HOLD,,Raw inventory row; scope not explicitly approved.,data/maps/MtPyre_Summit/scripts.inc,479,MtPyre_Summit_Text_Grunt4PostBattle,GROUP7_SELECTED,,DEFER_NONFACILITY_BATTLE,Not explicit Battle Frontier/Battle Tent facility content; keep for later dedicated HOLD handling,data/maps/MtPyre_Summit/scripts.inc::MtPyre_Summit_Text_Grunt4PostBattle,G,COVERED_ALREADY,Existing translated/closed tracker evidence,tools/thai/translation/phaseF/batches/phaseF-selected-hold-groups1-4-final-reconcile.csv
dlg_cb74efeccfb9be74,battle,Unclassified,battle,HOLD_FOR_SCOPE_DECISION,HOLD,,Raw inventory row; scope not explicitly approved.,data/maps/PetalburgCity_Gym/scripts.inc,1358,PetalburgCity_Gym_Text_RandallPostBattle,GROUP7_SELECTED,,DEFER_NONFACILITY_BATTLE,Not explicit Battle Frontier/Battle Tent facility content; keep for later dedicated HOLD handling,data/maps/PetalburgCity_Gym/scripts.inc::PetalburgCity_Gym_Text_RandallPostBattle,G,COVERED_ALREADY,Existing translated/closed tracker evidence,tools/thai/translation/phaseF/batches/phaseF-selected-hold-groups1-4-final-reconcile.csv
dlg_90760a2f98a58a35,battle,Unclassified,battle,HOLD_FOR_SCOPE_DECISION,HOLD,,Raw inventory row; scope not explicitly approved.,data/maps/PetalburgCity_Gym/scripts.inc,1381,PetalburgCity_Gym_Text_ParkerPostBattle,GROUP7_SELECTED,,DEFER_NONFACILITY_BATTLE,Not explicit Battle Frontier/Battle Tent facility content; keep for later dedicated HOLD handling,data/maps/PetalburgCity_Gym/scripts.inc::PetalburgCity_Gym_Text_ParkerPostBattle,G,COVERED_ALREADY,Existing translated/closed tracker evidence,tools/thai/translation/phaseF/batches/phaseF-selected-hold-groups1-4-final-reconcile.csv
dlg_fe8a5d66eff3bb33,battle,Unclassified,battle,HOLD_FOR_SCOPE_DECISION,HOLD,,Raw inventory row; scope not explicitly approved.,data/maps/PetalburgCity_Gym/scripts.inc,1401,PetalburgCity_Gym_Text_GeorgePostBattle,GROUP7_SELECTED,,DEFER_NONFACILITY_BATTLE,Not explicit Battle Frontier/Battle Tent facility content; keep for later dedicated HOLD handling,data/maps/PetalburgCity_Gym/scripts.inc::PetalburgCity_Gym_Text_GeorgePostBattle,G,COVERED_ALREADY,Existing translated/closed tracker evidence,tools/thai/translation/phaseF/batches/phaseF-selected-hold-groups1-4-final-reconcile.csv
dlg_666cd4b17845f5ee,battle,Unclassified,battle,HOLD_FOR_SCOPE_DECISION,HOLD,,Raw inventory row; scope not explicitly approved.,data/maps/PetalburgCity_Gym/scripts.inc,1424,PetalburgCity_Gym_Text_BerkePostBattle,GROUP7_SELECTED,,DEFER_NONFACILITY_BATTLE,Not explicit Battle Frontier/Battle Tent facility content; keep for later dedicated HOLD handling,data/maps/PetalburgCity_Gym/scripts.inc::PetalburgCity_Gym_Text_BerkePostBattle,G,COVERED_ALREADY,Existing translated/closed tracker evidence,tools/thai/translation/phaseF/batches/phaseF-selected-hold-groups1-4-final-reconcile.csv
dlg_3e6a0aa56d6f77a6,battle,Unclassified,battle,HOLD_FOR_SCOPE_DECISION,HOLD,,Raw inventory row; scope not explicitly approved.,data/maps/PetalburgCity_Gym/scripts.inc,1446,PetalburgCity_Gym_Text_MaryPostBattle,GROUP7_SELECTED,,DEFER_NONFACILITY_BATTLE,Not explicit Battle Frontier/Battle Tent facility content; keep for later dedicated HOLD handling,data/maps/PetalburgCity_Gym/scripts.inc::PetalburgCity_Gym_Text_MaryPostBattle,G,COVERED_ALREADY,Existing translated/closed tracker evidence,tools/thai/translation/phaseF/batches/phaseF-selected-hold-groups1-4-final-reconcile.csv
dlg_1afbd8fd97b08136,battle,Unclassified,battle,HOLD_FOR_SCOPE_DECISION,HOLD,,Raw inventory row; scope not explicitly approved.,data/maps/PetalburgCity_Gym/scripts.inc,1467,PetalburgCity_Gym_Text_AlexiaPostBattle,GROUP7_SELECTED,,DEFER_NONFACILITY_BATTLE,Not explicit Battle Frontier/Battle Tent facility content; keep for later dedicated HOLD handling,data/maps/PetalburgCity_Gym/scripts.inc::PetalburgCity_Gym_Text_AlexiaPostBattle,G,COVERED_ALREADY,Existing translated/closed tracker evidence,tools/thai/translation/phaseF/batches/phaseF-selected-hold-groups1-4-final-reconcile.csv
dlg_e9b6a9a3f3a5025f,battle,Unclassified,battle,HOLD_FOR_SCOPE_DECISION,HOLD,,Raw inventory row; scope not explicitly approved.,data/maps/PetalburgCity_Gym/scripts.inc,1489,PetalburgCity_Gym_Text_JodyPostBattle,GROUP7_SELECTED,,DEFER_NONFACILITY_BATTLE,Not explicit Battle Frontier/Battle Tent facility content; keep for later dedicated HOLD handling,data/maps/PetalburgCity_Gym/scripts.inc::PetalburgCity_Gym_Text_JodyPostBattle,G,COVERED_ALREADY,Existing translated/closed tracker evidence,tools/thai/translation/phaseF/batches/phaseF-selected-hold-groups1-4-final-reconcile.csv
dlg_923bd4eb9810a58b,battle,Unclassified,battle,HOLD_FOR_SCOPE_DECISION,HOLD,,Raw inventory row; scope not explicitly approved.,data/maps/Route104/scripts.inc,1094,Route104_Text_MayMinesDecentLetsBattle,GROUP7_SELECTED,,DEFER_NONFACILITY_BATTLE,Not explicit Battle Frontier/Battle Tent facility content; keep for later dedicated HOLD handling,data/maps/Route104/scripts.inc::Route104_Text_MayMinesDecentLetsBattle,G,COVERED_ALREADY,Existing translated/closed tracker evidence,tools/thai/translation/phaseF/batches/phaseF-selected-hold-groups1-4-final-reconcile.csv
dlg_9cf227ca380f7aa5,battle,Unclassified,battle,HOLD_FOR_SCOPE_DECISION,HOLD,,Raw inventory row; scope not explicitly approved.,data/maps/Route104/scripts.inc,1105,Route104_Text_MayLetsBattle,GROUP7_SELECTED,,DEFER_NONFACILITY_BATTLE,Not explicit Battle Frontier/Battle Tent facility content; keep for later dedicated HOLD handling,data/maps/Route104/scripts.inc::Route104_Text_MayLetsBattle,G,COVERED_ALREADY,Existing translated/closed tracker evidence,tools/thai/translation/phaseF/batches/phaseF-selected-hold-groups1-4-final-reconcile.csv
dlg_b39c52e40bb1c9d1,battle,Unclassified,battle,HOLD_FOR_SCOPE_DECISION,HOLD,,Raw inventory row; scope not explicitly approved.,data/maps/Route104/scripts.inc,1117,Route104_Text_MayPostBattle,GROUP7_SELECTED,,DEFER_NONFACILITY_BATTLE,Not explicit Battle Frontier/Battle Tent facility content; keep for later dedicated HOLD handling,data/maps/Route104/scripts.inc::Route104_Text_MayPostBattle,G,COVERED_ALREADY,Existing translated/closed tracker evidence,tools/thai/translation/phaseF/batches/phaseF-selected-hold-groups1-4-final-reconcile.csv
dlg_b2ef1c4eb601962f,battle,Unclassified,battle,HOLD_FOR_SCOPE_DECISION,HOLD,,Raw inventory row; scope not explicitly approved.,data/maps/Route104/scripts.inc,1140,Route104_Text_BrendanDoingGreatLetsBattle,GROUP7_SELECTED,,DEFER_NONFACILITY_BATTLE,Not explicit Battle Frontier/Battle Tent facility content; keep for later dedicated HOLD handling,data/maps/Route104/scripts.inc::Route104_Text_BrendanDoingGreatLetsBattle,G,COVERED_ALREADY,Existing translated/closed tracker evidence,tools/thai/translation/phaseF/batches/phaseF-selected-hold-groups1-4-final-reconcile.csv
dlg_2cab05c2ff63f5c5,battle,Unclassified,battle,HOLD_FOR_SCOPE_DECISION,HOLD,,Raw inventory row; scope not explicitly approved.,data/maps/Route104/scripts.inc,1149,Route104_Text_BrendanLetsBattle,GROUP7_SELECTED,,DEFER_NONFACILITY_BATTLE,Not explicit Battle Frontier/Battle Tent facility content; keep for later dedicated HOLD handling,data/maps/Route104/scripts.inc::Route104_Text_BrendanLetsBattle,G,COVERED_ALREADY,Existing translated/closed tracker evidence,tools/thai/translation/phaseF/batches/phaseF-selected-hold-groups1-4-final-reconcile.csv
dlg_148c9c27c63e48c6,battle,Unclassified,battle,HOLD_FOR_SCOPE_DECISION,HOLD,,Raw inventory row; scope not explicitly approved.,data/maps/Route104/scripts.inc,1161,Route104_Text_BrendanPostBattle,GROUP7_SELECTED,,DEFER_NONFACILITY_BATTLE,Not explicit Battle Frontier/Battle Tent facility content; keep for later dedicated HOLD handling,data/maps/Route104/scripts.inc::Route104_Text_BrendanPostBattle,G,COVERED_ALREADY,Existing translated/closed tracker evidence,tools/thai/translation/phaseF/batches/phaseF-selected-hold-groups1-4-final-reconcile.csv
dlg_450027b7125536b5,battle,Unclassified,battle,HOLD_FOR_SCOPE_DECISION,HOLD,,Raw inventory row; scope not explicitly approved.,data/maps/Route109_SeashoreHouse/scripts.inc,149,Route109_SeashoreHouse_Text_DwaynePostBattle,GROUP7_SELECTED,,DEFER_NONFACILITY_BATTLE,Not explicit Battle Frontier/Battle Tent facility content; keep for later dedicated HOLD handling,data/maps/Route109_SeashoreHouse/scripts.inc::Route109_SeashoreHouse_Text_DwaynePostBattle,G,COVERED_ALREADY,Existing translated/closed tracker evidence,tools/thai/translation/phaseF/batches/phaseF-selected-hold-groups1-4-final-reconcile.csv
dlg_ea84a55884b7a1f5,battle,Unclassified,battle,HOLD_FOR_SCOPE_DECISION,HOLD,,Raw inventory row; scope not explicitly approved.,data/maps/Route109_SeashoreHouse/scripts.inc,161,Route109_SeashoreHouse_Text_JohannaPostBattle,GROUP7_SELECTED,,DEFER_NONFACILITY_BATTLE,Not explicit Battle Frontier/Battle Tent facility content; keep for later dedicated HOLD handling,data/maps/Route109_SeashoreHouse/scripts.inc::Route109_SeashoreHouse_Text_JohannaPostBattle,G,COVERED_ALREADY,Existing translated/closed tracker evidence,tools/thai/translation/phaseF/batches/phaseF-selected-hold-groups1-4-final-reconcile.csv
dlg_427137a0adf8811f,battle,Unclassified,battle,HOLD_FOR_SCOPE_DECISION,HOLD,,Raw inventory row; scope not explicitly approved.,data/maps/Route109_SeashoreHouse/scripts.inc,172,Route109_SeashoreHouse_Text_SimonPostBattle,GROUP7_SELECTED,,DEFER_NONFACILITY_BATTLE,Not explicit Battle Frontier/Battle Tent facility content; keep for later dedicated HOLD handling,data/maps/Route109_SeashoreHouse/scripts.inc::Route109_SeashoreHouse_Text_SimonPostBattle,G,COVERED_ALREADY,Existing translated/closed tracker evidence,tools/thai/translation/phaseF/batches/phaseF-selected-hold-groups1-4-final-reconcile.csv
dlg_fb528823543d4d3c,battle,Unclassified,battle,HOLD_FOR_SCOPE_DECISION,HOLD,,Raw inventory row; scope not explicitly approved.,data/maps/Route110_TrickHousePuzzle1/scripts.inc,52,Route110_TrickHousePuzzle1_Text_SallyPostBattle,GROUP7_SELECTED,,DEFER_NONFACILITY_BATTLE,Not explicit Battle Frontier/Battle Tent facility content; keep for later dedicated HOLD handling,data/maps/Route110_TrickHousePuzzle1/scripts.inc::Route110_TrickHousePuzzle1_Text_SallyPostBattle,G,COVERED_ALREADY,Existing translated/closed tracker evidence,tools/thai/translation/phaseF/batches/phaseF-selected-hold-groups1-4-final-reconcile.csv
dlg_35b8641b9e36d494,battle,Unclassified,battle,HOLD_FOR_SCOPE_DECISION,HOLD,,Raw inventory row; scope not explicitly approved.,data/maps/Route110_TrickHousePuzzle1/scripts.inc,63,Route110_TrickHousePuzzle1_Text_EddiePostBattle,GROUP7_SELECTED,,DEFER_NONFACILITY_BATTLE,Not explicit Battle Frontier/Battle Tent facility content; keep for later dedicated HOLD handling,data/maps/Route110_TrickHousePuzzle1/scripts.inc::Route110_TrickHousePuzzle1_Text_EddiePostBattle,G,COVERED_ALREADY,Existing translated/closed tracker evidence,tools/thai/translation/phaseF/batches/phaseF-selected-hold-groups1-4-final-reconcile.csv
dlg_fefcacd1516a4963,battle,Unclassified,battle,HOLD_FOR_SCOPE_DECISION,HOLD,,Raw inventory row; scope not explicitly approved.,data/maps/Route110_TrickHousePuzzle1/scripts.inc,73,Route110_TrickHousePuzzle1_Text_RobinPostBattle,GROUP7_SELECTED,,DEFER_NONFACILITY_BATTLE,Not explicit Battle Frontier/Battle Tent facility content; keep for later dedicated HOLD handling,data/maps/Route110_TrickHousePuzzle1/scripts.inc::Route110_TrickHousePuzzle1_Text_RobinPostBattle,G,COVERED_ALREADY,Existing translated/closed tracker evidence,tools/thai/translation/phaseF/batches/phaseF-selected-hold-groups1-4-final-reconcile.csv
dlg_6236d2ac8bad6b9e,battle,Unclassified,battle,HOLD_FOR_SCOPE_DECISION,HOLD,,Raw inventory row; scope not explicitly approved.,data/maps/Route110_TrickHousePuzzle2/scripts.inc,115,Route110_TrickHousePuzzle2_Text_TedPostBattle,GROUP7_SELECTED,,DEFER_NONFACILITY_BATTLE,Not explicit Battle Frontier/Battle Tent facility content; keep for later dedicated HOLD handling,data/maps/Route110_TrickHousePuzzle2/scripts.inc::Route110_TrickHousePuzzle2_Text_TedPostBattle,G,COVERED_ALREADY,Existing translated/closed tracker evidence,tools/thai/translation/phaseF/batches/phaseF-selected-hold-groups1-4-final-reconcile.csv
dlg_1717fc4bf35fcceb,battle,Unclassified,battle,HOLD_FOR_SCOPE_DECISION,HOLD,,Raw inventory row; scope not explicitly approved.,data/maps/Route110_TrickHousePuzzle2/scripts.inc,126,Route110_TrickHousePuzzle2_Text_PaulPostBattle,GROUP7_SELECTED,,DEFER_NONFACILITY_BATTLE,Not explicit Battle Frontier/Battle Tent facility content; keep for later dedicated HOLD handling,data/maps/Route110_TrickHousePuzzle2/scripts.inc::Route110_TrickHousePuzzle2_Text_PaulPostBattle,G,COVERED_ALREADY,Existing translated/closed tracker evidence,tools/thai/translation/phaseF/batches/phaseF-selected-hold-groups1-4-final-reconcile.csv
dlg_26b55d37394c5bfd,battle,Unclassified,battle,HOLD_FOR_SCOPE_DECISION,HOLD,,Raw inventory row; scope not explicitly approved.,data/maps/Route110_TrickHousePuzzle2/scripts.inc,137,Route110_TrickHousePuzzle2_Text_GeorgiaPostBattle,GROUP7_SELECTED,,DEFER_NONFACILITY_BATTLE,Not explicit Battle Frontier/Battle Tent facility content; keep for later dedicated HOLD handling,data/maps/Route110_TrickHousePuzzle2/scripts.inc::Route110_TrickHousePuzzle2_Text_GeorgiaPostBattle,G,COVERED_ALREADY,Existing translated/closed tracker evidence,tools/thai/translation/phaseF/batches/phaseF-selected-hold-groups1-4-final-reconcile.csv
dlg_8e92df520b0407e8,battle,Unclassified,battle,HOLD_FOR_SCOPE_DECISION,HOLD,,Raw inventory row; scope not explicitly approved.,data/maps/Route110_TrickHousePuzzle3/scripts.inc,317,Route110_TrickHousePuzzle3_Text_JustinPostBattle,GROUP7_SELECTED,,DEFER_NONFACILITY_BATTLE,Not explicit Battle Frontier/Battle Tent facility content; keep for later dedicated HOLD handling,data/maps/Route110_TrickHousePuzzle3/scripts.inc::Route110_TrickHousePuzzle3_Text_JustinPostBattle,G,COVERED_ALREADY,Existing translated/closed tracker evidence,tools/thai/translation/phaseF/batches/phaseF-selected-hold-groups1-4-final-reconcile.csv
dlg_85ccdb972499bf37,battle,Unclassified,battle,HOLD_FOR_SCOPE_DECISION,HOLD,,Raw inventory row; scope not explicitly approved.,data/maps/Route110_TrickHousePuzzle3/scripts.inc,328,Route110_TrickHousePuzzle3_Text_MarthaPostBattle,GROUP7_SELECTED,,DEFER_NONFACILITY_BATTLE,Not explicit Battle Frontier/Battle Tent facility content; keep for later dedicated HOLD handling,data/maps/Route110_TrickHousePuzzle3/scripts.inc::Route110_TrickHousePuzzle3_Text_MarthaPostBattle,G,COVERED_ALREADY,Existing translated/closed tracker evidence,tools/thai/translation/phaseF/batches/phaseF-selected-hold-groups1-4-final-reconcile.csv
dlg_318dc0c246e86f05,battle,Unclassified,battle,HOLD_FOR_SCOPE_DECISION,HOLD,,Raw inventory row; scope not explicitly approved.,data/maps/Route110_TrickHousePuzzle3/scripts.inc,340,Route110_TrickHousePuzzle3_Text_AlanPostBattle,GROUP7_SELECTED,,DEFER_NONFACILITY_BATTLE,Not explicit Battle Frontier/Battle Tent facility content; keep for later dedicated HOLD handling,data/maps/Route110_TrickHousePuzzle3/scripts.inc::Route110_TrickHousePuzzle3_Text_AlanPostBattle,G,COVERED_ALREADY,Existing translated/closed tracker evidence,tools/thai/translation/phaseF/batches/phaseF-selected-hold-groups1-4-final-reconcile.csv
dlg_46aa2aa5f8ab36ad,battle,Unclassified,battle,HOLD_FOR_SCOPE_DECISION,HOLD,,Raw inventory row; scope not explicitly approved.,data/maps/Route110_TrickHousePuzzle4/scripts.inc,44,Route110_TrickHousePuzzle4_Text_CoraPostBattle,GROUP7_SELECTED,,DEFER_NONFACILITY_BATTLE,Not explicit Battle Frontier/Battle Tent facility content; keep for later dedicated HOLD handling,data/maps/Route110_TrickHousePuzzle4/scripts.inc::Route110_TrickHousePuzzle4_Text_CoraPostBattle,G,COVERED_ALREADY,Existing translated/closed tracker evidence,tools/thai/translation/phaseF/batches/phaseF-selected-hold-groups1-4-final-reconcile.csv
dlg_ee134bcbcd5ed75d,battle,Unclassified,battle,HOLD_FOR_SCOPE_DECISION,HOLD,,Raw inventory row; scope not explicitly approved.,data/maps/Route110_TrickHousePuzzle4/scripts.inc,56,Route110_TrickHousePuzzle4_Text_YujiPostBattle,GROUP7_SELECTED,,DEFER_NONFACILITY_BATTLE,Not explicit Battle Frontier/Battle Tent facility content; keep for later dedicated HOLD handling,data/maps/Route110_TrickHousePuzzle4/scripts.inc::Route110_TrickHousePuzzle4_Text_YujiPostBattle,G,COVERED_ALREADY,Existing translated/closed tracker evidence,tools/thai/translation/phaseF/batches/phaseF-selected-hold-groups1-4-final-reconcile.csv
dlg_61b8609b3a90a06d,battle,Unclassified,battle,HOLD_FOR_SCOPE_DECISION,HOLD,,Raw inventory row; scope not explicitly approved.,data/maps/Route110_TrickHousePuzzle4/scripts.inc,67,Route110_TrickHousePuzzle4_Text_PaulaPostBattle,GROUP7_SELECTED,,DEFER_NONFACILITY_BATTLE,Not explicit Battle Frontier/Battle Tent facility content; keep for later dedicated HOLD handling,data/maps/Route110_TrickHousePuzzle4/scripts.inc::Route110_TrickHousePuzzle4_Text_PaulaPostBattle,G,COVERED_ALREADY,Existing translated/closed tracker evidence,tools/thai/translation/phaseF/batches/phaseF-selected-hold-groups1-4-final-reconcile.csv
dlg_dd6bdd9c31f663eb,battle,Unclassified,battle,HOLD_FOR_SCOPE_DECISION,HOLD,,Raw inventory row; scope not explicitly approved.,data/maps/Route110_TrickHousePuzzle6/scripts.inc,58,Route110_TrickHousePuzzle6_Text_SophiaPostBattle,GROUP7_SELECTED,,DEFER_NONFACILITY_BATTLE,Not explicit Battle Frontier/Battle Tent facility content; keep for later dedicated HOLD handling,data/maps/Route110_TrickHousePuzzle6/scripts.inc::Route110_TrickHousePuzzle6_Text_SophiaPostBattle,G,COVERED_ALREADY,Existing translated/closed tracker evidence,tools/thai/translation/phaseF/batches/phaseF-selected-hold-groups1-4-final-reconcile.csv
dlg_cb9c7b339973ba1b,battle,Unclassified,battle,HOLD_FOR_SCOPE_DECISION,HOLD,,Raw inventory row; scope not explicitly approved.,data/maps/Route110_TrickHousePuzzle6/scripts.inc,71,Route110_TrickHousePuzzle6_Text_BennyPostBattle,GROUP7_SELECTED,,DEFER_NONFACILITY_BATTLE,Not explicit Battle Frontier/Battle Tent facility content; keep for later dedicated HOLD handling,data/maps/Route110_TrickHousePuzzle6/scripts.inc::Route110_TrickHousePuzzle6_Text_BennyPostBattle,G,COVERED_ALREADY,Existing translated/closed tracker evidence,tools/thai/translation/phaseF/batches/phaseF-selected-hold-groups1-4-final-reconcile.csv
dlg_0195196a9179c8f3,battle,Unclassified,battle,HOLD_FOR_SCOPE_DECISION,HOLD,,Raw inventory row; scope not explicitly approved.,data/maps/Route110_TrickHousePuzzle6/scripts.inc,83,Route110_TrickHousePuzzle6_Text_SebastianPostBattle,GROUP7_SELECTED,,DEFER_NONFACILITY_BATTLE,Not explicit Battle Frontier/Battle Tent facility content; keep for later dedicated HOLD handling,data/maps/Route110_TrickHousePuzzle6/scripts.inc::Route110_TrickHousePuzzle6_Text_SebastianPostBattle,G,COVERED_ALREADY,Existing translated/closed tracker evidence,tools/thai/translation/phaseF/batches/phaseF-selected-hold-groups1-4-final-reconcile.csv
dlg_cff115f02dfab0b6,battle,Unclassified,battle,HOLD_FOR_SCOPE_DECISION,HOLD,,Raw inventory row; scope not explicitly approved.,data/maps/Route110_TrickHousePuzzle7/scripts.inc,331,Route110_TrickHousePuzzle7_Text_JoshuaPostBattle,GROUP7_SELECTED,,DEFER_NONFACILITY_BATTLE,Not explicit Battle Frontier/Battle Tent facility content; keep for later dedicated HOLD handling,data/maps/Route110_TrickHousePuzzle7/scripts.inc::Route110_TrickHousePuzzle7_Text_JoshuaPostBattle,G,COVERED_ALREADY,Existing translated/closed tracker evidence,tools/thai/translation/phaseF/batches/phaseF-selected-hold-groups1-4-final-reconcile.csv
dlg_268e45f51fc5f549,battle,Unclassified,battle,HOLD_FOR_SCOPE_DECISION,HOLD,,Raw inventory row; scope not explicitly approved.,data/maps/Route110_TrickHousePuzzle7/scripts.inc,343,Route110_TrickHousePuzzle7_Text_PatriciaPostBattle,GROUP7_SELECTED,,DEFER_NONFACILITY_BATTLE,Not explicit Battle Frontier/Battle Tent facility content; keep for later dedicated HOLD handling,data/maps/Route110_TrickHousePuzzle7/scripts.inc::Route110_TrickHousePuzzle7_Text_PatriciaPostBattle,G,COVERED_ALREADY,Existing translated/closed tracker evidence,tools/thai/translation/phaseF/batches/phaseF-selected-hold-groups1-4-final-reconcile.csv
dlg_49443c2931b949e2,battle,Unclassified,battle,HOLD_FOR_SCOPE_DECISION,HOLD,,Raw inventory row; scope not explicitly approved.,data/maps/Route110_TrickHousePuzzle7/scripts.inc,355,Route110_TrickHousePuzzle7_Text_AlexisPostBattle,GROUP7_SELECTED,,DEFER_NONFACILITY_BATTLE,Not explicit Battle Frontier/Battle Tent facility content; keep for later dedicated HOLD handling,data/maps/Route110_TrickHousePuzzle7/scripts.inc::Route110_TrickHousePuzzle7_Text_AlexisPostBattle,G,COVERED_ALREADY,Existing translated/closed tracker evidence,tools/thai/translation/phaseF/batches/phaseF-selected-hold-groups1-4-final-reconcile.csv
dlg_8f7227338a814d4d,battle,Unclassified,battle,HOLD_FOR_SCOPE_DECISION,HOLD,,Raw inventory row; scope not explicitly approved.,data/maps/Route110_TrickHousePuzzle7/scripts.inc,366,Route110_TrickHousePuzzle7_Text_MarielaPostBattle,GROUP7_SELECTED,,DEFER_NONFACILITY_BATTLE,Not explicit Battle Frontier/Battle Tent facility content; keep for later dedicated HOLD handling,data/maps/Route110_TrickHousePuzzle7/scripts.inc::Route110_TrickHousePuzzle7_Text_MarielaPostBattle,G,COVERED_ALREADY,Existing translated/closed tracker evidence,tools/thai/translation/phaseF/batches/phaseF-selected-hold-groups1-4-final-reconcile.csv
dlg_c061235174113c60,battle,Unclassified,battle,HOLD_FOR_SCOPE_DECISION,HOLD,,Raw inventory row; scope not explicitly approved.,data/maps/Route110_TrickHousePuzzle7/scripts.inc,376,Route110_TrickHousePuzzle7_Text_AlvaroPostBattle,GROUP7_SELECTED,,DEFER_NONFACILITY_BATTLE,Not explicit Battle Frontier/Battle Tent facility content; keep for later dedicated HOLD handling,data/maps/Route110_TrickHousePuzzle7/scripts.inc::Route110_TrickHousePuzzle7_Text_AlvaroPostBattle,G,COVERED_ALREADY,Existing translated/closed tracker evidence,tools/thai/translation/phaseF/batches/phaseF-selected-hold-groups1-4-final-reconcile.csv
dlg_983dd26110fb3f4c,battle,Unclassified,battle,HOLD_FOR_SCOPE_DECISION,HOLD,,Raw inventory row; scope not explicitly approved.,data/maps/Route110_TrickHousePuzzle7/scripts.inc,388,Route110_TrickHousePuzzle7_Text_EverettPostBattle,GROUP7_SELECTED,,DEFER_NONFACILITY_BATTLE,Not explicit Battle Frontier/Battle Tent facility content; keep for later dedicated HOLD handling,data/maps/Route110_TrickHousePuzzle7/scripts.inc::Route110_TrickHousePuzzle7_Text_EverettPostBattle,G,COVERED_ALREADY,Existing translated/closed tracker evidence,tools/thai/translation/phaseF/batches/phaseF-selected-hold-groups1-4-final-reconcile.csv
dlg_b9fffe3d37fd4b79,battle,Unclassified,battle,HOLD_FOR_SCOPE_DECISION,HOLD,,Raw inventory row; scope not explicitly approved.,data/maps/Route110_TrickHousePuzzle8/scripts.inc,43,Route110_TrickHousePuzzle8_Text_VincentPostBattle,GROUP7_SELECTED,,DEFER_NONFACILITY_BATTLE,Not explicit Battle Frontier/Battle Tent facility content; keep for later dedicated HOLD handling,data/maps/Route110_TrickHousePuzzle8/scripts.inc::Route110_TrickHousePuzzle8_Text_VincentPostBattle,G,COVERED_ALREADY,Existing translated/closed tracker evidence,tools/thai/translation/phaseF/batches/phaseF-selected-hold-groups1-4-final-reconcile.csv
dlg_99906586d454af7c,battle,Unclassified,battle,HOLD_FOR_SCOPE_DECISION,HOLD,,Raw inventory row; scope not explicitly approved.,data/maps/Route110_TrickHousePuzzle8/scripts.inc,55,Route110_TrickHousePuzzle8_Text_KeiraPostBattle,GROUP7_SELECTED,,DEFER_NONFACILITY_BATTLE,Not explicit Battle Frontier/Battle Tent facility content; keep for later dedicated HOLD handling,data/maps/Route110_TrickHousePuzzle8/scripts.inc::Route110_TrickHousePuzzle8_Text_KeiraPostBattle,G,COVERED_ALREADY,Existing translated/closed tracker evidence,tools/thai/translation/phaseF/batches/phaseF-selected-hold-groups1-4-final-reconcile.csv
dlg_d2d990a4535c1c60,battle,Unclassified,battle,HOLD_FOR_SCOPE_DECISION,HOLD,,Raw inventory row; scope not explicitly approved.,data/maps/Route110_TrickHousePuzzle8/scripts.inc,67,Route110_TrickHousePuzzle8_Text_LeroyPostBattle,GROUP7_SELECTED,,DEFER_NONFACILITY_BATTLE,Not explicit Battle Frontier/Battle Tent facility content; keep for later dedicated HOLD handling,data/maps/Route110_TrickHousePuzzle8/scripts.inc::Route110_TrickHousePuzzle8_Text_LeroyPostBattle,G,COVERED_ALREADY,Existing translated/closed tracker evidence,tools/thai/translation/phaseF/batches/phaseF-selected-hold-groups1-4-final-reconcile.csv
dlg_674c18d43dd13d3c,battle,Unclassified,battle,HOLD_FOR_SCOPE_DECISION,HOLD,,Raw inventory row; scope not explicitly approved.,data/maps/Route111/scripts.inc,563,Route111_Text_BattleOurFamily,GROUP7_SELECTED,,DEFER_NONFACILITY_BATTLE,Not explicit Battle Frontier/Battle Tent facility content; keep for later dedicated HOLD handling,data/maps/Route111/scripts.inc::Route111_Text_BattleOurFamily,G,COVERED_ALREADY,Existing translated/closed tracker evidence,tools/thai/translation/phaseF/batches/phaseF-selected-hold-groups1-4-final-reconcile.csv
dlg_e885491523cd9829,battle,Unclassified,battle,HOLD_FOR_SCOPE_DECISION,HOLD,,Raw inventory row; scope not explicitly approved.,data/maps/Route111/scripts.inc,580,Route111_Text_VictorPostBattle,GROUP7_SELECTED,,DEFER_NONFACILITY_BATTLE,Not explicit Battle Frontier/Battle Tent facility content; keep for later dedicated HOLD handling,data/maps/Route111/scripts.inc::Route111_Text_VictorPostBattle,G,COVERED_ALREADY,Existing translated/closed tracker evidence,tools/thai/translation/phaseF/batches/phaseF-selected-hold-groups1-4-final-reconcile.csv
dlg_2e1c3f0f7e18550d,battle,Unclassified,battle,HOLD_FOR_SCOPE_DECISION,HOLD,,Raw inventory row; scope not explicitly approved.,data/maps/Route111/scripts.inc,594,Route111_Text_VictoriaPostBattle,GROUP7_SELECTED,,DEFER_NONFACILITY_BATTLE,Not explicit Battle Frontier/Battle Tent facility content; keep for later dedicated HOLD handling,data/maps/Route111/scripts.inc::Route111_Text_VictoriaPostBattle,G,COVERED_ALREADY,Existing translated/closed tracker evidence,tools/thai/translation/phaseF/batches/phaseF-selected-hold-groups1-4-final-reconcile.csv
dlg_e73a0d17e56eb52d,battle,Unclassified,battle,HOLD_FOR_SCOPE_DECISION,HOLD,,Raw inventory row; scope not explicitly approved.,data/maps/Route111/scripts.inc,606,Route111_Text_ViviPostBattle,GROUP7_SELECTED,,DEFER_NONFACILITY_BATTLE,Not explicit Battle Frontier/Battle Tent facility content; keep for later dedicated HOLD handling,data/maps/Route111/scripts.inc::Route111_Text_ViviPostBattle,G,COVERED_ALREADY,Existing translated/closed tracker evidence,tools/thai/translation/phaseF/batches/phaseF-selected-hold-groups1-4-final-reconcile.csv
dlg_6429006cfcb49cf7,battle,Unclassified,battle,HOLD_FOR_SCOPE_DECISION,HOLD,,Raw inventory row; scope not explicitly approved.,data/maps/Route111/scripts.inc,620,Route111_Text_VickyPostBattle,GROUP7_SELECTED,,DEFER_NONFACILITY_BATTLE,Not explicit Battle Frontier/Battle Tent facility content; keep for later dedicated HOLD handling,data/maps/Route111/scripts.inc::Route111_Text_VickyPostBattle,G,COVERED_ALREADY,Existing translated/closed tracker evidence,tools/thai/translation/phaseF/batches/phaseF-selected-hold-groups1-4-final-reconcile.csv
dlg_c9e9bec5a78125bb,battle,Unclassified,battle,HOLD_FOR_SCOPE_DECISION,HOLD,,Raw inventory row; scope not explicitly approved.,data/maps/Route120/scripts.inc,378,Route120_Text_StevenReadyForBattle,GROUP7_SELECTED,,DEFER_NONFACILITY_BATTLE,Not explicit Battle Frontier/Battle Tent facility content; keep for later dedicated HOLD handling,data/maps/Route120/scripts.inc::Route120_Text_StevenReadyForBattle,G,COVERED_ALREADY,Existing translated/closed tracker evidence,tools/thai/translation/phaseF/batches/phaseF-selected-hold-groups1-4-final-reconcile.csv
dlg_9c12e91679e10aa6,battle,Unclassified,battle,HOLD_FOR_SCOPE_DECISION,HOLD,,Raw inventory row; scope not explicitly approved.,data/maps/RustboroCity/scripts.inc,1139,RustboroCity_Text_MayPassedBrineyWantToBattle,GROUP7_SELECTED,,DEFER_NONFACILITY_BATTLE,Not explicit Battle Frontier/Battle Tent facility content; keep for later dedicated HOLD handling,data/maps/RustboroCity/scripts.inc::RustboroCity_Text_MayPassedBrineyWantToBattle,G,COVERED_ALREADY,Existing translated/closed tracker evidence,tools/thai/translation/phaseF/batches/phaseF-selected-hold-groups1-4-final-reconcile.csv
dlg_89884716303e6647,battle,Unclassified,battle,HOLD_FOR_SCOPE_DECISION,HOLD,,Raw inventory row; scope not explicitly approved.,data/maps/RustboroCity/scripts.inc,1155,RustboroCity_Text_MayWantToBattle,GROUP7_SELECTED,,DEFER_NONFACILITY_BATTLE,Not explicit Battle Frontier/Battle Tent facility content; keep for later dedicated HOLD handling,data/maps/RustboroCity/scripts.inc::RustboroCity_Text_MayWantToBattle,G,COVERED_ALREADY,Existing translated/closed tracker evidence,tools/thai/translation/phaseF/batches/phaseF-selected-hold-groups1-4-final-reconcile.csv
dlg_1f8632bde5fdc902,battle,Unclassified,battle,HOLD_FOR_SCOPE_DECISION,HOLD,,Raw inventory row; scope not explicitly approved.,data/maps/RustboroCity/scripts.inc,1186,RustboroCity_Text_BrendanPassedBrineyWantToBattle,GROUP7_SELECTED,,DEFER_NONFACILITY_BATTLE,Not explicit Battle Frontier/Battle Tent facility content; keep for later dedicated HOLD handling,data/maps/RustboroCity/scripts.inc::RustboroCity_Text_BrendanPassedBrineyWantToBattle,G,COVERED_ALREADY,Existing translated/closed tracker evidence,tools/thai/translation/phaseF/batches/phaseF-selected-hold-groups1-4-final-reconcile.csv
dlg_073d3dc1b2ceafad,battle,Unclassified,battle,HOLD_FOR_SCOPE_DECISION,HOLD,,Raw inventory row; scope not explicitly approved.,data/maps/RustboroCity/scripts.inc,1201,RustboroCity_Text_BrendanWantToBattle,GROUP7_SELECTED,,DEFER_NONFACILITY_BATTLE,Not explicit Battle Frontier/Battle Tent facility content; keep for later dedicated HOLD handling,data/maps/RustboroCity/scripts.inc::RustboroCity_Text_BrendanWantToBattle,G,COVERED_ALREADY,Existing translated/closed tracker evidence,tools/thai/translation/phaseF/batches/phaseF-selected-hold-groups1-4-final-reconcile.csv
dlg_0ffbcd8263842bf6,battle,Unclassified,battle,HOLD_FOR_SCOPE_DECISION,HOLD,,Raw inventory row; scope not explicitly approved.,data/maps/RustboroCity_Gym/scripts.inc,146,RustboroCity_Gym_Text_JoshPostBattle,GROUP7_SELECTED,,DEFER_NONFACILITY_BATTLE,Not explicit Battle Frontier/Battle Tent facility content; keep for later dedicated HOLD handling,data/maps/RustboroCity_Gym/scripts.inc::RustboroCity_Gym_Text_JoshPostBattle,G,COVERED_ALREADY,Existing translated/closed tracker evidence,tools/thai/translation/phaseF/batches/phaseF-selected-hold-groups1-4-final-reconcile.csv
dlg_baf685751a8bd9e4,battle,Unclassified,battle,HOLD_FOR_SCOPE_DECISION,HOLD,,Raw inventory row; scope not explicitly approved.,data/maps/RustboroCity_Gym/scripts.inc,157,RustboroCity_Gym_Text_TommyPostBattle,GROUP7_SELECTED,,DEFER_NONFACILITY_BATTLE,Not explicit Battle Frontier/Battle Tent facility content; keep for later dedicated HOLD handling,data/maps/RustboroCity_Gym/scripts.inc::RustboroCity_Gym_Text_TommyPostBattle,G,COVERED_ALREADY,Existing translated/closed tracker evidence,tools/thai/translation/phaseF/batches/phaseF-selected-hold-groups1-4-final-reconcile.csv
dlg_62e7be02a0e7a17f,battle,Unclassified,battle,HOLD_FOR_SCOPE_DECISION,HOLD,,Raw inventory row; scope not explicitly approved.,data/maps/RustboroCity_Gym/scripts.inc,172,RustboroCity_Gym_Text_MarcPostBattle,GROUP7_SELECTED,,DEFER_NONFACILITY_BATTLE,Not explicit Battle Frontier/Battle Tent facility content; keep for later dedicated HOLD handling,data/maps/RustboroCity_Gym/scripts.inc::RustboroCity_Gym_Text_MarcPostBattle,G,COVERED_ALREADY,Existing translated/closed tracker evidence,tools/thai/translation/phaseF/batches/phaseF-selected-hold-groups1-4-final-reconcile.csv
dlg_e692847f788b4465,battle,Unclassified,battle,HOLD_FOR_SCOPE_DECISION,HOLD,,Raw inventory row; scope not explicitly approved.,data/maps/RusturfTunnel/scripts.inc,521,RusturfTunnel_Text_MikePostBattle,GROUP7_SELECTED,,DEFER_NONFACILITY_BATTLE,Not explicit Battle Frontier/Battle Tent facility content; keep for later dedicated HOLD handling,data/maps/RusturfTunnel/scripts.inc::RusturfTunnel_Text_MikePostBattle,G,COVERED_ALREADY,Existing translated/closed tracker evidence,tools/thai/translation/phaseF/batches/phaseF-selected-hold-groups1-4-final-reconcile.csv
dlg_cfd14edb3e12681f,battle,Unclassified,battle,HOLD_FOR_SCOPE_DECISION,HOLD,,Raw inventory row; scope not explicitly approved.,data/maps/SSTidalCorridor/scripts.inc,251,SSTidalCorridor_Text_ScottBattleFrontierInvite,GROUP7_SELECTED,,DEFER_NONFACILITY_BATTLE,Not explicit Battle Frontier/Battle Tent facility content; keep for later dedicated HOLD handling,data/maps/SSTidalCorridor/scripts.inc::SSTidalCorridor_Text_ScottBattleFrontierInvite,G,NOT_APPLICABLE,Authoritative N/A evidence,tools/thai/translation/phaseF/batches/phaseF-selected-hold-groups1-4-final-reconcile.csv
dlg_493b6759326fe439,battle,Unclassified,battle,HOLD_FOR_SCOPE_DECISION,HOLD,,Raw inventory row; scope not explicitly approved.,data/maps/SSTidalLowerDeck/scripts.inc,21,SSTidalLowerDeck_Text_PhillipPostBattle,GROUP7_SELECTED,,DEFER_NONFACILITY_BATTLE,Not explicit Battle Frontier/Battle Tent facility content; keep for later dedicated HOLD handling,data/maps/SSTidalLowerDeck/scripts.inc::SSTidalLowerDeck_Text_PhillipPostBattle,G,COVERED_ALREADY,Existing translated/closed tracker evidence,tools/thai/translation/phaseF/batches/phaseF-selected-hold-groups1-4-final-reconcile.csv
dlg_48d32a45e88ee5bf,battle,Unclassified,battle,HOLD_FOR_SCOPE_DECISION,HOLD,,Raw inventory row; scope not explicitly approved.,data/maps/SSTidalLowerDeck/scripts.inc,34,SSTidalLowerDeck_Text_LeonardPostBattle,GROUP7_SELECTED,,DEFER_NONFACILITY_BATTLE,Not explicit Battle Frontier/Battle Tent facility content; keep for later dedicated HOLD handling,data/maps/SSTidalLowerDeck/scripts.inc::SSTidalLowerDeck_Text_LeonardPostBattle,G,COVERED_ALREADY,Existing translated/closed tracker evidence,tools/thai/translation/phaseF/batches/phaseF-selected-hold-groups1-4-final-reconcile.csv
dlg_bb93c5f30fbb52ac,battle,Unclassified,battle,HOLD_FOR_SCOPE_DECISION,HOLD,,Raw inventory row; scope not explicitly approved.,data/maps/SSTidalRooms/scripts.inc,76,SSTidalRooms_Text_ColtonPostBattle,GROUP7_SELECTED,,DEFER_NONFACILITY_BATTLE,Not explicit Battle Frontier/Battle Tent facility content; keep for later dedicated HOLD handling,data/maps/SSTidalRooms/scripts.inc::SSTidalRooms_Text_ColtonPostBattle,G,COVERED_ALREADY,Existing translated/closed tracker evidence,tools/thai/translation/phaseF/batches/phaseF-selected-hold-groups1-4-final-reconcile.csv
dlg_721cc6fdc8da3fcf,battle,Unclassified,battle,HOLD_FOR_SCOPE_DECISION,HOLD,,Raw inventory row; scope not explicitly approved.,data/maps/SSTidalRooms/scripts.inc,87,SSTidalRooms_Text_MicahPostBattle,GROUP7_SELECTED,,DEFER_NONFACILITY_BATTLE,Not explicit Battle Frontier/Battle Tent facility content; keep for later dedicated HOLD handling,data/maps/SSTidalRooms/scripts.inc::SSTidalRooms_Text_MicahPostBattle,G,COVERED_ALREADY,Existing translated/closed tracker evidence,tools/thai/translation/phaseF/batches/phaseF-selected-hold-groups1-4-final-reconcile.csv
dlg_027bdcc97da83fef,battle,Unclassified,battle,HOLD_FOR_SCOPE_DECISION,HOLD,,Raw inventory row; scope not explicitly approved.,data/maps/SSTidalRooms/scripts.inc,99,SSTidalRooms_Text_ThomasPostBattle,GROUP7_SELECTED,,DEFER_NONFACILITY_BATTLE,Not explicit Battle Frontier/Battle Tent facility content; keep for later dedicated HOLD handling,data/maps/SSTidalRooms/scripts.inc::SSTidalRooms_Text_ThomasPostBattle,G,COVERED_ALREADY,Existing translated/closed tracker evidence,tools/thai/translation/phaseF/batches/phaseF-selected-hold-groups1-4-final-reconcile.csv
dlg_2a48a8aba2b621ac,battle,Unclassified,battle,HOLD_FOR_SCOPE_DECISION,HOLD,,Raw inventory row; scope not explicitly approved.,data/maps/SSTidalRooms/scripts.inc,110,SSTidalRooms_Text_JedPostBattle,GROUP7_SELECTED,,DEFER_NONFACILITY_BATTLE,Not explicit Battle Frontier/Battle Tent facility content; keep for later dedicated HOLD handling,data/maps/SSTidalRooms/scripts.inc::SSTidalRooms_Text_JedPostBattle,G,COVERED_ALREADY,Existing translated/closed tracker evidence,tools/thai/translation/phaseF/batches/phaseF-selected-hold-groups1-4-final-reconcile.csv
dlg_ad0e75f9be080661,battle,Unclassified,battle,HOLD_FOR_SCOPE_DECISION,HOLD,,Raw inventory row; scope not explicitly approved.,data/maps/SSTidalRooms/scripts.inc,126,SSTidalRooms_Text_LeaPostBattle,GROUP7_SELECTED,,DEFER_NONFACILITY_BATTLE,Not explicit Battle Frontier/Battle Tent facility content; keep for later dedicated HOLD handling,data/maps/SSTidalRooms/scripts.inc::SSTidalRooms_Text_LeaPostBattle,G,COVERED_ALREADY,Existing translated/closed tracker evidence,tools/thai/translation/phaseF/batches/phaseF-selected-hold-groups1-4-final-reconcile.csv
dlg_65c653e2bd95643d,battle,Unclassified,battle,HOLD_FOR_SCOPE_DECISION,HOLD,,Raw inventory row; scope not explicitly approved.,data/maps/SSTidalRooms/scripts.inc,143,SSTidalRooms_Text_GarretPostBattle,GROUP7_SELECTED,,DEFER_NONFACILITY_BATTLE,Not explicit Battle Frontier/Battle Tent facility content; keep for later dedicated HOLD handling,data/maps/SSTidalRooms/scripts.inc::SSTidalRooms_Text_GarretPostBattle,G,COVERED_ALREADY,Existing translated/closed tracker evidence,tools/thai/translation/phaseF/batches/phaseF-selected-hold-groups1-4-final-reconcile.csv
dlg_fceb5101f48d660f,battle,Unclassified,battle,HOLD_FOR_SCOPE_DECISION,HOLD,,Raw inventory row; scope not explicitly approved.,data/maps/SSTidalRooms/scripts.inc,157,SSTidalRooms_Text_NaomiPostBattle,GROUP7_SELECTED,,DEFER_NONFACILITY_BATTLE,Not explicit Battle Frontier/Battle Tent facility content; keep for later dedicated HOLD handling,data/maps/SSTidalRooms/scripts.inc::SSTidalRooms_Text_NaomiPostBattle,G,COVERED_ALREADY,Existing translated/closed tracker evidence,tools/thai/translation/phaseF/batches/phaseF-selected-hold-groups1-4-final-reconcile.csv
dlg_93972cb00868f6d2,battle,Unclassified,battle,HOLD_FOR_SCOPE_DECISION,HOLD,,Raw inventory row; scope not explicitly approved.,data/maps/SlateportCity/scripts.inc,980,SlateportCity_Text_GoingToCompeteInBattleTent,GROUP7_SELECTED,,DEFER_NONFACILITY_BATTLE,Not explicit Battle Frontier/Battle Tent facility content; keep for later dedicated HOLD handling,data/maps/SlateportCity/scripts.inc::SlateportCity_Text_GoingToCompeteInBattleTent,G,NOT_APPLICABLE,Authoritative N/A evidence,tools/thai/translation/phaseF/batches/phaseF-selected-hold-groups1-4-final-reconcile.csv
dlg_8c5111caeb053c0c,battle,Unclassified,battle,HOLD_FOR_SCOPE_DECISION,HOLD,,Raw inventory row; scope not explicitly approved.,data/maps/SlateportCity/scripts.inc,1098,SlateportCity_Text_BattleTentBuiltRecently,GROUP7_SELECTED,,DEFER_NONFACILITY_BATTLE,Not explicit Battle Frontier/Battle Tent facility content; keep for later dedicated HOLD handling,data/maps/SlateportCity/scripts.inc::SlateportCity_Text_BattleTentBuiltRecently,G,NOT_APPLICABLE,Authoritative N/A evidence,tools/thai/translation/phaseF/batches/phaseF-selected-hold-groups1-4-final-reconcile.csv
dlg_5e342451b459592d,battle,Unclassified,battle,HOLD_FOR_SCOPE_DECISION,HOLD,,Raw inventory row; scope not explicitly approved.,data/maps/SlateportCity/scripts.inc,1342,SlateportCity_Text_TakingBattleTentChallenge,GROUP7_SELECTED,,DEFER_NONFACILITY_BATTLE,Not explicit Battle Frontier/Battle Tent facility content; keep for later dedicated HOLD handling,data/maps/SlateportCity/scripts.inc::SlateportCity_Text_TakingBattleTentChallenge,G,NOT_APPLICABLE,Authoritative N/A evidence,tools/thai/translation/phaseF/batches/phaseF-selected-hold-groups1-4-final-reconcile.csv
dlg_4f196bde4bcd2d8a,battle,Unclassified,battle,HOLD_FOR_SCOPE_DECISION,HOLD,,Raw inventory row; scope not explicitly approved.,data/maps/SlateportCity_Harbor/scripts.inc,409,SlateportCity_Harbor_Text_BattleFrontierItIs,GROUP7_SELECTED,,DEFER_NONFACILITY_BATTLE,Not explicit Battle Frontier/Battle Tent facility content; keep for later dedicated HOLD handling,data/maps/SlateportCity_Harbor/scripts.inc::SlateportCity_Harbor_Text_BattleFrontierItIs,G,NOT_APPLICABLE,Authoritative N/A evidence,tools/thai/translation/phaseF/batches/phaseF-selected-hold-groups1-4-final-reconcile.csv
dlg_5cff210d719090df,battle,Unclassified,battle,HOLD_FOR_SCOPE_DECISION,HOLD,,Raw inventory row; scope not explicitly approved.,data/maps/SlateportCity_House/scripts.inc,18,SlateportCity_House_Text_MustBeGoingToBattleTent,GROUP7_SELECTED,,DEFER_NONFACILITY_BATTLE,Not explicit Battle Frontier/Battle Tent facility content; keep for later dedicated HOLD handling,data/maps/SlateportCity_House/scripts.inc::SlateportCity_House_Text_MustBeGoingToBattleTent,G,NOT_APPLICABLE,Authoritative N/A evidence,tools/thai/translation/phaseF/batches/phaseF-selected-hold-groups1-4-final-reconcile.csv
dlg_3dfd8a9b33c2fb3b,battle,Unclassified,battle,HOLD_FOR_SCOPE_DECISION,HOLD,,Raw inventory row; scope not explicitly approved.,data/maps/SootopolisCity_Gym_B1F/scripts.inc,60,SootopolisCity_Gym_B1F_Text_AndreaPostBattle,GROUP7_SELECTED,,DEFER_NONFACILITY_BATTLE,Not explicit Battle Frontier/Battle Tent facility content; keep for later dedicated HOLD handling,data/maps/SootopolisCity_Gym_B1F/scripts.inc::SootopolisCity_Gym_B1F_Text_AndreaPostBattle,G,COVERED_ALREADY,Existing translated/closed tracker evidence,tools/thai/translation/phaseF/batches/phaseF-selected-hold-groups1-4-final-reconcile.csv
dlg_1287c65870089f31,battle,Unclassified,battle,HOLD_FOR_SCOPE_DECISION,HOLD,,Raw inventory row; scope not explicitly approved.,data/maps/SootopolisCity_Gym_B1F/scripts.inc,73,SootopolisCity_Gym_B1F_Text_CrissyPostBattle,GROUP7_SELECTED,,DEFER_NONFACILITY_BATTLE,Not explicit Battle Frontier/Battle Tent facility content; keep for later dedicated HOLD handling,data/maps/SootopolisCity_Gym_B1F/scripts.inc::SootopolisCity_Gym_B1F_Text_CrissyPostBattle,G,COVERED_ALREADY,Existing translated/closed tracker evidence,tools/thai/translation/phaseF/batches/phaseF-selected-hold-groups1-4-final-reconcile.csv
dlg_cddd5289fa5b4644,battle,Unclassified,battle,HOLD_FOR_SCOPE_DECISION,HOLD,,Raw inventory row; scope not explicitly approved.,data/maps/SootopolisCity_Gym_B1F/scripts.inc,87,SootopolisCity_Gym_B1F_Text_DaphnePostBattle,GROUP7_SELECTED,,DEFER_NONFACILITY_BATTLE,Not explicit Battle Frontier/Battle Tent facility content; keep for later dedicated HOLD handling,data/maps/SootopolisCity_Gym_B1F/scripts.inc::SootopolisCity_Gym_B1F_Text_DaphnePostBattle,G,COVERED_ALREADY,Existing translated/closed tracker evidence,tools/thai/translation/phaseF/batches/phaseF-selected-hold-groups1-4-final-reconcile.csv
dlg_b49e81e83ce02b1a,battle,Unclassified,battle,HOLD_FOR_SCOPE_DECISION,HOLD,,Raw inventory row; scope not explicitly approved.,data/maps/SootopolisCity_Gym_B1F/scripts.inc,101,SootopolisCity_Gym_B1F_Text_ConniePostBattle,GROUP7_SELECTED,,DEFER_NONFACILITY_BATTLE,Not explicit Battle Frontier/Battle Tent facility content; keep for later dedicated HOLD handling,data/maps/SootopolisCity_Gym_B1F/scripts.inc::SootopolisCity_Gym_B1F_Text_ConniePostBattle,G,COVERED_ALREADY,Existing translated/closed tracker evidence,tools/thai/translation/phaseF/batches/phaseF-selected-hold-groups1-4-final-reconcile.csv
dlg_294cd07e35c5be67,battle,Unclassified,battle,HOLD_FOR_SCOPE_DECISION,HOLD,,Raw inventory row; scope not explicitly approved.,data/maps/SootopolisCity_Gym_B1F/scripts.inc,114,SootopolisCity_Gym_B1F_Text_BridgetPostBattle,GROUP7_SELECTED,,DEFER_NONFACILITY_BATTLE,Not explicit Battle Frontier/Battle Tent facility content; keep for later dedicated HOLD handling,data/maps/SootopolisCity_Gym_B1F/scripts.inc::SootopolisCity_Gym_B1F_Text_BridgetPostBattle,G,COVERED_ALREADY,Existing translated/closed tracker evidence,tools/thai/translation/phaseF/batches/phaseF-selected-hold-groups1-4-final-reconcile.csv
dlg_82aaa419e4c7073e,battle,Unclassified,battle,HOLD_FOR_SCOPE_DECISION,HOLD,,Raw inventory row; scope not explicitly approved.,data/maps/SootopolisCity_Gym_B1F/scripts.inc,128,SootopolisCity_Gym_B1F_Text_OliviaPostBattle,GROUP7_SELECTED,,DEFER_NONFACILITY_BATTLE,Not explicit Battle Frontier/Battle Tent facility content; keep for later dedicated HOLD handling,data/maps/SootopolisCity_Gym_B1F/scripts.inc::SootopolisCity_Gym_B1F_Text_OliviaPostBattle,G,COVERED_ALREADY,Existing translated/closed tracker evidence,tools/thai/translation/phaseF/batches/phaseF-selected-hold-groups1-4-final-reconcile.csv
dlg_4bda4092b8e06fa2,battle,Unclassified,battle,HOLD_FOR_SCOPE_DECISION,HOLD,,Raw inventory row; scope not explicitly approved.,data/maps/SootopolisCity_Gym_B1F/scripts.inc,141,SootopolisCity_Gym_B1F_Text_TiffanyPostBattle,GROUP7_SELECTED,,DEFER_NONFACILITY_BATTLE,Not explicit Battle Frontier/Battle Tent facility content; keep for later dedicated HOLD handling,data/maps/SootopolisCity_Gym_B1F/scripts.inc::SootopolisCity_Gym_B1F_Text_TiffanyPostBattle,G,COVERED_ALREADY,Existing translated/closed tracker evidence,tools/thai/translation/phaseF/batches/phaseF-selected-hold-groups1-4-final-reconcile.csv
dlg_adcd34017cc5ed91,battle,Unclassified,battle,HOLD_FOR_SCOPE_DECISION,HOLD,,Raw inventory row; scope not explicitly approved.,data/maps/SootopolisCity_Gym_B1F/scripts.inc,153,SootopolisCity_Gym_B1F_Text_BethanyPostBattle,GROUP7_SELECTED,,DEFER_NONFACILITY_BATTLE,Not explicit Battle Frontier/Battle Tent facility content; keep for later dedicated HOLD handling,data/maps/SootopolisCity_Gym_B1F/scripts.inc::SootopolisCity_Gym_B1F_Text_BethanyPostBattle,G,COVERED_ALREADY,Existing translated/closed tracker evidence,tools/thai/translation/phaseF/batches/phaseF-selected-hold-groups1-4-final-reconcile.csv
dlg_4c893dad8d5b27d8,battle,Unclassified,battle,HOLD_FOR_SCOPE_DECISION,HOLD,,Raw inventory row; scope not explicitly approved.,data/maps/SootopolisCity_Gym_B1F/scripts.inc,165,SootopolisCity_Gym_B1F_Text_AnnikaPostBattle,GROUP7_SELECTED,,DEFER_NONFACILITY_BATTLE,Not explicit Battle Frontier/Battle Tent facility content; keep for later dedicated HOLD handling,data/maps/SootopolisCity_Gym_B1F/scripts.inc::SootopolisCity_Gym_B1F_Text_AnnikaPostBattle,G,COVERED_ALREADY,Existing translated/closed tracker evidence,tools/thai/translation/phaseF/batches/phaseF-selected-hold-groups1-4-final-reconcile.csv
dlg_50db3d77d0d3f415,battle,Unclassified,battle,HOLD_FOR_SCOPE_DECISION,HOLD,,Raw inventory row; scope not explicitly approved.,data/maps/SootopolisCity_Gym_B1F/scripts.inc,179,SootopolisCity_Gym_B1F_Text_BriannaPostBattle,GROUP7_SELECTED,,DEFER_NONFACILITY_BATTLE,Not explicit Battle Frontier/Battle Tent facility content; keep for later dedicated HOLD handling,data/maps/SootopolisCity_Gym_B1F/scripts.inc::SootopolisCity_Gym_B1F_Text_BriannaPostBattle,G,COVERED_ALREADY,Existing translated/closed tracker evidence,tools/thai/translation/phaseF/batches/phaseF-selected-hold-groups1-4-final-reconcile.csv
dlg_f5baae1b171820a2,battle,Unclassified,battle,HOLD_FOR_SCOPE_DECISION,HOLD,,Raw inventory row; scope not explicitly approved.,data/maps/SootopolisCity_MysteryEventsHouse_1F/scripts.inc,164,SootopolisCity_MysteryEventsHouse_1F_Text_OnlyAmusementWatchingBattles,GROUP7_SELECTED,,DEFER_NONFACILITY_BATTLE,Not explicit Battle Frontier/Battle Tent facility content; keep for later dedicated HOLD handling,data/maps/SootopolisCity_MysteryEventsHouse_1F/scripts.inc::SootopolisCity_MysteryEventsHouse_1F_Text_OnlyAmusementWatchingBattles,G,NEEDS_TRANSLATION,Current source still matches English baseline; no closed coverage evidence,data/maps/SootopolisCity_MysteryEventsHouse_1F/scripts.inc
dlg_96a1ce78d02f7c40,battle,Unclassified,battle,HOLD_FOR_SCOPE_DECISION,HOLD,,Raw inventory row; scope not explicitly approved.,data/maps/SootopolisCity_MysteryEventsHouse_1F/scripts.inc,180,SootopolisCity_MysteryEventsHouse_1F_Text_YouWontBattle,GROUP7_SELECTED,,DEFER_NONFACILITY_BATTLE,Not explicit Battle Frontier/Battle Tent facility content; keep for later dedicated HOLD handling,data/maps/SootopolisCity_MysteryEventsHouse_1F/scripts.inc::SootopolisCity_MysteryEventsHouse_1F_Text_YouWontBattle,G,NEEDS_TRANSLATION,Current source still matches English baseline; no closed coverage evidence,data/maps/SootopolisCity_MysteryEventsHouse_1F/scripts.inc
dlg_8ffc2f01fa3de298,battle,Unclassified,battle,HOLD_FOR_SCOPE_DECISION,HOLD,,Raw inventory row; scope not explicitly approved.,data/maps/VerdanturfTown/scripts.inc,86,VerdanturfTown_Text_MakeBattleTentDebut,GROUP7_SELECTED,,DEFER_NONFACILITY_BATTLE,Not explicit Battle Frontier/Battle Tent facility content; keep for later dedicated HOLD handling,data/maps/VerdanturfTown/scripts.inc::VerdanturfTown_Text_MakeBattleTentDebut,G,NOT_APPLICABLE,Authoritative N/A evidence,tools/thai/translation/phaseF/batches/phaseF-selected-hold-groups1-4-final-reconcile.csv
dlg_5fe1aecd8f057d18,battle,Unclassified,battle,HOLD_FOR_SCOPE_DECISION,HOLD,,Raw inventory row; scope not explicitly approved.,data/maps/VerdanturfTown_Mart/scripts.inc,46,VerdanturfTown_Mart_Text_NoStrategyGuidesForBattleTent,GROUP7_SELECTED,,DEFER_NONFACILITY_BATTLE,Not explicit Battle Frontier/Battle Tent facility content; keep for later dedicated HOLD handling,data/maps/VerdanturfTown_Mart/scripts.inc::VerdanturfTown_Mart_Text_NoStrategyGuidesForBattleTent,G,NOT_APPLICABLE,Authoritative N/A evidence,tools/thai/translation/phaseF/batches/phaseF-selected-hold-groups1-4-final-reconcile.csv
dlg_0daf4096f1c2db59,battle,Unclassified,battle,HOLD_FOR_SCOPE_DECISION,HOLD,,Raw inventory row; scope not explicitly approved.,data/maps/VerdanturfTown_PokemonCenter_1F/scripts.inc,34,VerdanturfTown_PokemonCenter_1F_Text_VisitForBattleTent,GROUP7_SELECTED,,DEFER_NONFACILITY_BATTLE,Not explicit Battle Frontier/Battle Tent facility content; keep for later dedicated HOLD handling,data/maps/VerdanturfTown_PokemonCenter_1F/scripts.inc::VerdanturfTown_PokemonCenter_1F_Text_VisitForBattleTent,G,NOT_APPLICABLE,Authoritative N/A evidence,tools/thai/translation/phaseF/batches/phaseF-selected-hold-groups1-4-final-reconcile.csv
dlg_a2eb9f186fcc3a94,battle,Unclassified,battle,HOLD_FOR_SCOPE_DECISION,HOLD,,Raw inventory row; scope not explicitly approved.,data/maps/VictoryRoad_1F/scripts.inc,151,VictoryRoad_1F_Text_WallyPostBattle,GROUP7_SELECTED,,DEFER_NONFACILITY_BATTLE,Not explicit Battle Frontier/Battle Tent facility content; keep for later dedicated HOLD handling,data/maps/VictoryRoad_1F/scripts.inc::VictoryRoad_1F_Text_WallyPostBattle,G,COVERED_ALREADY,Existing translated/closed tracker evidence,tools/thai/translation/phaseF/batches/phaseF-selected-hold-groups1-4-final-reconcile.csv
dlg_823a8783935b8ae8,battle,Unclassified,battle,HOLD_FOR_SCOPE_DECISION,HOLD,,Raw inventory row; scope not explicitly approved.,data/maps/VictoryRoad_1F/scripts.inc,164,VictoryRoad_1F_Text_EdgarPostBattle,GROUP7_SELECTED,,DEFER_NONFACILITY_BATTLE,Not explicit Battle Frontier/Battle Tent facility content; keep for later dedicated HOLD handling,data/maps/VictoryRoad_1F/scripts.inc::VictoryRoad_1F_Text_EdgarPostBattle,G,COVERED_ALREADY,Existing translated/closed tracker evidence,tools/thai/translation/phaseF/batches/phaseF-selected-hold-groups1-4-final-reconcile.csv
dlg_32d33c87a7d3eb77,battle,Unclassified,battle,HOLD_FOR_SCOPE_DECISION,HOLD,,Raw inventory row; scope not explicitly approved.,data/maps/VictoryRoad_1F/scripts.inc,177,VictoryRoad_1F_Text_AlbertPostBattle,GROUP7_SELECTED,,DEFER_NONFACILITY_BATTLE,Not explicit Battle Frontier/Battle Tent facility content; keep for later dedicated HOLD handling,data/maps/VictoryRoad_1F/scripts.inc::VictoryRoad_1F_Text_AlbertPostBattle,G,COVERED_ALREADY,Existing translated/closed tracker evidence,tools/thai/translation/phaseF/batches/phaseF-selected-hold-groups1-4-final-reconcile.csv
dlg_4cddfff26fb588de,battle,Unclassified,battle,HOLD_FOR_SCOPE_DECISION,HOLD,,Raw inventory row; scope not explicitly approved.,data/maps/VictoryRoad_1F/scripts.inc,189,VictoryRoad_1F_Text_HopePostBattle,GROUP7_SELECTED,,DEFER_NONFACILITY_BATTLE,Not explicit Battle Frontier/Battle Tent facility content; keep for later dedicated HOLD handling,data/maps/VictoryRoad_1F/scripts.inc::VictoryRoad_1F_Text_HopePostBattle,G,COVERED_ALREADY,Existing translated/closed tracker evidence,tools/thai/translation/phaseF/batches/phaseF-selected-hold-groups1-4-final-reconcile.csv
dlg_63ca5ff5db5f93cc,battle,Unclassified,battle,HOLD_FOR_SCOPE_DECISION,HOLD,,Raw inventory row; scope not explicitly approved.,data/maps/VictoryRoad_1F/scripts.inc,201,VictoryRoad_1F_Text_QuincyPostBattle,GROUP7_SELECTED,,DEFER_NONFACILITY_BATTLE,Not explicit Battle Frontier/Battle Tent facility content; keep for later dedicated HOLD handling,data/maps/VictoryRoad_1F/scripts.inc::VictoryRoad_1F_Text_QuincyPostBattle,G,COVERED_ALREADY,Existing translated/closed tracker evidence,tools/thai/translation/phaseF/batches/phaseF-selected-hold-groups1-4-final-reconcile.csv
dlg_1be21cde8ff4af30,battle,Unclassified,battle,HOLD_FOR_SCOPE_DECISION,HOLD,,Raw inventory row; scope not explicitly approved.,data/maps/VictoryRoad_1F/scripts.inc,215,VictoryRoad_1F_Text_KatelynnPostBattle,GROUP7_SELECTED,,DEFER_NONFACILITY_BATTLE,Not explicit Battle Frontier/Battle Tent facility content; keep for later dedicated HOLD handling,data/maps/VictoryRoad_1F/scripts.inc::VictoryRoad_1F_Text_KatelynnPostBattle,G,COVERED_ALREADY,Existing translated/closed tracker evidence,tools/thai/translation/phaseF/batches/phaseF-selected-hold-groups1-4-final-reconcile.csv
dlg_5fc8012473573a22,battle,Unclassified,battle,HOLD_FOR_SCOPE_DECISION,HOLD,,Raw inventory row; scope not explicitly approved.,data/maps/VictoryRoad_B1F/scripts.inc,36,VictoryRoad_B1F_Text_SamuelPostBattle,GROUP7_SELECTED,,DEFER_NONFACILITY_BATTLE,Not explicit Battle Frontier/Battle Tent facility content; keep for later dedicated HOLD handling,data/maps/VictoryRoad_B1F/scripts.inc::VictoryRoad_B1F_Text_SamuelPostBattle,G,COVERED_ALREADY,Existing translated/closed tracker evidence,tools/thai/translation/phaseF/batches/phaseF-selected-hold-groups1-4-final-reconcile.csv
dlg_0c3220b3b648deec,battle,Unclassified,battle,HOLD_FOR_SCOPE_DECISION,HOLD,,Raw inventory row; scope not explicitly approved.,data/maps/VictoryRoad_B1F/scripts.inc,49,VictoryRoad_B1F_Text_ShannonPostBattle,GROUP7_SELECTED,,DEFER_NONFACILITY_BATTLE,Not explicit Battle Frontier/Battle Tent facility content; keep for later dedicated HOLD handling,data/maps/VictoryRoad_B1F/scripts.inc::VictoryRoad_B1F_Text_ShannonPostBattle,G,COVERED_ALREADY,Existing translated/closed tracker evidence,tools/thai/translation/phaseF/batches/phaseF-selected-hold-groups1-4-final-reconcile.csv
dlg_62a7a31ff8237da2,battle,Unclassified,battle,HOLD_FOR_SCOPE_DECISION,HOLD,,Raw inventory row; scope not explicitly approved.,data/maps/VictoryRoad_B1F/scripts.inc,60,VictoryRoad_B1F_Text_MichellePostBattle,GROUP7_SELECTED,,DEFER_NONFACILITY_BATTLE,Not explicit Battle Frontier/Battle Tent facility content; keep for later dedicated HOLD handling,data/maps/VictoryRoad_B1F/scripts.inc::VictoryRoad_B1F_Text_MichellePostBattle,G,COVERED_ALREADY,Existing translated/closed tracker evidence,tools/thai/translation/phaseF/batches/phaseF-selected-hold-groups1-4-final-reconcile.csv
dlg_9cc2a99fee4f8c08,battle,Unclassified,battle,HOLD_FOR_SCOPE_DECISION,HOLD,,Raw inventory row; scope not explicitly approved.,data/maps/VictoryRoad_B1F/scripts.inc,71,VictoryRoad_B1F_Text_MitchellPostBattle,GROUP7_SELECTED,,DEFER_NONFACILITY_BATTLE,Not explicit Battle Frontier/Battle Tent facility content; keep for later dedicated HOLD handling,data/maps/VictoryRoad_B1F/scripts.inc::VictoryRoad_B1F_Text_MitchellPostBattle,G,COVERED_ALREADY,Existing translated/closed tracker evidence,tools/thai/translation/phaseF/batches/phaseF-selected-hold-groups1-4-final-reconcile.csv
dlg_c1f925f07e07882c,battle,Unclassified,battle,HOLD_FOR_SCOPE_DECISION,HOLD,,Raw inventory row; scope not explicitly approved.,data/maps/VictoryRoad_B1F/scripts.inc,84,VictoryRoad_B1F_Text_HallePostBattle,GROUP7_SELECTED,,DEFER_NONFACILITY_BATTLE,Not explicit Battle Frontier/Battle Tent facility content; keep for later dedicated HOLD handling,data/maps/VictoryRoad_B1F/scripts.inc::VictoryRoad_B1F_Text_HallePostBattle,G,COVERED_ALREADY,Existing translated/closed tracker evidence,tools/thai/translation/phaseF/batches/phaseF-selected-hold-groups1-4-final-reconcile.csv
dlg_65acccca853a46f0,battle,Unclassified,battle,HOLD_FOR_SCOPE_DECISION,HOLD,,Raw inventory row; scope not explicitly approved.,data/maps/VictoryRoad_B2F/scripts.inc,42,VictoryRoad_B2F_Text_VitoPostBattle,GROUP7_SELECTED,,DEFER_NONFACILITY_BATTLE,Not explicit Battle Frontier/Battle Tent facility content; keep for later dedicated HOLD handling,data/maps/VictoryRoad_B2F/scripts.inc::VictoryRoad_B2F_Text_VitoPostBattle,G,COVERED_ALREADY,Existing translated/closed tracker evidence,tools/thai/translation/phaseF/batches/phaseF-selected-hold-groups1-4-final-reconcile.csv
dlg_4dd217ab30f17a8a,battle,Unclassified,battle,HOLD_FOR_SCOPE_DECISION,HOLD,,Raw inventory row; scope not explicitly approved.,data/maps/VictoryRoad_B2F/scripts.inc,55,VictoryRoad_B2F_Text_OwenPostBattle,GROUP7_SELECTED,,DEFER_NONFACILITY_BATTLE,Not explicit Battle Frontier/Battle Tent facility content; keep for later dedicated HOLD handling,data/maps/VictoryRoad_B2F/scripts.inc::VictoryRoad_B2F_Text_OwenPostBattle,G,COVERED_ALREADY,Existing translated/closed tracker evidence,tools/thai/translation/phaseF/batches/phaseF-selected-hold-groups1-4-final-reconcile.csv
dlg_02b8617547f28677,battle,Unclassified,battle,HOLD_FOR_SCOPE_DECISION,HOLD,,Raw inventory row; scope not explicitly approved.,data/maps/VictoryRoad_B2F/scripts.inc,65,VictoryRoad_B2F_Text_CarolinePostBattle,GROUP7_SELECTED,,DEFER_NONFACILITY_BATTLE,Not explicit Battle Frontier/Battle Tent facility content; keep for later dedicated HOLD handling,data/maps/VictoryRoad_B2F/scripts.inc::VictoryRoad_B2F_Text_CarolinePostBattle,G,COVERED_ALREADY,Existing translated/closed tracker evidence,tools/thai/translation/phaseF/batches/phaseF-selected-hold-groups1-4-final-reconcile.csv
dlg_dea8f8b77c2c9858,battle,Unclassified,battle,HOLD_FOR_SCOPE_DECISION,HOLD,,Raw inventory row; scope not explicitly approved.,data/maps/VictoryRoad_B2F/scripts.inc,79,VictoryRoad_B2F_Text_JuliePostBattle,GROUP7_SELECTED,,DEFER_NONFACILITY_BATTLE,Not explicit Battle Frontier/Battle Tent facility content; keep for later dedicated HOLD handling,data/maps/VictoryRoad_B2F/scripts.inc::VictoryRoad_B2F_Text_JuliePostBattle,G,COVERED_ALREADY,Existing translated/closed tracker evidence,tools/thai/translation/phaseF/batches/phaseF-selected-hold-groups1-4-final-reconcile.csv
dlg_11a71b49d863fa06,battle,Unclassified,battle,HOLD_FOR_SCOPE_DECISION,HOLD,,Raw inventory row; scope not explicitly approved.,data/maps/VictoryRoad_B2F/scripts.inc,91,VictoryRoad_B2F_Text_FelixPostBattle,GROUP7_SELECTED,,DEFER_NONFACILITY_BATTLE,Not explicit Battle Frontier/Battle Tent facility content; keep for later dedicated HOLD handling,data/maps/VictoryRoad_B2F/scripts.inc::VictoryRoad_B2F_Text_FelixPostBattle,G,COVERED_ALREADY,Existing translated/closed tracker evidence,tools/thai/translation/phaseF/batches/phaseF-selected-hold-groups1-4-final-reconcile.csv
dlg_ec8f4a9096d499a2,battle,Unclassified,battle,HOLD_FOR_SCOPE_DECISION,HOLD,,Raw inventory row; scope not explicitly approved.,data/maps/VictoryRoad_B2F/scripts.inc,104,VictoryRoad_B2F_Text_DiannePostBattle,GROUP7_SELECTED,,DEFER_NONFACILITY_BATTLE,Not explicit Battle Frontier/Battle Tent facility content; keep for later dedicated HOLD handling,data/maps/VictoryRoad_B2F/scripts.inc::VictoryRoad_B2F_Text_DiannePostBattle,G,COVERED_ALREADY,Existing translated/closed tracker evidence,tools/thai/translation/phaseF/batches/phaseF-selected-hold-groups1-4-final-reconcile.csv
dlg_a5bd4752f9f58d25,battle,Unclassified,battle,HOLD_FOR_SCOPE_DECISION,HOLD,,Raw inventory row; scope not explicitly approved.,data/scripts/gift_battle_card.inc,25,sText_MysteryGiftBattleCountCard,GROUP7_SELECTED,,DEFER_NONFACILITY_BATTLE,Not explicit Battle Frontier/Battle Tent facility content; keep for later dedicated HOLD handling,data/scripts/gift_battle_card.inc::sText_MysteryGiftBattleCountCard,J,NEEDS_TRANSLATION,Current source still matches English baseline; no closed coverage evidence,data/scripts/gift_battle_card.inc
dlg_eb2a461b877e996d,battle,Unclassified,battle,HOLD_FOR_SCOPE_DECISION,HOLD,,Raw inventory row; scope not explicitly approved.,data/scripts/gift_battle_card.inc,37,sText_MysteryGiftBattleCountCard_WonPrize,GROUP7_SELECTED,,DEFER_NONFACILITY_BATTLE,Not explicit Battle Frontier/Battle Tent facility content; keep for later dedicated HOLD handling,data/scripts/gift_battle_card.inc::sText_MysteryGiftBattleCountCard_WonPrize,J,NEEDS_TRANSLATION,Current source still matches English baseline; no closed coverage evidence,data/scripts/gift_battle_card.inc
dlg_979178a6ee37f179,battle,Unclassified,battle,HOLD_FOR_SCOPE_DECISION,HOLD,,Raw inventory row; scope not explicitly approved.,data/scripts/mauville_man.inc,565,MauvilleCity_PokemonCenter_1F_Text_BattleTowerChallengesTitle,GROUP7_SELECTED,,DEFER_NONFACILITY_BATTLE,Not explicit Battle Frontier/Battle Tent facility content; keep for later dedicated HOLD handling,data/scripts/mauville_man.inc::MauvilleCity_PokemonCenter_1F_Text_BattleTowerChallengesTitle,J,NEEDS_TRANSLATION,Current source still matches English baseline; no closed coverage evidence,data/scripts/mauville_man.inc
dlg_b75cd995171e6dce,battle,Unclassified,battle,HOLD_FOR_SCOPE_DECISION,HOLD,,Raw inventory row; scope not explicitly approved.,data/scripts/mauville_man.inc,568,MauvilleCity_PokemonCenter_1F_Text_BattleTowerChallengesAction,GROUP7_SELECTED,,DEFER_NONFACILITY_BATTLE,Not explicit Battle Frontier/Battle Tent facility content; keep for later dedicated HOLD handling,data/scripts/mauville_man.inc::MauvilleCity_PokemonCenter_1F_Text_BattleTowerChallengesAction,J,NEEDS_TRANSLATION,Current source still matches English baseline; no closed coverage evidence,data/scripts/mauville_man.inc
dlg_df31ac8646673ccc,battle,Unclassified,battle,HOLD_FOR_SCOPE_DECISION,HOLD,,Raw inventory row; scope not explicitly approved.,data/scripts/mauville_man.inc,571,MauvilleCity_PokemonCenter_1F_Text_BattleTowerChallengesStory,GROUP7_SELECTED,,DEFER_NONFACILITY_BATTLE,Not explicit Battle Frontier/Battle Tent facility content; keep for later dedicated HOLD handling,data/scripts/mauville_man.inc::MauvilleCity_PokemonCenter_1F_Text_BattleTowerChallengesStory,J,NEEDS_TRANSLATION,Current source still matches English baseline; no closed coverage evidence,data/scripts/mauville_man.inc
dlg_d8d5c3a5ec0575e4,battle,Unclassified,battle,HOLD_FOR_SCOPE_DECISION,HOLD,,Raw inventory row; scope not explicitly approved.,data/scripts/secret_base.inc,711,SecretBase_Text_BattleTowerShield,GROUP7_SELECTED,,DEFER_NONFACILITY_BATTLE,Not explicit Battle Frontier/Battle Tent facility content; keep for later dedicated HOLD handling,data/scripts/secret_base.inc::SecretBase_Text_BattleTowerShield,J,NEEDS_TRANSLATION,Current source still matches English baseline; no closed coverage evidence,data/scripts/secret_base.inc
dlg_87689c7686977f41,battle,Unclassified,battle,HOLD_FOR_SCOPE_DECISION,HOLD,,Raw inventory row; scope not explicitly approved.,data/text/cable_club.inc,14,CableClub_Text_BattleUsingLinkCable,GROUP7_SELECTED,,DEFER_NONFACILITY_BATTLE,Not explicit Battle Frontier/Battle Tent facility content; keep for later dedicated HOLD handling,data/text/cable_club.inc::CableClub_Text_BattleUsingLinkCable,F,NEEDS_TRANSLATION,Current source still matches English baseline; no closed coverage evidence,data/text/cable_club.inc
dlg_7cbae448ed100f75,battle,Unclassified,battle,HOLD_FOR_SCOPE_DECISION,HOLD,,Raw inventory row; scope not explicitly approved.,data/text/cable_club.inc,26,CableClub_Text_NeedTwoMonsForDoubleBattle,GROUP7_SELECTED,,DEFER_NONFACILITY_BATTLE,Not explicit Battle Frontier/Battle Tent facility content; keep for later dedicated HOLD handling,data/text/cable_club.inc::CableClub_Text_NeedTwoMonsForDoubleBattle,F,NEEDS_TRANSLATION,Current source still matches English baseline; no closed coverage evidence,data/text/cable_club.inc
dlg_7e2865402d56fc16,battle,Unclassified,battle,HOLD_FOR_SCOPE_DECISION,HOLD,,Raw inventory row; scope not explicitly approved.,data/text/cable_club.inc,87,CableClub_Text_CantSingleBattleWithXPlayers,GROUP7_SELECTED,,DEFER_NONFACILITY_BATTLE,Not explicit Battle Frontier/Battle Tent facility content; keep for later dedicated HOLD handling,data/text/cable_club.inc::CableClub_Text_CantSingleBattleWithXPlayers,F,NEEDS_TRANSLATION,Current source still matches English baseline; no closed coverage evidence,data/text/cable_club.inc
dlg_3b0140c6d8cc4ca5,battle,Unclassified,battle,HOLD_FOR_SCOPE_DECISION,HOLD,,Raw inventory row; scope not explicitly approved.,data/text/cable_club.inc,91,CableClub_Text_CantDoubleBattleWithXPlayers,GROUP7_SELECTED,,DEFER_NONFACILITY_BATTLE,Not explicit Battle Frontier/Battle Tent facility content; keep for later dedicated HOLD handling,data/text/cable_club.inc::CableClub_Text_CantDoubleBattleWithXPlayers,F,NEEDS_TRANSLATION,Current source still matches English baseline; no closed coverage evidence,data/text/cable_club.inc
dlg_4c28e55b29b63559,battle,Unclassified,battle,HOLD_FOR_SCOPE_DECISION,HOLD,,Raw inventory row; scope not explicitly approved.,data/text/cable_club.inc,125,BattleColosseum_2P_Text_TakePlaceStartBattle,GROUP7_SELECTED,,DEFER_NONFACILITY_BATTLE,Not explicit Battle Frontier/Battle Tent facility content; keep for later dedicated HOLD handling,data/text/cable_club.inc::BattleColosseum_2P_Text_TakePlaceStartBattle,F,NEEDS_TRANSLATION,Current source still matches English baseline; no closed coverage evidence,data/text/cable_club.inc
dlg_e6bb0fc638f633e9,battle,Unclassified,battle,HOLD_FOR_SCOPE_DECISION,HOLD,,Raw inventory row; scope not explicitly approved.,data/text/cable_club.inc,191,CableClub_Text_YouMayBattleHere,GROUP7_SELECTED,,DEFER_NONFACILITY_BATTLE,Not explicit Battle Frontier/Battle Tent facility content; keep for later dedicated HOLD handling,data/text/cable_club.inc::CableClub_Text_YouMayBattleHere,F,NEEDS_TRANSLATION,Current source still matches English baseline; no closed coverage evidence,data/text/cable_club.inc
dlg_667243e5f4d1184a,battle,Unclassified,battle,HOLD_FOR_SCOPE_DECISION,HOLD,,Raw inventory row; scope not explicitly approved.,data/text/cable_club.inc,213,CableClub_Text_WhichBattleMode,GROUP7_SELECTED,,DEFER_NONFACILITY_BATTLE,Not explicit Battle Frontier/Battle Tent facility content; keep for later dedicated HOLD handling,data/text/cable_club.inc::CableClub_Text_WhichBattleMode,F,NEEDS_TRANSLATION,Current source still matches English baseline; no closed coverage evidence,data/text/cable_club.inc
dlg_b5af2278b05c293e,battle,Unclassified,battle,HOLD_FOR_SCOPE_DECISION,HOLD,,Raw inventory row; scope not explicitly approved.,data/text/cable_club.inc,344,CableClub_Text_PlayWhichBattleMode,GROUP7_SELECTED,,DEFER_NONFACILITY_BATTLE,Not explicit Battle Frontier/Battle Tent facility content; keep for later dedicated HOLD handling,data/text/cable_club.inc::CableClub_Text_PlayWhichBattleMode,F,NEEDS_TRANSLATION,Current source still matches English baseline; no closed coverage evidence,data/text/cable_club.inc
dlg_35a071fd5020d9fd,battle,Unclassified,battle,HOLD_FOR_SCOPE_DECISION,HOLD,,Raw inventory row; scope not explicitly approved.,data/text/cable_club.inc,356,CableClub_Text_ExplainBattleModes,GROUP7_SELECTED,,DEFER_NONFACILITY_BATTLE,Not explicit Battle Frontier/Battle Tent facility content; keep for later dedicated HOLD handling,data/text/cable_club.inc::CableClub_Text_ExplainBattleModes,F,NEEDS_TRANSLATION,Current source still matches English baseline; no closed coverage evidence,data/text/cable_club.inc
dlg_6e6fe4dff301d8aa,battle,Unclassified,battle,HOLD_FOR_SCOPE_DECISION,HOLD,,Raw inventory row; scope not explicitly approved.,data/text/tv.inc,110,BattleFrontier_BattleTowerLobby_Text_InterviewRequest,GROUP7_SELECTED,,DEFER_NONFACILITY_BATTLE,Not explicit Battle Frontier/Battle Tent facility content; keep for later dedicated HOLD handling,data/text/tv.inc::BattleFrontier_BattleTowerLobby_Text_InterviewRequest,C,NEEDS_TRANSLATION,Current source still matches English baseline; no closed coverage evidence,data/text/tv.inc
dlg_7ced9d6be772ab64,battle,Unclassified,battle,HOLD_FOR_SCOPE_DECISION,HOLD,,Raw inventory row; scope not explicitly approved.,data/text/tv.inc,118,BattleFrontier_BattleTowerLobby_Text_HowDidBattleTowerTurnOut,GROUP7_SELECTED,,DEFER_NONFACILITY_BATTLE,Not explicit Battle Frontier/Battle Tent facility content; keep for later dedicated HOLD handling,data/text/tv.inc::BattleFrontier_BattleTowerLobby_Text_HowDidBattleTowerTurnOut,C,NEEDS_TRANSLATION,Current source still matches English baseline; no closed coverage evidence,data/text/tv.inc
dlg_5379136065f0ca35,battle,Unclassified,battle,HOLD_FOR_SCOPE_DECISION,HOLD,,Raw inventory row; scope not explicitly approved.,data/text/tv.inc,127,BattleFrontier_BattleTowerLobby_Text_SorryWeDisturbedYou,GROUP7_SELECTED,,DEFER_NONFACILITY_BATTLE,Not explicit Battle Frontier/Battle Tent facility content; keep for later dedicated HOLD handling,data/text/tv.inc::BattleFrontier_BattleTowerLobby_Text_SorryWeDisturbedYou,C,NEEDS_TRANSLATION,Current source still matches English baseline; no closed coverage evidence,data/text/tv.inc
dlg_e443d21f7c4e699d,battle,Unclassified,battle,HOLD_FOR_SCOPE_DECISION,HOLD,,Raw inventory row; scope not explicitly approved.,data/text/tv.inc,133,BattleFrontier_BattleTowerLobby_Text_ObviousYouHadGreatBattle,GROUP7_SELECTED,,DEFER_NONFACILITY_BATTLE,Not explicit Battle Frontier/Battle Tent facility content; keep for later dedicated HOLD handling,data/text/tv.inc::BattleFrontier_BattleTowerLobby_Text_ObviousYouHadGreatBattle,C,NEEDS_TRANSLATION,Current source still matches English baseline; no closed coverage evidence,data/text/tv.inc
dlg_6bcea2da5cde78e1,battle,Unclassified,battle,HOLD_FOR_SCOPE_DECISION,HOLD,,Raw inventory row; scope not explicitly approved.,data/text/tv.inc,140,BattleFrontier_BattleTowerLobby_Text_DifficultToMakeBattleTurnOutAsPlanned,GROUP7_SELECTED,,DEFER_NONFACILITY_BATTLE,Not explicit Battle Frontier/Battle Tent facility content; keep for later dedicated HOLD handling,data/text/tv.inc::BattleFrontier_BattleTowerLobby_Text_DifficultToMakeBattleTurnOutAsPlanned,C,NEEDS_TRANSLATION,Current source still matches English baseline; no closed coverage evidence,data/text/tv.inc
dlg_c6ac1b400cf66dbe,battle,Unclassified,battle,HOLD_FOR_SCOPE_DECISION,HOLD,,Raw inventory row; scope not explicitly approved.,data/text/tv.inc,145,BattleFrontier_BattleTowerLobby_Text_DescribeYourBattle,GROUP7_SELECTED,,DEFER_NONFACILITY_BATTLE,Not explicit Battle Frontier/Battle Tent facility content; keep for later dedicated HOLD handling,data/text/tv.inc::BattleFrontier_BattleTowerLobby_Text_DescribeYourBattle,C,NEEDS_TRANSLATION,Current source still matches English baseline; no closed coverage evidence,data/text/tv.inc
dlg_c147ecbe633ceeed,battle,Unclassified,battle,HOLD_FOR_SCOPE_DECISION,HOLD,,Raw inventory row; scope not explicitly approved.,data/text/tv.inc,151,BattleFrontier_BattleTowerLobby_Text_ThatsGreatLine,GROUP7_SELECTED,,DEFER_NONFACILITY_BATTLE,Not explicit Battle Frontier/Battle Tent facility content; keep for later dedicated HOLD handling,data/text/tv.inc::BattleFrontier_BattleTowerLobby_Text_ThatsGreatLine,C,NEEDS_TRANSLATION,Current source still matches English baseline; no closed coverage evidence,data/text/tv.inc
dlg_1c59f2d2a4c11020,battle,Unclassified,battle,HOLD_FOR_SCOPE_DECISION,HOLD,,Raw inventory row; scope not explicitly approved.,data/text/tv.inc,157,BattleFrontier_BattleTowerLobby_Text_SilentType,GROUP7_SELECTED,,DEFER_NONFACILITY_BATTLE,Not explicit Battle Frontier/Battle Tent facility content; keep for later dedicated HOLD handling,data/text/tv.inc::BattleFrontier_BattleTowerLobby_Text_SilentType,C,NEEDS_TRANSLATION,Current source still matches English baseline; no closed coverage evidence,data/text/tv.inc
dlg_a85321e4604616bf,battle,Unclassified,battle,HOLD_FOR_SCOPE_DECISION,HOLD,,Raw inventory row; scope not explicitly approved.,data/text/tv.inc,164,BattleFrontier_BattleTowerLobby_Text_LookingForwardToNextBattle,GROUP7_SELECTED,,DEFER_NONFACILITY_BATTLE,Not explicit Battle Frontier/Battle Tent facility content; keep for later dedicated HOLD handling,data/text/tv.inc::BattleFrontier_BattleTowerLobby_Text_LookingForwardToNextBattle,C,NEEDS_TRANSLATION,Current source still matches English baseline; no closed coverage evidence,data/text/tv.inc
dlg_996fa51dfb66346b,battle,Unclassified,battle,HOLD_FOR_SCOPE_DECISION,HOLD,,Raw inventory row; scope not explicitly approved.,data/text/tv.inc,1612,gTVThePokemonBattleSeminarText00,GROUP7_SELECTED,,DEFER_NONFACILITY_BATTLE,Not explicit Battle Frontier/Battle Tent facility content; keep for later dedicated HOLD handling,data/text/tv.inc::gTVThePokemonBattleSeminarText00,C,NEEDS_TRANSLATION,Current source still matches English baseline; no closed coverage evidence,data/text/tv.inc
dlg_63f7c007560bbcb6,battle,Unclassified,battle,HOLD_FOR_SCOPE_DECISION,HOLD,,Raw inventory row; scope not explicitly approved.,data/text/tv.inc,1621,gTVThePokemonBattleSeminarText01,GROUP7_SELECTED,,DEFER_NONFACILITY_BATTLE,Not explicit Battle Frontier/Battle Tent facility content; keep for later dedicated HOLD handling,data/text/tv.inc::gTVThePokemonBattleSeminarText01,C,NEEDS_TRANSLATION,Current source still matches English baseline; no closed coverage evidence,data/text/tv.inc
dlg_afa31b319cbbef08,battle,Unclassified,battle,HOLD_FOR_SCOPE_DECISION,HOLD,,Raw inventory row; scope not explicitly approved.,data/text/tv.inc,1627,gTVThePokemonBattleSeminarText02,GROUP7_SELECTED,,DEFER_NONFACILITY_BATTLE,Not explicit Battle Frontier/Battle Tent facility content; keep for later dedicated HOLD handling,data/text/tv.inc::gTVThePokemonBattleSeminarText02,C,NEEDS_TRANSLATION,Current source still matches English baseline; no closed coverage evidence,data/text/tv.inc
dlg_de4dd2766c9c3214,battle,Unclassified,battle,HOLD_FOR_SCOPE_DECISION,HOLD,,Raw inventory row; scope not explicitly approved.,data/text/tv.inc,1631,gTVThePokemonBattleSeminarText03,GROUP7_SELECTED,,DEFER_NONFACILITY_BATTLE,Not explicit Battle Frontier/Battle Tent facility content; keep for later dedicated HOLD handling,data/text/tv.inc::gTVThePokemonBattleSeminarText03,C,NEEDS_TRANSLATION,Current source still matches English baseline; no closed coverage evidence,data/text/tv.inc
dlg_79738c516476f77e,battle,Unclassified,battle,HOLD_FOR_SCOPE_DECISION,HOLD,,Raw inventory row; scope not explicitly approved.,data/text/tv.inc,1635,gTVThePokemonBattleSeminarText04,GROUP7_SELECTED,,DEFER_NONFACILITY_BATTLE,Not explicit Battle Frontier/Battle Tent facility content; keep for later dedicated HOLD handling,data/text/tv.inc::gTVThePokemonBattleSeminarText04,C,NEEDS_TRANSLATION,Current source still matches English baseline; no closed coverage evidence,data/text/tv.inc
dlg_61c093e22d4c5eb8,battle,Unclassified,battle,HOLD_FOR_SCOPE_DECISION,HOLD,,Raw inventory row; scope not explicitly approved.,data/text/tv.inc,1639,gTVThePokemonBattleSeminarText05,GROUP7_SELECTED,,DEFER_NONFACILITY_BATTLE,Not explicit Battle Frontier/Battle Tent facility content; keep for later dedicated HOLD handling,data/text/tv.inc::gTVThePokemonBattleSeminarText05,C,NEEDS_TRANSLATION,Current source still matches English baseline; no closed coverage evidence,data/text/tv.inc
dlg_d0b4e51ee6ccbc1c,battle,Unclassified,battle,HOLD_FOR_SCOPE_DECISION,HOLD,,Raw inventory row; scope not explicitly approved.,data/text/tv.inc,1642,gTVThePokemonBattleSeminarText06,GROUP7_SELECTED,,DEFER_NONFACILITY_BATTLE,Not explicit Battle Frontier/Battle Tent facility content; keep for later dedicated HOLD handling,data/text/tv.inc::gTVThePokemonBattleSeminarText06,C,NEEDS_TRANSLATION,Current source still matches English baseline; no closed coverage evidence,data/text/tv.inc
dlg_44b9e51c1fae327b,battle,Unclassified,battle,HOLD_FOR_SCOPE_DECISION,HOLD,,Raw inventory row; scope not explicitly approved.,data/text/tv.inc,1881,gTVPokemonNewsBattleFrontierText00,GROUP7_SELECTED,,DEFER_NONFACILITY_BATTLE,Not explicit Battle Frontier/Battle Tent facility content; keep for later dedicated HOLD handling,data/text/tv.inc::gTVPokemonNewsBattleFrontierText00,C,NEEDS_TRANSLATION,Current source still matches English baseline; no closed coverage evidence,data/text/tv.inc
dlg_5d32efe0df113a2d,battle,Unclassified,battle,HOLD_FOR_SCOPE_DECISION,HOLD,,Raw inventory row; scope not explicitly approved.,data/text/tv.inc,1887,gTVPokemonNewsBattleFrontierText01,GROUP7_SELECTED,,DEFER_NONFACILITY_BATTLE,Not explicit Battle Frontier/Battle Tent facility content; keep for later dedicated HOLD handling,data/text/tv.inc::gTVPokemonNewsBattleFrontierText01,C,NEEDS_TRANSLATION,Current source still matches English baseline; no closed coverage evidence,data/text/tv.inc
dlg_fb4ccfb13248c5a7,battle,Unclassified,battle,HOLD_FOR_SCOPE_DECISION,HOLD,,Raw inventory row; scope not explicitly approved.,data/text/tv.inc,1894,gTVPokemonNewsBattleFrontierText02,GROUP7_SELECTED,,DEFER_NONFACILITY_BATTLE,Not explicit Battle Frontier/Battle Tent facility content; keep for later dedicated HOLD handling,data/text/tv.inc::gTVPokemonNewsBattleFrontierText02,C,NEEDS_TRANSLATION,Current source still matches English baseline; no closed coverage evidence,data/text/tv.inc
dlg_7658778efb192448,battle,Unclassified,battle,HOLD_FOR_SCOPE_DECISION,HOLD,,Raw inventory row; scope not explicitly approved.,data/text/tv.inc,1901,gTVPokemonNewsBattleFrontierText03,GROUP7_SELECTED,,DEFER_NONFACILITY_BATTLE,Not explicit Battle Frontier/Battle Tent facility content; keep for later dedicated HOLD handling,data/text/tv.inc::gTVPokemonNewsBattleFrontierText03,C,NEEDS_TRANSLATION,Current source still matches English baseline; no closed coverage evidence,data/text/tv.inc
dlg_91a41d34608e28f7,battle,Unclassified,battle,HOLD_FOR_SCOPE_DECISION,HOLD,,Raw inventory row; scope not explicitly approved.,data/text/tv.inc,1908,gTVPokemonNewsBattleFrontierText04,GROUP7_SELECTED,,DEFER_NONFACILITY_BATTLE,Not explicit Battle Frontier/Battle Tent facility content; keep for later dedicated HOLD handling,data/text/tv.inc::gTVPokemonNewsBattleFrontierText04,C,NEEDS_TRANSLATION,Current source still matches English baseline; no closed coverage evidence,data/text/tv.inc
dlg_b49a1ff44763d8c8,battle,Unclassified,battle,HOLD_FOR_SCOPE_DECISION,HOLD,,Raw inventory row; scope not explicitly approved.,data/text/tv.inc,1915,gTVPokemonNewsBattleFrontierText05,GROUP7_SELECTED,,DEFER_NONFACILITY_BATTLE,Not explicit Battle Frontier/Battle Tent facility content; keep for later dedicated HOLD handling,data/text/tv.inc::gTVPokemonNewsBattleFrontierText05,C,NEEDS_TRANSLATION,Current source still matches English baseline; no closed coverage evidence,data/text/tv.inc
dlg_59f16f7ed2c05347,battle,Unclassified,battle,HOLD_FOR_SCOPE_DECISION,HOLD,,Raw inventory row; scope not explicitly approved.,data/text/tv.inc,1922,gTVPokemonNewsBattleFrontierText06,GROUP7_SELECTED,,DEFER_NONFACILITY_BATTLE,Not explicit Battle Frontier/Battle Tent facility content; keep for later dedicated HOLD handling,data/text/tv.inc::gTVPokemonNewsBattleFrontierText06,C,NEEDS_TRANSLATION,Current source still matches English baseline; no closed coverage evidence,data/text/tv.inc
dlg_7cc56245491a6226,battle,Unclassified,battle,HOLD_FOR_SCOPE_DECISION,HOLD,,Raw inventory row; scope not explicitly approved.,data/text/tv.inc,1929,gTVPokemonNewsBattleFrontierText07,GROUP7_SELECTED,,DEFER_NONFACILITY_BATTLE,Not explicit Battle Frontier/Battle Tent facility content; keep for later dedicated HOLD handling,data/text/tv.inc::gTVPokemonNewsBattleFrontierText07,C,NEEDS_TRANSLATION,Current source still matches English baseline; no closed coverage evidence,data/text/tv.inc
dlg_a7002b3e387ceddc,battle,Unclassified,battle,HOLD_FOR_SCOPE_DECISION,HOLD,,Raw inventory row; scope not explicitly approved.,data/text/tv.inc,1936,gTVPokemonNewsBattleFrontierText08,GROUP7_SELECTED,,DEFER_NONFACILITY_BATTLE,Not explicit Battle Frontier/Battle Tent facility content; keep for later dedicated HOLD handling,data/text/tv.inc::gTVPokemonNewsBattleFrontierText08,C,NEEDS_TRANSLATION,Current source still matches English baseline; no closed coverage evidence,data/text/tv.inc
dlg_ff9f2146d91b6012,battle,Unclassified,battle,HOLD_FOR_SCOPE_DECISION,HOLD,,Raw inventory row; scope not explicitly approved.,data/text/tv.inc,1943,gTVPokemonNewsBattleFrontierText09,GROUP7_SELECTED,,DEFER_NONFACILITY_BATTLE,Not explicit Battle Frontier/Battle Tent facility content; keep for later dedicated HOLD handling,data/text/tv.inc::gTVPokemonNewsBattleFrontierText09,C,NEEDS_TRANSLATION,Current source still matches English baseline; no closed coverage evidence,data/text/tv.inc
dlg_b0ccdfebc08d5531,battle,Unclassified,battle,HOLD_FOR_SCOPE_DECISION,HOLD,,Raw inventory row; scope not explicitly approved.,data/text/tv.inc,1950,gTVPokemonNewsBattleFrontierText10,GROUP7_SELECTED,,DEFER_NONFACILITY_BATTLE,Not explicit Battle Frontier/Battle Tent facility content; keep for later dedicated HOLD handling,data/text/tv.inc::gTVPokemonNewsBattleFrontierText10,C,NEEDS_TRANSLATION,Current source still matches English baseline; no closed coverage evidence,data/text/tv.inc
dlg_84d4a3d1cd174985,battle,Unclassified,battle,HOLD_FOR_SCOPE_DECISION,HOLD,,Raw inventory row; scope not explicitly approved.,data/text/tv.inc,1957,gTVPokemonNewsBattleFrontierText11,GROUP7_SELECTED,,DEFER_NONFACILITY_BATTLE,Not explicit Battle Frontier/Battle Tent facility content; keep for later dedicated HOLD handling,data/text/tv.inc::gTVPokemonNewsBattleFrontierText11,C,NEEDS_TRANSLATION,Current source still matches English baseline; no closed coverage evidence,data/text/tv.inc
dlg_5deeaf17bc6d8c10,battle,Unclassified,battle,HOLD_FOR_SCOPE_DECISION,HOLD,,Raw inventory row; scope not explicitly approved.,data/text/tv.inc,1964,gTVPokemonNewsBattleFrontierText12,GROUP7_SELECTED,,DEFER_NONFACILITY_BATTLE,Not explicit Battle Frontier/Battle Tent facility content; keep for later dedicated HOLD handling,data/text/tv.inc::gTVPokemonNewsBattleFrontierText12,C,NEEDS_TRANSLATION,Current source still matches English baseline; no closed coverage evidence,data/text/tv.inc
dlg_23f5d1199fc2cd68,battle,Unclassified,battle,HOLD_FOR_SCOPE_DECISION,HOLD,,Raw inventory row; scope not explicitly approved.,data/text/tv.inc,1971,gTVPokemonNewsBattleFrontierText13,GROUP7_SELECTED,,DEFER_NONFACILITY_BATTLE,Not explicit Battle Frontier/Battle Tent facility content; keep for later dedicated HOLD handling,data/text/tv.inc::gTVPokemonNewsBattleFrontierText13,C,NEEDS_TRANSLATION,Current source still matches English baseline; no closed coverage evidence,data/text/tv.inc
dlg_99bcbc37e628cfb7,battle,Unclassified,battle,HOLD_FOR_SCOPE_DECISION,HOLD,,Raw inventory row; scope not explicitly approved.,data/text/tv.inc,1978,gTVPokemonNewsBattleFrontierText14,GROUP7_SELECTED,,DEFER_NONFACILITY_BATTLE,Not explicit Battle Frontier/Battle Tent facility content; keep for later dedicated HOLD handling,data/text/tv.inc::gTVPokemonNewsBattleFrontierText14,C,NEEDS_TRANSLATION,Current source still matches English baseline; no closed coverage evidence,data/text/tv.inc
dlg_d3d7392f177868c9,battle,Unclassified,battle,HOLD_FOR_SCOPE_DECISION,HOLD,,Raw inventory row; scope not explicitly approved.,data/text/tv.inc,1984,gTVPokemonNewsBattleFrontierText15,GROUP7_SELECTED,,DEFER_NONFACILITY_BATTLE,Not explicit Battle Frontier/Battle Tent facility content; keep for later dedicated HOLD handling,data/text/tv.inc::gTVPokemonNewsBattleFrontierText15,C,NEEDS_TRANSLATION,Current source still matches English baseline; no closed coverage evidence,data/text/tv.inc
dlg_2530466b0e630383,battle,Unclassified,battle,HOLD_FOR_SCOPE_DECISION,HOLD,,Raw inventory row; scope not explicitly approved.,data/text/tv.inc,1990,gTVPokemonNewsBattleFrontierText16,GROUP7_SELECTED,,DEFER_NONFACILITY_BATTLE,Not explicit Battle Frontier/Battle Tent facility content; keep for later dedicated HOLD handling,data/text/tv.inc::gTVPokemonNewsBattleFrontierText16,C,NEEDS_TRANSLATION,Current source still matches English baseline; no closed coverage evidence,data/text/tv.inc
dlg_892b9aff41ebbc36,battle,Unclassified,battle,HOLD_FOR_SCOPE_DECISION,HOLD,,Raw inventory row; scope not explicitly approved.,data/text/tv.inc,1995,gTVPokemonNewsBattleFrontierText17,GROUP7_SELECTED,,DEFER_NONFACILITY_BATTLE,Not explicit Battle Frontier/Battle Tent facility content; keep for later dedicated HOLD handling,data/text/tv.inc::gTVPokemonNewsBattleFrontierText17,C,NEEDS_TRANSLATION,Current source still matches English baseline; no closed coverage evidence,data/text/tv.inc
dlg_70eb6c67905fa452,battle,Unclassified,battle,HOLD_FOR_SCOPE_DECISION,HOLD,,Raw inventory row; scope not explicitly approved.,data/text/tv.inc,2000,gTVPokemonNewsBattleFrontierText18,GROUP7_SELECTED,,DEFER_NONFACILITY_BATTLE,Not explicit Battle Frontier/Battle Tent facility content; keep for later dedicated HOLD handling,data/text/tv.inc::gTVPokemonNewsBattleFrontierText18,C,NEEDS_TRANSLATION,Current source still matches English baseline; no closed coverage evidence,data/text/tv.inc
dlg_9a2996e1bf5c598a,battle,Unclassified,battle,HOLD_FOR_SCOPE_DECISION,HOLD,,Raw inventory row; scope not explicitly approved.,data/text/tv.inc,2213,TVSecretBaseSecrets_Text_BattledWon,GROUP7_SELECTED,,DEFER_NONFACILITY_BATTLE,Not explicit Battle Frontier/Battle Tent facility content; keep for later dedicated HOLD handling,data/text/tv.inc::TVSecretBaseSecrets_Text_BattledWon,C,NEEDS_TRANSLATION,Current source still matches English baseline; no closed coverage evidence,data/text/tv.inc
dlg_10b6e528c8475ecd,battle,Unclassified,battle,HOLD_FOR_SCOPE_DECISION,HOLD,,Raw inventory row; scope not explicitly approved.,data/text/tv.inc,2224,TVSecretBaseSecrets_Text_BattledLost,GROUP7_SELECTED,,DEFER_NONFACILITY_BATTLE,Not explicit Battle Frontier/Battle Tent facility content; keep for later dedicated HOLD handling,data/text/tv.inc::TVSecretBaseSecrets_Text_BattledLost,C,NEEDS_TRANSLATION,Current source still matches English baseline; no closed coverage evidence,data/text/tv.inc
dlg_336d733211a46dea,battle,Unclassified,battle,HOLD_FOR_SCOPE_DECISION,HOLD,,Raw inventory row; scope not explicitly approved.,data/text/tv.inc,2234,TVSecretBaseSecrets_Text_DeclinedBattle,GROUP7_SELECTED,,DEFER_NONFACILITY_BATTLE,Not explicit Battle Frontier/Battle Tent facility content; keep for later dedicated HOLD handling,data/text/tv.inc::TVSecretBaseSecrets_Text_DeclinedBattle,C,NEEDS_TRANSLATION,Current source still matches English baseline; no closed coverage evidence,data/text/tv.inc
dlg_d2a9e5f590be04e1,battle,Unclassified,battle,HOLD_FOR_SCOPE_DECISION,HOLD,,Raw inventory row; scope not explicitly approved.,data/text/tv.inc,2258,TVSecretBaseSecrets_Text_BattledDraw,GROUP7_SELECTED,,DEFER_NONFACILITY_BATTLE,Not explicit Battle Frontier/Battle Tent facility content; keep for later dedicated HOLD handling,data/text/tv.inc::TVSecretBaseSecrets_Text_BattledDraw,C,NEEDS_TRANSLATION,Current source still matches English baseline; no closed coverage evidence,data/text/tv.inc
dlg_86abb75aca537783,battle,Unclassified,battle,HOLD_FOR_SCOPE_DECISION,HOLD,,Raw inventory row; scope not explicitly approved.,data/text/tv.inc,2648,gTVPokemonBattleUpdateText00,GROUP7_SELECTED,,DEFER_NONFACILITY_BATTLE,Not explicit Battle Frontier/Battle Tent facility content; keep for later dedicated HOLD handling,data/text/tv.inc::gTVPokemonBattleUpdateText00,C,NEEDS_TRANSLATION,Current source still matches English baseline; no closed coverage evidence,data/text/tv.inc
dlg_c3ede3cf939ed93d,battle,Unclassified,battle,HOLD_FOR_SCOPE_DECISION,HOLD,,Raw inventory row; scope not explicitly approved.,data/text/tv.inc,2653,gTVPokemonBattleUpdateText01,GROUP7_SELECTED,,DEFER_NONFACILITY_BATTLE,Not explicit Battle Frontier/Battle Tent facility content; keep for later dedicated HOLD handling,data/text/tv.inc::gTVPokemonBattleUpdateText01,C,NEEDS_TRANSLATION,Current source still matches English baseline; no closed coverage evidence,data/text/tv.inc
dlg_21552c81310d98b8,battle,Unclassified,battle,HOLD_FOR_SCOPE_DECISION,HOLD,,Raw inventory row; scope not explicitly approved.,data/text/tv.inc,2660,gTVPokemonBattleUpdateText02,GROUP7_SELECTED,,DEFER_NONFACILITY_BATTLE,Not explicit Battle Frontier/Battle Tent facility content; keep for later dedicated HOLD handling,data/text/tv.inc::gTVPokemonBattleUpdateText02,C,NEEDS_TRANSLATION,Current source still matches English baseline; no closed coverage evidence,data/text/tv.inc
dlg_a4ee87ef001f69b8,battle,Unclassified,battle,HOLD_FOR_SCOPE_DECISION,HOLD,,Raw inventory row; scope not explicitly approved.,data/text/tv.inc,2665,gTVPokemonBattleUpdateText03,GROUP7_SELECTED,,DEFER_NONFACILITY_BATTLE,Not explicit Battle Frontier/Battle Tent facility content; keep for later dedicated HOLD handling,data/text/tv.inc::gTVPokemonBattleUpdateText03,C,NEEDS_TRANSLATION,Current source still matches English baseline; no closed coverage evidence,data/text/tv.inc
dlg_0f59a1faeaebe8bc,battle,Unclassified,battle,HOLD_FOR_SCOPE_DECISION,HOLD,,Raw inventory row; scope not explicitly approved.,data/text/tv.inc,2669,gTVPokemonBattleUpdateText04,GROUP7_SELECTED,,DEFER_NONFACILITY_BATTLE,Not explicit Battle Frontier/Battle Tent facility content; keep for later dedicated HOLD handling,data/text/tv.inc::gTVPokemonBattleUpdateText04,C,NEEDS_TRANSLATION,Current source still matches English baseline; no closed coverage evidence,data/text/tv.inc
dlg_c4e6d13312f78a33,battle,Unclassified,battle,HOLD_FOR_SCOPE_DECISION,HOLD,,Raw inventory row; scope not explicitly approved.,data/text/tv.inc,2677,gTVPokemonBattleUpdateText05,GROUP7_SELECTED,,DEFER_NONFACILITY_BATTLE,Not explicit Battle Frontier/Battle Tent facility content; keep for later dedicated HOLD handling,data/text/tv.inc::gTVPokemonBattleUpdateText05,C,NEEDS_TRANSLATION,Current source still matches English baseline; no closed coverage evidence,data/text/tv.inc
dlg_051df0ad49473c3b,battle,Unclassified,battle,HOLD_FOR_SCOPE_DECISION,HOLD,,Raw inventory row; scope not explicitly approved.,data/text/tv.inc,2683,gTVPokemonBattleUpdateText06,GROUP7_SELECTED,,DEFER_NONFACILITY_BATTLE,Not explicit Battle Frontier/Battle Tent facility content; keep for later dedicated HOLD handling,data/text/tv.inc::gTVPokemonBattleUpdateText06,C,NEEDS_TRANSLATION,Current source still matches English baseline; no closed coverage evidence,data/text/tv.inc
dlg_3708d574e4a51ab2,battle,Unclassified,battle,HOLD_FOR_SCOPE_DECISION,HOLD,,Raw inventory row; scope not explicitly approved.,data/text/tv.inc,2688,gTVPokemonBattleUpdateText07,GROUP7_SELECTED,,DEFER_NONFACILITY_BATTLE,Not explicit Battle Frontier/Battle Tent facility content; keep for later dedicated HOLD handling,data/text/tv.inc::gTVPokemonBattleUpdateText07,C,NEEDS_TRANSLATION,Current source still matches English baseline; no closed coverage evidence,data/text/tv.inc
dlg_bda671e69a2df388,battle,Unclassified,battle,HOLD_FOR_SCOPE_DECISION,HOLD,,Raw inventory row; scope not explicitly approved.,data/text/tv.inc,2698,GabbyAndTy_Text_GabbyPreFirstBattle,GROUP7_SELECTED,,DEFER_NONFACILITY_BATTLE,Not explicit Battle Frontier/Battle Tent facility content; keep for later dedicated HOLD handling,data/text/tv.inc::GabbyAndTy_Text_GabbyPreFirstBattle,C,NEEDS_TRANSLATION,Current source still matches English baseline; no closed coverage evidence,data/text/tv.inc
dlg_2af98aca18c34df2,battle,Unclassified,battle,HOLD_FOR_SCOPE_DECISION,HOLD,,Raw inventory row; scope not explicitly approved.,data/text/tv.inc,2805,GabbyAndTy_Text_TyPreFirstBattle,GROUP7_SELECTED,,DEFER_NONFACILITY_BATTLE,Not explicit Battle Frontier/Battle Tent facility content; keep for later dedicated HOLD handling,data/text/tv.inc::GabbyAndTy_Text_TyPreFirstBattle,C,NEEDS_TRANSLATION,Current source still matches English baseline; no closed coverage evidence,data/text/tv.inc
dlg_0aefe8222ef83f7e,battle,Unclassified,battle,HOLD_FOR_SCOPE_DECISION,HOLD,,Raw inventory row; scope not explicitly approved.,data/text/tv.inc,2816,GabbyAndTy_Text_TyPostBattle,GROUP7_SELECTED,,DEFER_NONFACILITY_BATTLE,Not explicit Battle Frontier/Battle Tent facility content; keep for later dedicated HOLD handling,data/text/tv.inc::GabbyAndTy_Text_TyPostBattle,C,NEEDS_TRANSLATION,Current source still matches English baseline; no closed coverage evidence,data/text/tv.inc
dlg_8cfe04fe8e0f08aa,battle,Unclassified,battle,HOLD_FOR_SCOPE_DECISION,HOLD,,Raw inventory row; scope not explicitly approved.,src/battle_message.c,293,gText_PkmnsXPreventsSwitching,GROUP7_SELECTED,,DEFER_NONFACILITY_BATTLE,Not explicit Battle Frontier/Battle Tent facility content; keep for later dedicated HOLD handling,src/battle_message.c::gText_PkmnsXPreventsSwitching,A,COVERED_ALREADY,Existing translated/closed tracker evidence,tools/thai/translation/phaseF/batches/phaseF-selected-hold-groups1-4-final-reconcile.csv
dlg_87743e689e1367a6,battle,Unclassified,battle,HOLD_FOR_SCOPE_DECISION,HOLD,,Raw inventory row; scope not explicitly approved.,src/battle_message.c,380,sText_OpponentMon1Appeared,GROUP7_SELECTED,,DEFER_NONFACILITY_BATTLE,Not explicit Battle Frontier/Battle Tent facility content; keep for later dedicated HOLD handling,src/battle_message.c::sText_OpponentMon1Appeared,A,COVERED_ALREADY,Existing translated/closed tracker evidence,tools/thai/translation/phaseF/batches/phaseF-selected-hold-groups1-4-final-reconcile.csv
dlg_2a7bc64fe8ad290f,battle,Unclassified,battle,HOLD_FOR_SCOPE_DECISION,HOLD,,Raw inventory row; scope not explicitly approved.,src/battle_message.c,410,sText_WildPkmnPrefix,GROUP7_SELECTED,,DEFER_NONFACILITY_BATTLE,Not explicit Battle Frontier/Battle Tent facility content; keep for later dedicated HOLD handling,src/battle_message.c::sText_WildPkmnPrefix,A,COVERED_ALREADY,Existing translated/closed tracker evidence,tools/thai/translation/phaseF/batches/phaseF-selected-hold-groups1-4-final-reconcile.csv
dlg_387d490cac4e7418,battle,Unclassified,battle,HOLD_FOR_SCOPE_DECISION,HOLD,,Raw inventory row; scope not explicitly approved.,src/battle_message.c,411,sText_FoePkmnPrefix,GROUP7_SELECTED,,DEFER_NONFACILITY_BATTLE,Not explicit Battle Frontier/Battle Tent facility content; keep for later dedicated HOLD handling,src/battle_message.c::sText_FoePkmnPrefix,A,COVERED_ALREADY,Existing translated/closed tracker evidence,tools/thai/translation/phaseF/batches/phaseF-selected-hold-groups1-4-final-reconcile.csv
dlg_b55777d5af309278,battle,Unclassified,battle,HOLD_FOR_SCOPE_DECISION,HOLD,,Raw inventory row; scope not explicitly approved.,src/battle_message.c,413,sText_FoePkmnPrefix2,GROUP7_SELECTED,,DEFER_NONFACILITY_BATTLE,Not explicit Battle Frontier/Battle Tent facility content; keep for later dedicated HOLD handling,src/battle_message.c::sText_FoePkmnPrefix2,A,COVERED_ALREADY,Existing translated/closed tracker evidence,tools/thai/translation/phaseF/batches/phaseF-selected-hold-groups1-4-final-reconcile.csv
dlg_b44d3f0627e43fa1,battle,Unclassified,battle,HOLD_FOR_SCOPE_DECISION,HOLD,,Raw inventory row; scope not explicitly approved.,src/battle_message.c,414,sText_AllyPkmnPrefix,GROUP7_SELECTED,,DEFER_NONFACILITY_BATTLE,Not explicit Battle Frontier/Battle Tent facility content; keep for later dedicated HOLD handling,src/battle_message.c::sText_AllyPkmnPrefix,A,COVERED_ALREADY,Existing translated/closed tracker evidence,tools/thai/translation/phaseF/batches/phaseF-selected-hold-groups1-4-final-reconcile.csv
dlg_034b8e6b57886051,battle,Unclassified,battle,HOLD_FOR_SCOPE_DECISION,HOLD,,Raw inventory row; scope not explicitly approved.,src/battle_message.c,415,sText_FoePkmnPrefix3,GROUP7_SELECTED,,DEFER_NONFACILITY_BATTLE,Not explicit Battle Frontier/Battle Tent facility content; keep for later dedicated HOLD handling,src/battle_message.c::sText_FoePkmnPrefix3,A,COVERED_ALREADY,Existing translated/closed tracker evidence,tools/thai/translation/phaseF/batches/phaseF-selected-hold-groups1-4-final-reconcile.csv
dlg_35b9fa4039c8a994,battle,Unclassified,battle,HOLD_FOR_SCOPE_DECISION,HOLD,,Raw inventory row; scope not explicitly approved.,src/battle_message.c,416,sText_AllyPkmnPrefix2,GROUP7_SELECTED,,DEFER_NONFACILITY_BATTLE,Not explicit Battle Frontier/Battle Tent facility content; keep for later dedicated HOLD handling,src/battle_message.c::sText_AllyPkmnPrefix2,A,COVERED_ALREADY,Existing translated/closed tracker evidence,tools/thai/translation/phaseF/batches/phaseF-selected-hold-groups1-4-final-reconcile.csv
dlg_d49a6b2c7080c13b,battle,Unclassified,battle,HOLD_FOR_SCOPE_DECISION,HOLD,,Raw inventory row; scope not explicitly approved.,src/battle_message.c,417,sText_FoePkmnPrefix4,GROUP7_SELECTED,,DEFER_NONFACILITY_BATTLE,Not explicit Battle Frontier/Battle Tent facility content; keep for later dedicated HOLD handling,src/battle_message.c::sText_FoePkmnPrefix4,A,COVERED_ALREADY,Existing translated/closed tracker evidence,tools/thai/translation/phaseF/batches/phaseF-selected-hold-groups1-4-final-reconcile.csv
dlg_aa464c252bb7eacb,battle,Unclassified,battle,HOLD_FOR_SCOPE_DECISION,HOLD,,Raw inventory row; scope not explicitly approved.,src/battle_message.c,418,sText_AllyPkmnPrefix3,GROUP7_SELECTED,,DEFER_NONFACILITY_BATTLE,Not explicit Battle Frontier/Battle Tent facility content; keep for later dedicated HOLD handling,src/battle_message.c::sText_AllyPkmnPrefix3,A,COVERED_ALREADY,Existing translated/closed tracker evidence,tools/thai/translation/phaseF/batches/phaseF-selected-hold-groups1-4-final-reconcile.csv
dlg_e36e8ae0aa16d68f,battle,Unclassified,battle,HOLD_FOR_SCOPE_DECISION,HOLD,,Raw inventory row; scope not explicitly approved.,src/battle_message.c,425,sText_HP2,GROUP7_SELECTED,,DEFER_NONFACILITY_BATTLE,Not explicit Battle Frontier/Battle Tent facility content; keep for later dedicated HOLD handling,src/battle_message.c::sText_HP2,A,COVERED_ALREADY,Existing translated/closed tracker evidence,tools/thai/translation/phaseF/batches/phaseF-selected-hold-groups1-4-final-reconcile.csv
dlg_285ab8f09061b870,battle,Unclassified,battle,HOLD_FOR_SCOPE_DECISION,HOLD,,Raw inventory row; scope not explicitly approved.,src/battle_message.c,426,sText_Attack2,GROUP7_SELECTED,,DEFER_NONFACILITY_BATTLE,Not explicit Battle Frontier/Battle Tent facility content; keep for later dedicated HOLD handling,src/battle_message.c::sText_Attack2,A,COVERED_ALREADY,Existing translated/closed tracker evidence,tools/thai/translation/phaseF/batches/phaseF-selected-hold-groups1-4-final-reconcile.csv
dlg_d03455334ddd5f15,battle,Unclassified,battle,HOLD_FOR_SCOPE_DECISION,HOLD,,Raw inventory row; scope not explicitly approved.,src/battle_message.c,427,sText_Defense2,GROUP7_SELECTED,,DEFER_NONFACILITY_BATTLE,Not explicit Battle Frontier/Battle Tent facility content; keep for later dedicated HOLD handling,src/battle_message.c::sText_Defense2,A,COVERED_ALREADY,Existing translated/closed tracker evidence,tools/thai/translation/phaseF/batches/phaseF-selected-hold-groups1-4-final-reconcile.csv
dlg_4092b114e7055bf3,battle,Unclassified,battle,HOLD_FOR_SCOPE_DECISION,HOLD,,Raw inventory row; scope not explicitly approved.,src/battle_message.c,428,sText_Speed,GROUP7_SELECTED,,DEFER_NONFACILITY_BATTLE,Not explicit Battle Frontier/Battle Tent facility content; keep for later dedicated HOLD handling,src/battle_message.c::sText_Speed,A,COVERED_ALREADY,Existing translated/closed tracker evidence,tools/thai/translation/phaseF/batches/phaseF-selected-hold-groups1-4-final-reconcile.csv
dlg_e0496bd58acaf8ff,battle,Unclassified,battle,HOLD_FOR_SCOPE_DECISION,HOLD,,Raw inventory row; scope not explicitly approved.,src/battle_message.c,429,sText_SpAtk2,GROUP7_SELECTED,,DEFER_NONFACILITY_BATTLE,Not explicit Battle Frontier/Battle Tent facility content; keep for later dedicated HOLD handling,src/battle_message.c::sText_SpAtk2,A,COVERED_ALREADY,Existing translated/closed tracker evidence,tools/thai/translation/phaseF/batches/phaseF-selected-hold-groups1-4-final-reconcile.csv
dlg_aec4abffd2184c9a,battle,Unclassified,battle,HOLD_FOR_SCOPE_DECISION,HOLD,,Raw inventory row; scope not explicitly approved.,src/battle_message.c,430,sText_SpDef2,GROUP7_SELECTED,,DEFER_NONFACILITY_BATTLE,Not explicit Battle Frontier/Battle Tent facility content; keep for later dedicated HOLD handling,src/battle_message.c::sText_SpDef2,A,COVERED_ALREADY,Existing translated/closed tracker evidence,tools/thai/translation/phaseF/batches/phaseF-selected-hold-groups1-4-final-reconcile.csv
dlg_ed8b6983b7fd4f93,battle,Unclassified,battle,HOLD_FOR_SCOPE_DECISION,HOLD,,Raw inventory row; scope not explicitly approved.,src/battle_message.c,431,sText_Accuracy,GROUP7_SELECTED,,DEFER_NONFACILITY_BATTLE,Not explicit Battle Frontier/Battle Tent facility content; keep for later dedicated HOLD handling,src/battle_message.c::sText_Accuracy,A,COVERED_ALREADY,Existing translated/closed tracker evidence,tools/thai/translation/phaseF/batches/phaseF-selected-hold-groups1-4-final-reconcile.csv
dlg_4fe57777275410ac,battle,Unclassified,battle,HOLD_FOR_SCOPE_DECISION,HOLD,,Raw inventory row; scope not explicitly approved.,src/battle_message.c,432,sText_Evasiveness,GROUP7_SELECTED,,DEFER_NONFACILITY_BATTLE,Not explicit Battle Frontier/Battle Tent facility content; keep for later dedicated HOLD handling,src/battle_message.c::sText_Evasiveness,A,COVERED_ALREADY,Existing translated/closed tracker evidence,tools/thai/translation/phaseF/batches/phaseF-selected-hold-groups1-4-final-reconcile.csv
dlg_b1adf6253d8ed64f,battle,Unclassified,battle,HOLD_FOR_SCOPE_DECISION,HOLD,,Raw inventory row; scope not explicitly approved.,src/battle_message.c,446,sText_PokeblockWasTooSpicy,GROUP7_SELECTED,,DEFER_NONFACILITY_BATTLE,Not explicit Battle Frontier/Battle Tent facility content; keep for later dedicated HOLD handling,src/battle_message.c::sText_PokeblockWasTooSpicy,A,COVERED_ALREADY,Existing translated/closed tracker evidence,tools/thai/translation/phaseF/batches/phaseF-selected-hold-groups1-4-final-reconcile.csv
dlg_c9f7537fe7a13dbb,battle,Unclassified,battle,HOLD_FOR_SCOPE_DECISION,HOLD,,Raw inventory row; scope not explicitly approved.,src/battle_message.c,447,sText_PokeblockWasTooDry,GROUP7_SELECTED,,DEFER_NONFACILITY_BATTLE,Not explicit Battle Frontier/Battle Tent facility content; keep for later dedicated HOLD handling,src/battle_message.c::sText_PokeblockWasTooDry,A,COVERED_ALREADY,Existing translated/closed tracker evidence,tools/thai/translation/phaseF/batches/phaseF-selected-hold-groups1-4-final-reconcile.csv
dlg_d5fa6a6286857009,battle,Unclassified,battle,HOLD_FOR_SCOPE_DECISION,HOLD,,Raw inventory row; scope not explicitly approved.,src/battle_message.c,448,sText_PokeblockWasTooSweet,GROUP7_SELECTED,,DEFER_NONFACILITY_BATTLE,Not explicit Battle Frontier/Battle Tent facility content; keep for later dedicated HOLD handling,src/battle_message.c::sText_PokeblockWasTooSweet,A,COVERED_ALREADY,Existing translated/closed tracker evidence,tools/thai/translation/phaseF/batches/phaseF-selected-hold-groups1-4-final-reconcile.csv
dlg_0bf71b9dfe4c1cea,battle,Unclassified,battle,HOLD_FOR_SCOPE_DECISION,HOLD,,Raw inventory row; scope not explicitly approved.,src/battle_message.c,449,sText_PokeblockWasTooBitter,GROUP7_SELECTED,,DEFER_NONFACILITY_BATTLE,Not explicit Battle Frontier/Battle Tent facility content; keep for later dedicated HOLD handling,src/battle_message.c::sText_PokeblockWasTooBitter,A,COVERED_ALREADY,Existing translated/closed tracker evidence,tools/thai/translation/phaseF/batches/phaseF-selected-hold-groups1-4-final-reconcile.csv
dlg_d860c404bd9497c6,battle,Unclassified,battle,HOLD_FOR_SCOPE_DECISION,HOLD,,Raw inventory row; scope not explicitly approved.,src/battle_message.c,450,sText_PokeblockWasTooSour,GROUP7_SELECTED,,DEFER_NONFACILITY_BATTLE,Not explicit Battle Frontier/Battle Tent facility content; keep for later dedicated HOLD handling,src/battle_message.c::sText_PokeblockWasTooSour,A,COVERED_ALREADY,Existing translated/closed tracker evidence,tools/thai/translation/phaseF/batches/phaseF-selected-hold-groups1-4-final-reconcile.csv
dlg_b779bc2c4c2bccac,battle,Unclassified,battle,HOLD_FOR_SCOPE_DECISION,HOLD,,Raw inventory row; scope not explicitly approved.,src/battle_message.c,476,sText_Someones,GROUP7_SELECTED,,DEFER_NONFACILITY_BATTLE,Not explicit Battle Frontier/Battle Tent facility content; keep for later dedicated HOLD handling,src/battle_message.c::sText_Someones,A,COVERED_ALREADY,Existing translated/closed tracker evidence,tools/thai/translation/phaseF/batches/phaseF-selected-hold-groups1-4-final-reconcile.csv
dlg_a455fd0808e30a6c,battle,Unclassified,battle,HOLD_FOR_SCOPE_DECISION,HOLD,,Raw inventory row; scope not explicitly approved.,src/battle_message.c,477,sText_Lanettes,GROUP7_SELECTED,,DEFER_NONFACILITY_BATTLE,Not explicit Battle Frontier/Battle Tent facility content; keep for later dedicated HOLD handling,src/battle_message.c::sText_Lanettes,A,COVERED_ALREADY,Existing translated/closed tracker evidence,tools/thai/translation/phaseF/batches/phaseF-selected-hold-groups1-4-final-reconcile.csv
dlg_9d8838ebe6008141,battle,Unclassified,battle,HOLD_FOR_SCOPE_DECISION,HOLD,,Raw inventory row; scope not explicitly approved.,src/battle_message.c,482,sText_EnigmaBerry,GROUP7_SELECTED,,DEFER_NONFACILITY_BATTLE,Not explicit Battle Frontier/Battle Tent facility content; keep for later dedicated HOLD handling,src/battle_message.c::sText_EnigmaBerry,A,COVERED_ALREADY,Existing translated/closed tracker evidence,tools/thai/translation/phaseF/batches/phaseF-selected-hold-groups1-4-final-reconcile.csv
dlg_2f3610ddc5c0d9d6,battle,Unclassified,battle,HOLD_FOR_SCOPE_DECISION,HOLD,,Raw inventory row; scope not explicitly approved.,src/battle_message.c,483,sText_BerrySuffix,GROUP7_SELECTED,,DEFER_NONFACILITY_BATTLE,Not explicit Battle Frontier/Battle Tent facility content; keep for later dedicated HOLD handling,src/battle_message.c::sText_BerrySuffix,A,COVERED_ALREADY,Existing translated/closed tracker evidence,tools/thai/translation/phaseF/batches/phaseF-selected-hold-groups1-4-final-reconcile.csv
dlg_f0af2792b8bb7c80,battle,Unclassified,battle,HOLD_FOR_SCOPE_DECISION,HOLD,,Raw inventory row; scope not explicitly approved.,src/battle_message.c,1267,gText_PkmnIsEvolving,GROUP7_SELECTED,,DEFER_NONFACILITY_BATTLE,Not explicit Battle Frontier/Battle Tent facility content; keep for later dedicated HOLD handling,src/battle_message.c::gText_PkmnIsEvolving,A,COVERED_ALREADY,Existing translated/closed tracker evidence,tools/thai/translation/phaseF/batches/phaseF-selected-hold-groups1-4-final-reconcile.csv
dlg_cfed437645f82b97,battle,Unclassified,battle,HOLD_FOR_SCOPE_DECISION,HOLD,,Raw inventory row; scope not explicitly approved.,src/battle_message.c,1268,gText_CongratsPkmnEvolved,GROUP7_SELECTED,,DEFER_NONFACILITY_BATTLE,Not explicit Battle Frontier/Battle Tent facility content; keep for later dedicated HOLD handling,src/battle_message.c::gText_CongratsPkmnEvolved,A,COVERED_ALREADY,Existing translated/closed tracker evidence,tools/thai/translation/phaseF/batches/phaseF-selected-hold-groups1-4-final-reconcile.csv
dlg_22661e3bbe614651,battle,Unclassified,battle,HOLD_FOR_SCOPE_DECISION,HOLD,,Raw inventory row; scope not explicitly approved.,src/battle_message.c,1269,gText_PkmnStoppedEvolving,GROUP7_SELECTED,,DEFER_NONFACILITY_BATTLE,Not explicit Battle Frontier/Battle Tent facility content; keep for later dedicated HOLD handling,src/battle_message.c::gText_PkmnStoppedEvolving,A,COVERED_ALREADY,Existing translated/closed tracker evidence,tools/thai/translation/phaseF/batches/phaseF-selected-hold-groups1-4-final-reconcile.csv
dlg_6fa20ae4b3b2b593,battle,Unclassified,battle,HOLD_FOR_SCOPE_DECISION,HOLD,,Raw inventory row; scope not explicitly approved.,src/battle_message.c,1270,gText_EllipsisQuestionMark,GROUP7_SELECTED,,DEFER_NONFACILITY_BATTLE,Not explicit Battle Frontier/Battle Tent facility content; keep for later dedicated HOLD handling,src/battle_message.c::gText_EllipsisQuestionMark,A,COVERED_ALREADY,Existing translated/closed tracker evidence,tools/thai/translation/phaseF/batches/phaseF-selected-hold-groups1-4-final-reconcile.csv
dlg_5d78728434287e5a,battle,Unclassified,battle,HOLD_FOR_SCOPE_DECISION,HOLD,,Raw inventory row; scope not explicitly approved.,src/battle_message.c,1273,gText_WhatWillWallyDo,GROUP7_SELECTED,,DEFER_NONFACILITY_BATTLE,Not explicit Battle Frontier/Battle Tent facility content; keep for later dedicated HOLD handling,src/battle_message.c::gText_WhatWillWallyDo,A,COVERED_ALREADY,Existing translated/closed tracker evidence,tools/thai/translation/phaseF/batches/phaseF-selected-hold-groups1-4-final-reconcile.csv
dlg_1033f3586f188fad,battle,Unclassified,battle,HOLD_FOR_SCOPE_DECISION,HOLD,,Raw inventory row; scope not explicitly approved.,src/battle_message.c,1279,gText_MoveInterfacePPType,GROUP7_SELECTED,,DEFER_NONFACILITY_BATTLE,Not explicit Battle Frontier/Battle Tent facility content; keep for later dedicated HOLD handling,src/battle_message.c::gText_MoveInterfacePPType,A,COVERED_ALREADY,Existing translated/closed tracker evidence,tools/thai/translation/phaseF/batches/phaseF-selected-hold-groups1-4-final-reconcile.csv
dlg_ca145dfaf734dc46,battle,Unclassified,battle,HOLD_FOR_SCOPE_DECISION,HOLD,,Raw inventory row; scope not explicitly approved.,src/battle_message.c,1280,gText_MoveInterfaceDynamicColors,GROUP7_SELECTED,,DEFER_NONFACILITY_BATTLE,Not explicit Battle Frontier/Battle Tent facility content; keep for later dedicated HOLD handling,src/battle_message.c::gText_MoveInterfaceDynamicColors,A,PRESERVE_EXISTING,Authoritative preserve evidence,tools/thai/translation/phaseF/batches/phaseF-selected-hold-groups1-4-final-reconcile.csv
dlg_1f51fa4f80827369,battle,Unclassified,battle,HOLD_FOR_SCOPE_DECISION,HOLD,,Raw inventory row; scope not explicitly approved.,src/battle_message.c,1281,gText_WhichMoveToForget4,GROUP7_SELECTED,,DEFER_NONFACILITY_BATTLE,Not explicit Battle Frontier/Battle Tent facility content; keep for later dedicated HOLD handling,src/battle_message.c::gText_WhichMoveToForget4,A,COVERED_ALREADY,Existing translated/closed tracker evidence,tools/thai/translation/phaseF/batches/phaseF-selected-hold-groups1-4-final-reconcile.csv
dlg_7d9f8c20214de3e1,battle,Unclassified,battle,HOLD_FOR_SCOPE_DECISION,HOLD,,Raw inventory row; scope not explicitly approved.,src/battle_message.c,1284,gText_BattleSwitchWhich2,GROUP7_SELECTED,,DEFER_NONFACILITY_BATTLE,Not explicit Battle Frontier/Battle Tent facility content; keep for later dedicated HOLD handling,src/battle_message.c::gText_BattleSwitchWhich2,A,PRESERVE_EXISTING,Authoritative preserve evidence,tools/thai/translation/phaseF/batches/phaseF-selected-hold-groups1-4-final-reconcile.csv
dlg_0df3e4bd2f1438fc,battle,Unclassified,battle,HOLD_FOR_SCOPE_DECISION,HOLD,,Raw inventory row; scope not explicitly approved.,src/battle_message.c,1285,gText_BattleSwitchWhich3,GROUP7_SELECTED,,DEFER_NONFACILITY_BATTLE,Not explicit Battle Frontier/Battle Tent facility content; keep for later dedicated HOLD handling,src/battle_message.c::gText_BattleSwitchWhich3,A,PRESERVE_EXISTING,Authoritative preserve evidence,tools/thai/translation/phaseF/batches/phaseF-selected-hold-groups1-4-final-reconcile.csv
dlg_ef6c68be7554da66,battle,Unclassified,battle,HOLD_FOR_SCOPE_DECISION,HOLD,,Raw inventory row; scope not explicitly approved.,src/battle_message.c,1286,gText_BattleSwitchWhich4,GROUP7_SELECTED,,DEFER_NONFACILITY_BATTLE,Not explicit Battle Frontier/Battle Tent facility content; keep for later dedicated HOLD handling,src/battle_message.c::gText_BattleSwitchWhich4,A,PRESERVE_EXISTING,Authoritative preserve evidence,tools/thai/translation/phaseF/batches/phaseF-selected-hold-groups1-4-final-reconcile.csv
dlg_24764fcc7fa89c23,battle,Unclassified,battle,HOLD_FOR_SCOPE_DECISION,HOLD,,Raw inventory row; scope not explicitly approved.,src/battle_message.c,1289,sText_HP,GROUP7_SELECTED,,DEFER_NONFACILITY_BATTLE,Not explicit Battle Frontier/Battle Tent facility content; keep for later dedicated HOLD handling,src/battle_message.c::sText_HP,A,COVERED_ALREADY,Existing translated/closed tracker evidence,tools/thai/translation/phaseF/batches/phaseF-selected-hold-groups1-4-final-reconcile.csv
dlg_52d584c9c449384b,battle,Unclassified,battle,HOLD_FOR_SCOPE_DECISION,HOLD,,Raw inventory row; scope not explicitly approved.,src/battle_message.c,1290,sText_Attack,GROUP7_SELECTED,,DEFER_NONFACILITY_BATTLE,Not explicit Battle Frontier/Battle Tent facility content; keep for later dedicated HOLD handling,src/battle_message.c::sText_Attack,A,COVERED_ALREADY,Existing translated/closed tracker evidence,tools/thai/translation/phaseF/batches/phaseF-selected-hold-groups1-4-final-reconcile.csv
dlg_5608874d2a4ded5c,battle,Unclassified,battle,HOLD_FOR_SCOPE_DECISION,HOLD,,Raw inventory row; scope not explicitly approved.,src/battle_message.c,1291,sText_Defense,GROUP7_SELECTED,,DEFER_NONFACILITY_BATTLE,Not explicit Battle Frontier/Battle Tent facility content; keep for later dedicated HOLD handling,src/battle_message.c::sText_Defense,A,COVERED_ALREADY,Existing translated/closed tracker evidence,tools/thai/translation/phaseF/batches/phaseF-selected-hold-groups1-4-final-reconcile.csv
dlg_dcda5c6f8cec7d1e,battle,Unclassified,battle,HOLD_FOR_SCOPE_DECISION,HOLD,,Raw inventory row; scope not explicitly approved.,src/battle_message.c,1292,sText_SpAtk,GROUP7_SELECTED,,DEFER_NONFACILITY_BATTLE,Not explicit Battle Frontier/Battle Tent facility content; keep for later dedicated HOLD handling,src/battle_message.c::sText_SpAtk,A,COVERED_ALREADY,Existing translated/closed tracker evidence,tools/thai/translation/phaseF/batches/phaseF-selected-hold-groups1-4-final-reconcile.csv
dlg_a220e11573d2fd5f,battle,Unclassified,battle,HOLD_FOR_SCOPE_DECISION,HOLD,,Raw inventory row; scope not explicitly approved.,src/battle_message.c,1293,sText_SpDef,GROUP7_SELECTED,,DEFER_NONFACILITY_BATTLE,Not explicit Battle Frontier/Battle Tent facility content; keep for later dedicated HOLD handling,src/battle_message.c::sText_SpDef,A,COVERED_ALREADY,Existing translated/closed tracker evidence,tools/thai/translation/phaseF/batches/phaseF-selected-hold-groups1-4-final-reconcile.csv
dlg_dcc306ebdfa064b1,battle,Unclassified,battle,HOLD_FOR_SCOPE_DECISION,HOLD,,Raw inventory row; scope not explicitly approved.,src/battle_message.c,1304,gText_Sleep,GROUP7_SELECTED,,DEFER_NONFACILITY_BATTLE,Not explicit Battle Frontier/Battle Tent facility content; keep for later dedicated HOLD handling,src/battle_message.c::gText_Sleep,A,COVERED_ALREADY,Existing translated/closed tracker evidence,tools/thai/translation/phaseF/batches/phaseF-selected-hold-groups1-4-final-reconcile.csv
dlg_bded72e08e2fa312,battle,Unclassified,battle,HOLD_FOR_SCOPE_DECISION,HOLD,,Raw inventory row; scope not explicitly approved.,src/battle_message.c,1305,gText_Poison,GROUP7_SELECTED,,DEFER_NONFACILITY_BATTLE,Not explicit Battle Frontier/Battle Tent facility content; keep for later dedicated HOLD handling,src/battle_message.c::gText_Poison,A,COVERED_ALREADY,Existing translated/closed tracker evidence,tools/thai/translation/phaseF/batches/phaseF-selected-hold-groups1-4-final-reconcile.csv
dlg_bb1ae8b0f57f5538,battle,Unclassified,battle,HOLD_FOR_SCOPE_DECISION,HOLD,,Raw inventory row; scope not explicitly approved.,src/battle_message.c,1306,gText_Burn,GROUP7_SELECTED,,DEFER_NONFACILITY_BATTLE,Not explicit Battle Frontier/Battle Tent facility content; keep for later dedicated HOLD handling,src/battle_message.c::gText_Burn,A,COVERED_ALREADY,Existing translated/closed tracker evidence,tools/thai/translation/phaseF/batches/phaseF-selected-hold-groups1-4-final-reconcile.csv
dlg_4eb12301e8185be6,battle,Unclassified,battle,HOLD_FOR_SCOPE_DECISION,HOLD,,Raw inventory row; scope not explicitly approved.,src/battle_message.c,1307,gText_Paralysis,GROUP7_SELECTED,,DEFER_NONFACILITY_BATTLE,Not explicit Battle Frontier/Battle Tent facility content; keep for later dedicated HOLD handling,src/battle_message.c::gText_Paralysis,A,COVERED_ALREADY,Existing translated/closed tracker evidence,tools/thai/translation/phaseF/batches/phaseF-selected-hold-groups1-4-final-reconcile.csv
dlg_6401db209f0f8d66,battle,Unclassified,battle,HOLD_FOR_SCOPE_DECISION,HOLD,,Raw inventory row; scope not explicitly approved.,src/battle_message.c,1308,gText_Ice,GROUP7_SELECTED,,DEFER_NONFACILITY_BATTLE,Not explicit Battle Frontier/Battle Tent facility content; keep for later dedicated HOLD handling,src/battle_message.c::gText_Ice,A,COVERED_ALREADY,Existing translated/closed tracker evidence,tools/thai/translation/phaseF/batches/phaseF-selected-hold-groups1-4-final-reconcile.csv
dlg_ca2a0d9ee2ed7f92,battle,Unclassified,battle,HOLD_FOR_SCOPE_DECISION,HOLD,,Raw inventory row; scope not explicitly approved.,src/battle_message.c,1309,gText_Confusion,GROUP7_SELECTED,,DEFER_NONFACILITY_BATTLE,Not explicit Battle Frontier/Battle Tent facility content; keep for later dedicated HOLD handling,src/battle_message.c::gText_Confusion,A,COVERED_ALREADY,Existing translated/closed tracker evidence,tools/thai/translation/phaseF/batches/phaseF-selected-hold-groups1-4-final-reconcile.csv
dlg_f57d4bfaa8bb7d00,battle,Unclassified,battle,HOLD_FOR_SCOPE_DECISION,HOLD,,Raw inventory row; scope not explicitly approved.,src/battle_message.c,1310,gText_Love,GROUP7_SELECTED,,DEFER_NONFACILITY_BATTLE,Not explicit Battle Frontier/Battle Tent facility content; keep for later dedicated HOLD handling,src/battle_message.c::gText_Love,A,COVERED_ALREADY,Existing translated/closed tracker evidence,tools/thai/translation/phaseF/batches/phaseF-selected-hold-groups1-4-final-reconcile.csv
dlg_a5525ad8c3dc4360,battle,Unclassified,battle,HOLD_FOR_SCOPE_DECISION,HOLD,,Raw inventory row; scope not explicitly approved.,src/battle_message.c,1311,gText_SpaceAndSpace,GROUP7_SELECTED,,DEFER_NONFACILITY_BATTLE,Not explicit Battle Frontier/Battle Tent facility content; keep for later dedicated HOLD handling,src/battle_message.c::gText_SpaceAndSpace,A,COVERED_ALREADY,Existing translated/closed tracker evidence,tools/thai/translation/phaseF/batches/phaseF-selected-hold-groups1-4-final-reconcile.csv
dlg_58cf88d0b6d10dec,battle,Unclassified,battle,HOLD_FOR_SCOPE_DECISION,HOLD,,Raw inventory row; scope not explicitly approved.,src/battle_message.c,1314,gText_LineBreak,GROUP7_SELECTED,,DEFER_NONFACILITY_BATTLE,Not explicit Battle Frontier/Battle Tent facility content; keep for later dedicated HOLD handling,src/battle_message.c::gText_LineBreak,A,PRESERVE_EXISTING,Authoritative preserve evidence,tools/thai/translation/phaseF/batches/phaseF-selected-hold-groups1-4-final-reconcile.csv
dlg_30d27166569b41a3,battle,Unclassified,battle,HOLD_FOR_SCOPE_DECISION,HOLD,,Raw inventory row; scope not explicitly approved.,src/battle_message.c,1315,gText_NewLine,GROUP7_SELECTED,,DEFER_NONFACILITY_BATTLE,Not explicit Battle Frontier/Battle Tent facility content; keep for later dedicated HOLD handling,src/battle_message.c::gText_NewLine,A,PRESERVE_EXISTING,Authoritative preserve evidence,tools/thai/translation/phaseF/batches/phaseF-selected-hold-groups1-4-final-reconcile.csv
dlg_f50b4cca8dcfa4d5,battle,Unclassified,battle,HOLD_FOR_SCOPE_DECISION,HOLD,,Raw inventory row; scope not explicitly approved.,src/battle_message.c,1316,gText_Are,GROUP7_SELECTED,,DEFER_NONFACILITY_BATTLE,Not explicit Battle Frontier/Battle Tent facility content; keep for later dedicated HOLD handling,src/battle_message.c::gText_Are,A,COVERED_ALREADY,Existing translated/closed tracker evidence,tools/thai/translation/phaseF/batches/phaseF-selected-hold-groups1-4-final-reconcile.csv
dlg_a11933ac4f1dd66d,battle,Unclassified,battle,HOLD_FOR_SCOPE_DECISION,HOLD,,Raw inventory row; scope not explicitly approved.,src/battle_message.c,1317,gText_Are2,GROUP7_SELECTED,,DEFER_NONFACILITY_BATTLE,Not explicit Battle Frontier/Battle Tent facility content; keep for later dedicated HOLD handling,src/battle_message.c::gText_Are2,A,COVERED_ALREADY,Existing translated/closed tracker evidence,tools/thai/translation/phaseF/batches/phaseF-selected-hold-groups1-4-final-reconcile.csv
dlg_bdc40045e25a5f2a,battle,Unclassified,battle,HOLD_FOR_SCOPE_DECISION,HOLD,,Raw inventory row; scope not explicitly approved.,src/battle_message.c,1318,gText_BadEgg,GROUP7_SELECTED,,DEFER_NONFACILITY_BATTLE,Not explicit Battle Frontier/Battle Tent facility content; keep for later dedicated HOLD handling,src/battle_message.c::gText_BadEgg,A,COVERED_ALREADY,Existing translated/closed tracker evidence,tools/thai/translation/phaseF/batches/phaseF-selected-hold-groups1-4-final-reconcile.csv
dlg_0111105804e340b0,battle,Unclassified,battle,HOLD_FOR_SCOPE_DECISION,HOLD,,Raw inventory row; scope not explicitly approved.,src/battle_message.c,1319,gText_BattleWallyName,GROUP7_SELECTED,,DEFER_NONFACILITY_BATTLE,Not explicit Battle Frontier/Battle Tent facility content; keep for later dedicated HOLD handling,src/battle_message.c::gText_BattleWallyName,A,COVERED_ALREADY,Existing translated/closed tracker evidence,tools/thai/translation/phaseF/batches/phaseF-selected-hold-groups1-4-final-reconcile.csv
dlg_81418e6306ed82cd,battle,Unclassified,battle,HOLD_FOR_SCOPE_DECISION,HOLD,,Raw inventory row; scope not explicitly approved.,src/battle_message.c,1320,gText_Win,GROUP7_SELECTED,,DEFER_NONFACILITY_BATTLE,Not explicit Battle Frontier/Battle Tent facility content; keep for later dedicated HOLD handling,src/battle_message.c::gText_Win,A,COVERED_ALREADY,Existing translated/closed tracker evidence,tools/thai/translation/phaseF/batches/phaseF-selected-hold-groups1-4-final-reconcile.csv
dlg_ae44fde3a8b4aca1,battle,Unclassified,battle,HOLD_FOR_SCOPE_DECISION,HOLD,,Raw inventory row; scope not explicitly approved.,src/battle_message.c,1321,gText_Loss,GROUP7_SELECTED,,DEFER_NONFACILITY_BATTLE,Not explicit Battle Frontier/Battle Tent facility content; keep for later dedicated HOLD handling,src/battle_message.c::gText_Loss,A,COVERED_ALREADY,Existing translated/closed tracker evidence,tools/thai/translation/phaseF/batches/phaseF-selected-hold-groups1-4-final-reconcile.csv
dlg_b7bd8f39798c310e,battle,Unclassified,battle,HOLD_FOR_SCOPE_DECISION,HOLD,,Raw inventory row; scope not explicitly approved.,src/battle_message.c,1322,gText_Draw,GROUP7_SELECTED,,DEFER_NONFACILITY_BATTLE,Not explicit Battle Frontier/Battle Tent facility content; keep for later dedicated HOLD handling,src/battle_message.c::gText_Draw,A,COVERED_ALREADY,Existing translated/closed tracker evidence,tools/thai/translation/phaseF/batches/phaseF-selected-hold-groups1-4-final-reconcile.csv
dlg_a9b9a77901eb7e44,battle,Unclassified,battle,HOLD_FOR_SCOPE_DECISION,HOLD,,Raw inventory row; scope not explicitly approved.,src/battle_message.c,1330,inline_1330,GROUP7_SELECTED,,DEFER_NONFACILITY_BATTLE,Not explicit Battle Frontier/Battle Tent facility content; keep for later dedicated HOLD handling,src/battle_message.c::inline_1330,A,PRESERVE_EXISTING,Authoritative preserve evidence,tools/thai/translation/phaseF/batches/phaseF-selected-hold-groups1-4-final-reconcile.csv
dlg_86fe1974231794e9,battle,Unclassified,battle,HOLD_FOR_SCOPE_DECISION,HOLD,,Raw inventory row; scope not explicitly approved.,src/battle_message.c,1331,inline_1331,GROUP7_SELECTED,,DEFER_NONFACILITY_BATTLE,Not explicit Battle Frontier/Battle Tent facility content; keep for later dedicated HOLD handling,src/battle_message.c::inline_1331,A,PRESERVE_EXISTING,Authoritative preserve evidence,tools/thai/translation/phaseF/batches/phaseF-selected-hold-groups1-4-final-reconcile.csv
dlg_e34df161a926c346,battle,Unclassified,battle,HOLD_FOR_SCOPE_DECISION,HOLD,,Raw inventory row; scope not explicitly approved.,src/battle_message.c,1332,inline_1332,GROUP7_SELECTED,,DEFER_NONFACILITY_BATTLE,Not explicit Battle Frontier/Battle Tent facility content; keep for later dedicated HOLD handling,src/battle_message.c::inline_1332,A,PRESERVE_EXISTING,Authoritative preserve evidence,tools/thai/translation/phaseF/batches/phaseF-selected-hold-groups1-4-final-reconcile.csv
dlg_9274dcd7d373f87f,battle,Unclassified,battle,HOLD_FOR_SCOPE_DECISION,HOLD,,Raw inventory row; scope not explicitly approved.,src/battle_message.c,1333,inline_1333,GROUP7_SELECTED,,DEFER_NONFACILITY_BATTLE,Not explicit Battle Frontier/Battle Tent facility content; keep for later dedicated HOLD handling,src/battle_message.c::inline_1333,A,PRESERVE_EXISTING,Authoritative preserve evidence,tools/thai/translation/phaseF/batches/phaseF-selected-hold-groups1-4-final-reconcile.csv
dlg_b3c695a74ae2c544,battle,Unclassified,battle,HOLD_FOR_SCOPE_DECISION,HOLD,,Raw inventory row; scope not explicitly approved.,src/battle_message.c,1334,inline_1334,GROUP7_SELECTED,,DEFER_NONFACILITY_BATTLE,Not explicit Battle Frontier/Battle Tent facility content; keep for later dedicated HOLD handling,src/battle_message.c::inline_1334,A,PRESERVE_EXISTING,Authoritative preserve evidence,tools/thai/translation/phaseF/batches/phaseF-selected-hold-groups1-4-final-reconcile.csv
dlg_c1cc56deaa214b2c,battle,Unclassified,battle,HOLD_FOR_SCOPE_DECISION,HOLD,,Raw inventory row; scope not explicitly approved.,src/battle_message.c,1335,inline_1335,GROUP7_SELECTED,,DEFER_NONFACILITY_BATTLE,Not explicit Battle Frontier/Battle Tent facility content; keep for later dedicated HOLD handling,src/battle_message.c::inline_1335,A,PRESERVE_EXISTING,Authoritative preserve evidence,tools/thai/translation/phaseF/batches/phaseF-selected-hold-groups1-4-final-reconcile.csv
dlg_d0757dad7a5bb9a2,battle,Unclassified,battle,HOLD_FOR_SCOPE_DECISION,HOLD,,Raw inventory row; scope not explicitly approved.,src/battle_message.c,1336,inline_1336,GROUP7_SELECTED,,DEFER_NONFACILITY_BATTLE,Not explicit Battle Frontier/Battle Tent facility content; keep for later dedicated HOLD handling,src/battle_message.c::inline_1336,A,PRESERVE_EXISTING,Authoritative preserve evidence,tools/thai/translation/phaseF/batches/phaseF-selected-hold-groups1-4-final-reconcile.csv
dlg_491a1d9448411f6c,battle,Unclassified,battle,HOLD_FOR_SCOPE_DECISION,HOLD,,Raw inventory row; scope not explicitly approved.,src/battle_message.c,1337,inline_1337,GROUP7_SELECTED,,DEFER_NONFACILITY_BATTLE,Not explicit Battle Frontier/Battle Tent facility content; keep for later dedicated HOLD handling,src/battle_message.c::inline_1337,A,PRESERVE_EXISTING,Authoritative preserve evidence,tools/thai/translation/phaseF/batches/phaseF-selected-hold-groups1-4-final-reconcile.csv
dlg_2abe105fba60b570,battle,Unclassified,battle,HOLD_FOR_SCOPE_DECISION,HOLD,,Raw inventory row; scope not explicitly approved.,src/battle_message.c,1338,inline_1338,GROUP7_SELECTED,,DEFER_NONFACILITY_BATTLE,Not explicit Battle Frontier/Battle Tent facility content; keep for later dedicated HOLD handling,src/battle_message.c::inline_1338,A,PRESERVE_EXISTING,Authoritative preserve evidence,tools/thai/translation/phaseF/batches/phaseF-selected-hold-groups1-4-final-reconcile.csv
dlg_747e88b7d63eff83,battle,Unclassified,battle,HOLD_FOR_SCOPE_DECISION,HOLD,,Raw inventory row; scope not explicitly approved.,src/battle_message.c,1339,inline_1339,GROUP7_SELECTED,,DEFER_NONFACILITY_BATTLE,Not explicit Battle Frontier/Battle Tent facility content; keep for later dedicated HOLD handling,src/battle_message.c::inline_1339,A,PRESERVE_EXISTING,Authoritative preserve evidence,tools/thai/translation/phaseF/batches/phaseF-selected-hold-groups1-4-final-reconcile.csv
dlg_20d276a463faaa0f,battle,Unclassified,battle,HOLD_FOR_SCOPE_DECISION,HOLD,,Raw inventory row; scope not explicitly approved.,src/battle_message.c,1340,inline_1340,GROUP7_SELECTED,,DEFER_NONFACILITY_BATTLE,Not explicit Battle Frontier/Battle Tent facility content; keep for later dedicated HOLD handling,src/battle_message.c::inline_1340,A,PRESERVE_EXISTING,Authoritative preserve evidence,tools/thai/translation/phaseF/batches/phaseF-selected-hold-groups1-4-final-reconcile.csv
dlg_734bfcd40c696944,battle,Unclassified,battle,HOLD_FOR_SCOPE_DECISION,HOLD,,Raw inventory row; scope not explicitly approved.,src/battle_message.c,1341,inline_1341,GROUP7_SELECTED,,DEFER_NONFACILITY_BATTLE,Not explicit Battle Frontier/Battle Tent facility content; keep for later dedicated HOLD handling,src/battle_message.c::inline_1341,A,PRESERVE_EXISTING,Authoritative preserve evidence,tools/thai/translation/phaseF/batches/phaseF-selected-hold-groups1-4-final-reconcile.csv
dlg_f5c77705e3d74a9b,battle,Unclassified,battle,HOLD_FOR_SCOPE_DECISION,HOLD,,Raw inventory row; scope not explicitly approved.,src/battle_message.c,1342,inline_1342,GROUP7_SELECTED,,DEFER_NONFACILITY_BATTLE,Not explicit Battle Frontier/Battle Tent facility content; keep for later dedicated HOLD handling,src/battle_message.c::inline_1342,A,PRESERVE_EXISTING,Authoritative preserve evidence,tools/thai/translation/phaseF/batches/phaseF-selected-hold-groups1-4-final-reconcile.csv
dlg_bd024f46a14c6c61,battle,Unclassified,battle,HOLD_FOR_SCOPE_DECISION,HOLD,,Raw inventory row; scope not explicitly approved.,src/battle_message.c,1343,inline_1343,GROUP7_SELECTED,,DEFER_NONFACILITY_BATTLE,Not explicit Battle Frontier/Battle Tent facility content; keep for later dedicated HOLD handling,src/battle_message.c::inline_1343,A,PRESERVE_EXISTING,Authoritative preserve evidence,tools/thai/translation/phaseF/batches/phaseF-selected-hold-groups1-4-final-reconcile.csv
dlg_8ac02ec03b7d0e04,battle,Unclassified,battle,HOLD_FOR_SCOPE_DECISION,HOLD,,Raw inventory row; scope not explicitly approved.,src/battle_message.c,1344,inline_1344,GROUP7_SELECTED,,DEFER_NONFACILITY_BATTLE,Not explicit Battle Frontier/Battle Tent facility content; keep for later dedicated HOLD handling,src/battle_message.c::inline_1344,A,PRESERVE_EXISTING,Authoritative preserve evidence,tools/thai/translation/phaseF/batches/phaseF-selected-hold-groups1-4-final-reconcile.csv
dlg_611c4570718abb1a,battle,Unclassified,battle,HOLD_FOR_SCOPE_DECISION,HOLD,,Raw inventory row; scope not explicitly approved.,src/battle_message.c,1345,inline_1345,GROUP7_SELECTED,,DEFER_NONFACILITY_BATTLE,Not explicit Battle Frontier/Battle Tent facility content; keep for later dedicated HOLD handling,src/battle_message.c::inline_1345,A,PRESERVE_EXISTING,Authoritative preserve evidence,tools/thai/translation/phaseF/batches/phaseF-selected-hold-groups1-4-final-reconcile.csv
dlg_a74ff234cf1b59fc,battle,Unclassified,battle,HOLD_FOR_SCOPE_DECISION,HOLD,,Raw inventory row; scope not explicitly approved.,src/battle_message.c,1346,inline_1346,GROUP7_SELECTED,,DEFER_NONFACILITY_BATTLE,Not explicit Battle Frontier/Battle Tent facility content; keep for later dedicated HOLD handling,src/battle_message.c::inline_1346,A,PRESERVE_EXISTING,Authoritative preserve evidence,tools/thai/translation/phaseF/batches/phaseF-selected-hold-groups1-4-final-reconcile.csv
dlg_f390c2234418ad02,battle,Unclassified,battle,HOLD_FOR_SCOPE_DECISION,HOLD,,Raw inventory row; scope not explicitly approved.,src/battle_message.c,1347,inline_1347,GROUP7_SELECTED,,DEFER_NONFACILITY_BATTLE,Not explicit Battle Frontier/Battle Tent facility content; keep for later dedicated HOLD handling,src/battle_message.c::inline_1347,A,PRESERVE_EXISTING,Authoritative preserve evidence,tools/thai/translation/phaseF/batches/phaseF-selected-hold-groups1-4-final-reconcile.csv
dlg_567fd009b02b2529,battle,Unclassified,battle,HOLD_FOR_SCOPE_DECISION,HOLD,,Raw inventory row; scope not explicitly approved.,src/battle_message.c,1350,gText_BattleTourney,GROUP7_SELECTED,,DEFER_NONFACILITY_BATTLE,Not explicit Battle Frontier/Battle Tent facility content; keep for later dedicated HOLD handling,src/battle_message.c::gText_BattleTourney,A,COVERED_ALREADY,Existing translated/closed tracker evidence,tools/thai/translation/phaseF/batches/phaseF-selected-hold-groups1-4-final-reconcile.csv
dlg_c0d6e77ab3cd8d04,battle,Unclassified,battle,HOLD_FOR_SCOPE_DECISION,HOLD,,Raw inventory row; scope not explicitly approved.,src/battle_message.c,1351,sText_Round1,GROUP7_SELECTED,,DEFER_NONFACILITY_BATTLE,Not explicit Battle Frontier/Battle Tent facility content; keep for later dedicated HOLD handling,src/battle_message.c::sText_Round1,A,COVERED_ALREADY,Existing translated/closed tracker evidence,tools/thai/translation/phaseF/batches/phaseF-selected-hold-groups1-4-final-reconcile.csv
dlg_68a7cb12e0e28da7,battle,Unclassified,battle,HOLD_FOR_SCOPE_DECISION,HOLD,,Raw inventory row; scope not explicitly approved.,src/battle_message.c,1352,sText_Round2,GROUP7_SELECTED,,DEFER_NONFACILITY_BATTLE,Not explicit Battle Frontier/Battle Tent facility content; keep for later dedicated HOLD handling,src/battle_message.c::sText_Round2,A,COVERED_ALREADY,Existing translated/closed tracker evidence,tools/thai/translation/phaseF/batches/phaseF-selected-hold-groups1-4-final-reconcile.csv
dlg_4e8328fb4081e25a,battle,Unclassified,battle,HOLD_FOR_SCOPE_DECISION,HOLD,,Raw inventory row; scope not explicitly approved.,src/battle_message.c,1353,sText_Semifinal,GROUP7_SELECTED,,DEFER_NONFACILITY_BATTLE,Not explicit Battle Frontier/Battle Tent facility content; keep for later dedicated HOLD handling,src/battle_message.c::sText_Semifinal,A,COVERED_ALREADY,Existing translated/closed tracker evidence,tools/thai/translation/phaseF/batches/phaseF-selected-hold-groups1-4-final-reconcile.csv
dlg_5ad76a77eed05016,battle,Unclassified,battle,HOLD_FOR_SCOPE_DECISION,HOLD,,Raw inventory row; scope not explicitly approved.,src/battle_message.c,1354,sText_Final,GROUP7_SELECTED,,DEFER_NONFACILITY_BATTLE,Not explicit Battle Frontier/Battle Tent facility content; keep for later dedicated HOLD handling,src/battle_message.c::sText_Final,A,COVERED_ALREADY,Existing translated/closed tracker evidence,tools/thai/translation/phaseF/batches/phaseF-selected-hold-groups1-4-final-reconcile.csv
dlg_bcc8a5dc3bd73e68,battle,Unclassified,battle,HOLD_FOR_SCOPE_DECISION,HOLD,,Raw inventory row; scope not explicitly approved.,src/battle_message.c,1364,gText_TheGreatNewHope,GROUP7_SELECTED,,DEFER_NONFACILITY_BATTLE,Not explicit Battle Frontier/Battle Tent facility content; keep for later dedicated HOLD handling,src/battle_message.c::gText_TheGreatNewHope,A,COVERED_ALREADY,Existing translated/closed tracker evidence,tools/thai/translation/phaseF/batches/phaseF-selected-hold-groups1-4-final-reconcile.csv
dlg_7ccdcb753eca0a0a,battle,Unclassified,battle,HOLD_FOR_SCOPE_DECISION,HOLD,,Raw inventory row; scope not explicitly approved.,src/battle_message.c,1365,gText_WillChampionshipDreamComeTrue,GROUP7_SELECTED,,DEFER_NONFACILITY_BATTLE,Not explicit Battle Frontier/Battle Tent facility content; keep for later dedicated HOLD handling,src/battle_message.c::gText_WillChampionshipDreamComeTrue,A,COVERED_ALREADY,Existing translated/closed tracker evidence,tools/thai/translation/phaseF/batches/phaseF-selected-hold-groups1-4-final-reconcile.csv
dlg_2e76c69e8583a210,battle,Unclassified,battle,HOLD_FOR_SCOPE_DECISION,HOLD,,Raw inventory row; scope not explicitly approved.,src/battle_message.c,1366,gText_AFormerChampion,GROUP7_SELECTED,,DEFER_NONFACILITY_BATTLE,Not explicit Battle Frontier/Battle Tent facility content; keep for later dedicated HOLD handling,src/battle_message.c::gText_AFormerChampion,A,COVERED_ALREADY,Existing translated/closed tracker evidence,tools/thai/translation/phaseF/batches/phaseF-selected-hold-groups1-4-final-reconcile.csv
dlg_9a2dc6bb4388eb7e,battle,Unclassified,battle,HOLD_FOR_SCOPE_DECISION,HOLD,,Raw inventory row; scope not explicitly approved.,src/battle_message.c,1367,gText_ThePreviousChampion,GROUP7_SELECTED,,DEFER_NONFACILITY_BATTLE,Not explicit Battle Frontier/Battle Tent facility content; keep for later dedicated HOLD handling,src/battle_message.c::gText_ThePreviousChampion,A,COVERED_ALREADY,Existing translated/closed tracker evidence,tools/thai/translation/phaseF/batches/phaseF-selected-hold-groups1-4-final-reconcile.csv
dlg_a55ce5c8c44d43be,battle,Unclassified,battle,HOLD_FOR_SCOPE_DECISION,HOLD,,Raw inventory row; scope not explicitly approved.,src/battle_message.c,1368,gText_TheUnbeatenChampion,GROUP7_SELECTED,,DEFER_NONFACILITY_BATTLE,Not explicit Battle Frontier/Battle Tent facility content; keep for later dedicated HOLD handling,src/battle_message.c::gText_TheUnbeatenChampion,A,COVERED_ALREADY,Existing translated/closed tracker evidence,tools/thai/translation/phaseF/batches/phaseF-selected-hold-groups1-4-final-reconcile.csv
dlg_27e123b3b098d3fc,battle,Unclassified,battle,HOLD_FOR_SCOPE_DECISION,HOLD,,Raw inventory row; scope not explicitly approved.,src/battle_message.c,1369,gText_PlayerMon1Name,GROUP7_SELECTED,,DEFER_NONFACILITY_BATTLE,Not explicit Battle Frontier/Battle Tent facility content; keep for later dedicated HOLD handling,src/battle_message.c::gText_PlayerMon1Name,A,PRESERVE_EXISTING,Authoritative preserve evidence,tools/thai/translation/phaseF/batches/phaseF-selected-hold-groups1-4-final-reconcile.csv
dlg_b2a9fed5970fcb69,battle,Unclassified,battle,HOLD_FOR_SCOPE_DECISION,HOLD,,Raw inventory row; scope not explicitly approved.,src/battle_message.c,1370,gText_Vs,GROUP7_SELECTED,,DEFER_NONFACILITY_BATTLE,Not explicit Battle Frontier/Battle Tent facility content; keep for later dedicated HOLD handling,src/battle_message.c::gText_Vs,A,COVERED_ALREADY,Existing translated/closed tracker evidence,tools/thai/translation/phaseF/batches/phaseF-selected-hold-groups1-4-final-reconcile.csv
dlg_c00b20703c44740c,battle,Unclassified,battle,HOLD_FOR_SCOPE_DECISION,HOLD,,Raw inventory row; scope not explicitly approved.,src/battle_message.c,1371,gText_OpponentMon1Name,GROUP7_SELECTED,,DEFER_NONFACILITY_BATTLE,Not explicit Battle Frontier/Battle Tent facility content; keep for later dedicated HOLD handling,src/battle_message.c::gText_OpponentMon1Name,A,PRESERVE_EXISTING,Authoritative preserve evidence,tools/thai/translation/phaseF/batches/phaseF-selected-hold-groups1-4-final-reconcile.csv
dlg_b77d2a86b6aee6f3,battle,Unclassified,battle,HOLD_FOR_SCOPE_DECISION,HOLD,,Raw inventory row; scope not explicitly approved.,src/battle_message.c,1372,gText_Mind,GROUP7_SELECTED,,DEFER_NONFACILITY_BATTLE,Not explicit Battle Frontier/Battle Tent facility content; keep for later dedicated HOLD handling,src/battle_message.c::gText_Mind,A,COVERED_ALREADY,Existing translated/closed tracker evidence,tools/thai/translation/phaseF/batches/phaseF-selected-hold-groups1-4-final-reconcile.csv
dlg_6a59c64521e79d2e,battle,Unclassified,battle,HOLD_FOR_SCOPE_DECISION,HOLD,,Raw inventory row; scope not explicitly approved.,src/battle_message.c,1373,gText_Skill,GROUP7_SELECTED,,DEFER_NONFACILITY_BATTLE,Not explicit Battle Frontier/Battle Tent facility content; keep for later dedicated HOLD handling,src/battle_message.c::gText_Skill,A,COVERED_ALREADY,Existing translated/closed tracker evidence,tools/thai/translation/phaseF/batches/phaseF-selected-hold-groups1-4-final-reconcile.csv
dlg_70bfb0bac1d64b33,battle,Unclassified,battle,HOLD_FOR_SCOPE_DECISION,HOLD,,Raw inventory row; scope not explicitly approved.,src/battle_message.c,1374,gText_Body,GROUP7_SELECTED,,DEFER_NONFACILITY_BATTLE,Not explicit Battle Frontier/Battle Tent facility content; keep for later dedicated HOLD handling,src/battle_message.c::gText_Body,A,COVERED_ALREADY,Existing translated/closed tracker evidence,tools/thai/translation/phaseF/batches/phaseF-selected-hold-groups1-4-final-reconcile.csv
dlg_ade568d528bb502a,battle,Unclassified,battle,HOLD_FOR_SCOPE_DECISION,HOLD,,Raw inventory row; scope not explicitly approved.,src/battle_message.c,1375,gText_Judgment,GROUP7_SELECTED,,DEFER_NONFACILITY_BATTLE,Not explicit Battle Frontier/Battle Tent facility content; keep for later dedicated HOLD handling,src/battle_message.c::gText_Judgment,A,COVERED_ALREADY,Existing translated/closed tracker evidence,tools/thai/translation/phaseF/batches/phaseF-selected-hold-groups1-4-final-reconcile.csv
dlg_33d2a8d4b8588c50,battle,Unclassified,battle,HOLD_FOR_SCOPE_DECISION,HOLD,,Raw inventory row; scope not explicitly approved.,src/battle_message.c,1396,sText_RefIfNothingIsDecided,GROUP7_SELECTED,,DEFER_NONFACILITY_BATTLE,Not explicit Battle Frontier/Battle Tent facility content; keep for later dedicated HOLD handling,src/battle_message.c::sText_RefIfNothingIsDecided,A,COVERED_ALREADY,Existing translated/closed tracker evidence,tools/thai/translation/phaseF/batches/phaseF-selected-hold-groups1-4-final-reconcile.csv
dlg_af89f9de26a68eb9,battle,Unclassified,battle,HOLD_FOR_SCOPE_DECISION,HOLD,,Raw inventory row; scope not explicitly approved.,src/battle_message.c,1397,sText_RefThatsIt,GROUP7_SELECTED,,DEFER_NONFACILITY_BATTLE,Not explicit Battle Frontier/Battle Tent facility content; keep for later dedicated HOLD handling,src/battle_message.c::sText_RefThatsIt,A,COVERED_ALREADY,Existing translated/closed tracker evidence,tools/thai/translation/phaseF/batches/phaseF-selected-hold-groups1-4-final-reconcile.csv
dlg_93383eb21ea1dcc5,battle,Unclassified,battle,HOLD_FOR_SCOPE_DECISION,HOLD,,Raw inventory row; scope not explicitly approved.,src/battle_message.c,1398,sText_RefJudgeMind,GROUP7_SELECTED,,DEFER_NONFACILITY_BATTLE,Not explicit Battle Frontier/Battle Tent facility content; keep for later dedicated HOLD handling,src/battle_message.c::sText_RefJudgeMind,A,COVERED_ALREADY,Existing translated/closed tracker evidence,tools/thai/translation/phaseF/batches/phaseF-selected-hold-groups1-4-final-reconcile.csv
dlg_46d6a034d3e208a6,battle,Unclassified,battle,HOLD_FOR_SCOPE_DECISION,HOLD,,Raw inventory row; scope not explicitly approved.,src/battle_message.c,1399,sText_RefJudgeSkill,GROUP7_SELECTED,,DEFER_NONFACILITY_BATTLE,Not explicit Battle Frontier/Battle Tent facility content; keep for later dedicated HOLD handling,src/battle_message.c::sText_RefJudgeSkill,A,COVERED_ALREADY,Existing translated/closed tracker evidence,tools/thai/translation/phaseF/batches/phaseF-selected-hold-groups1-4-final-reconcile.csv
dlg_9a7a1710dd1690da,battle,Unclassified,battle,HOLD_FOR_SCOPE_DECISION,HOLD,,Raw inventory row; scope not explicitly approved.,src/battle_message.c,1400,sText_RefJudgeBody,GROUP7_SELECTED,,DEFER_NONFACILITY_BATTLE,Not explicit Battle Frontier/Battle Tent facility content; keep for later dedicated HOLD handling,src/battle_message.c::sText_RefJudgeBody,A,COVERED_ALREADY,Existing translated/closed tracker evidence,tools/thai/translation/phaseF/batches/phaseF-selected-hold-groups1-4-final-reconcile.csv
dlg_cbd3b651ba03fbde,battle,Unclassified,battle,HOLD_FOR_SCOPE_DECISION,HOLD,,Raw inventory row; scope not explicitly approved.,src/battle_message.c,1401,sText_RefPlayerWon,GROUP7_SELECTED,,DEFER_NONFACILITY_BATTLE,Not explicit Battle Frontier/Battle Tent facility content; keep for later dedicated HOLD handling,src/battle_message.c::sText_RefPlayerWon,A,COVERED_ALREADY,Existing translated/closed tracker evidence,tools/thai/translation/phaseF/batches/phaseF-selected-hold-groups1-4-final-reconcile.csv
dlg_369a20446bbd7afe,battle,Unclassified,battle,HOLD_FOR_SCOPE_DECISION,HOLD,,Raw inventory row; scope not explicitly approved.,src/battle_message.c,1402,sText_RefOpponentWon,GROUP7_SELECTED,,DEFER_NONFACILITY_BATTLE,Not explicit Battle Frontier/Battle Tent facility content; keep for later dedicated HOLD handling,src/battle_message.c::sText_RefOpponentWon,A,COVERED_ALREADY,Existing translated/closed tracker evidence,tools/thai/translation/phaseF/batches/phaseF-selected-hold-groups1-4-final-reconcile.csv
dlg_90fa0c019661ee95,battle,Unclassified,battle,HOLD_FOR_SCOPE_DECISION,HOLD,,Raw inventory row; scope not explicitly approved.,src/battle_message.c,1403,sText_RefDraw,GROUP7_SELECTED,,DEFER_NONFACILITY_BATTLE,Not explicit Battle Frontier/Battle Tent facility content; keep for later dedicated HOLD handling,src/battle_message.c::sText_RefDraw,A,COVERED_ALREADY,Existing translated/closed tracker evidence,tools/thai/translation/phaseF/batches/phaseF-selected-hold-groups1-4-final-reconcile.csv
dlg_ddbeda202345bd61,battle,Unclassified,battle,HOLD_FOR_SCOPE_DECISION,HOLD,,Raw inventory row; scope not explicitly approved.,src/battle_message.c,1407,sText_RefCommenceBattle,GROUP7_SELECTED,,DEFER_NONFACILITY_BATTLE,Not explicit Battle Frontier/Battle Tent facility content; keep for later dedicated HOLD handling,src/battle_message.c::sText_RefCommenceBattle,A,COVERED_ALREADY,Existing translated/closed tracker evidence,tools/thai/translation/phaseF/batches/phaseF-selected-hold-groups1-4-final-reconcile.csv
dlg_0cb2abcf8e775982,battle,Unclassified,battle,HOLD_FOR_SCOPE_DECISION,HOLD,,Raw inventory row; scope not explicitly approved.,src/battle_message.c,1429,gText_RecordBattleToPass,GROUP7_SELECTED,,DEFER_NONFACILITY_BATTLE,Not explicit Battle Frontier/Battle Tent facility content; keep for later dedicated HOLD handling,src/battle_message.c::gText_RecordBattleToPass,A,COVERED_ALREADY,Existing translated/closed tracker evidence,tools/thai/translation/phaseF/batches/phaseF-selected-hold-groups1-4-final-reconcile.csv
dlg_cd2129ad4b61138c,battle,Unclassified,battle,HOLD_FOR_SCOPE_DECISION,HOLD,,Raw inventory row; scope not explicitly approved.,src/battle_message.c,1430,gText_BattleRecordedOnPass,GROUP7_SELECTED,,DEFER_NONFACILITY_BATTLE,Not explicit Battle Frontier/Battle Tent facility content; keep for later dedicated HOLD handling,src/battle_message.c::gText_BattleRecordedOnPass,A,COVERED_ALREADY,Existing translated/closed tracker evidence,tools/thai/translation/phaseF/batches/phaseF-selected-hold-groups1-4-final-reconcile.csv
dlg_7045337a6a905158,battle,Unclassified,battle,HOLD_FOR_SCOPE_DECISION,HOLD,,Raw inventory row; scope not explicitly approved.,src/data/easy_chat/easy_chat_group_events.h,13,gEasyChatWord_BattleTower,GROUP7_SELECTED,,DEFER_NONFACILITY_BATTLE,Not explicit Battle Frontier/Battle Tent facility content; keep for later dedicated HOLD handling,src/data/easy_chat/easy_chat_group_events.h::gEasyChatWord_BattleTower,I,HOLD_FOR_CONTEXT,User-approved Group I HOLD,
dlg_22087aaf3d011760,battle,Unclassified,battle,HOLD_FOR_SCOPE_DECISION,HOLD,,Raw inventory row; scope not explicitly approved.,src/data/easy_chat/easy_chat_group_events.h,15,gEasyChatWord_BattleRoom,GROUP7_SELECTED,,DEFER_NONFACILITY_BATTLE,Not explicit Battle Frontier/Battle Tent facility content; keep for later dedicated HOLD handling,src/data/easy_chat/easy_chat_group_events.h::gEasyChatWord_BattleRoom,I,HOLD_FOR_CONTEXT,User-approved Group I HOLD,
dlg_a0a65eff5a24dc55,battle,Unclassified,battle,HOLD_FOR_SCOPE_DECISION,HOLD,,Raw inventory row; scope not explicitly approved.,src/data/easy_chat/easy_chat_group_status.h,24,gEasyChatWord_BattleArmor,GROUP7_SELECTED,,DEFER_NONFACILITY_BATTLE,Not explicit Battle Frontier/Battle Tent facility content; keep for later dedicated HOLD handling,src/data/easy_chat/easy_chat_group_status.h::gEasyChatWord_BattleArmor,I,HOLD_FOR_CONTEXT,User-approved Group I HOLD,
dlg_f01811aa33f73480,battle,Unclassified,battle,HOLD_FOR_SCOPE_DECISION,HOLD,,Raw inventory row; scope not explicitly approved.,src/strings.c,651,gText_SingleBattle,GROUP7_SELECTED,,DEFER_NONFACILITY_BATTLE,Not explicit Battle Frontier/Battle Tent facility content; keep for later dedicated HOLD handling,src/strings.c::gText_SingleBattle,E,NOT_APPLICABLE,Authoritative N/A evidence,tools/thai/translation/phaseF/batches/phaseF-selected-hold-groups1-4-final-reconcile.csv
dlg_54996bcee5491776,battle,Unclassified,battle,HOLD_FOR_SCOPE_DECISION,HOLD,,Raw inventory row; scope not explicitly approved.,src/strings.c,652,gText_DoubleBattle,GROUP7_SELECTED,,DEFER_NONFACILITY_BATTLE,Not explicit Battle Frontier/Battle Tent facility content; keep for later dedicated HOLD handling,src/strings.c::gText_DoubleBattle,E,NOT_APPLICABLE,Authoritative N/A evidence,tools/thai/translation/phaseF/batches/phaseF-selected-hold-groups1-4-final-reconcile.csv
dlg_e2679b507f4d7f40,battle,Unclassified,battle,HOLD_FOR_SCOPE_DECISION,HOLD,,Raw inventory row; scope not explicitly approved.,src/strings.c,653,gText_MultiBattle,GROUP7_SELECTED,,DEFER_NONFACILITY_BATTLE,Not explicit Battle Frontier/Battle Tent facility content; keep for later dedicated HOLD handling,src/strings.c::gText_MultiBattle,E,NOT_APPLICABLE,Authoritative N/A evidence,tools/thai/translation/phaseF/batches/phaseF-selected-hold-groups1-4-final-reconcile.csv
dlg_aae1db8034a17739,battle,Unclassified,battle,HOLD_FOR_SCOPE_DECISION,HOLD,,Raw inventory row; scope not explicitly approved.,src/strings.c,733,gText_BattleBag,GROUP7_SELECTED,,DEFER_NONFACILITY_BATTLE,Not explicit Battle Frontier/Battle Tent facility content; keep for later dedicated HOLD handling,src/strings.c::gText_BattleBag,E,NOT_APPLICABLE,Authoritative N/A evidence,tools/thai/translation/phaseF/batches/phaseF-selected-hold-groups1-4-final-reconcile.csv
dlg_3b257e9a2fd46bd3,battle,Unclassified,battle,HOLD_FOR_SCOPE_DECISION,HOLD,,Raw inventory row; scope not explicitly approved.,src/strings.c,760,gText_IllBattleNow,GROUP7_SELECTED,,DEFER_NONFACILITY_BATTLE,Not explicit Battle Frontier/Battle Tent facility content; keep for later dedicated HOLD handling,src/strings.c::gText_IllBattleNow,E,NOT_APPLICABLE,Authoritative N/A evidence,tools/thai/translation/phaseF/batches/phaseF-selected-hold-groups1-4-final-reconcile.csv
dlg_8991e7a992d5772b,battle,Unclassified,battle,HOLD_FOR_SCOPE_DECISION,HOLD,,Raw inventory row; scope not explicitly approved.,src/strings.c,809,gText_BattleBag2,GROUP7_SELECTED,,DEFER_NONFACILITY_BATTLE,Not explicit Battle Frontier/Battle Tent facility content; keep for later dedicated HOLD handling,src/strings.c::gText_BattleBag2,E,NOT_APPLICABLE,Authoritative N/A evidence,tools/thai/translation/phaseF/batches/phaseF-selected-hold-groups1-4-final-reconcile.csv
dlg_d2e5881f38c979ce,battle,Unclassified,battle,HOLD_FOR_SCOPE_DECISION,HOLD,,Raw inventory row; scope not explicitly approved.,src/strings.c,813,gText_BattlePokemon,GROUP7_SELECTED,,DEFER_NONFACILITY_BATTLE,Not explicit Battle Frontier/Battle Tent facility content; keep for later dedicated HOLD handling,src/strings.c::gText_BattlePokemon,E,NOT_APPLICABLE,Authoritative N/A evidence,tools/thai/translation/phaseF/batches/phaseF-selected-hold-groups1-4-final-reconcile.csv
dlg_35910af2eb262692,battle,Unclassified,battle,HOLD_FOR_SCOPE_DECISION,HOLD,,Raw inventory row; scope not explicitly approved.,src/strings.c,1021,gText_YourFeelingAtTheBattlesStart,GROUP7_SELECTED,,DEFER_NONFACILITY_BATTLE,Not explicit Battle Frontier/Battle Tent facility content; keep for later dedicated HOLD handling,src/strings.c::gText_YourFeelingAtTheBattlesStart,E,NOT_APPLICABLE,Authoritative N/A evidence,tools/thai/translation/phaseF/batches/phaseF-selected-hold-groups1-4-final-reconcile.csv
dlg_d1336abac533bc04,battle,Unclassified,battle,HOLD_FOR_SCOPE_DECISION,HOLD,,Raw inventory row; scope not explicitly approved.,src/strings.c,1066,gText_AtTheBattlesStart,GROUP7_SELECTED,,DEFER_NONFACILITY_BATTLE,Not explicit Battle Frontier/Battle Tent facility content; keep for later dedicated HOLD handling,src/strings.c::gText_AtTheBattlesStart,E,NOT_APPLICABLE,Authoritative N/A evidence,tools/thai/translation/phaseF/batches/phaseF-selected-hold-groups1-4-final-reconcile.csv
dlg_7030b9f9b3a7703f,battle,Unclassified,battle,HOLD_FOR_SCOPE_DECISION,HOLD,,Raw inventory row; scope not explicitly approved.,src/strings.c,1067,gText_UponWinningABattle,GROUP7_SELECTED,,DEFER_NONFACILITY_BATTLE,Not explicit Battle Frontier/Battle Tent facility content; keep for later dedicated HOLD handling,src/strings.c::gText_UponWinningABattle,E,NOT_APPLICABLE,Authoritative N/A evidence,tools/thai/translation/phaseF/batches/phaseF-selected-hold-groups1-4-final-reconcile.csv
dlg_7a7a4bdf06481a98,battle,Unclassified,battle,HOLD_FOR_SCOPE_DECISION,HOLD,,Raw inventory row; scope not explicitly approved.,src/strings.c,1068,gText_UponLosingABattle,GROUP7_SELECTED,,DEFER_NONFACILITY_BATTLE,Not explicit Battle Frontier/Battle Tent facility content; keep for later dedicated HOLD handling,src/strings.c::gText_UponLosingABattle,E,NOT_APPLICABLE,Authoritative N/A evidence,tools/thai/translation/phaseF/batches/phaseF-selected-hold-groups1-4-final-reconcile.csv
dlg_6069167b33422723,battle,Unclassified,battle,HOLD_FOR_SCOPE_DECISION,HOLD,,Raw inventory row; scope not explicitly approved.,src/strings.c,1214,gText_LinkBattles,GROUP7_SELECTED,,DEFER_NONFACILITY_BATTLE,Not explicit Battle Frontier/Battle Tent facility content; keep for later dedicated HOLD handling,src/strings.c::gText_LinkBattles,E,NOT_APPLICABLE,Authoritative N/A evidence,tools/thai/translation/phaseF/batches/phaseF-selected-hold-groups1-4-final-reconcile.csv
dlg_1c19a95c5fcd920c,battle,Unclassified,battle,HOLD_FOR_SCOPE_DECISION,HOLD,,Raw inventory row; scope not explicitly approved.,src/strings.c,1215,gText_LinkCableBattles,GROUP7_SELECTED,,DEFER_NONFACILITY_BATTLE,Not explicit Battle Frontier/Battle Tent facility content; keep for later dedicated HOLD handling,src/strings.c::gText_LinkCableBattles,E,NOT_APPLICABLE,Authoritative N/A evidence,tools/thai/translation/phaseF/batches/phaseF-selected-hold-groups1-4-final-reconcile.csv
dlg_0669ac88632258be,battle,Unclassified,battle,HOLD_FOR_SCOPE_DECISION,HOLD,,Raw inventory row; scope not explicitly approved.,src/strings.c,1218,gText_UnionTradesAndBattles,GROUP7_SELECTED,,DEFER_NONFACILITY_BATTLE,Not explicit Battle Frontier/Battle Tent facility content; keep for later dedicated HOLD handling,src/strings.c::gText_UnionTradesAndBattles,E,NOT_APPLICABLE,Authoritative N/A evidence,tools/thai/translation/phaseF/batches/phaseF-selected-hold-groups1-4-final-reconcile.csv
dlg_b797622197c92577,battle,Unclassified,battle,HOLD_FOR_SCOPE_DECISION,HOLD,,Raw inventory row; scope not explicitly approved.,src/strings.c,1290,gText_Battle,GROUP7_SELECTED,,DEFER_NONFACILITY_BATTLE,Not explicit Battle Frontier/Battle Tent facility content; keep for later dedicated HOLD handling,src/strings.c::gText_Battle,E,NOT_APPLICABLE,Authoritative N/A evidence,tools/thai/translation/phaseF/batches/phaseF-selected-hold-groups1-4-final-reconcile.csv
dlg_f58e483cbc9f2746,battle,Unclassified,battle,HOLD_FOR_SCOPE_DECISION,HOLD,,Raw inventory row; scope not explicitly approved.,src/strings.c,1610,gEasyChatGroupName_Battle,GROUP7_SELECTED,,DEFER_NONFACILITY_BATTLE,Not explicit Battle Frontier/Battle Tent facility content; keep for later dedicated HOLD handling,src/strings.c::gEasyChatGroupName_Battle,E,NOT_APPLICABLE,Authoritative N/A evidence,tools/thai/translation/phaseF/batches/phaseF-selected-hold-groups1-4-final-reconcile.csv
dlg_4b551593e6efd48e,battle,Unclassified,battle,HOLD_FOR_SCOPE_DECISION,HOLD,,Raw inventory row; scope not explicitly approved.,src/strings.c,1909,gText_BattleWasRefused,GROUP7_SELECTED,,DEFER_NONFACILITY_BATTLE,Not explicit Battle Frontier/Battle Tent facility content; keep for later dedicated HOLD handling,src/strings.c::gText_BattleWasRefused,E,NOT_APPLICABLE,Authoritative N/A evidence,tools/thai/translation/phaseF/batches/phaseF-selected-hold-groups1-4-final-reconcile.csv
dlg_ba433392a0ca877d,battle,Unclassified,battle,HOLD_FOR_SCOPE_DECISION,HOLD,,Raw inventory row; scope not explicitly approved.,src/strings.c,1910,gText_RefusedBattle,GROUP7_SELECTED,,DEFER_NONFACILITY_BATTLE,Not explicit Battle Frontier/Battle Tent facility content; keep for later dedicated HOLD handling,src/strings.c::gText_RefusedBattle,E,NOT_APPLICABLE,Authoritative N/A evidence,tools/thai/translation/phaseF/batches/phaseF-selected-hold-groups1-4-final-reconcile.csv
dlg_488f527002a26ffb,battle,Unclassified,battle,HOLD_FOR_SCOPE_DECISION,HOLD,,Raw inventory row; scope not explicitly approved.,src/data/credits.h,71,sCreditsText_BattleDirector,DEFER_TO_DEDICATED_GROUP,Group 15 Credits,,,src/data/credits.h::sCreditsText_BattleDirector,I,HOLD_FOR_CONTEXT,User-approved Group I HOLD,
dlg_e5e7dba94ccc3d26,battle,Unclassified,battle,HOLD_FOR_SCOPE_DECISION,HOLD,,Raw inventory row; scope not explicitly approved.,src/data/credits.h,73,sCreditsText_BattleSystemPgrms,DEFER_TO_DEDICATED_GROUP,Group 15 Credits,,,src/data/credits.h::sCreditsText_BattleSystemPgrms,I,HOLD_FOR_CONTEXT,User-approved Group I HOLD,
dlg_d92e0905ec1a5380,battle,Unclassified,battle,HOLD_FOR_SCOPE_DECISION,HOLD,,Raw inventory row; scope not explicitly approved.,src/data/credits.h,99,sCreditsText_BattleFrontierData,DEFER_TO_DEDICATED_GROUP,Group 15 Credits,,,src/data/credits.h::sCreditsText_BattleFrontierData,I,HOLD_FOR_CONTEXT,User-approved Group I HOLD,
dlg_568a94dc3b261e8a,battle,Unclassified,battle,HOLD_FOR_SCOPE_DECISION,HOLD,,Raw inventory row; scope not explicitly approved.,src/data/easy_chat/easy_chat_group_battle.h,1,gEasyChatWord_MatchUp,DEFER_TO_DEDICATED_GROUP,Group 9 Easy Chat,,,src/data/easy_chat/easy_chat_group_battle.h::gEasyChatWord_MatchUp,B,NEEDS_TRANSLATION,Current player-facing source remains non-Thai; user-approved Battle HOLD scope,src/data/easy_chat/easy_chat_group_battle.h
dlg_ab54fecf8fb8e112,battle,Unclassified,battle,HOLD_FOR_SCOPE_DECISION,HOLD,,Raw inventory row; scope not explicitly approved.,src/data/easy_chat/easy_chat_group_battle.h,2,gEasyChatWord_Go,DEFER_TO_DEDICATED_GROUP,Group 9 Easy Chat,,,src/data/easy_chat/easy_chat_group_battle.h::gEasyChatWord_Go,B,NEEDS_TRANSLATION,Current player-facing source remains non-Thai; user-approved Battle HOLD scope,src/data/easy_chat/easy_chat_group_battle.h
dlg_be4baf046d069769,battle,Unclassified,battle,HOLD_FOR_SCOPE_DECISION,HOLD,,Raw inventory row; scope not explicitly approved.,src/data/easy_chat/easy_chat_group_battle.h,3,gEasyChatWord_No1,DEFER_TO_DEDICATED_GROUP,Group 9 Easy Chat,,,src/data/easy_chat/easy_chat_group_battle.h::gEasyChatWord_No1,B,NEEDS_TRANSLATION,Current player-facing source remains non-Thai; user-approved Battle HOLD scope,src/data/easy_chat/easy_chat_group_battle.h
dlg_4a56907b38b10e6d,battle,Unclassified,battle,HOLD_FOR_SCOPE_DECISION,HOLD,,Raw inventory row; scope not explicitly approved.,src/data/easy_chat/easy_chat_group_battle.h,4,gEasyChatWord_Decide,DEFER_TO_DEDICATED_GROUP,Group 9 Easy Chat,,,src/data/easy_chat/easy_chat_group_battle.h::gEasyChatWord_Decide,B,NEEDS_TRANSLATION,Current player-facing source remains non-Thai; user-approved Battle HOLD scope,src/data/easy_chat/easy_chat_group_battle.h
dlg_a17ae94384776ed8,battle,Unclassified,battle,HOLD_FOR_SCOPE_DECISION,HOLD,,Raw inventory row; scope not explicitly approved.,src/data/easy_chat/easy_chat_group_battle.h,5,gEasyChatWord_LetMeWin,DEFER_TO_DEDICATED_GROUP,Group 9 Easy Chat,,,src/data/easy_chat/easy_chat_group_battle.h::gEasyChatWord_LetMeWin,B,NEEDS_TRANSLATION,Current player-facing source remains non-Thai; user-approved Battle HOLD scope,src/data/easy_chat/easy_chat_group_battle.h
dlg_6c56c2a8ed30238a,battle,Unclassified,battle,HOLD_FOR_SCOPE_DECISION,HOLD,,Raw inventory row; scope not explicitly approved.,src/data/easy_chat/easy_chat_group_battle.h,6,gEasyChatWord_Wins,DEFER_TO_DEDICATED_GROUP,Group 9 Easy Chat,,,src/data/easy_chat/easy_chat_group_battle.h::gEasyChatWord_Wins,B,NEEDS_TRANSLATION,Current player-facing source remains non-Thai; user-approved Battle HOLD scope,src/data/easy_chat/easy_chat_group_battle.h
dlg_f44d224e852f6f6f,battle,Unclassified,battle,HOLD_FOR_SCOPE_DECISION,HOLD,,Raw inventory row; scope not explicitly approved.,src/data/easy_chat/easy_chat_group_battle.h,7,gEasyChatWord_Win,DEFER_TO_DEDICATED_GROUP,Group 9 Easy Chat,,,src/data/easy_chat/easy_chat_group_battle.h::gEasyChatWord_Win,B,NEEDS_TRANSLATION,Current player-facing source remains non-Thai; user-approved Battle HOLD scope,src/data/easy_chat/easy_chat_group_battle.h
dlg_a32d98117bf2c26b,battle,Unclassified,battle,HOLD_FOR_SCOPE_DECISION,HOLD,,Raw inventory row; scope not explicitly approved.,src/data/easy_chat/easy_chat_group_battle.h,8,gEasyChatWord_Won,DEFER_TO_DEDICATED_GROUP,Group 9 Easy Chat,,,src/data/easy_chat/easy_chat_group_battle.h::gEasyChatWord_Won,B,NEEDS_TRANSLATION,Current player-facing source remains non-Thai; user-approved Battle HOLD scope,src/data/easy_chat/easy_chat_group_battle.h
dlg_432de4ffbd7190a0,battle,Unclassified,battle,HOLD_FOR_SCOPE_DECISION,HOLD,,Raw inventory row; scope not explicitly approved.,src/data/easy_chat/easy_chat_group_battle.h,9,gEasyChatWord_IfIWin,DEFER_TO_DEDICATED_GROUP,Group 9 Easy Chat,,,src/data/easy_chat/easy_chat_group_battle.h::gEasyChatWord_IfIWin,B,NEEDS_TRANSLATION,Current player-facing source remains non-Thai; user-approved Battle HOLD scope,src/data/easy_chat/easy_chat_group_battle.h
dlg_6d1462c6332797cf,battle,Unclassified,battle,HOLD_FOR_SCOPE_DECISION,HOLD,,Raw inventory row; scope not explicitly approved.,src/data/easy_chat/easy_chat_group_battle.h,10,gEasyChatWord_WhenIWin,DEFER_TO_DEDICATED_GROUP,Group 9 Easy Chat,,,src/data/easy_chat/easy_chat_group_battle.h::gEasyChatWord_WhenIWin,B,NEEDS_TRANSLATION,Current player-facing source remains non-Thai; user-approved Battle HOLD scope,src/data/easy_chat/easy_chat_group_battle.h
dlg_03f0ba535d5add26,battle,Unclassified,battle,HOLD_FOR_SCOPE_DECISION,HOLD,,Raw inventory row; scope not explicitly approved.,src/data/easy_chat/easy_chat_group_battle.h,11,gEasyChatWord_CantWin,DEFER_TO_DEDICATED_GROUP,Group 9 Easy Chat,,,src/data/easy_chat/easy_chat_group_battle.h::gEasyChatWord_CantWin,B,NEEDS_TRANSLATION,Current player-facing source remains non-Thai; user-approved Battle HOLD scope,src/data/easy_chat/easy_chat_group_battle.h
dlg_b1821cbda00d8944,battle,Unclassified,battle,HOLD_FOR_SCOPE_DECISION,HOLD,,Raw inventory row; scope not explicitly approved.,src/data/easy_chat/easy_chat_group_battle.h,12,gEasyChatWord_CanWin,DEFER_TO_DEDICATED_GROUP,Group 9 Easy Chat,,,src/data/easy_chat/easy_chat_group_battle.h::gEasyChatWord_CanWin,B,NEEDS_TRANSLATION,Current player-facing source remains non-Thai; user-approved Battle HOLD scope,src/data/easy_chat/easy_chat_group_battle.h
dlg_f4d4ce4e7da45cba,battle,Unclassified,battle,HOLD_FOR_SCOPE_DECISION,HOLD,,Raw inventory row; scope not explicitly approved.,src/data/easy_chat/easy_chat_group_battle.h,13,gEasyChatWord_NoMatch,DEFER_TO_DEDICATED_GROUP,Group 9 Easy Chat,,,src/data/easy_chat/easy_chat_group_battle.h::gEasyChatWord_NoMatch,B,NEEDS_TRANSLATION,Current player-facing source remains non-Thai; user-approved Battle HOLD scope,src/data/easy_chat/easy_chat_group_battle.h
dlg_28c96e5cbf82112d,battle,Unclassified,battle,HOLD_FOR_SCOPE_DECISION,HOLD,,Raw inventory row; scope not explicitly approved.,src/data/easy_chat/easy_chat_group_battle.h,14,gEasyChatWord_Spirit,DEFER_TO_DEDICATED_GROUP,Group 9 Easy Chat,,,src/data/easy_chat/easy_chat_group_battle.h::gEasyChatWord_Spirit,B,NEEDS_TRANSLATION,Current player-facing source remains non-Thai; user-approved Battle HOLD scope,src/data/easy_chat/easy_chat_group_battle.h
dlg_aabf523bda697abc,battle,Unclassified,battle,HOLD_FOR_SCOPE_DECISION,HOLD,,Raw inventory row; scope not explicitly approved.,src/data/easy_chat/easy_chat_group_battle.h,15,gEasyChatWord_Decided,DEFER_TO_DEDICATED_GROUP,Group 9 Easy Chat,,,src/data/easy_chat/easy_chat_group_battle.h::gEasyChatWord_Decided,B,NEEDS_TRANSLATION,Current player-facing source remains non-Thai; user-approved Battle HOLD scope,src/data/easy_chat/easy_chat_group_battle.h
dlg_5f94cc86f1b67734,battle,Unclassified,battle,HOLD_FOR_SCOPE_DECISION,HOLD,,Raw inventory row; scope not explicitly approved.,src/data/easy_chat/easy_chat_group_battle.h,16,gEasyChatWord_TrumpCard,DEFER_TO_DEDICATED_GROUP,Group 9 Easy Chat,,,src/data/easy_chat/easy_chat_group_battle.h::gEasyChatWord_TrumpCard,B,NEEDS_TRANSLATION,Current player-facing source remains non-Thai; user-approved Battle HOLD scope,src/data/easy_chat/easy_chat_group_battle.h
dlg_ba98ecf9125f81e3,battle,Unclassified,battle,HOLD_FOR_SCOPE_DECISION,HOLD,,Raw inventory row; scope not explicitly approved.,src/data/easy_chat/easy_chat_group_battle.h,17,gEasyChatWord_TakeThat,DEFER_TO_DEDICATED_GROUP,Group 9 Easy Chat,,,src/data/easy_chat/easy_chat_group_battle.h::gEasyChatWord_TakeThat,B,NEEDS_TRANSLATION,Current player-facing source remains non-Thai; user-approved Battle HOLD scope,src/data/easy_chat/easy_chat_group_battle.h
dlg_0fcc17dc0cb50653,battle,Unclassified,battle,HOLD_FOR_SCOPE_DECISION,HOLD,,Raw inventory row; scope not explicitly approved.,src/data/easy_chat/easy_chat_group_battle.h,18,gEasyChatWord_ComeOn,DEFER_TO_DEDICATED_GROUP,Group 9 Easy Chat,,,src/data/easy_chat/easy_chat_group_battle.h::gEasyChatWord_ComeOn,B,NEEDS_TRANSLATION,Current player-facing source remains non-Thai; user-approved Battle HOLD scope,src/data/easy_chat/easy_chat_group_battle.h
dlg_6c8bef8e77111659,battle,Unclassified,battle,HOLD_FOR_SCOPE_DECISION,HOLD,,Raw inventory row; scope not explicitly approved.,src/data/easy_chat/easy_chat_group_battle.h,19,gEasyChatWord_Attack,DEFER_TO_DEDICATED_GROUP,Group 9 Easy Chat,,,src/data/easy_chat/easy_chat_group_battle.h::gEasyChatWord_Attack,B,NEEDS_TRANSLATION,Current player-facing source remains non-Thai; user-approved Battle HOLD scope,src/data/easy_chat/easy_chat_group_battle.h
dlg_0042d7ab69b0b267,battle,Unclassified,battle,HOLD_FOR_SCOPE_DECISION,HOLD,,Raw inventory row; scope not explicitly approved.,src/data/easy_chat/easy_chat_group_battle.h,20,gEasyChatWord_Surrender,DEFER_TO_DEDICATED_GROUP,Group 9 Easy Chat,,,src/data/easy_chat/easy_chat_group_battle.h::gEasyChatWord_Surrender,B,NEEDS_TRANSLATION,Current player-facing source remains non-Thai; user-approved Battle HOLD scope,src/data/easy_chat/easy_chat_group_battle.h
dlg_308a52311540bba1,battle,Unclassified,battle,HOLD_FOR_SCOPE_DECISION,HOLD,,Raw inventory row; scope not explicitly approved.,src/data/easy_chat/easy_chat_group_battle.h,21,gEasyChatWord_Gutsy,DEFER_TO_DEDICATED_GROUP,Group 9 Easy Chat,,,src/data/easy_chat/easy_chat_group_battle.h::gEasyChatWord_Gutsy,B,NEEDS_TRANSLATION,Current player-facing source remains non-Thai; user-approved Battle HOLD scope,src/data/easy_chat/easy_chat_group_battle.h
dlg_807a8e76f0e2873a,battle,Unclassified,battle,HOLD_FOR_SCOPE_DECISION,HOLD,,Raw inventory row; scope not explicitly approved.,src/data/easy_chat/easy_chat_group_battle.h,22,gEasyChatWord_Talent,DEFER_TO_DEDICATED_GROUP,Group 9 Easy Chat,,,src/data/easy_chat/easy_chat_group_battle.h::gEasyChatWord_Talent,B,NEEDS_TRANSLATION,Current player-facing source remains non-Thai; user-approved Battle HOLD scope,src/data/easy_chat/easy_chat_group_battle.h
dlg_c2de30c76ce32d30,battle,Unclassified,battle,HOLD_FOR_SCOPE_DECISION,HOLD,,Raw inventory row; scope not explicitly approved.,src/data/easy_chat/easy_chat_group_battle.h,23,gEasyChatWord_Strategy,DEFER_TO_DEDICATED_GROUP,Group 9 Easy Chat,,,src/data/easy_chat/easy_chat_group_battle.h::gEasyChatWord_Strategy,B,NEEDS_TRANSLATION,Current player-facing source remains non-Thai; user-approved Battle HOLD scope,src/data/easy_chat/easy_chat_group_battle.h
dlg_a905723241d0d7cc,battle,Unclassified,battle,HOLD_FOR_SCOPE_DECISION,HOLD,,Raw inventory row; scope not explicitly approved.,src/data/easy_chat/easy_chat_group_battle.h,24,gEasyChatWord_Smite,DEFER_TO_DEDICATED_GROUP,Group 9 Easy Chat,,,src/data/easy_chat/easy_chat_group_battle.h::gEasyChatWord_Smite,B,NEEDS_TRANSLATION,Current player-facing source remains non-Thai; user-approved Battle HOLD scope,src/data/easy_chat/easy_chat_group_battle.h
dlg_2302d8e28f677f46,battle,Unclassified,battle,HOLD_FOR_SCOPE_DECISION,HOLD,,Raw inventory row; scope not explicitly approved.,src/data/easy_chat/easy_chat_group_battle.h,25,gEasyChatWord_Match,DEFER_TO_DEDICATED_GROUP,Group 9 Easy Chat,,,src/data/easy_chat/easy_chat_group_battle.h::gEasyChatWord_Match,B,NEEDS_TRANSLATION,Current player-facing source remains non-Thai; user-approved Battle HOLD scope,src/data/easy_chat/easy_chat_group_battle.h
dlg_f0d41e082cb8bc99,battle,Unclassified,battle,HOLD_FOR_SCOPE_DECISION,HOLD,,Raw inventory row; scope not explicitly approved.,src/data/easy_chat/easy_chat_group_battle.h,26,gEasyChatWord_Victory,DEFER_TO_DEDICATED_GROUP,Group 9 Easy Chat,,,src/data/easy_chat/easy_chat_group_battle.h::gEasyChatWord_Victory,B,NEEDS_TRANSLATION,Current player-facing source remains non-Thai; user-approved Battle HOLD scope,src/data/easy_chat/easy_chat_group_battle.h
dlg_873c8eef379620da,battle,Unclassified,battle,HOLD_FOR_SCOPE_DECISION,HOLD,,Raw inventory row; scope not explicitly approved.,src/data/easy_chat/easy_chat_group_battle.h,27,gEasyChatWord_Offensive,DEFER_TO_DEDICATED_GROUP,Group 9 Easy Chat,,,src/data/easy_chat/easy_chat_group_battle.h::gEasyChatWord_Offensive,B,NEEDS_TRANSLATION,Current player-facing source remains non-Thai; user-approved Battle HOLD scope,src/data/easy_chat/easy_chat_group_battle.h
dlg_ad0040e87e599e0f,battle,Unclassified,battle,HOLD_FOR_SCOPE_DECISION,HOLD,,Raw inventory row; scope not explicitly approved.,src/data/easy_chat/easy_chat_group_battle.h,28,gEasyChatWord_Sense,DEFER_TO_DEDICATED_GROUP,Group 9 Easy Chat,,,src/data/easy_chat/easy_chat_group_battle.h::gEasyChatWord_Sense,B,NEEDS_TRANSLATION,Current player-facing source remains non-Thai; user-approved Battle HOLD scope,src/data/easy_chat/easy_chat_group_battle.h
dlg_c6dfc1db12928782,battle,Unclassified,battle,HOLD_FOR_SCOPE_DECISION,HOLD,,Raw inventory row; scope not explicitly approved.,src/data/easy_chat/easy_chat_group_battle.h,29,gEasyChatWord_Versus,DEFER_TO_DEDICATED_GROUP,Group 9 Easy Chat,,,src/data/easy_chat/easy_chat_group_battle.h::gEasyChatWord_Versus,B,NEEDS_TRANSLATION,Current player-facing source remains non-Thai; user-approved Battle HOLD scope,src/data/easy_chat/easy_chat_group_battle.h
dlg_a63761373c5489ed,battle,Unclassified,battle,HOLD_FOR_SCOPE_DECISION,HOLD,,Raw inventory row; scope not explicitly approved.,src/data/easy_chat/easy_chat_group_battle.h,30,gEasyChatWord_Fights,DEFER_TO_DEDICATED_GROUP,Group 9 Easy Chat,,,src/data/easy_chat/easy_chat_group_battle.h::gEasyChatWord_Fights,B,NEEDS_TRANSLATION,Current player-facing source remains non-Thai; user-approved Battle HOLD scope,src/data/easy_chat/easy_chat_group_battle.h
dlg_7979e54d66bab853,battle,Unclassified,battle,HOLD_FOR_SCOPE_DECISION,HOLD,,Raw inventory row; scope not explicitly approved.,src/data/easy_chat/easy_chat_group_battle.h,31,gEasyChatWord_Power,DEFER_TO_DEDICATED_GROUP,Group 9 Easy Chat,,,src/data/easy_chat/easy_chat_group_battle.h::gEasyChatWord_Power,B,NEEDS_TRANSLATION,Current player-facing source remains non-Thai; user-approved Battle HOLD scope,src/data/easy_chat/easy_chat_group_battle.h
dlg_ac9d1c181c4a1e7a,battle,Unclassified,battle,HOLD_FOR_SCOPE_DECISION,HOLD,,Raw inventory row; scope not explicitly approved.,src/data/easy_chat/easy_chat_group_battle.h,32,gEasyChatWord_Challenge,DEFER_TO_DEDICATED_GROUP,Group 9 Easy Chat,,,src/data/easy_chat/easy_chat_group_battle.h::gEasyChatWord_Challenge,B,NEEDS_TRANSLATION,Current player-facing source remains non-Thai; user-approved Battle HOLD scope,src/data/easy_chat/easy_chat_group_battle.h
dlg_84cfadeb6aba6945,battle,Unclassified,battle,HOLD_FOR_SCOPE_DECISION,HOLD,,Raw inventory row; scope not explicitly approved.,src/data/easy_chat/easy_chat_group_battle.h,33,gEasyChatWord_Strong,DEFER_TO_DEDICATED_GROUP,Group 9 Easy Chat,,,src/data/easy_chat/easy_chat_group_battle.h::gEasyChatWord_Strong,B,NEEDS_TRANSLATION,Current player-facing source remains non-Thai; user-approved Battle HOLD scope,src/data/easy_chat/easy_chat_group_battle.h
dlg_40f0b7542bc1c081,battle,Unclassified,battle,HOLD_FOR_SCOPE_DECISION,HOLD,,Raw inventory row; scope not explicitly approved.,src/data/easy_chat/easy_chat_group_battle.h,34,gEasyChatWord_TooStrong,DEFER_TO_DEDICATED_GROUP,Group 9 Easy Chat,,,src/data/easy_chat/easy_chat_group_battle.h::gEasyChatWord_TooStrong,B,NEEDS_TRANSLATION,Current player-facing source remains non-Thai; user-approved Battle HOLD scope,src/data/easy_chat/easy_chat_group_battle.h
dlg_112ba2b2d2fbd3a8,battle,Unclassified,battle,HOLD_FOR_SCOPE_DECISION,HOLD,,Raw inventory row; scope not explicitly approved.,src/data/easy_chat/easy_chat_group_battle.h,35,gEasyChatWord_GoEasy,DEFER_TO_DEDICATED_GROUP,Group 9 Easy Chat,,,src/data/easy_chat/easy_chat_group_battle.h::gEasyChatWord_GoEasy,B,NEEDS_TRANSLATION,Current player-facing source remains non-Thai; user-approved Battle HOLD scope,src/data/easy_chat/easy_chat_group_battle.h
dlg_2f35eeb98305466a,battle,Unclassified,battle,HOLD_FOR_SCOPE_DECISION,HOLD,,Raw inventory row; scope not explicitly approved.,src/data/easy_chat/easy_chat_group_battle.h,36,gEasyChatWord_Foe,DEFER_TO_DEDICATED_GROUP,Group 9 Easy Chat,,,src/data/easy_chat/easy_chat_group_battle.h::gEasyChatWord_Foe,B,NEEDS_TRANSLATION,Current player-facing source remains non-Thai; user-approved Battle HOLD scope,src/data/easy_chat/easy_chat_group_battle.h
dlg_004dcfbf9dea9d3c,battle,Unclassified,battle,HOLD_FOR_SCOPE_DECISION,HOLD,,Raw inventory row; scope not explicitly approved.,src/data/easy_chat/easy_chat_group_battle.h,37,gEasyChatWord_Genius,DEFER_TO_DEDICATED_GROUP,Group 9 Easy Chat,,,src/data/easy_chat/easy_chat_group_battle.h::gEasyChatWord_Genius,B,NEEDS_TRANSLATION,Current player-facing source remains non-Thai; user-approved Battle HOLD scope,src/data/easy_chat/easy_chat_group_battle.h
dlg_4fcaa4a386bd8421,battle,Unclassified,battle,HOLD_FOR_SCOPE_DECISION,HOLD,,Raw inventory row; scope not explicitly approved.,src/data/easy_chat/easy_chat_group_battle.h,38,gEasyChatWord_Legend,DEFER_TO_DEDICATED_GROUP,Group 9 Easy Chat,,,src/data/easy_chat/easy_chat_group_battle.h::gEasyChatWord_Legend,B,NEEDS_TRANSLATION,Current player-facing source remains non-Thai; user-approved Battle HOLD scope,src/data/easy_chat/easy_chat_group_battle.h
dlg_98dfcc7e26272284,battle,Unclassified,battle,HOLD_FOR_SCOPE_DECISION,HOLD,,Raw inventory row; scope not explicitly approved.,src/data/easy_chat/easy_chat_group_battle.h,39,gEasyChatWord_Escape,DEFER_TO_DEDICATED_GROUP,Group 9 Easy Chat,,,src/data/easy_chat/easy_chat_group_battle.h::gEasyChatWord_Escape,B,NEEDS_TRANSLATION,Current player-facing source remains non-Thai; user-approved Battle HOLD scope,src/data/easy_chat/easy_chat_group_battle.h
dlg_51a5025900968052,battle,Unclassified,battle,HOLD_FOR_SCOPE_DECISION,HOLD,,Raw inventory row; scope not explicitly approved.,src/data/easy_chat/easy_chat_group_battle.h,40,gEasyChatWord_Aim,DEFER_TO_DEDICATED_GROUP,Group 9 Easy Chat,,,src/data/easy_chat/easy_chat_group_battle.h::gEasyChatWord_Aim,B,NEEDS_TRANSLATION,Current player-facing source remains non-Thai; user-approved Battle HOLD scope,src/data/easy_chat/easy_chat_group_battle.h
dlg_7f174047f0a8058a,battle,Unclassified,battle,HOLD_FOR_SCOPE_DECISION,HOLD,,Raw inventory row; scope not explicitly approved.,src/data/easy_chat/easy_chat_group_battle.h,41,gEasyChatWord_Battle,DEFER_TO_DEDICATED_GROUP,Group 9 Easy Chat,,,src/data/easy_chat/easy_chat_group_battle.h::gEasyChatWord_Battle,B,NEEDS_TRANSLATION,Current player-facing source remains non-Thai; user-approved Battle HOLD scope,src/data/easy_chat/easy_chat_group_battle.h
dlg_81f5cf9ed90d3dfb,battle,Unclassified,battle,HOLD_FOR_SCOPE_DECISION,HOLD,,Raw inventory row; scope not explicitly approved.,src/data/easy_chat/easy_chat_group_battle.h,42,gEasyChatWord_Fight,DEFER_TO_DEDICATED_GROUP,Group 9 Easy Chat,,,src/data/easy_chat/easy_chat_group_battle.h::gEasyChatWord_Fight,B,NEEDS_TRANSLATION,Current player-facing source remains non-Thai; user-approved Battle HOLD scope,src/data/easy_chat/easy_chat_group_battle.h
dlg_166d2126b322c6af,battle,Unclassified,battle,HOLD_FOR_SCOPE_DECISION,HOLD,,Raw inventory row; scope not explicitly approved.,src/data/easy_chat/easy_chat_group_battle.h,43,gEasyChatWord_Resuscitate,DEFER_TO_DEDICATED_GROUP,Group 9 Easy Chat,,,src/data/easy_chat/easy_chat_group_battle.h::gEasyChatWord_Resuscitate,B,NEEDS_TRANSLATION,Current player-facing source remains non-Thai; user-approved Battle HOLD scope,src/data/easy_chat/easy_chat_group_battle.h
dlg_57721efa311f9d93,battle,Unclassified,battle,HOLD_FOR_SCOPE_DECISION,HOLD,,Raw inventory row; scope not explicitly approved.,src/data/easy_chat/easy_chat_group_battle.h,44,gEasyChatWord_Points,DEFER_TO_DEDICATED_GROUP,Group 9 Easy Chat,,,src/data/easy_chat/easy_chat_group_battle.h::gEasyChatWord_Points,B,NEEDS_TRANSLATION,Current player-facing source remains non-Thai; user-approved Battle HOLD scope,src/data/easy_chat/easy_chat_group_battle.h
dlg_c83f3304a4489940,battle,Unclassified,battle,HOLD_FOR_SCOPE_DECISION,HOLD,,Raw inventory row; scope not explicitly approved.,src/data/easy_chat/easy_chat_group_battle.h,45,gEasyChatWord_Serious,DEFER_TO_DEDICATED_GROUP,Group 9 Easy Chat,,,src/data/easy_chat/easy_chat_group_battle.h::gEasyChatWord_Serious,B,NEEDS_TRANSLATION,Current player-facing source remains non-Thai; user-approved Battle HOLD scope,src/data/easy_chat/easy_chat_group_battle.h
dlg_4e833f8660516b59,battle,Unclassified,battle,HOLD_FOR_SCOPE_DECISION,HOLD,,Raw inventory row; scope not explicitly approved.,src/data/easy_chat/easy_chat_group_battle.h,46,gEasyChatWord_GiveUp,DEFER_TO_DEDICATED_GROUP,Group 9 Easy Chat,,,src/data/easy_chat/easy_chat_group_battle.h::gEasyChatWord_GiveUp,B,NEEDS_TRANSLATION,Current player-facing source remains non-Thai; user-approved Battle HOLD scope,src/data/easy_chat/easy_chat_group_battle.h
dlg_3751ea3ffa428552,battle,Unclassified,battle,HOLD_FOR_SCOPE_DECISION,HOLD,,Raw inventory row; scope not explicitly approved.,src/data/easy_chat/easy_chat_group_battle.h,47,gEasyChatWord_Loss,DEFER_TO_DEDICATED_GROUP,Group 9 Easy Chat,,,src/data/easy_chat/easy_chat_group_battle.h::gEasyChatWord_Loss,B,NEEDS_TRANSLATION,Current player-facing source remains non-Thai; user-approved Battle HOLD scope,src/data/easy_chat/easy_chat_group_battle.h
dlg_d96e18ccf3fea8ca,battle,Unclassified,battle,HOLD_FOR_SCOPE_DECISION,HOLD,,Raw inventory row; scope not explicitly approved.,src/data/easy_chat/easy_chat_group_battle.h,48,gEasyChatWord_IfILose,DEFER_TO_DEDICATED_GROUP,Group 9 Easy Chat,,,src/data/easy_chat/easy_chat_group_battle.h::gEasyChatWord_IfILose,B,NEEDS_TRANSLATION,Current player-facing source remains non-Thai; user-approved Battle HOLD scope,src/data/easy_chat/easy_chat_group_battle.h
dlg_455b84d7192ba755,battle,Unclassified,battle,HOLD_FOR_SCOPE_DECISION,HOLD,,Raw inventory row; scope not explicitly approved.,src/data/easy_chat/easy_chat_group_battle.h,49,gEasyChatWord_Lost,DEFER_TO_DEDICATED_GROUP,Group 9 Easy Chat,,,src/data/easy_chat/easy_chat_group_battle.h::gEasyChatWord_Lost,B,NEEDS_TRANSLATION,Current player-facing source remains non-Thai; user-approved Battle HOLD scope,src/data/easy_chat/easy_chat_group_battle.h
dlg_34aa0257c9126058,battle,Unclassified,battle,HOLD_FOR_SCOPE_DECISION,HOLD,,Raw inventory row; scope not explicitly approved.,src/data/easy_chat/easy_chat_group_battle.h,50,gEasyChatWord_Lose,DEFER_TO_DEDICATED_GROUP,Group 9 Easy Chat,,,src/data/easy_chat/easy_chat_group_battle.h::gEasyChatWord_Lose,B,NEEDS_TRANSLATION,Current player-facing source remains non-Thai; user-approved Battle HOLD scope,src/data/easy_chat/easy_chat_group_battle.h
dlg_dcd37c97a5f8c8f6,battle,Unclassified,battle,HOLD_FOR_SCOPE_DECISION,HOLD,,Raw inventory row; scope not explicitly approved.,src/data/easy_chat/easy_chat_group_battle.h,51,gEasyChatWord_Guard,DEFER_TO_DEDICATED_GROUP,Group 9 Easy Chat,,,src/data/easy_chat/easy_chat_group_battle.h::gEasyChatWord_Guard,B,NEEDS_TRANSLATION,Current player-facing source remains non-Thai; user-approved Battle HOLD scope,src/data/easy_chat/easy_chat_group_battle.h
dlg_7acd47c93fce30b2,battle,Unclassified,battle,HOLD_FOR_SCOPE_DECISION,HOLD,,Raw inventory row; scope not explicitly approved.,src/data/easy_chat/easy_chat_group_battle.h,52,gEasyChatWord_Partner,DEFER_TO_DEDICATED_GROUP,Group 9 Easy Chat,,,src/data/easy_chat/easy_chat_group_battle.h::gEasyChatWord_Partner,B,NEEDS_TRANSLATION,Current player-facing source remains non-Thai; user-approved Battle HOLD scope,src/data/easy_chat/easy_chat_group_battle.h
dlg_3ff5fd1e0d2049f3,battle,Unclassified,battle,HOLD_FOR_SCOPE_DECISION,HOLD,,Raw inventory row; scope not explicitly approved.,src/data/easy_chat/easy_chat_group_battle.h,53,gEasyChatWord_Reject,DEFER_TO_DEDICATED_GROUP,Group 9 Easy Chat,,,src/data/easy_chat/easy_chat_group_battle.h::gEasyChatWord_Reject,B,NEEDS_TRANSLATION,Current player-facing source remains non-Thai; user-approved Battle HOLD scope,src/data/easy_chat/easy_chat_group_battle.h
dlg_938f13fd8a8ecf09,battle,Unclassified,battle,HOLD_FOR_SCOPE_DECISION,HOLD,,Raw inventory row; scope not explicitly approved.,src/data/easy_chat/easy_chat_group_battle.h,54,gEasyChatWord_Accept,DEFER_TO_DEDICATED_GROUP,Group 9 Easy Chat,,,src/data/easy_chat/easy_chat_group_battle.h::gEasyChatWord_Accept,B,NEEDS_TRANSLATION,Current player-facing source remains non-Thai; user-approved Battle HOLD scope,src/data/easy_chat/easy_chat_group_battle.h
dlg_c868ad357706606c,battle,Unclassified,battle,HOLD_FOR_SCOPE_DECISION,HOLD,,Raw inventory row; scope not explicitly approved.,src/data/easy_chat/easy_chat_group_battle.h,55,gEasyChatWord_Invincible,DEFER_TO_DEDICATED_GROUP,Group 9 Easy Chat,,,src/data/easy_chat/easy_chat_group_battle.h::gEasyChatWord_Invincible,B,NEEDS_TRANSLATION,Current player-facing source remains non-Thai; user-approved Battle HOLD scope,src/data/easy_chat/easy_chat_group_battle.h
dlg_93900176ec358421,battle,Unclassified,battle,HOLD_FOR_SCOPE_DECISION,HOLD,,Raw inventory row; scope not explicitly approved.,src/data/easy_chat/easy_chat_group_battle.h,56,gEasyChatWord_Received,DEFER_TO_DEDICATED_GROUP,Group 9 Easy Chat,,,src/data/easy_chat/easy_chat_group_battle.h::gEasyChatWord_Received,B,NEEDS_TRANSLATION,Current player-facing source remains non-Thai; user-approved Battle HOLD scope,src/data/easy_chat/easy_chat_group_battle.h
dlg_91e66ec9c40c4fea,battle,Unclassified,battle,HOLD_FOR_SCOPE_DECISION,HOLD,,Raw inventory row; scope not explicitly approved.,src/data/easy_chat/easy_chat_group_battle.h,57,gEasyChatWord_Easy,DEFER_TO_DEDICATED_GROUP,Group 9 Easy Chat,,,src/data/easy_chat/easy_chat_group_battle.h::gEasyChatWord_Easy,B,NEEDS_TRANSLATION,Current player-facing source remains non-Thai; user-approved Battle HOLD scope,src/data/easy_chat/easy_chat_group_battle.h
dlg_cde5cfa3693f07fe,battle,Unclassified,battle,HOLD_FOR_SCOPE_DECISION,HOLD,,Raw inventory row; scope not explicitly approved.,src/data/easy_chat/easy_chat_group_battle.h,58,gEasyChatWord_Weak,DEFER_TO_DEDICATED_GROUP,Group 9 Easy Chat,,,src/data/easy_chat/easy_chat_group_battle.h::gEasyChatWord_Weak,B,NEEDS_TRANSLATION,Current player-facing source remains non-Thai; user-approved Battle HOLD scope,src/data/easy_chat/easy_chat_group_battle.h
dlg_1ea5b188cefea139,battle,Unclassified,battle,HOLD_FOR_SCOPE_DECISION,HOLD,,Raw inventory row; scope not explicitly approved.,src/data/easy_chat/easy_chat_group_battle.h,59,gEasyChatWord_TooWeak,DEFER_TO_DEDICATED_GROUP,Group 9 Easy Chat,,,src/data/easy_chat/easy_chat_group_battle.h::gEasyChatWord_TooWeak,B,NEEDS_TRANSLATION,Current player-facing source remains non-Thai; user-approved Battle HOLD scope,src/data/easy_chat/easy_chat_group_battle.h
dlg_7257c0c55df685e9,battle,Unclassified,battle,HOLD_FOR_SCOPE_DECISION,HOLD,,Raw inventory row; scope not explicitly approved.,src/data/easy_chat/easy_chat_group_battle.h,60,gEasyChatWord_Pushover,DEFER_TO_DEDICATED_GROUP,Group 9 Easy Chat,,,src/data/easy_chat/easy_chat_group_battle.h::gEasyChatWord_Pushover,B,NEEDS_TRANSLATION,Current player-facing source remains non-Thai; user-approved Battle HOLD scope,src/data/easy_chat/easy_chat_group_battle.h
dlg_173c9c1ce5bef91a,battle,Unclassified,battle,HOLD_FOR_SCOPE_DECISION,HOLD,,Raw inventory row; scope not explicitly approved.,src/data/easy_chat/easy_chat_group_battle.h,61,gEasyChatWord_Leader,DEFER_TO_DEDICATED_GROUP,Group 9 Easy Chat,,,src/data/easy_chat/easy_chat_group_battle.h::gEasyChatWord_Leader,B,NEEDS_TRANSLATION,Current player-facing source remains non-Thai; user-approved Battle HOLD scope,src/data/easy_chat/easy_chat_group_battle.h
dlg_f429b8103e8d6bff,battle,Unclassified,battle,HOLD_FOR_SCOPE_DECISION,HOLD,,Raw inventory row; scope not explicitly approved.,src/data/easy_chat/easy_chat_group_battle.h,62,gEasyChatWord_Rule,DEFER_TO_DEDICATED_GROUP,Group 9 Easy Chat,,,src/data/easy_chat/easy_chat_group_battle.h::gEasyChatWord_Rule,B,NEEDS_TRANSLATION,Current player-facing source remains non-Thai; user-approved Battle HOLD scope,src/data/easy_chat/easy_chat_group_battle.h
dlg_e8a7c4baa5c88abf,battle,Unclassified,battle,HOLD_FOR_SCOPE_DECISION,HOLD,,Raw inventory row; scope not explicitly approved.,src/data/easy_chat/easy_chat_group_battle.h,63,gEasyChatWord_Move,DEFER_TO_DEDICATED_GROUP,Group 9 Easy Chat,,,src/data/easy_chat/easy_chat_group_battle.h::gEasyChatWord_Move,B,NEEDS_TRANSLATION,Current player-facing source remains non-Thai; user-approved Battle HOLD scope,src/data/easy_chat/easy_chat_group_battle.h
dlg_4ef6ccff1170fdb1,battle,Unclassified,battle,HOLD_FOR_SCOPE_DECISION,HOLD,,Raw inventory row; scope not explicitly approved.,src/data/text/abilities.h,5,sBattleArmorDescription,DEFER_TO_DEDICATED_GROUP,Group 13 Abilities/Natures/Ribbons,,,src/data/text/abilities.h::sBattleArmorDescription,H,NEEDS_TRANSLATION,Current player-facing source remains non-Thai; user-approved Battle HOLD scope,src/data/text/abilities.h
dlg_a388a812d08db12a,battle,Unclassified,battle,HOLD_FOR_SCOPE_DECISION,HOLD,,Raw inventory row; scope not explicitly approved.,src/data/text/gift_ribbon_descriptions.h,13,gGiftRibbonDescriptionPart1_PokemonBattleCup,DEFER_TO_DEDICATED_GROUP,Group 13 Abilities/Natures/Ribbons,,,src/data/text/gift_ribbon_descriptions.h::gGiftRibbonDescriptionPart1_PokemonBattleCup,H,NEEDS_TRANSLATION,Current player-facing source remains non-Thai; user-approved Battle HOLD scope,src/data/text/gift_ribbon_descriptions.h
dlg_d3234ffd1f8c0cfc,battle,Unclassified,battle,HOLD_FOR_SCOPE_DECISION,HOLD,,Raw inventory row; scope not explicitly approved.,src/data/trade.h,54,sText_OnlyPkmnForBattle,DEFER_TO_DEDICATED_GROUP,Group 11 Link/Wireless/Trade,,,src/data/trade.h::sText_OnlyPkmnForBattle,I,HOLD_FOR_CONTEXT,User-approved Group I HOLD,
dlg_79b8fd65234fe0ac,battle,Unclassified,battle,HOLD_FOR_SCOPE_DECISION,HOLD,,Raw inventory row; scope not explicitly approved.,src/data/union_room.h,224,sText_BattleChallenge,DEFER_TO_DEDICATED_GROUP,Group 11 Link/Wireless/Trade,,,src/data/union_room.h::sText_BattleChallenge,D,NEEDS_TRANSLATION,Current player-facing source remains non-Thai; user-approved Battle HOLD scope,src/data/union_room.h
dlg_f22763b640c61d26,battle,Unclassified,battle,HOLD_FOR_SCOPE_DECISION,HOLD,,Raw inventory row; scope not explicitly approved.,src/data/union_room.h,257,sText_WaitForBattleMale,DEFER_TO_DEDICATED_GROUP,Group 11 Link/Wireless/Trade,,,src/data/union_room.h::sText_WaitForBattleMale,D,NEEDS_TRANSLATION,Current player-facing source remains non-Thai; user-approved Battle HOLD scope,src/data/union_room.h
dlg_15b8db73e5c309aa,battle,Unclassified,battle,HOLD_FOR_SCOPE_DECISION,HOLD,,Raw inventory row; scope not explicitly approved.,src/data/union_room.h,260,sText_WaitForBattleFemale,DEFER_TO_DEDICATED_GROUP,Group 11 Link/Wireless/Trade,,,src/data/union_room.h::sText_WaitForBattleFemale,D,NEEDS_TRANSLATION,Current player-facing source remains non-Thai; user-approved Battle HOLD scope,src/data/union_room.h
dlg_2dda84cbcded6d0b,battle,Unclassified,battle,HOLD_FOR_SCOPE_DECISION,HOLD,,Raw inventory row; scope not explicitly approved.,src/data/union_room.h,279,sText_DoneWaitingBattleMale,DEFER_TO_DEDICATED_GROUP,Group 11 Link/Wireless/Trade,,,src/data/union_room.h::sText_DoneWaitingBattleMale,D,NEEDS_TRANSLATION,Current player-facing source remains non-Thai; user-approved Battle HOLD scope,src/data/union_room.h
dlg_e1e1699ffebe6aef,battle,Unclassified,battle,HOLD_FOR_SCOPE_DECISION,HOLD,,Raw inventory row; scope not explicitly approved.,src/data/union_room.h,281,sText_DoneWaitingBattleFemale,DEFER_TO_DEDICATED_GROUP,Group 11 Link/Wireless/Trade,,,src/data/union_room.h::sText_DoneWaitingBattleFemale,D,NEEDS_TRANSLATION,Current player-facing source remains non-Thai; user-approved Battle HOLD scope,src/data/union_room.h
dlg_39ff0d6dc0806c42,battle,Unclassified,battle,HOLD_FOR_SCOPE_DECISION,HOLD,,Raw inventory row; scope not explicitly approved.,src/data/union_room.h,284,sText_BattleWillBeStarted,DEFER_TO_DEDICATED_GROUP,Group 11 Link/Wireless/Trade,,,src/data/union_room.h::sText_BattleWillBeStarted,D,NEEDS_TRANSLATION,Current player-facing source remains non-Thai; user-approved Battle HOLD scope,src/data/union_room.h
dlg_a2ba431e70346374,battle,Unclassified,battle,HOLD_FOR_SCOPE_DECISION,HOLD,,Raw inventory row; scope not explicitly approved.,src/data/union_room.h,311,sText_BattleDeclinedMale,DEFER_TO_DEDICATED_GROUP,Group 11 Link/Wireless/Trade,,,src/data/union_room.h::sText_BattleDeclinedMale,D,NEEDS_TRANSLATION,Current player-facing source remains non-Thai; user-approved Battle HOLD scope,src/data/union_room.h
dlg_157ab1d87dd2934c,battle,Unclassified,battle,HOLD_FOR_SCOPE_DECISION,HOLD,,Raw inventory row; scope not explicitly approved.,src/data/union_room.h,312,sText_BattleDeclinedFemale,DEFER_TO_DEDICATED_GROUP,Group 11 Link/Wireless/Trade,,,src/data/union_room.h::sText_BattleDeclinedFemale,D,NEEDS_TRANSLATION,Current player-facing source remains non-Thai; user-approved Battle HOLD scope,src/data/union_room.h
dlg_861ae308e615e2d9,battle,Unclassified,battle,HOLD_FOR_SCOPE_DECISION,HOLD,,Raw inventory row; scope not explicitly approved.,src/data/union_room.h,359,sText_BattleSurpriseMale,DEFER_TO_DEDICATED_GROUP,Group 11 Link/Wireless/Trade,,,src/data/union_room.h::sText_BattleSurpriseMale,D,NEEDS_TRANSLATION,Current player-facing source remains non-Thai; user-approved Battle HOLD scope,src/data/union_room.h
dlg_062516b675a690a6,battle,Unclassified,battle,HOLD_FOR_SCOPE_DECISION,HOLD,,Raw inventory row; scope not explicitly approved.,src/data/union_room.h,363,sText_BattleSurpriseFemale,DEFER_TO_DEDICATED_GROUP,Group 11 Link/Wireless/Trade,,,src/data/union_room.h::sText_BattleSurpriseFemale,D,NEEDS_TRANSLATION,Current player-facing source remains non-Thai; user-approved Battle HOLD scope,src/data/union_room.h
dlg_cf3cf0150f4cab0f,battle,Unclassified,battle,HOLD_FOR_SCOPE_DECISION,HOLD,,Raw inventory row; scope not explicitly approved.,src/data/union_room.h,481,sText_ChooseLeaderMultiBattle,DEFER_TO_DEDICATED_GROUP,Group 11 Link/Wireless/Trade,,,src/data/union_room.h::sText_ChooseLeaderMultiBattle,D,NEEDS_TRANSLATION,Current player-facing source remains non-Thai; user-approved Battle HOLD scope,src/data/union_room.h
dlg_7b1e40f4b02cd4c4,battle,Unclassified,battle,HOLD_FOR_SCOPE_DECISION,HOLD,,Raw inventory row; scope not explicitly approved.,src/data/union_room.h,495,sText_ChooseLeaderBattleTowerLv50,DEFER_TO_DEDICATED_GROUP,Group 11 Link/Wireless/Trade,,,src/data/union_room.h::sText_ChooseLeaderBattleTowerLv50,D,NEEDS_TRANSLATION,Current player-facing source remains non-Thai; user-approved Battle HOLD scope,src/data/union_room.h
dlg_da0b1129ea00602c,battle,Unclassified,battle,HOLD_FOR_SCOPE_DECISION,HOLD,,Raw inventory row; scope not explicitly approved.,src/data/union_room.h,496,sText_ChooseLeaderBattleTowerOpenLv,DEFER_TO_DEDICATED_GROUP,Group 11 Link/Wireless/Trade,,,src/data/union_room.h::sText_ChooseLeaderBattleTowerOpenLv,D,NEEDS_TRANSLATION,Current player-facing source remains non-Thai; user-approved Battle HOLD scope,src/data/union_room.h
dlg_164313e81c2881e3,battle,Unclassified,battle,HOLD_FOR_SCOPE_DECISION,HOLD,,Raw inventory row; scope not explicitly approved.,src/data/union_room.h,525,sText_MustHaveTwoMonsForDoubleBattle,DEFER_TO_DEDICATED_GROUP,Group 11 Link/Wireless/Trade,,,src/data/union_room.h::sText_MustHaveTwoMonsForDoubleBattle,D,NEEDS_TRANSLATION,Current source still matches English baseline; no closed coverage evidence,src/data/union_room.h
dlg_634246463f29abfe,battle,Unclassified,battle,HOLD_FOR_SCOPE_DECISION,HOLD,,Raw inventory row; scope not explicitly approved.,src/data/union_room.h,538,sText_Battle,DEFER_TO_DEDICATED_GROUP,Group 11 Link/Wireless/Trade,,,src/data/union_room.h::sText_Battle,D,NEEDS_TRANSLATION,Current player-facing source remains non-Thai; user-approved Battle HOLD scope,src/data/union_room.h
dlg_d78cd8012dc82cb9,battle,Unclassified,battle,HOLD_FOR_SCOPE_DECISION,HOLD,,Raw inventory row; scope not explicitly approved.,src/data/union_room.h,545,sText_SingleBattle,DEFER_TO_DEDICATED_GROUP,Group 11 Link/Wireless/Trade,,,src/data/union_room.h::sText_SingleBattle,D,NEEDS_TRANSLATION,Current player-facing source remains non-Thai; user-approved Battle HOLD scope,src/data/union_room.h
dlg_3b639860080d0a8f,battle,Unclassified,battle,HOLD_FOR_SCOPE_DECISION,HOLD,,Raw inventory row; scope not explicitly approved.,src/data/union_room.h,546,sText_DoubleBattle,DEFER_TO_DEDICATED_GROUP,Group 11 Link/Wireless/Trade,,,src/data/union_room.h::sText_DoubleBattle,D,NEEDS_TRANSLATION,Current player-facing source remains non-Thai; user-approved Battle HOLD scope,src/data/union_room.h
dlg_5e15e8f76779fdc7,battle,Unclassified,battle,HOLD_FOR_SCOPE_DECISION,HOLD,,Raw inventory row; scope not explicitly approved.,src/data/union_room.h,547,sText_MultiBattle,DEFER_TO_DEDICATED_GROUP,Group 11 Link/Wireless/Trade,,,src/data/union_room.h::sText_MultiBattle,D,NEEDS_TRANSLATION,Current player-facing source remains non-Thai; user-approved Battle HOLD scope,src/data/union_room.h
dlg_329b4dbd9dcad145,battle,Unclassified,battle,HOLD_FOR_SCOPE_DECISION,HOLD,,Raw inventory row; scope not explicitly approved.,src/data/union_room.h,564,sText_BattleTowerLv50,DEFER_TO_DEDICATED_GROUP,Group 11 Link/Wireless/Trade,,,src/data/union_room.h::sText_BattleTowerLv50,D,NEEDS_TRANSLATION,Current player-facing source remains non-Thai; user-approved Battle HOLD scope,src/data/union_room.h
dlg_6ec7c46b016cc6a7,battle,Unclassified,battle,HOLD_FOR_SCOPE_DECISION,HOLD,,Raw inventory row; scope not explicitly approved.,src/data/union_room.h,565,sText_BattleTowerOpenLv,DEFER_TO_DEDICATED_GROUP,Group 11 Link/Wireless/Trade,,,src/data/union_room.h::sText_BattleTowerOpenLv,D,NEEDS_TRANSLATION,Current player-facing source remains non-Thai; user-approved Battle HOLD scope,src/data/union_room.h
dlg_ec10f45a6ecd15bf,battle,Unclassified,battle,HOLD_FOR_SCOPE_DECISION,HOLD,,Raw inventory row; scope not explicitly approved.,src/mystery_event_msg.c,12,gText_MysteryEventNewAdversaryInBattleTower,DEFER_TO_DEDICATED_GROUP,Group 16 Mystery Gift/Special Event,,,src/mystery_event_msg.c::gText_MysteryEventNewAdversaryInBattleTower,I,HOLD_FOR_CONTEXT,User-approved Group I HOLD,
