id,raw_category,scope_group,scope_subgroup,policy,scope_status,canonical_tracker,reason,source_file,source_line,source_label,group7_scope_decision,destination_group,corrected_group7_decision,correction_reason,stable_target_key,battle_hold_group,canonical_decision,decision_reason,evidence_source,source_line_current,exact_raw,english_raw,thai,translation_status
dlg_c03b6206c257ce3a,battle,Unclassified,battle,HOLD_FOR_SCOPE_DECISION,HOLD,,Raw inventory row; scope not explicitly approved.,data/maps/LilycoveCity_ContestHall/scripts.inc,391,LilycoveCity_ContestHall_Text_NeverWonBattleButContest,GROUP7_SELECTED,,DEFER_NONFACILITY_BATTLE,Not explicit Battle Frontier/Battle Tent facility content; keep for later dedicated HOLD handling,data/maps/LilycoveCity_ContestHall/scripts.inc::LilycoveCity_ContestHall_Text_NeverWonBattleButContest,G,NEEDS_TRANSLATION,Current source still matches English baseline; no closed coverage evidence,data/maps/LilycoveCity_ContestHall/scripts.inc,391,"My POKéMON has never won in a battle,\nbut put it in a CONTEST and look out!$","My POKéMON has never won in a battle,\nbut put it in a CONTEST and look out!$","โปเกมอนฉันไม่เคยชนะการต่อสู้,\nแต่พอเข้าคอนเทสต์แล้ว ดูให้ดี!$",TRANSLATED
dlg_f5baae1b171820a2,battle,Unclassified,battle,HOLD_FOR_SCOPE_DECISION,HOLD,,Raw inventory row; scope not explicitly approved.,data/maps/SootopolisCity_MysteryEventsHouse_1F/scripts.inc,165,SootopolisCity_MysteryEventsHouse_1F_Text_OnlyAmusementWatchingBattles,GROUP7_SELECTED,,DEFER_NONFACILITY_BATTLE,Not explicit Battle Frontier/Battle Tent facility content; keep for later dedicated HOLD handling,data/maps/SootopolisCity_MysteryEventsHouse_1F/scripts.inc::SootopolisCity_MysteryEventsHouse_1F_Text_OnlyAmusementWatchingBattles,G,NEEDS_TRANSLATION,Current source still matches English baseline; no closed coverage evidence,data/maps/SootopolisCity_MysteryEventsHouse_1F/scripts.inc,165,"When I was young, I traveled the world\nas a POKéMON TRAINER.\pNow that I've become an old buzzard,\nmy only amusement is watching young\lTRAINERS battle.$","When I was young, I traveled the world\nas a POKéMON TRAINER.\pNow that I've become an old buzzard,\nmy only amusement is watching young\lTRAINERS battle.$","ตอนหนุ่ม ๆ ฉันเคยเดินทางไปทั่วโลก\nในฐานะโปเกมอนเทรนเนอร์.\pตอนนี้แก่จนหมดแรงเดินทางแล้ว,\nความสนุกอย่างเดียวของฉันคือดู\lเทรนเนอร์หนุ่มสาวต่อสู้กัน.$",TRANSLATED
dlg_96a1ce78d02f7c40,battle,Unclassified,battle,HOLD_FOR_SCOPE_DECISION,HOLD,,Raw inventory row; scope not explicitly approved.,data/maps/SootopolisCity_MysteryEventsHouse_1F/scripts.inc,178,SootopolisCity_MysteryEventsHouse_1F_Text_YouWontBattle,GROUP7_SELECTED,,DEFER_NONFACILITY_BATTLE,Not explicit Battle Frontier/Battle Tent facility content; keep for later dedicated HOLD handling,data/maps/SootopolisCity_MysteryEventsHouse_1F/scripts.inc::SootopolisCity_MysteryEventsHouse_1F_Text_YouWontBattle,G,NEEDS_TRANSLATION,Current source still matches English baseline; no closed coverage evidence,data/maps/SootopolisCity_MysteryEventsHouse_1F/scripts.inc,178,You won't battle? I'm disappointed\nthat I can't see you battle…$,You won't battle? I'm disappointed\nthat I can't see you battle…$,ไม่สู้กันเหรอ? น่าเสียดายจัง\nฉันอดดูพวกเธอสู้กันเลย…$,TRANSLATED
dlg_a5bd4752f9f58d25,battle,Unclassified,battle,HOLD_FOR_SCOPE_DECISION,HOLD,,Raw inventory row; scope not explicitly approved.,data/scripts/gift_battle_card.inc,26,sText_MysteryGiftBattleCountCard,GROUP7_SELECTED,,DEFER_NONFACILITY_BATTLE,Not explicit Battle Frontier/Battle Tent facility content; keep for later dedicated HOLD handling,data/scripts/gift_battle_card.inc::sText_MysteryGiftBattleCountCard,J,NEEDS_TRANSLATION,Current source still matches English baseline; no closed coverage evidence,data/scripts/gift_battle_card.inc,26,Thank you for using the MYSTERY\nGIFT System.\pYour BATTLE COUNT CARD keeps\ntrack of your battle record against\lTRAINERS with the same CARD.\pLook for and battle TRAINERS who\nhave the same CARD as you.\pYou may check the overall rankings\nby reading the NEWS.\pPlease do give it a try!$,Thank you for using the MYSTERY\nGIFT System.\pYour BATTLE COUNT CARD keeps\ntrack of your battle record against\lTRAINERS with the same CARD.\pLook for and battle TRAINERS who\nhave the same CARD as you.\pYou may check the overall rankings\nby reading the NEWS.\pPlease do give it a try!$,ขอบคุณที่ใช้ระบบของขวัญ\nลึกลับ.\pแบทเทิลเคานต์การ์ดของคุณจะ\nบันทึกผลการต่อสู้กับเทรนเนอร์\lที่ถือการ์ดแบบเดียวกัน.\pลองตามหาและต่อสู้กับเทรนเนอร์\nที่ถือการ์ดแบบเดียวกับคุณ.\pคุณตรวจอันดับรวมได้\nจากการอ่านข่าว.\pลองใช้ดูนะ!$,TRANSLATED
dlg_eb2a461b877e996d,battle,Unclassified,battle,HOLD_FOR_SCOPE_DECISION,HOLD,,Raw inventory row; scope not explicitly approved.,data/scripts/gift_battle_card.inc,38,sText_MysteryGiftBattleCountCard_WonPrize,GROUP7_SELECTED,,DEFER_NONFACILITY_BATTLE,Not explicit Battle Frontier/Battle Tent facility content; keep for later dedicated HOLD handling,data/scripts/gift_battle_card.inc::sText_MysteryGiftBattleCountCard_WonPrize,J,NEEDS_TRANSLATION,Current source still matches English baseline; no closed coverage evidence,data/scripts/gift_battle_card.inc,38,Thank you for using the MYSTERY\nGIFT System.\pCongratulations!\pYou have won a prize for winning\nthree battles!\pWe hope you will be inspired to\nbattle some more.$,Thank you for using the MYSTERY\nGIFT System.\pCongratulations!\pYou have won a prize for winning\nthree battles!\pWe hope you will be inspired to\nbattle some more.$,ขอบคุณที่ใช้ระบบของขวัญ\nลึกลับ.\pยินดีด้วย!\pคุณได้รับรางวัลจากการชนะ\nการต่อสู้ครบสามครั้ง!\pหวังว่าคุณจะมีกำลังใจ\nออกไปต่อสู้อีกนะ.$,TRANSLATED
dlg_979178a6ee37f179,battle,Unclassified,battle,HOLD_FOR_SCOPE_DECISION,HOLD,,Raw inventory row; scope not explicitly approved.,data/scripts/mauville_man.inc,562,MauvilleCity_PokemonCenter_1F_Text_BattleTowerChallengesTitle,GROUP7_SELECTED,,DEFER_NONFACILITY_BATTLE,Not explicit Battle Frontier/Battle Tent facility content; keep for later dedicated HOLD handling,data/scripts/mauville_man.inc::MauvilleCity_PokemonCenter_1F_Text_BattleTowerChallengesTitle,J,NEEDS_TRANSLATION,Current source still matches English baseline; no closed coverage evidence,data/scripts/mauville_man.inc,562,The BATTLE TOWER Challenger$,The BATTLE TOWER Challenger$,ผู้ท้าทายแบทเทิลทาวเวอร์$,TRANSLATED
dlg_b75cd995171e6dce,battle,Unclassified,battle,HOLD_FOR_SCOPE_DECISION,HOLD,,Raw inventory row; scope not explicitly approved.,data/scripts/mauville_man.inc,565,MauvilleCity_PokemonCenter_1F_Text_BattleTowerChallengesAction,GROUP7_SELECTED,,DEFER_NONFACILITY_BATTLE,Not explicit Battle Frontier/Battle Tent facility content; keep for later dedicated HOLD handling,data/scripts/mauville_man.inc::MauvilleCity_PokemonCenter_1F_Text_BattleTowerChallengesAction,J,NEEDS_TRANSLATION,Current source still matches English baseline; no closed coverage evidence,data/scripts/mauville_man.inc,565,Took the BATTLE TOWER challenge$,Took the BATTLE TOWER challenge$,เข้าท้าทายแบทเทิลทาวเวอร์$,TRANSLATED
dlg_df31ac8646673ccc,battle,Unclassified,battle,HOLD_FOR_SCOPE_DECISION,HOLD,,Raw inventory row; scope not explicitly approved.,data/scripts/mauville_man.inc,568,MauvilleCity_PokemonCenter_1F_Text_BattleTowerChallengesStory,GROUP7_SELECTED,,DEFER_NONFACILITY_BATTLE,Not explicit Battle Frontier/Battle Tent facility content; keep for later dedicated HOLD handling,data/scripts/mauville_man.inc::MauvilleCity_PokemonCenter_1F_Text_BattleTowerChallengesStory,J,NEEDS_TRANSLATION,Current source still matches English baseline; no closed coverage evidence,data/scripts/mauville_man.inc,568,This is a tale of a TRAINER\nnamed {STR_VAR_3}.\pThis TRAINER took the BATTLE TOWER\nchallenge {STR_VAR_1} times!\p{STR_VAR_3} is a TRAINER who aspires\nfor excellence in the BATTLE TOWER!$,This is a tale of a TRAINER\nnamed {STR_VAR_3}.\pThis TRAINER took the BATTLE TOWER\nchallenge {STR_VAR_1} times!\p{STR_VAR_3} is a TRAINER who aspires\nfor excellence in the BATTLE TOWER!$,นี่คือเรื่องราวของเทรนเนอร์\nชื่อ {STR_VAR_3}.\pเขาท้าทายแบทเทิลทาวเวอร์\nมาแล้ว {STR_VAR_1} ครั้ง!\p{STR_VAR_3} คือเทรนเนอร์ที่มุ่งมั่น\nสู่ความเป็นเลิศในแบทเทิลทาวเวอร์!$,TRANSLATED
dlg_d8d5c3a5ec0575e4,battle,Unclassified,battle,HOLD_FOR_SCOPE_DECISION,HOLD,,Raw inventory row; scope not explicitly approved.,data/scripts/secret_base.inc,712,SecretBase_Text_BattleTowerShield,GROUP7_SELECTED,,DEFER_NONFACILITY_BATTLE,Not explicit Battle Frontier/Battle Tent facility content; keep for later dedicated HOLD handling,data/scripts/secret_base.inc::SecretBase_Text_BattleTowerShield,J,NEEDS_TRANSLATION,Current source still matches English baseline; no closed coverage evidence,data/scripts/secret_base.inc,712,A shield of {STR_VAR_2} that marks winning\n{STR_VAR_1} times in a row at the BATTLE TOWER.$,A shield of {STR_VAR_2} that marks winning\n{STR_VAR_1} times in a row at the BATTLE TOWER.$,โล่ {STR_VAR_2} แห่งชัยชนะ\nชนะติด {STR_VAR_1} ครั้งที่แบทเทิลทาวเวอร์.$,TRANSLATED
dlg_87689c7686977f41,battle,Unclassified,battle,HOLD_FOR_SCOPE_DECISION,HOLD,,Raw inventory row; scope not explicitly approved.,data/text/cable_club.inc,15,CableClub_Text_BattleUsingLinkCable,GROUP7_SELECTED,,DEFER_NONFACILITY_BATTLE,Not explicit Battle Frontier/Battle Tent facility content; keep for later dedicated HOLD handling,data/text/cable_club.inc::CableClub_Text_BattleUsingLinkCable,F,NEEDS_TRANSLATION,Current source still matches English baseline; no closed coverage evidence,data/text/cable_club.inc,15,You may battle another TRAINER\nusing a GBA Game Link cable.$,You may battle another TRAINER\nusing a GBA Game Link cable.$,คุณสามารถต่อสู้กับเทรนเนอร์คนอื่น\nผ่าน GBA Game Link Cable ได้.$,TRANSLATED
dlg_7cbae448ed100f75,battle,Unclassified,battle,HOLD_FOR_SCOPE_DECISION,HOLD,,Raw inventory row; scope not explicitly approved.,data/text/cable_club.inc,27,CableClub_Text_NeedTwoMonsForDoubleBattle,GROUP7_SELECTED,,DEFER_NONFACILITY_BATTLE,Not explicit Battle Frontier/Battle Tent facility content; keep for later dedicated HOLD handling,data/text/cable_club.inc::CableClub_Text_NeedTwoMonsForDoubleBattle,F,NEEDS_TRANSLATION,Current source still matches English baseline; no closed coverage evidence,data/text/cable_club.inc,27,"For a DOUBLE BATTLE, you must\nhave at least two POKéMON.$","For a DOUBLE BATTLE, you must\nhave at least two POKéMON.$",ดับเบิลแบทเทิลต้องมีโปเกมอน\nอย่างน้อยสองตัว.$,TRANSLATED
dlg_7e2865402d56fc16,battle,Unclassified,battle,HOLD_FOR_SCOPE_DECISION,HOLD,,Raw inventory row; scope not explicitly approved.,data/text/cable_club.inc,88,CableClub_Text_CantSingleBattleWithXPlayers,GROUP7_SELECTED,,DEFER_NONFACILITY_BATTLE,Not explicit Battle Frontier/Battle Tent facility content; keep for later dedicated HOLD handling,data/text/cable_club.inc::CableClub_Text_CantSingleBattleWithXPlayers,F,NEEDS_TRANSLATION,Current source still matches English baseline; no closed coverage evidence,data/text/cable_club.inc,88,The SINGLE BATTLE Mode can't be\nplayed by {STR_VAR_1} players.$,The SINGLE BATTLE Mode can't be\nplayed by {STR_VAR_1} players.$,โหมดซิงเกิลแบทเทิลเล่นพร้อมกัน\n{STR_VAR_1} คนไม่ได้.$,TRANSLATED
dlg_3b0140c6d8cc4ca5,battle,Unclassified,battle,HOLD_FOR_SCOPE_DECISION,HOLD,,Raw inventory row; scope not explicitly approved.,data/text/cable_club.inc,92,CableClub_Text_CantDoubleBattleWithXPlayers,GROUP7_SELECTED,,DEFER_NONFACILITY_BATTLE,Not explicit Battle Frontier/Battle Tent facility content; keep for later dedicated HOLD handling,data/text/cable_club.inc::CableClub_Text_CantDoubleBattleWithXPlayers,F,NEEDS_TRANSLATION,Current source still matches English baseline; no closed coverage evidence,data/text/cable_club.inc,92,The DOUBLE BATTLE Mode can't be\nplayed by {STR_VAR_1} players.$,The DOUBLE BATTLE Mode can't be\nplayed by {STR_VAR_1} players.$,โหมดดับเบิลแบทเทิลเล่นพร้อมกัน\n{STR_VAR_1} คนไม่ได้.$,TRANSLATED
dlg_4c28e55b29b63559,battle,Unclassified,battle,HOLD_FOR_SCOPE_DECISION,HOLD,,Raw inventory row; scope not explicitly approved.,data/text/cable_club.inc,123,BattleColosseum_2P_Text_TakePlaceStartBattle,GROUP7_SELECTED,,DEFER_NONFACILITY_BATTLE,Not explicit Battle Frontier/Battle Tent facility content; keep for later dedicated HOLD handling,data/text/cable_club.inc::BattleColosseum_2P_Text_TakePlaceStartBattle,F,NEEDS_TRANSLATION,Current source still matches English baseline; no closed coverage evidence,data/text/cable_club.inc,123,Please take your place and start\nyour battle.$,Please take your place and start\nyour battle.$,กรุณาเข้าประจำที่แล้ว\nเริ่มการต่อสู้ได้เลย.$,TRANSLATED
dlg_e6bb0fc638f633e9,battle,Unclassified,battle,HOLD_FOR_SCOPE_DECISION,HOLD,,Raw inventory row; scope not explicitly approved.,data/text/cable_club.inc,188,CableClub_Text_YouMayBattleHere,GROUP7_SELECTED,,DEFER_NONFACILITY_BATTLE,Not explicit Battle Frontier/Battle Tent facility content; keep for later dedicated HOLD handling,data/text/cable_club.inc::CableClub_Text_YouMayBattleHere,F,NEEDS_TRANSLATION,Current source still matches English baseline; no closed coverage evidence,data/text/cable_club.inc,188,You may battle with your friends\nhere.$,You may battle with your friends\nhere.$,คุณสามารถต่อสู้กับเพื่อน\nได้ที่นี่.$,TRANSLATED
dlg_667243e5f4d1184a,battle,Unclassified,battle,HOLD_FOR_SCOPE_DECISION,HOLD,,Raw inventory row; scope not explicitly approved.,data/text/cable_club.inc,209,CableClub_Text_WhichBattleMode,GROUP7_SELECTED,,DEFER_NONFACILITY_BATTLE,Not explicit Battle Frontier/Battle Tent facility content; keep for later dedicated HOLD handling,data/text/cable_club.inc::CableClub_Text_WhichBattleMode,F,NEEDS_TRANSLATION,Current source still matches English baseline; no closed coverage evidence,data/text/cable_club.inc,209,Which battle mode would you like?$,Which battle mode would you like?$,ต้องการเลือกโหมดแบทเทิลแบบไหน?$,TRANSLATED
dlg_b5af2278b05c293e,battle,Unclassified,battle,HOLD_FOR_SCOPE_DECISION,HOLD,,Raw inventory row; scope not explicitly approved.,data/text/cable_club.inc,341,CableClub_Text_PlayWhichBattleMode,GROUP7_SELECTED,,DEFER_NONFACILITY_BATTLE,Not explicit Battle Frontier/Battle Tent facility content; keep for later dedicated HOLD handling,data/text/cable_club.inc::CableClub_Text_PlayWhichBattleMode,F,NEEDS_TRANSLATION,Current source still matches English baseline; no closed coverage evidence,data/text/cable_club.inc,341,Which Battle Mode would you like\nto play?$,Which Battle Mode would you like\nto play?$,ต้องการเล่นโหมดแบทเทิล\nแบบไหน?$,TRANSLATED
dlg_35a071fd5020d9fd,battle,Unclassified,battle,HOLD_FOR_SCOPE_DECISION,HOLD,,Raw inventory row; scope not explicitly approved.,data/text/cable_club.inc,353,CableClub_Text_ExplainBattleModes,GROUP7_SELECTED,,DEFER_NONFACILITY_BATTLE,Not explicit Battle Frontier/Battle Tent facility content; keep for later dedicated HOLD handling,data/text/cable_club.inc::CableClub_Text_ExplainBattleModes,F,NEEDS_TRANSLATION,Current source still matches English baseline; no closed coverage evidence,data/text/cable_club.inc,353,There are three Battle Modes.\pSINGLE BATTLE is for two TRAINERS\nwith one or more POKéMON each.\pEach TRAINER can have one POKéMON\nin battle at a time.\pDOUBLE BATTLE is for two TRAINERS\nwith two or more POKéMON each.\pEach TRAINER will send out two\nPOKéMON in battle at a time.\pMULTI BATTLE is for four TRAINERS\nwith one or more POKéMON each.\pEach TRAINER can have one POKéMON\nin battle at a time.$,There are three Battle Modes.\pSINGLE BATTLE is for two TRAINERS\nwith one or more POKéMON each.\pEach TRAINER can have one POKéMON\nin battle at a time.\pDOUBLE BATTLE is for two TRAINERS\nwith two or more POKéMON each.\pEach TRAINER will send out two\nPOKéMON in battle at a time.\pMULTI BATTLE is for four TRAINERS\nwith one or more POKéMON each.\pEach TRAINER can have one POKéMON\nin battle at a time.$,โหมดแบทเทิลมีสามแบบ.\pซิงเกิลแบทเทิล: เทรนเนอร์สองคน\nแต่ละคนมีโปเกมอนอย่างน้อยหนึ่งตัว.\pแต่ละคนส่งโปเกมอนลงสนาม\nได้ครั้งละหนึ่งตัว.\pดับเบิลแบทเทิล: เทรนเนอร์สองคน\nแต่ละคนมีโปเกมอนอย่างน้อยสองตัว.\pแต่ละคนส่งโปเกมอนลงสนาม\nพร้อมกันครั้งละสองตัว.\pมัลติแบทเทิล: เทรนเนอร์สี่คน\nแต่ละคนมีโปเกมอนอย่างน้อยหนึ่งตัว.\pแต่ละคนส่งโปเกมอนลงสนาม\nได้ครั้งละหนึ่งตัว.$,TRANSLATED
dlg_6e6fe4dff301d8aa,battle,Unclassified,battle,HOLD_FOR_SCOPE_DECISION,HOLD,,Raw inventory row; scope not explicitly approved.,data/text/tv.inc,73,BattleFrontier_BattleTowerLobby_Text_InterviewRequest,GROUP7_SELECTED,,DEFER_NONFACILITY_BATTLE,Not explicit Battle Frontier/Battle Tent facility content; keep for later dedicated HOLD handling,data/text/tv.inc::BattleFrontier_BattleTowerLobby_Text_InterviewRequest,C,NEEDS_TRANSLATION,Current source still matches English baseline; no closed coverage evidence,data/text/tv.inc,73,"Hello! You're the TRAINER who just had\na battle, right?\pI'm gathering interviews with TRAINERS\nall over the place.\pMay I get a few words from you about\nyour impressions on battling?$","Hello! You're the TRAINER who just had\na battle, right?\pI'm gathering interviews with TRAINERS\nall over the place.\pMay I get a few words from you about\nyour impressions on battling?$",สวัสดี! คุณคือเทรนเนอร์ที่เพิ่ง\nสู้มาใช่ไหม?\pฉันกำลังสัมภาษณ์เทรนเนอร์\nจากทั่วทุกแห่ง.\pขอถามความรู้สึกเกี่ยวกับ\nการต่อสู้สักหน่อยได้ไหม?$,TRANSLATED
dlg_7ced9d6be772ab64,battle,Unclassified,battle,HOLD_FOR_SCOPE_DECISION,HOLD,,Raw inventory row; scope not explicitly approved.,data/text/tv.inc,81,BattleFrontier_BattleTowerLobby_Text_HowDidBattleTowerTurnOut,GROUP7_SELECTED,,DEFER_NONFACILITY_BATTLE,Not explicit Battle Frontier/Battle Tent facility content; keep for later dedicated HOLD handling,data/text/tv.inc::BattleFrontier_BattleTowerLobby_Text_HowDidBattleTowerTurnOut,C,NEEDS_TRANSLATION,Current source still matches English baseline; no closed coverage evidence,data/text/tv.inc,81,"You will? Really?\nThank you!\lThen, uh…\pHow did things turn out in\nthe BATTLE TOWER today?\pWere you satisfied with the battle?\nOr are you unhappy?$","You will? Really?\nThank you!\lThen, uh…\pHow did things turn out in\nthe BATTLE TOWER today?\pWere you satisfied with the battle?\nOr are you unhappy?$",จริงเหรอ? ยอมให้สัมภาษณ์เหรอ?\nขอบคุณมาก!\lงั้น เอ่อ…\pวันนี้ที่แบทเทิลทาวเวอร์\nเป็นยังไงบ้าง?\pพอใจกับการต่อสู้ไหม?\nหรือยังไม่พอใจ?$,TRANSLATED
dlg_5379136065f0ca35,battle,Unclassified,battle,HOLD_FOR_SCOPE_DECISION,HOLD,,Raw inventory row; scope not explicitly approved.,data/text/tv.inc,90,BattleFrontier_BattleTowerLobby_Text_SorryWeDisturbedYou,GROUP7_SELECTED,,DEFER_NONFACILITY_BATTLE,Not explicit Battle Frontier/Battle Tent facility content; keep for later dedicated HOLD handling,data/text/tv.inc::BattleFrontier_BattleTowerLobby_Text_SorryWeDisturbedYou,C,NEEDS_TRANSLATION,Current source still matches English baseline; no closed coverage evidence,data/text/tv.inc,90,Oh…\nSorry we disturbed you.\pPlease give us an interview the next\ntime you visit the BATTLE TOWER.$,Oh…\nSorry we disturbed you.\pPlease give us an interview the next\ntime you visit the BATTLE TOWER.$,อ้อ…\nขอโทษที่รบกวนนะ.\pคราวหน้าที่มาแบทเทิลทาวเวอร์\nช่วยให้สัมภาษณ์เราด้วยนะ.$,TRANSLATED
dlg_e443d21f7c4e699d,battle,Unclassified,battle,HOLD_FOR_SCOPE_DECISION,HOLD,,Raw inventory row; scope not explicitly approved.,data/text/tv.inc,96,BattleFrontier_BattleTowerLobby_Text_ObviousYouHadGreatBattle,GROUP7_SELECTED,,DEFER_NONFACILITY_BATTLE,Not explicit Battle Frontier/Battle Tent facility content; keep for later dedicated HOLD handling,data/text/tv.inc::BattleFrontier_BattleTowerLobby_Text_ObviousYouHadGreatBattle,C,NEEDS_TRANSLATION,Current source still matches English baseline; no closed coverage evidence,data/text/tv.inc,96,"Well, of course!\pThat unmistakable look of satisfaction\non your face…\pIt's obvious that you've had a great\nbattle.$","Well, of course!\pThat unmistakable look of satisfaction\non your face…\pIt's obvious that you've had a great\nbattle.$",แน่นอนอยู่แล้ว!\pดูจากสีหน้าที่พอใจ\nอย่างเห็นได้ชัด…\pแสดงว่าคุณคงได้ต่อสู้\nอย่างยอดเยี่ยมแน่ ๆ.$,TRANSLATED
dlg_6bcea2da5cde78e1,battle,Unclassified,battle,HOLD_FOR_SCOPE_DECISION,HOLD,,Raw inventory row; scope not explicitly approved.,data/text/tv.inc,103,BattleFrontier_BattleTowerLobby_Text_DifficultToMakeBattleTurnOutAsPlanned,GROUP7_SELECTED,,DEFER_NONFACILITY_BATTLE,Not explicit Battle Frontier/Battle Tent facility content; keep for later dedicated HOLD handling,data/text/tv.inc::BattleFrontier_BattleTowerLobby_Text_DifficultToMakeBattleTurnOutAsPlanned,C,NEEDS_TRANSLATION,Current source still matches English baseline; no closed coverage evidence,data/text/tv.inc,103,"Oh, I see…\pWell, it certainly is difficult to make a\nbattle turn out exactly as planned.$","Oh, I see…\pWell, it certainly is difficult to make a\nbattle turn out exactly as planned.$",อ้อ เข้าใจแล้ว…\pการทำให้การต่อสู้เป็นไป\nตามแผนทุกอย่างไม่ใช่เรื่องง่ายเลย.$,TRANSLATED
dlg_c6ac1b400cf66dbe,battle,Unclassified,battle,HOLD_FOR_SCOPE_DECISION,HOLD,,Raw inventory row; scope not explicitly approved.,data/text/tv.inc,108,BattleFrontier_BattleTowerLobby_Text_DescribeYourBattle,GROUP7_SELECTED,,DEFER_NONFACILITY_BATTLE,Not explicit Battle Frontier/Battle Tent facility content; keep for later dedicated HOLD handling,data/text/tv.inc::BattleFrontier_BattleTowerLobby_Text_DescribeYourBattle,C,NEEDS_TRANSLATION,Current source still matches English baseline; no closed coverage evidence,data/text/tv.inc,108,"Oh, oh, may I ask one more question?\pIf you were to describe your\nimpressions about this battle with\lone saying, what would it be?$","Oh, oh, may I ask one more question?\pIf you were to describe your\nimpressions about this battle with\lone saying, what would it be?$",อ้อ ขอถามอีกข้อได้ไหม?\pถ้าให้บอกความรู้สึก\nเกี่ยวกับการต่อสู้ครั้งนี้\lด้วยคำพูดสั้น ๆ จะว่าอย่างไร?$,TRANSLATED
dlg_c147ecbe633ceeed,battle,Unclassified,battle,HOLD_FOR_SCOPE_DECISION,HOLD,,Raw inventory row; scope not explicitly approved.,data/text/tv.inc,114,BattleFrontier_BattleTowerLobby_Text_ThatsGreatLine,GROUP7_SELECTED,,DEFER_NONFACILITY_BATTLE,Not explicit Battle Frontier/Battle Tent facility content; keep for later dedicated HOLD handling,data/text/tv.inc::BattleFrontier_BattleTowerLobby_Text_ThatsGreatLine,C,NEEDS_TRANSLATION,Current source still matches English baseline; no closed coverage evidence,data/text/tv.inc,114,"Oh, that is stunningly cool!\pThat's a great line!\nI hope you'll do great next time, too.\pI hope to see you again!$","Oh, that is stunningly cool!\pThat's a great line!\nI hope you'll do great next time, too.\pI hope to see you again!$",โอ้ ฟังดูเท่มาก!\pเป็นคำพูดที่ยอดเยี่ยม!\nครั้งหน้าก็ขอให้ทำได้ดีนะ.\pหวังว่าจะได้เจอกันอีก!$,TRANSLATED
dlg_1c59f2d2a4c11020,battle,Unclassified,battle,HOLD_FOR_SCOPE_DECISION,HOLD,,Raw inventory row; scope not explicitly approved.,data/text/tv.inc,120,BattleFrontier_BattleTowerLobby_Text_SilentType,GROUP7_SELECTED,,DEFER_NONFACILITY_BATTLE,Not explicit Battle Frontier/Battle Tent facility content; keep for later dedicated HOLD handling,data/text/tv.inc::BattleFrontier_BattleTowerLobby_Text_SilentType,C,NEEDS_TRANSLATION,Current source still matches English baseline; no closed coverage evidence,data/text/tv.inc,120,"Oh, I see…\pStill, being the silent type is also\ncool, isn't it?\pI hope you'll give me the opportunity\nto share your thoughts again!$","Oh, I see…\pStill, being the silent type is also\ncool, isn't it?\pI hope you'll give me the opportunity\nto share your thoughts again!$",อ้อ เข้าใจแล้ว…\pแต่คนพูดน้อยก็ดู\nเท่เหมือนกันนะ?\pหวังว่าคราวหน้าจะได้ฟัง\nความเห็นของคุณอีก!$,TRANSLATED
dlg_a85321e4604616bf,battle,Unclassified,battle,HOLD_FOR_SCOPE_DECISION,HOLD,,Raw inventory row; scope not explicitly approved.,data/text/tv.inc,127,BattleFrontier_BattleTowerLobby_Text_LookingForwardToNextBattle,GROUP7_SELECTED,,DEFER_NONFACILITY_BATTLE,Not explicit Battle Frontier/Battle Tent facility content; keep for later dedicated HOLD handling,data/text/tv.inc::BattleFrontier_BattleTowerLobby_Text_LookingForwardToNextBattle,C,NEEDS_TRANSLATION,Current source still matches English baseline; no closed coverage evidence,data/text/tv.inc,127,I'll be looking forward to your\nnext battle!$,I'll be looking forward to your\nnext battle!$,ฉันจะตั้งตารอ\nการต่อสู้ครั้งต่อไปของคุณ!$,TRANSLATED
dlg_996fa51dfb66346b,battle,Unclassified,battle,HOLD_FOR_SCOPE_DECISION,HOLD,,Raw inventory row; scope not explicitly approved.,data/text/tv.inc,1440,gTVThePokemonBattleSeminarText00,GROUP7_SELECTED,,DEFER_NONFACILITY_BATTLE,Not explicit Battle Frontier/Battle Tent facility content; keep for later dedicated HOLD handling,data/text/tv.inc::gTVThePokemonBattleSeminarText00,C,NEEDS_TRANSLATION,Current source still matches English baseline; no closed coverage evidence,data/text/tv.inc,1440,THE POKéMON BATTLE SEMINAR!\pWe examine battles to see what\nlessons we may learn from others.\pToday's case study is on {STR_VAR_1}'s\nbattle.\p{STR_VAR_1}'s {STR_VAR_2} was\nbattling one {STR_VAR_3}…$,THE POKéMON BATTLE SEMINAR!\pWe examine battles to see what\nlessons we may learn from others.\pToday's case study is on {STR_VAR_1}'s\nbattle.\p{STR_VAR_1}'s {STR_VAR_2} was\nbattling one {STR_VAR_3}…$,สัมมนาการต่อสู้โปเกมอน!\pเราจะศึกษาการต่อสู้เพื่อดูว่า\nเรียนรู้อะไรจากคนอื่นได้บ้าง.\pวันนี้เรามาดู {STR_VAR_1}\nต่อสู้กัน.\p{STR_VAR_1} ใช้ {STR_VAR_2}\nต่อสู้กับ {STR_VAR_3}…$,TRANSLATED
dlg_63f7c007560bbcb6,battle,Unclassified,battle,HOLD_FOR_SCOPE_DECISION,HOLD,,Raw inventory row; scope not explicitly approved.,data/text/tv.inc,1449,gTVThePokemonBattleSeminarText01,GROUP7_SELECTED,,DEFER_NONFACILITY_BATTLE,Not explicit Battle Frontier/Battle Tent facility content; keep for later dedicated HOLD handling,data/text/tv.inc::gTVThePokemonBattleSeminarText01,C,NEEDS_TRANSLATION,Current source still matches English baseline; no closed coverage evidence,data/text/tv.inc,1449,And it used the move {STR_VAR_3}\non the {STR_VAR_2}…\pHmm… {STR_VAR_1}!\nThat's the wrong thing to do!$,And it used the move {STR_VAR_3}\non the {STR_VAR_2}…\pHmm… {STR_VAR_1}!\nThat's the wrong thing to do!$,แล้วมันใช้ท่า {STR_VAR_3}\nใส่ {STR_VAR_2}…\pอืม… {STR_VAR_1}!\nทำแบบนั้นไม่ถูกนะ!$,TRANSLATED
dlg_afa31b319cbbef08,battle,Unclassified,battle,HOLD_FOR_SCOPE_DECISION,HOLD,,Raw inventory row; scope not explicitly approved.,data/text/tv.inc,1455,gTVThePokemonBattleSeminarText02,GROUP7_SELECTED,,DEFER_NONFACILITY_BATTLE,Not explicit Battle Frontier/Battle Tent facility content; keep for later dedicated HOLD handling,data/text/tv.inc::gTVThePokemonBattleSeminarText02,C,NEEDS_TRANSLATION,Current source still matches English baseline; no closed coverage evidence,data/text/tv.inc,1455,"In addition to the doomed move,\nthe TRAINER's {STR_VAR_1} also knew$","In addition to the doomed move,\nthe TRAINER's {STR_VAR_1} also knew$","นอกจากท่าที่เลือกพลาดแล้ว,\n{STR_VAR_1} ของเทรนเนอร์ยังรู้จัก$",TRANSLATED
dlg_de4dd2766c9c3214,battle,Unclassified,battle,HOLD_FOR_SCOPE_DECISION,HOLD,,Raw inventory row; scope not explicitly approved.,data/text/tv.inc,1459,gTVThePokemonBattleSeminarText03,GROUP7_SELECTED,,DEFER_NONFACILITY_BATTLE,Not explicit Battle Frontier/Battle Tent facility content; keep for later dedicated HOLD handling,data/text/tv.inc::gTVThePokemonBattleSeminarText03,C,NEEDS_TRANSLATION,Current source still matches English baseline; no closed coverage evidence,data/text/tv.inc,1459,"the moves {STR_VAR_1}, {STR_VAR_2},\nand {STR_VAR_3}.$","the moves {STR_VAR_1}, {STR_VAR_2},\nand {STR_VAR_3}.$","ท่า {STR_VAR_1}, {STR_VAR_2},\nและ {STR_VAR_3}.$",TRANSLATED
dlg_79738c516476f77e,battle,Unclassified,battle,HOLD_FOR_SCOPE_DECISION,HOLD,,Raw inventory row; scope not explicitly approved.,data/text/tv.inc,1463,gTVThePokemonBattleSeminarText04,GROUP7_SELECTED,,DEFER_NONFACILITY_BATTLE,Not explicit Battle Frontier/Battle Tent facility content; keep for later dedicated HOLD handling,data/text/tv.inc::gTVThePokemonBattleSeminarText04,C,NEEDS_TRANSLATION,Current source still matches English baseline; no closed coverage evidence,data/text/tv.inc,1463,the moves {STR_VAR_1} and\n{STR_VAR_2}.$,the moves {STR_VAR_1} and\n{STR_VAR_2}.$,ท่า {STR_VAR_1} และ\n{STR_VAR_2}.$,TRANSLATED
dlg_61c093e22d4c5eb8,battle,Unclassified,battle,HOLD_FOR_SCOPE_DECISION,HOLD,,Raw inventory row; scope not explicitly approved.,data/text/tv.inc,1467,gTVThePokemonBattleSeminarText05,GROUP7_SELECTED,,DEFER_NONFACILITY_BATTLE,Not explicit Battle Frontier/Battle Tent facility content; keep for later dedicated HOLD handling,data/text/tv.inc::gTVThePokemonBattleSeminarText05,C,NEEDS_TRANSLATION,Current source still matches English baseline; no closed coverage evidence,data/text/tv.inc,1467,the move {STR_VAR_2}.$,the move {STR_VAR_2}.$,ท่า {STR_VAR_2}.$,TRANSLATED
dlg_d0b4e51ee6ccbc1c,battle,Unclassified,battle,HOLD_FOR_SCOPE_DECISION,HOLD,,Raw inventory row; scope not explicitly approved.,data/text/tv.inc,1470,gTVThePokemonBattleSeminarText06,GROUP7_SELECTED,,DEFER_NONFACILITY_BATTLE,Not explicit Battle Frontier/Battle Tent facility content; keep for later dedicated HOLD handling,data/text/tv.inc::gTVThePokemonBattleSeminarText06,C,NEEDS_TRANSLATION,Current source still matches English baseline; no closed coverage evidence,data/text/tv.inc,1470,"So, in this situation, what should\nthe TRAINER have used?\p… … … … … …\nThe move {STR_VAR_1}!\pThe move {STR_VAR_1} would have been\nabsolutely better than {STR_VAR_2}.\pViewers, I urge you to learn from this\ncase and battle with intelligence!\pUntil next time, farewell!$","So, in this situation, what should\nthe TRAINER have used?\p… … … … … …\nThe move {STR_VAR_1}!\pThe move {STR_VAR_1} would have been\nabsolutely better than {STR_VAR_2}.\pViewers, I urge you to learn from this\ncase and battle with intelligence!\pUntil next time, farewell!$",แล้วสถานการณ์แบบนี้ควรใช้\nท่าไหนดี?\p… … … … … …\nท่า {STR_VAR_1}!\pท่า {STR_VAR_1} เหมาะกว่า\n{STR_VAR_2} อย่างแน่นอน.\pผู้ชมทุกท่าน จงเรียนรู้จากกรณีนี้\nและต่อสู้อย่างมีชั้นเชิง!\pพบกันใหม่คราวหน้า!$,TRANSLATED
dlg_44b9e51c1fae327b,battle,Unclassified,battle,HOLD_FOR_SCOPE_DECISION,HOLD,,Raw inventory row; scope not explicitly approved.,data/text/tv.inc,1658,gTVPokemonNewsBattleFrontierText00,GROUP7_SELECTED,,DEFER_NONFACILITY_BATTLE,Not explicit Battle Frontier/Battle Tent facility content; keep for later dedicated HOLD handling,data/text/tv.inc::gTVPokemonNewsBattleFrontierText00,C,NEEDS_TRANSLATION,Current source still matches English baseline; no closed coverage evidence,data/text/tv.inc,1658,Greetings!\nIt's time for POKéMON NEWS.\pWe've got some uplifting news from\nthe BATTLE FRONTIER.$,Greetings!\nIt's time for POKéMON NEWS.\pWe've got some uplifting news from\nthe BATTLE FRONTIER.$,สวัสดีครับ!\nได้เวลาข่าวโปเกมอน.\pวันนี้มีข่าวน่ายินดีจาก\nแบทเทิลฟรอนเทียร์.$,TRANSLATED
dlg_5d32efe0df113a2d,battle,Unclassified,battle,HOLD_FOR_SCOPE_DECISION,HOLD,,Raw inventory row; scope not explicitly approved.,data/text/tv.inc,1664,gTVPokemonNewsBattleFrontierText01,GROUP7_SELECTED,,DEFER_NONFACILITY_BATTLE,Not explicit Battle Frontier/Battle Tent facility content; keep for later dedicated HOLD handling,data/text/tv.inc::gTVPokemonNewsBattleFrontierText01,C,NEEDS_TRANSLATION,Current source still matches English baseline; no closed coverage evidence,data/text/tv.inc,1664,The TRAINER {STR_VAR_1} set a new\n{STR_VAR_2}-win-streak record while on\lthe BATTLE TOWER's SINGLE BATTLE\lROOM challenge.\pHere's to {STR_VAR_1}!$,The TRAINER {STR_VAR_1} set a new\n{STR_VAR_2}-win-streak record while on\lthe BATTLE TOWER's SINGLE BATTLE\lROOM challenge.\pHere's to {STR_VAR_1}!$,เทรนเนอร์ {STR_VAR_1} ทำสถิติใหม่\nชนะติดต่อกัน {STR_VAR_2} ครั้ง\lในซิงเกิลแบทเทิลรูมของ\lแบทเทิลทาวเวอร์.\pยินดีกับ {STR_VAR_1}!$,TRANSLATED
dlg_fb4ccfb13248c5a7,battle,Unclassified,battle,HOLD_FOR_SCOPE_DECISION,HOLD,,Raw inventory row; scope not explicitly approved.,data/text/tv.inc,1671,gTVPokemonNewsBattleFrontierText02,GROUP7_SELECTED,,DEFER_NONFACILITY_BATTLE,Not explicit Battle Frontier/Battle Tent facility content; keep for later dedicated HOLD handling,data/text/tv.inc::gTVPokemonNewsBattleFrontierText02,C,NEEDS_TRANSLATION,Current source still matches English baseline; no closed coverage evidence,data/text/tv.inc,1671,The TRAINER {STR_VAR_1} set a new\n{STR_VAR_2}-win-streak record while on\lthe BATTLE TOWER's DOUBLE BATTLE\lROOM challenge.\pHere's to {STR_VAR_1}!$,The TRAINER {STR_VAR_1} set a new\n{STR_VAR_2}-win-streak record while on\lthe BATTLE TOWER's DOUBLE BATTLE\lROOM challenge.\pHere's to {STR_VAR_1}!$,เทรนเนอร์ {STR_VAR_1} ทำสถิติใหม่\nชนะติดต่อกัน {STR_VAR_2} ครั้ง\lในดับเบิลแบทเทิลรูมของ\lแบทเทิลทาวเวอร์.\pยินดีกับ {STR_VAR_1}!$,TRANSLATED
dlg_7658778efb192448,battle,Unclassified,battle,HOLD_FOR_SCOPE_DECISION,HOLD,,Raw inventory row; scope not explicitly approved.,data/text/tv.inc,1678,gTVPokemonNewsBattleFrontierText03,GROUP7_SELECTED,,DEFER_NONFACILITY_BATTLE,Not explicit Battle Frontier/Battle Tent facility content; keep for later dedicated HOLD handling,data/text/tv.inc::gTVPokemonNewsBattleFrontierText03,C,NEEDS_TRANSLATION,Current source still matches English baseline; no closed coverage evidence,data/text/tv.inc,1678,The TRAINER {STR_VAR_1} set a new\n{STR_VAR_2}-win-streak record while on\lthe BATTLE TOWER's MULTI BATTLE\lROOM challenge.\pHere's to {STR_VAR_1}!$,The TRAINER {STR_VAR_1} set a new\n{STR_VAR_2}-win-streak record while on\lthe BATTLE TOWER's MULTI BATTLE\lROOM challenge.\pHere's to {STR_VAR_1}!$,เทรนเนอร์ {STR_VAR_1} ทำสถิติใหม่\nชนะติดต่อกัน {STR_VAR_2} ครั้ง\lในมัลติแบทเทิลรูมของ\lแบทเทิลทาวเวอร์.\pยินดีกับ {STR_VAR_1}!$,TRANSLATED
dlg_91a41d34608e28f7,battle,Unclassified,battle,HOLD_FOR_SCOPE_DECISION,HOLD,,Raw inventory row; scope not explicitly approved.,data/text/tv.inc,1685,gTVPokemonNewsBattleFrontierText04,GROUP7_SELECTED,,DEFER_NONFACILITY_BATTLE,Not explicit Battle Frontier/Battle Tent facility content; keep for later dedicated HOLD handling,data/text/tv.inc::gTVPokemonNewsBattleFrontierText04,C,NEEDS_TRANSLATION,Current source still matches English baseline; no closed coverage evidence,data/text/tv.inc,1685,The TRAINER {STR_VAR_1} set a new\n{STR_VAR_2}-win-streak record while on\lthe BATTLE TOWER's LINK MULTI BATTLE\lROOM challenge.\pHere's to {STR_VAR_1}!$,The TRAINER {STR_VAR_1} set a new\n{STR_VAR_2}-win-streak record while on\lthe BATTLE TOWER's LINK MULTI BATTLE\lROOM challenge.\pHere's to {STR_VAR_1}!$,เทรนเนอร์ {STR_VAR_1} ทำสถิติใหม่\nชนะติดต่อกัน {STR_VAR_2} ครั้ง\lในลิงก์มัลติแบทเทิลรูมของ\lแบทเทิลทาวเวอร์.\pยินดีกับ {STR_VAR_1}!$,TRANSLATED
dlg_b49a1ff44763d8c8,battle,Unclassified,battle,HOLD_FOR_SCOPE_DECISION,HOLD,,Raw inventory row; scope not explicitly approved.,data/text/tv.inc,1692,gTVPokemonNewsBattleFrontierText05,GROUP7_SELECTED,,DEFER_NONFACILITY_BATTLE,Not explicit Battle Frontier/Battle Tent facility content; keep for later dedicated HOLD handling,data/text/tv.inc::gTVPokemonNewsBattleFrontierText05,C,NEEDS_TRANSLATION,Current source still matches English baseline; no closed coverage evidence,data/text/tv.inc,1692,The TRAINER {STR_VAR_1} set a new\n{STR_VAR_2}-championship-streak record\lcompeting in the BATTLE DOME's\lSINGLE BATTLE Tournaments.\pHere's to {STR_VAR_1}!$,The TRAINER {STR_VAR_1} set a new\n{STR_VAR_2}-championship-streak record\lcompeting in the BATTLE DOME's\lSINGLE BATTLE Tournaments.\pHere's to {STR_VAR_1}!$,เทรนเนอร์ {STR_VAR_1} ทำสถิติใหม่\nคว้าแชมป์ต่อเนื่อง {STR_VAR_2} ครั้ง\lในซิงเกิลแบทเทิลทัวร์นาเมนต์\lของแบทเทิลโดม.\pยินดีกับ {STR_VAR_1}!$,TRANSLATED
dlg_59f16f7ed2c05347,battle,Unclassified,battle,HOLD_FOR_SCOPE_DECISION,HOLD,,Raw inventory row; scope not explicitly approved.,data/text/tv.inc,1699,gTVPokemonNewsBattleFrontierText06,GROUP7_SELECTED,,DEFER_NONFACILITY_BATTLE,Not explicit Battle Frontier/Battle Tent facility content; keep for later dedicated HOLD handling,data/text/tv.inc::gTVPokemonNewsBattleFrontierText06,C,NEEDS_TRANSLATION,Current source still matches English baseline; no closed coverage evidence,data/text/tv.inc,1699,The TRAINER {STR_VAR_1} set a new\n{STR_VAR_2}-championship-streak record\lcompeting in the BATTLE DOME's\lDOUBLE BATTLE Tournaments.\pHere's to {STR_VAR_1}!$,The TRAINER {STR_VAR_1} set a new\n{STR_VAR_2}-championship-streak record\lcompeting in the BATTLE DOME's\lDOUBLE BATTLE Tournaments.\pHere's to {STR_VAR_1}!$,เทรนเนอร์ {STR_VAR_1} ทำสถิติใหม่\nคว้าแชมป์ต่อเนื่อง {STR_VAR_2} ครั้ง\lในดับเบิลแบทเทิลทัวร์นาเมนต์\lของแบทเทิลโดม.\pยินดีกับ {STR_VAR_1}!$,TRANSLATED
dlg_7cc56245491a6226,battle,Unclassified,battle,HOLD_FOR_SCOPE_DECISION,HOLD,,Raw inventory row; scope not explicitly approved.,data/text/tv.inc,1706,gTVPokemonNewsBattleFrontierText07,GROUP7_SELECTED,,DEFER_NONFACILITY_BATTLE,Not explicit Battle Frontier/Battle Tent facility content; keep for later dedicated HOLD handling,data/text/tv.inc::gTVPokemonNewsBattleFrontierText07,C,NEEDS_TRANSLATION,Current source still matches English baseline; no closed coverage evidence,data/text/tv.inc,1706,The TRAINER {STR_VAR_1} set a new\n{STR_VAR_2}-win-streak record while on\lthe BATTLE FACTORY's Battle\lSwap Single challenge.\pHere's to {STR_VAR_1}!$,The TRAINER {STR_VAR_1} set a new\n{STR_VAR_2}-win-streak record while on\lthe BATTLE FACTORY's Battle\lSwap Single challenge.\pHere's to {STR_VAR_1}!$,เทรนเนอร์ {STR_VAR_1} ทำสถิติใหม่\nชนะติดต่อกัน {STR_VAR_2} ครั้ง\lในแบทเทิลสวอปซิงเกิล\lของแบทเทิลแฟกทอรี.\pยินดีกับ {STR_VAR_1}!$,TRANSLATED
dlg_a7002b3e387ceddc,battle,Unclassified,battle,HOLD_FOR_SCOPE_DECISION,HOLD,,Raw inventory row; scope not explicitly approved.,data/text/tv.inc,1713,gTVPokemonNewsBattleFrontierText08,GROUP7_SELECTED,,DEFER_NONFACILITY_BATTLE,Not explicit Battle Frontier/Battle Tent facility content; keep for later dedicated HOLD handling,data/text/tv.inc::gTVPokemonNewsBattleFrontierText08,C,NEEDS_TRANSLATION,Current source still matches English baseline; no closed coverage evidence,data/text/tv.inc,1713,The TRAINER {STR_VAR_1} set a new\n{STR_VAR_2}-win-streak record while on\lthe BATTLE FACTORY's Battle\lSwap Double challenge.\pHere's to {STR_VAR_1}!$,The TRAINER {STR_VAR_1} set a new\n{STR_VAR_2}-win-streak record while on\lthe BATTLE FACTORY's Battle\lSwap Double challenge.\pHere's to {STR_VAR_1}!$,เทรนเนอร์ {STR_VAR_1} ทำสถิติใหม่\nชนะติดต่อกัน {STR_VAR_2} ครั้ง\lในแบทเทิลสวอปดับเบิล\lของแบทเทิลแฟกทอรี.\pยินดีกับ {STR_VAR_1}!$,TRANSLATED
dlg_ff9f2146d91b6012,battle,Unclassified,battle,HOLD_FOR_SCOPE_DECISION,HOLD,,Raw inventory row; scope not explicitly approved.,data/text/tv.inc,1720,gTVPokemonNewsBattleFrontierText09,GROUP7_SELECTED,,DEFER_NONFACILITY_BATTLE,Not explicit Battle Frontier/Battle Tent facility content; keep for later dedicated HOLD handling,data/text/tv.inc::gTVPokemonNewsBattleFrontierText09,C,NEEDS_TRANSLATION,Current source still matches English baseline; no closed coverage evidence,data/text/tv.inc,1720,The TRAINER {STR_VAR_1} set a new\nrecord of clearing {STR_VAR_2} rooms\lwhile on the BATTLE PIKE's Battle\lChoice challenge.\pHere's to {STR_VAR_1}!$,The TRAINER {STR_VAR_1} set a new\nrecord of clearing {STR_VAR_2} rooms\lwhile on the BATTLE PIKE's Battle\lChoice challenge.\pHere's to {STR_VAR_1}!$,เทรนเนอร์ {STR_VAR_1} ทำสถิติใหม่\nผ่านห้องได้ถึง {STR_VAR_2} ห้อง\lในแบทเทิลชอยซ์\lของแบทเทิลไพค์.\pยินดีกับ {STR_VAR_1}!$,TRANSLATED
dlg_b0ccdfebc08d5531,battle,Unclassified,battle,HOLD_FOR_SCOPE_DECISION,HOLD,,Raw inventory row; scope not explicitly approved.,data/text/tv.inc,1727,gTVPokemonNewsBattleFrontierText10,GROUP7_SELECTED,,DEFER_NONFACILITY_BATTLE,Not explicit Battle Frontier/Battle Tent facility content; keep for later dedicated HOLD handling,data/text/tv.inc::gTVPokemonNewsBattleFrontierText10,C,NEEDS_TRANSLATION,Current source still matches English baseline; no closed coverage evidence,data/text/tv.inc,1727,The TRAINER {STR_VAR_1} set a new\n{STR_VAR_2}-win-streak record while\lcompeting in the BATTLE ARENA's\lSet KO Tournaments.\pHere's to {STR_VAR_1}!$,The TRAINER {STR_VAR_1} set a new\n{STR_VAR_2}-win-streak record while\lcompeting in the BATTLE ARENA's\lSet KO Tournaments.\pHere's to {STR_VAR_1}!$,เทรนเนอร์ {STR_VAR_1} ทำสถิติใหม่\nชนะติดต่อกัน {STR_VAR_2} ครั้ง\lในเซ็ต KO ทัวร์นาเมนต์\lของแบทเทิลอารีนา.\pยินดีกับ {STR_VAR_1}!$,TRANSLATED
dlg_84d4a3d1cd174985,battle,Unclassified,battle,HOLD_FOR_SCOPE_DECISION,HOLD,,Raw inventory row; scope not explicitly approved.,data/text/tv.inc,1734,gTVPokemonNewsBattleFrontierText11,GROUP7_SELECTED,,DEFER_NONFACILITY_BATTLE,Not explicit Battle Frontier/Battle Tent facility content; keep for later dedicated HOLD handling,data/text/tv.inc::gTVPokemonNewsBattleFrontierText11,C,NEEDS_TRANSLATION,Current source still matches English baseline; no closed coverage evidence,data/text/tv.inc,1734,The TRAINER {STR_VAR_1} set a new\n{STR_VAR_2}-win-streak record while on\lthe BATTLE PALACE's SINGLE BATTLE\lHALL challenge.\pHere's to {STR_VAR_1}!$,The TRAINER {STR_VAR_1} set a new\n{STR_VAR_2}-win-streak record while on\lthe BATTLE PALACE's SINGLE BATTLE\lHALL challenge.\pHere's to {STR_VAR_1}!$,เทรนเนอร์ {STR_VAR_1} ทำสถิติใหม่\nชนะติดต่อกัน {STR_VAR_2} ครั้ง\lในซิงเกิลแบทเทิลฮอลล์\lของแบทเทิลพาเลซ.\pยินดีกับ {STR_VAR_1}!$,TRANSLATED
dlg_5deeaf17bc6d8c10,battle,Unclassified,battle,HOLD_FOR_SCOPE_DECISION,HOLD,,Raw inventory row; scope not explicitly approved.,data/text/tv.inc,1741,gTVPokemonNewsBattleFrontierText12,GROUP7_SELECTED,,DEFER_NONFACILITY_BATTLE,Not explicit Battle Frontier/Battle Tent facility content; keep for later dedicated HOLD handling,data/text/tv.inc::gTVPokemonNewsBattleFrontierText12,C,NEEDS_TRANSLATION,Current source still matches English baseline; no closed coverage evidence,data/text/tv.inc,1741,The TRAINER {STR_VAR_1} set a new\n{STR_VAR_2}-win-streak record while on\lthe BATTLE PALACE's DOUBLE BATTLE\lHALL challenge.\pHere's to {STR_VAR_1}!$,The TRAINER {STR_VAR_1} set a new\n{STR_VAR_2}-win-streak record while on\lthe BATTLE PALACE's DOUBLE BATTLE\lHALL challenge.\pHere's to {STR_VAR_1}!$,เทรนเนอร์ {STR_VAR_1} ทำสถิติใหม่\nชนะติดต่อกัน {STR_VAR_2} ครั้ง\lในดับเบิลแบทเทิลฮอลล์\lของแบทเทิลพาเลซ.\pยินดีกับ {STR_VAR_1}!$,TRANSLATED
dlg_23f5d1199fc2cd68,battle,Unclassified,battle,HOLD_FOR_SCOPE_DECISION,HOLD,,Raw inventory row; scope not explicitly approved.,data/text/tv.inc,1748,gTVPokemonNewsBattleFrontierText13,GROUP7_SELECTED,,DEFER_NONFACILITY_BATTLE,Not explicit Battle Frontier/Battle Tent facility content; keep for later dedicated HOLD handling,data/text/tv.inc::gTVPokemonNewsBattleFrontierText13,C,NEEDS_TRANSLATION,Current source still matches English baseline; no closed coverage evidence,data/text/tv.inc,1748,The TRAINER {STR_VAR_1} set a new\nrecord of clearing {STR_VAR_2} floors\lwhile on the BATTLE PYRAMID's\lBattle Quest challenge.\pHere's to {STR_VAR_1}!$,The TRAINER {STR_VAR_1} set a new\nrecord of clearing {STR_VAR_2} floors\lwhile on the BATTLE PYRAMID's\lBattle Quest challenge.\pHere's to {STR_VAR_1}!$,เทรนเนอร์ {STR_VAR_1} ทำสถิติใหม่\nผ่านได้ถึง {STR_VAR_2} ชั้น\lในแบทเทิลเควสต์\lของแบทเทิลพีระมิด.\pยินดีกับ {STR_VAR_1}!$,TRANSLATED
dlg_99bcbc37e628cfb7,battle,Unclassified,battle,HOLD_FOR_SCOPE_DECISION,HOLD,,Raw inventory row; scope not explicitly approved.,data/text/tv.inc,1755,gTVPokemonNewsBattleFrontierText14,GROUP7_SELECTED,,DEFER_NONFACILITY_BATTLE,Not explicit Battle Frontier/Battle Tent facility content; keep for later dedicated HOLD handling,data/text/tv.inc::gTVPokemonNewsBattleFrontierText14,C,NEEDS_TRANSLATION,Current source still matches English baseline; no closed coverage evidence,data/text/tv.inc,1755,"And to the three POKéMON, {STR_VAR_1},\n{STR_VAR_2}, and {STR_VAR_3}!\pCongratulations for your\nrecord-breaking performance!$","And to the three POKéMON, {STR_VAR_1},\n{STR_VAR_2}, and {STR_VAR_3}!\pCongratulations for your\nrecord-breaking performance!$","และโปเกมอนทั้งสาม {STR_VAR_1},\n{STR_VAR_2} และ {STR_VAR_3}!\pขอแสดงความยินดีกับ\nผลงานที่ทำลายสถิติ!$",TRANSLATED
dlg_d3d7392f177868c9,battle,Unclassified,battle,HOLD_FOR_SCOPE_DECISION,HOLD,,Raw inventory row; scope not explicitly approved.,data/text/tv.inc,1761,gTVPokemonNewsBattleFrontierText15,GROUP7_SELECTED,,DEFER_NONFACILITY_BATTLE,Not explicit Battle Frontier/Battle Tent facility content; keep for later dedicated HOLD handling,data/text/tv.inc::gTVPokemonNewsBattleFrontierText15,C,NEEDS_TRANSLATION,Current source still matches English baseline; no closed coverage evidence,data/text/tv.inc,1761,"And to the two POKéMON, {STR_VAR_1}\nand {STR_VAR_2}!\pCongratulations for your\nrecord-breaking performance!$","And to the two POKéMON, {STR_VAR_1}\nand {STR_VAR_2}!\pCongratulations for your\nrecord-breaking performance!$",และโปเกมอนทั้งสอง {STR_VAR_1}\nกับ {STR_VAR_2}!\pขอแสดงความยินดีกับ\nผลงานที่ทำลายสถิติ!$,TRANSLATED
dlg_2530466b0e630383,battle,Unclassified,battle,HOLD_FOR_SCOPE_DECISION,HOLD,,Raw inventory row; scope not explicitly approved.,data/text/tv.inc,1767,gTVPokemonNewsBattleFrontierText16,GROUP7_SELECTED,,DEFER_NONFACILITY_BATTLE,Not explicit Battle Frontier/Battle Tent facility content; keep for later dedicated HOLD handling,data/text/tv.inc::gTVPokemonNewsBattleFrontierText16,C,NEEDS_TRANSLATION,Current source still matches English baseline; no closed coverage evidence,data/text/tv.inc,1767,And to the four POKéMON: {STR_VAR_1}!\p{STR_VAR_2}!\p{STR_VAR_3}!$,And to the four POKéMON: {STR_VAR_1}!\p{STR_VAR_2}!\p{STR_VAR_3}!$,และโปเกมอนทั้งสี่: {STR_VAR_1}!\p{STR_VAR_2}!\p{STR_VAR_3}!$,TRANSLATED
dlg_892b9aff41ebbc36,battle,Unclassified,battle,HOLD_FOR_SCOPE_DECISION,HOLD,,Raw inventory row; scope not explicitly approved.,data/text/tv.inc,1772,gTVPokemonNewsBattleFrontierText17,GROUP7_SELECTED,,DEFER_NONFACILITY_BATTLE,Not explicit Battle Frontier/Battle Tent facility content; keep for later dedicated HOLD handling,data/text/tv.inc::gTVPokemonNewsBattleFrontierText17,C,NEEDS_TRANSLATION,Current source still matches English baseline; no closed coverage evidence,data/text/tv.inc,1772,And {STR_VAR_1}!\pCongratulations for your\nrecord-breaking performance!$,And {STR_VAR_1}!\pCongratulations for your\nrecord-breaking performance!$,และ {STR_VAR_1}!\pขอแสดงความยินดีกับ\nผลงานที่ทำลายสถิติ!$,TRANSLATED
dlg_70eb6c67905fa452,battle,Unclassified,battle,HOLD_FOR_SCOPE_DECISION,HOLD,,Raw inventory row; scope not explicitly approved.,data/text/tv.inc,1777,gTVPokemonNewsBattleFrontierText18,GROUP7_SELECTED,,DEFER_NONFACILITY_BATTLE,Not explicit Battle Frontier/Battle Tent facility content; keep for later dedicated HOLD handling,data/text/tv.inc::gTVPokemonNewsBattleFrontierText18,C,NEEDS_TRANSLATION,Current source still matches English baseline; no closed coverage evidence,data/text/tv.inc,1777,Let's hope for more record-setting\nfeats from {STR_VAR_1} and the loyal\lPOKéMON!\pThat's the news on POKéMON NEWS!$,Let's hope for more record-setting\nfeats from {STR_VAR_1} and the loyal\lPOKéMON!\pThat's the news on POKéMON NEWS!$,หวังว่าจะมีสถิติใหม่ ๆ\nจาก {STR_VAR_1} กับโปเกมอนคู่ใจ!\l\pจบข่าวโปเกมอนเพียงเท่านี้!$,TRANSLATED
dlg_9a2996e1bf5c598a,battle,Unclassified,battle,HOLD_FOR_SCOPE_DECISION,HOLD,,Raw inventory row; scope not explicitly approved.,data/text/tv.inc,1990,TVSecretBaseSecrets_Text_BattledWon,GROUP7_SELECTED,,DEFER_NONFACILITY_BATTLE,Not explicit Battle Frontier/Battle Tent facility content; keep for later dedicated HOLD handling,data/text/tv.inc::TVSecretBaseSecrets_Text_BattledWon,C,NEEDS_TRANSLATION,Current source still matches English baseline; no closed coverage evidence,data/text/tv.inc,1990,The visitor is chatting with\n{STR_VAR_1}!\pIt looks like they're going to\nhave a battle!\pAnd…\pIt's the visitor!\nThe visitor won an away match!\pThe visitor is doing\na victory dance!$,The visitor is chatting with\n{STR_VAR_1}!\pIt looks like they're going to\nhave a battle!\pAnd…\pIt's the visitor!\nThe visitor won an away match!\pThe visitor is doing\na victory dance!$,ผู้มาเยือนกำลังคุยกับ\n{STR_VAR_1}!\pดูเหมือนว่าจะ\nต่อสู้กันแล้ว!\pและ…\pผู้มาเยือนชนะ!\nคว้าชัยนอกบ้านได้สำเร็จ!\pผู้มาเยือนกำลัง\nเต้นฉลองชัย!$,TRANSLATED
dlg_10b6e528c8475ecd,battle,Unclassified,battle,HOLD_FOR_SCOPE_DECISION,HOLD,,Raw inventory row; scope not explicitly approved.,data/text/tv.inc,2001,TVSecretBaseSecrets_Text_BattledLost,GROUP7_SELECTED,,DEFER_NONFACILITY_BATTLE,Not explicit Battle Frontier/Battle Tent facility content; keep for later dedicated HOLD handling,data/text/tv.inc::TVSecretBaseSecrets_Text_BattledLost,C,NEEDS_TRANSLATION,Current source still matches English baseline; no closed coverage evidence,data/text/tv.inc,2001,The visitor is chatting with\n{STR_VAR_1}!\pIt looks like they're going to\nhave a battle!\pAnd…\pIt's {STR_VAR_1}!\nThe visitor has lost!\pThe visitor looks dejected!$,The visitor is chatting with\n{STR_VAR_1}!\pIt looks like they're going to\nhave a battle!\pAnd…\pIt's {STR_VAR_1}!\nThe visitor has lost!\pThe visitor looks dejected!$,ผู้มาเยือนกำลังคุยกับ\n{STR_VAR_1}!\pดูเหมือนว่าจะ\nต่อสู้กันแล้ว!\pและ…\pเป็น {STR_VAR_1}!\nผู้มาเยือนแพ้แล้ว!\pผู้มาเยือนดูหงอยไปเลย!$,TRANSLATED
dlg_336d733211a46dea,battle,Unclassified,battle,HOLD_FOR_SCOPE_DECISION,HOLD,,Raw inventory row; scope not explicitly approved.,data/text/tv.inc,2011,TVSecretBaseSecrets_Text_DeclinedBattle,GROUP7_SELECTED,,DEFER_NONFACILITY_BATTLE,Not explicit Battle Frontier/Battle Tent facility content; keep for later dedicated HOLD handling,data/text/tv.inc::TVSecretBaseSecrets_Text_DeclinedBattle,C,NEEDS_TRANSLATION,Current source still matches English baseline; no closed coverage evidence,data/text/tv.inc,2011,"The visitor is chatting with\n{STR_VAR_1}!\pIt looks like they're going to\nhave a battle!\pAnd…\pNo, the visitor has refused!\pThere won't be a battle after all!\pDid the visitor find {STR_VAR_1}\nunappealing?$","The visitor is chatting with\n{STR_VAR_1}!\pIt looks like they're going to\nhave a battle!\pAnd…\pNo, the visitor has refused!\pThere won't be a battle after all!\pDid the visitor find {STR_VAR_1}\nunappealing?$",ผู้มาเยือนกำลังคุยกับ\n{STR_VAR_1}!\pดูเหมือนว่าจะ\nต่อสู้กันแล้ว!\pและ…\pไม่! ผู้มาเยือนปฏิเสธ!\pสุดท้ายก็ไม่ได้สู้กัน!\pหรือผู้มาเยือนไม่ถูกใจ {STR_VAR_1}\nกันนะ?$,TRANSLATED
dlg_d2a9e5f590be04e1,battle,Unclassified,battle,HOLD_FOR_SCOPE_DECISION,HOLD,,Raw inventory row; scope not explicitly approved.,data/text/tv.inc,2035,TVSecretBaseSecrets_Text_BattledDraw,GROUP7_SELECTED,,DEFER_NONFACILITY_BATTLE,Not explicit Battle Frontier/Battle Tent facility content; keep for later dedicated HOLD handling,data/text/tv.inc::TVSecretBaseSecrets_Text_BattledDraw,C,NEEDS_TRANSLATION,Current source still matches English baseline; no closed coverage evidence,data/text/tv.inc,2035,The visitor is chatting with\n{STR_VAR_1}!\pIt looks like they're going to\nhave a battle!\pAnd…\pIt's a draw!\nNothing's resolved!\pBoth TRAINERS appear to be very\ndisappointed!$,The visitor is chatting with\n{STR_VAR_1}!\pIt looks like they're going to\nhave a battle!\pAnd…\pIt's a draw!\nNothing's resolved!\pBoth TRAINERS appear to be very\ndisappointed!$,ผู้มาเยือนกำลังคุยกับ\n{STR_VAR_1}!\pดูเหมือนว่าจะ\nต่อสู้กันแล้ว!\pและ…\pเสมอกัน!\nยังตัดสินกันไม่ได้!\pเทรนเนอร์ทั้งคู่ดู\nผิดหวังมาก!$,TRANSLATED
dlg_86abb75aca537783,battle,Unclassified,battle,HOLD_FOR_SCOPE_DECISION,HOLD,,Raw inventory row; scope not explicitly approved.,data/text/tv.inc,2425,gTVPokemonBattleUpdateText00,GROUP7_SELECTED,,DEFER_NONFACILITY_BATTLE,Not explicit Battle Frontier/Battle Tent facility content; keep for later dedicated HOLD handling,data/text/tv.inc::gTVPokemonBattleUpdateText00,C,NEEDS_TRANSLATION,Current source still matches English baseline; no closed coverage evidence,data/text/tv.inc,2425,“POKéMON BATTLE UPDATE!”\pBringing you the results of POKéMON\nbattles as they come in!$,“POKéMON BATTLE UPDATE!”\pBringing you the results of POKéMON\nbattles as they come in!$,“อัปเดตโปเกมอนแบทเทิล!”\pรายงานผลการต่อสู้ของโปเกมอน\nทันทีที่ข่าวเข้ามา!$,TRANSLATED
dlg_c3ede3cf939ed93d,battle,Unclassified,battle,HOLD_FOR_SCOPE_DECISION,HOLD,,Raw inventory row; scope not explicitly approved.,data/text/tv.inc,2430,gTVPokemonBattleUpdateText01,GROUP7_SELECTED,,DEFER_NONFACILITY_BATTLE,Not explicit Battle Frontier/Battle Tent facility content; keep for later dedicated HOLD handling,data/text/tv.inc::gTVPokemonBattleUpdateText01,C,NEEDS_TRANSLATION,Current source still matches English baseline; no closed coverage evidence,data/text/tv.inc,2430,The TRAINERS {STR_VAR_1} and\n{STR_VAR_2} faced each other in\la {STR_VAR_3} BATTLE.\pThis match ended in victory for\n{STR_VAR_1}!$,The TRAINERS {STR_VAR_1} and\n{STR_VAR_2} faced each other in\la {STR_VAR_3} BATTLE.\pThis match ended in victory for\n{STR_VAR_1}!$,เทรนเนอร์ {STR_VAR_1} และ\n{STR_VAR_2} เผชิญหน้ากันใน\l{STR_VAR_3} แบทเทิล.\pการต่อสู้ครั้งนี้จบด้วยชัยชนะของ\n{STR_VAR_1}!$,TRANSLATED
dlg_21552c81310d98b8,battle,Unclassified,battle,HOLD_FOR_SCOPE_DECISION,HOLD,,Raw inventory row; scope not explicitly approved.,data/text/tv.inc,2437,gTVPokemonBattleUpdateText02,GROUP7_SELECTED,,DEFER_NONFACILITY_BATTLE,Not explicit Battle Frontier/Battle Tent facility content; keep for later dedicated HOLD handling,data/text/tv.inc::gTVPokemonBattleUpdateText02,C,NEEDS_TRANSLATION,Current source still matches English baseline; no closed coverage evidence,data/text/tv.inc,2437,"In the battle, {STR_VAR_1}'s\n{STR_VAR_2} was a formidable force\lusing {STR_VAR_3}!$","In the battle, {STR_VAR_1}'s\n{STR_VAR_2} was a formidable force\lusing {STR_VAR_3}!$",ในการต่อสู้ {STR_VAR_1} ส่ง\n{STR_VAR_2} โชว์พลังได้โดดเด่น\lใช้ {STR_VAR_3}!$,TRANSLATED
dlg_a4ee87ef001f69b8,battle,Unclassified,battle,HOLD_FOR_SCOPE_DECISION,HOLD,,Raw inventory row; scope not explicitly approved.,data/text/tv.inc,2442,gTVPokemonBattleUpdateText03,GROUP7_SELECTED,,DEFER_NONFACILITY_BATTLE,Not explicit Battle Frontier/Battle Tent facility content; keep for later dedicated HOLD handling,data/text/tv.inc::gTVPokemonBattleUpdateText03,C,NEEDS_TRANSLATION,Current source still matches English baseline; no closed coverage evidence,data/text/tv.inc,2442,{STR_VAR_1}'s {STR_VAR_2} had a weak\nshowing that really hurt.$,{STR_VAR_1}'s {STR_VAR_2} had a weak\nshowing that really hurt.$,{STR_VAR_1} ส่ง {STR_VAR_2}\nแต่ผลงานไม่ดีจนเสียเปรียบ.$,TRANSLATED
dlg_0f59a1faeaebe8bc,battle,Unclassified,battle,HOLD_FOR_SCOPE_DECISION,HOLD,,Raw inventory row; scope not explicitly approved.,data/text/tv.inc,2446,gTVPokemonBattleUpdateText04,GROUP7_SELECTED,,DEFER_NONFACILITY_BATTLE,Not explicit Battle Frontier/Battle Tent facility content; keep for later dedicated HOLD handling,data/text/tv.inc::gTVPokemonBattleUpdateText04,C,NEEDS_TRANSLATION,Current source still matches English baseline; no closed coverage evidence,data/text/tv.inc,2446,"Congratulations on your victory,\n{STR_VAR_1}!\pAnd for the defeated {STR_VAR_2},\nwe hope for a better result next time!\pThis concludes this episode of\n“POKéMON BATTLE UPDATE!”$","Congratulations on your victory,\n{STR_VAR_1}!\pAnd for the defeated {STR_VAR_2},\nwe hope for a better result next time!\pThis concludes this episode of\n“POKéMON BATTLE UPDATE!”$",ยินดีกับชัยชนะของ\n{STR_VAR_1}!\pส่วน {STR_VAR_2} ที่พ่ายแพ้\nขอให้คราวหน้าทำได้ดีกว่านี้!\pจบรายการ\n“อัปเดตโปเกมอนแบทเทิล!”$,TRANSLATED
dlg_c4e6d13312f78a33,battle,Unclassified,battle,HOLD_FOR_SCOPE_DECISION,HOLD,,Raw inventory row; scope not explicitly approved.,data/text/tv.inc,2454,gTVPokemonBattleUpdateText05,GROUP7_SELECTED,,DEFER_NONFACILITY_BATTLE,Not explicit Battle Frontier/Battle Tent facility content; keep for later dedicated HOLD handling,data/text/tv.inc::gTVPokemonBattleUpdateText05,C,NEEDS_TRANSLATION,Current source still matches English baseline; no closed coverage evidence,data/text/tv.inc,2454,The teams of TRAINERS {STR_VAR_1} and\n{STR_VAR_2} met in a MULTI BATTLE.\pThis match ended in victory for\n{STR_VAR_1}'s team.$,The teams of TRAINERS {STR_VAR_1} and\n{STR_VAR_2} met in a MULTI BATTLE.\pThis match ended in victory for\n{STR_VAR_1}'s team.$,ทีมของเทรนเนอร์ {STR_VAR_1} และ\n{STR_VAR_2} พบกันในมัลติแบทเทิล.\pการต่อสู้จบด้วยชัยชนะของ\nทีม {STR_VAR_1}.$,TRANSLATED
dlg_051df0ad49473c3b,battle,Unclassified,battle,HOLD_FOR_SCOPE_DECISION,HOLD,,Raw inventory row; scope not explicitly approved.,data/text/tv.inc,2460,gTVPokemonBattleUpdateText06,GROUP7_SELECTED,,DEFER_NONFACILITY_BATTLE,Not explicit Battle Frontier/Battle Tent facility content; keep for later dedicated HOLD handling,data/text/tv.inc::gTVPokemonBattleUpdateText06,C,NEEDS_TRANSLATION,Current source still matches English baseline; no closed coverage evidence,data/text/tv.inc,2460,"In the battle, the {STR_VAR_2} on\n{STR_VAR_1}'s team was a formidable\lforce using {STR_VAR_3}.$","In the battle, the {STR_VAR_2} on\n{STR_VAR_1}'s team was a formidable\lforce using {STR_VAR_3}.$",ในการต่อสู้ {STR_VAR_2} ของทีม\n{STR_VAR_1} โชว์พลังได้โดดเด่น\lด้วยท่า {STR_VAR_3}.$,TRANSLATED
dlg_3708d574e4a51ab2,battle,Unclassified,battle,HOLD_FOR_SCOPE_DECISION,HOLD,,Raw inventory row; scope not explicitly approved.,data/text/tv.inc,2465,gTVPokemonBattleUpdateText07,GROUP7_SELECTED,,DEFER_NONFACILITY_BATTLE,Not explicit Battle Frontier/Battle Tent facility content; keep for later dedicated HOLD handling,data/text/tv.inc::gTVPokemonBattleUpdateText07,C,NEEDS_TRANSLATION,Current source still matches English baseline; no closed coverage evidence,data/text/tv.inc,2465,"The weak showing by the {STR_VAR_3}\non {STR_VAR_2}'s team really hurt.\pCongratulations on your team's\nvictory, {STR_VAR_1}!\pAs for the defeated {STR_VAR_2}'s team,\nwe hope for a better result next time!\pThis concludes this episode of\n“POKéMON BATTLE UPDATE!”$","The weak showing by the {STR_VAR_3}\non {STR_VAR_2}'s team really hurt.\pCongratulations on your team's\nvictory, {STR_VAR_1}!\pAs for the defeated {STR_VAR_2}'s team,\nwe hope for a better result next time!\pThis concludes this episode of\n“POKéMON BATTLE UPDATE!”$",{STR_VAR_3} ของทีม\n{STR_VAR_2} พลาดจนเสียเปรียบ.\pยินดีกับชัยชนะของทีม\n{STR_VAR_1}!\pส่วนทีม {STR_VAR_2} ที่พ่ายแพ้\nขอให้คราวหน้าทำได้ดีกว่านี้!\pจบรายการ\n“อัปเดตโปเกมอนแบทเทิล!”$,TRANSLATED
dlg_bda671e69a2df388,battle,Unclassified,battle,HOLD_FOR_SCOPE_DECISION,HOLD,,Raw inventory row; scope not explicitly approved.,data/text/tv.inc,2475,GabbyAndTy_Text_GabbyPreFirstBattle,GROUP7_SELECTED,,DEFER_NONFACILITY_BATTLE,Not explicit Battle Frontier/Battle Tent facility content; keep for later dedicated HOLD handling,data/text/tv.inc::GabbyAndTy_Text_GabbyPreFirstBattle,C,NEEDS_TRANSLATION,Current source still matches English baseline; no closed coverage evidence,data/text/tv.inc,2475,"GABBY: Oh! We've just spotted a tough-\nlooking TRAINER here of all places!\pOkay, roll camera!\nLet's get this interview.$","GABBY: Oh! We've just spotted a tough-\nlooking TRAINER here of all places!\pOkay, roll camera!\nLet's get this interview.$",GABBY: โอ้! เราเจอเทรนเนอร์\nท่าทางเก่งอยู่ตรงนี้พอดี!\pโอเค เดินกล้อง!\nมาเริ่มสัมภาษณ์กันเลย.$,TRANSLATED
dlg_2af98aca18c34df2,battle,Unclassified,battle,HOLD_FOR_SCOPE_DECISION,HOLD,,Raw inventory row; scope not explicitly approved.,data/text/tv.inc,2582,GabbyAndTy_Text_TyPreFirstBattle,GROUP7_SELECTED,,DEFER_NONFACILITY_BATTLE,Not explicit Battle Frontier/Battle Tent facility content; keep for later dedicated HOLD handling,data/text/tv.inc::GabbyAndTy_Text_TyPreFirstBattle,C,NEEDS_TRANSLATION,Current source still matches English baseline; no closed coverage evidence,data/text/tv.inc,2582,"TY: Hey, lookie here! A tough-looking\nTRAINER here, of all places!\lCamera's rolling!$","TY: Hey, lookie here! A tough-looking\nTRAINER here, of all places!\lCamera's rolling!$",TY: เฮ้ ดูนี่สิ! เทรนเนอร์เก่ง ๆ\nอยู่ตรงนี้พอดี!\lกล้องกำลังถ่ายแล้ว!$,TRANSLATED
dlg_0aefe8222ef83f7e,battle,Unclassified,battle,HOLD_FOR_SCOPE_DECISION,HOLD,,Raw inventory row; scope not explicitly approved.,data/text/tv.inc,2593,GabbyAndTy_Text_TyPostBattle,GROUP7_SELECTED,,DEFER_NONFACILITY_BATTLE,Not explicit Battle Frontier/Battle Tent facility content; keep for later dedicated HOLD handling,data/text/tv.inc::GabbyAndTy_Text_TyPostBattle,C,NEEDS_TRANSLATION,Current source still matches English baseline; no closed coverage evidence,data/text/tv.inc,2593,TY: You're a natural!\nGot me some prime footage right here!$,TY: You're a natural!\nGot me some prime footage right here!$,TY: คุณมีพรสวรรค์จริง ๆ!\nได้ภาพเด็ดมาเต็ม ๆ เลย!$,TRANSLATED
dlg_568a94dc3b261e8a,battle,Unclassified,battle,HOLD_FOR_SCOPE_DECISION,HOLD,,Raw inventory row; scope not explicitly approved.,src/data/easy_chat/easy_chat_group_battle.h,1,gEasyChatWord_MatchUp,DEFER_TO_DEDICATED_GROUP,Group 9 Easy Chat,,,src/data/easy_chat/easy_chat_group_battle.h::gEasyChatWord_MatchUp,B,NEEDS_TRANSLATION,Current player-facing source remains non-Thai; user-approved Battle HOLD scope,src/data/easy_chat/easy_chat_group_battle.h,1,MATCH UP,MATCH UP,ประมือ,TRANSLATED
dlg_ab54fecf8fb8e112,battle,Unclassified,battle,HOLD_FOR_SCOPE_DECISION,HOLD,,Raw inventory row; scope not explicitly approved.,src/data/easy_chat/easy_chat_group_battle.h,2,gEasyChatWord_Go,DEFER_TO_DEDICATED_GROUP,Group 9 Easy Chat,,,src/data/easy_chat/easy_chat_group_battle.h::gEasyChatWord_Go,B,NEEDS_TRANSLATION,Current player-facing source remains non-Thai; user-approved Battle HOLD scope,src/data/easy_chat/easy_chat_group_battle.h,2,GO,GO,ลุย,TRANSLATED
dlg_be4baf046d069769,battle,Unclassified,battle,HOLD_FOR_SCOPE_DECISION,HOLD,,Raw inventory row; scope not explicitly approved.,src/data/easy_chat/easy_chat_group_battle.h,3,gEasyChatWord_No1,DEFER_TO_DEDICATED_GROUP,Group 9 Easy Chat,,,src/data/easy_chat/easy_chat_group_battle.h::gEasyChatWord_No1,B,NEEDS_TRANSLATION,Current player-facing source remains non-Thai; user-approved Battle HOLD scope,src/data/easy_chat/easy_chat_group_battle.h,3,NO. 1,NO. 1,อันดับ 1,TRANSLATED
dlg_4a56907b38b10e6d,battle,Unclassified,battle,HOLD_FOR_SCOPE_DECISION,HOLD,,Raw inventory row; scope not explicitly approved.,src/data/easy_chat/easy_chat_group_battle.h,4,gEasyChatWord_Decide,DEFER_TO_DEDICATED_GROUP,Group 9 Easy Chat,,,src/data/easy_chat/easy_chat_group_battle.h::gEasyChatWord_Decide,B,NEEDS_TRANSLATION,Current player-facing source remains non-Thai; user-approved Battle HOLD scope,src/data/easy_chat/easy_chat_group_battle.h,4,DECIDE,DECIDE,ตัดสิน,TRANSLATED
dlg_a17ae94384776ed8,battle,Unclassified,battle,HOLD_FOR_SCOPE_DECISION,HOLD,,Raw inventory row; scope not explicitly approved.,src/data/easy_chat/easy_chat_group_battle.h,5,gEasyChatWord_LetMeWin,DEFER_TO_DEDICATED_GROUP,Group 9 Easy Chat,,,src/data/easy_chat/easy_chat_group_battle.h::gEasyChatWord_LetMeWin,B,NEEDS_TRANSLATION,Current player-facing source remains non-Thai; user-approved Battle HOLD scope,src/data/easy_chat/easy_chat_group_battle.h,5,LET ME WIN,LET ME WIN,ให้ฉันชนะ,TRANSLATED
dlg_6c56c2a8ed30238a,battle,Unclassified,battle,HOLD_FOR_SCOPE_DECISION,HOLD,,Raw inventory row; scope not explicitly approved.,src/data/easy_chat/easy_chat_group_battle.h,6,gEasyChatWord_Wins,DEFER_TO_DEDICATED_GROUP,Group 9 Easy Chat,,,src/data/easy_chat/easy_chat_group_battle.h::gEasyChatWord_Wins,B,NEEDS_TRANSLATION,Current player-facing source remains non-Thai; user-approved Battle HOLD scope,src/data/easy_chat/easy_chat_group_battle.h,6,WINS,WINS,ชนะ,TRANSLATED
dlg_f44d224e852f6f6f,battle,Unclassified,battle,HOLD_FOR_SCOPE_DECISION,HOLD,,Raw inventory row; scope not explicitly approved.,src/data/easy_chat/easy_chat_group_battle.h,7,gEasyChatWord_Win,DEFER_TO_DEDICATED_GROUP,Group 9 Easy Chat,,,src/data/easy_chat/easy_chat_group_battle.h::gEasyChatWord_Win,B,NEEDS_TRANSLATION,Current player-facing source remains non-Thai; user-approved Battle HOLD scope,src/data/easy_chat/easy_chat_group_battle.h,7,WIN,WIN,ชนะ,TRANSLATED
dlg_a32d98117bf2c26b,battle,Unclassified,battle,HOLD_FOR_SCOPE_DECISION,HOLD,,Raw inventory row; scope not explicitly approved.,src/data/easy_chat/easy_chat_group_battle.h,8,gEasyChatWord_Won,DEFER_TO_DEDICATED_GROUP,Group 9 Easy Chat,,,src/data/easy_chat/easy_chat_group_battle.h::gEasyChatWord_Won,B,NEEDS_TRANSLATION,Current player-facing source remains non-Thai; user-approved Battle HOLD scope,src/data/easy_chat/easy_chat_group_battle.h,8,WON,WON,ชนะแล้ว,TRANSLATED
dlg_432de4ffbd7190a0,battle,Unclassified,battle,HOLD_FOR_SCOPE_DECISION,HOLD,,Raw inventory row; scope not explicitly approved.,src/data/easy_chat/easy_chat_group_battle.h,9,gEasyChatWord_IfIWin,DEFER_TO_DEDICATED_GROUP,Group 9 Easy Chat,,,src/data/easy_chat/easy_chat_group_battle.h::gEasyChatWord_IfIWin,B,NEEDS_TRANSLATION,Current player-facing source remains non-Thai; user-approved Battle HOLD scope,src/data/easy_chat/easy_chat_group_battle.h,9,IF I WIN,IF I WIN,ถ้าฉันชนะ,TRANSLATED
dlg_6d1462c6332797cf,battle,Unclassified,battle,HOLD_FOR_SCOPE_DECISION,HOLD,,Raw inventory row; scope not explicitly approved.,src/data/easy_chat/easy_chat_group_battle.h,10,gEasyChatWord_WhenIWin,DEFER_TO_DEDICATED_GROUP,Group 9 Easy Chat,,,src/data/easy_chat/easy_chat_group_battle.h::gEasyChatWord_WhenIWin,B,NEEDS_TRANSLATION,Current player-facing source remains non-Thai; user-approved Battle HOLD scope,src/data/easy_chat/easy_chat_group_battle.h,10,WHEN I WIN,WHEN I WIN,เมื่อฉันชนะ,TRANSLATED
dlg_03f0ba535d5add26,battle,Unclassified,battle,HOLD_FOR_SCOPE_DECISION,HOLD,,Raw inventory row; scope not explicitly approved.,src/data/easy_chat/easy_chat_group_battle.h,11,gEasyChatWord_CantWin,DEFER_TO_DEDICATED_GROUP,Group 9 Easy Chat,,,src/data/easy_chat/easy_chat_group_battle.h::gEasyChatWord_CantWin,B,NEEDS_TRANSLATION,Current player-facing source remains non-Thai; user-approved Battle HOLD scope,src/data/easy_chat/easy_chat_group_battle.h,11,CAN'T WIN,CAN'T WIN,ชนะไม่ได้,TRANSLATED
dlg_b1821cbda00d8944,battle,Unclassified,battle,HOLD_FOR_SCOPE_DECISION,HOLD,,Raw inventory row; scope not explicitly approved.,src/data/easy_chat/easy_chat_group_battle.h,12,gEasyChatWord_CanWin,DEFER_TO_DEDICATED_GROUP,Group 9 Easy Chat,,,src/data/easy_chat/easy_chat_group_battle.h::gEasyChatWord_CanWin,B,NEEDS_TRANSLATION,Current player-facing source remains non-Thai; user-approved Battle HOLD scope,src/data/easy_chat/easy_chat_group_battle.h,12,CAN WIN,CAN WIN,ชนะได้,TRANSLATED
dlg_f4d4ce4e7da45cba,battle,Unclassified,battle,HOLD_FOR_SCOPE_DECISION,HOLD,,Raw inventory row; scope not explicitly approved.,src/data/easy_chat/easy_chat_group_battle.h,13,gEasyChatWord_NoMatch,DEFER_TO_DEDICATED_GROUP,Group 9 Easy Chat,,,src/data/easy_chat/easy_chat_group_battle.h::gEasyChatWord_NoMatch,B,NEEDS_TRANSLATION,Current player-facing source remains non-Thai; user-approved Battle HOLD scope,src/data/easy_chat/easy_chat_group_battle.h,13,NO MATCH,NO MATCH,สู้ไม่ได้,TRANSLATED
dlg_28c96e5cbf82112d,battle,Unclassified,battle,HOLD_FOR_SCOPE_DECISION,HOLD,,Raw inventory row; scope not explicitly approved.,src/data/easy_chat/easy_chat_group_battle.h,14,gEasyChatWord_Spirit,DEFER_TO_DEDICATED_GROUP,Group 9 Easy Chat,,,src/data/easy_chat/easy_chat_group_battle.h::gEasyChatWord_Spirit,B,NEEDS_TRANSLATION,Current player-facing source remains non-Thai; user-approved Battle HOLD scope,src/data/easy_chat/easy_chat_group_battle.h,14,SPIRIT,SPIRIT,ใจสู้,TRANSLATED
dlg_aabf523bda697abc,battle,Unclassified,battle,HOLD_FOR_SCOPE_DECISION,HOLD,,Raw inventory row; scope not explicitly approved.,src/data/easy_chat/easy_chat_group_battle.h,15,gEasyChatWord_Decided,DEFER_TO_DEDICATED_GROUP,Group 9 Easy Chat,,,src/data/easy_chat/easy_chat_group_battle.h::gEasyChatWord_Decided,B,NEEDS_TRANSLATION,Current player-facing source remains non-Thai; user-approved Battle HOLD scope,src/data/easy_chat/easy_chat_group_battle.h,15,DECIDED,DECIDED,ตัดสินแล้ว,TRANSLATED
dlg_5f94cc86f1b67734,battle,Unclassified,battle,HOLD_FOR_SCOPE_DECISION,HOLD,,Raw inventory row; scope not explicitly approved.,src/data/easy_chat/easy_chat_group_battle.h,16,gEasyChatWord_TrumpCard,DEFER_TO_DEDICATED_GROUP,Group 9 Easy Chat,,,src/data/easy_chat/easy_chat_group_battle.h::gEasyChatWord_TrumpCard,B,NEEDS_TRANSLATION,Current player-facing source remains non-Thai; user-approved Battle HOLD scope,src/data/easy_chat/easy_chat_group_battle.h,16,TRUMP CARD,TRUMP CARD,ไพ่ตาย,TRANSLATED
dlg_ba98ecf9125f81e3,battle,Unclassified,battle,HOLD_FOR_SCOPE_DECISION,HOLD,,Raw inventory row; scope not explicitly approved.,src/data/easy_chat/easy_chat_group_battle.h,17,gEasyChatWord_TakeThat,DEFER_TO_DEDICATED_GROUP,Group 9 Easy Chat,,,src/data/easy_chat/easy_chat_group_battle.h::gEasyChatWord_TakeThat,B,NEEDS_TRANSLATION,Current player-facing source remains non-Thai; user-approved Battle HOLD scope,src/data/easy_chat/easy_chat_group_battle.h,17,TAKE THAT,TAKE THAT,รับไปซะ,TRANSLATED
dlg_0fcc17dc0cb50653,battle,Unclassified,battle,HOLD_FOR_SCOPE_DECISION,HOLD,,Raw inventory row; scope not explicitly approved.,src/data/easy_chat/easy_chat_group_battle.h,18,gEasyChatWord_ComeOn,DEFER_TO_DEDICATED_GROUP,Group 9 Easy Chat,,,src/data/easy_chat/easy_chat_group_battle.h::gEasyChatWord_ComeOn,B,NEEDS_TRANSLATION,Current player-facing source remains non-Thai; user-approved Battle HOLD scope,src/data/easy_chat/easy_chat_group_battle.h,18,COME ON,COME ON,เข้ามา,TRANSLATED
dlg_6c8bef8e77111659,battle,Unclassified,battle,HOLD_FOR_SCOPE_DECISION,HOLD,,Raw inventory row; scope not explicitly approved.,src/data/easy_chat/easy_chat_group_battle.h,19,gEasyChatWord_Attack,DEFER_TO_DEDICATED_GROUP,Group 9 Easy Chat,,,src/data/easy_chat/easy_chat_group_battle.h::gEasyChatWord_Attack,B,NEEDS_TRANSLATION,Current player-facing source remains non-Thai; user-approved Battle HOLD scope,src/data/easy_chat/easy_chat_group_battle.h,19,ATTACK,ATTACK,โจมตี,TRANSLATED
dlg_0042d7ab69b0b267,battle,Unclassified,battle,HOLD_FOR_SCOPE_DECISION,HOLD,,Raw inventory row; scope not explicitly approved.,src/data/easy_chat/easy_chat_group_battle.h,20,gEasyChatWord_Surrender,DEFER_TO_DEDICATED_GROUP,Group 9 Easy Chat,,,src/data/easy_chat/easy_chat_group_battle.h::gEasyChatWord_Surrender,B,NEEDS_TRANSLATION,Current player-facing source remains non-Thai; user-approved Battle HOLD scope,src/data/easy_chat/easy_chat_group_battle.h,20,SURRENDER,SURRENDER,ยอมแพ้,TRANSLATED
dlg_308a52311540bba1,battle,Unclassified,battle,HOLD_FOR_SCOPE_DECISION,HOLD,,Raw inventory row; scope not explicitly approved.,src/data/easy_chat/easy_chat_group_battle.h,21,gEasyChatWord_Gutsy,DEFER_TO_DEDICATED_GROUP,Group 9 Easy Chat,,,src/data/easy_chat/easy_chat_group_battle.h::gEasyChatWord_Gutsy,B,NEEDS_TRANSLATION,Current player-facing source remains non-Thai; user-approved Battle HOLD scope,src/data/easy_chat/easy_chat_group_battle.h,21,GUTSY,GUTSY,ใจกล้า,TRANSLATED
dlg_807a8e76f0e2873a,battle,Unclassified,battle,HOLD_FOR_SCOPE_DECISION,HOLD,,Raw inventory row; scope not explicitly approved.,src/data/easy_chat/easy_chat_group_battle.h,22,gEasyChatWord_Talent,DEFER_TO_DEDICATED_GROUP,Group 9 Easy Chat,,,src/data/easy_chat/easy_chat_group_battle.h::gEasyChatWord_Talent,B,NEEDS_TRANSLATION,Current player-facing source remains non-Thai; user-approved Battle HOLD scope,src/data/easy_chat/easy_chat_group_battle.h,22,TALENT,TALENT,ฝีมือ,TRANSLATED
dlg_c2de30c76ce32d30,battle,Unclassified,battle,HOLD_FOR_SCOPE_DECISION,HOLD,,Raw inventory row; scope not explicitly approved.,src/data/easy_chat/easy_chat_group_battle.h,23,gEasyChatWord_Strategy,DEFER_TO_DEDICATED_GROUP,Group 9 Easy Chat,,,src/data/easy_chat/easy_chat_group_battle.h::gEasyChatWord_Strategy,B,NEEDS_TRANSLATION,Current player-facing source remains non-Thai; user-approved Battle HOLD scope,src/data/easy_chat/easy_chat_group_battle.h,23,STRATEGY,STRATEGY,กลยุทธ์,TRANSLATED
dlg_a905723241d0d7cc,battle,Unclassified,battle,HOLD_FOR_SCOPE_DECISION,HOLD,,Raw inventory row; scope not explicitly approved.,src/data/easy_chat/easy_chat_group_battle.h,24,gEasyChatWord_Smite,DEFER_TO_DEDICATED_GROUP,Group 9 Easy Chat,,,src/data/easy_chat/easy_chat_group_battle.h::gEasyChatWord_Smite,B,NEEDS_TRANSLATION,Current player-facing source remains non-Thai; user-approved Battle HOLD scope,src/data/easy_chat/easy_chat_group_battle.h,24,SMITE,SMITE,พิชิต,TRANSLATED
dlg_2302d8e28f677f46,battle,Unclassified,battle,HOLD_FOR_SCOPE_DECISION,HOLD,,Raw inventory row; scope not explicitly approved.,src/data/easy_chat/easy_chat_group_battle.h,25,gEasyChatWord_Match,DEFER_TO_DEDICATED_GROUP,Group 9 Easy Chat,,,src/data/easy_chat/easy_chat_group_battle.h::gEasyChatWord_Match,B,NEEDS_TRANSLATION,Current player-facing source remains non-Thai; user-approved Battle HOLD scope,src/data/easy_chat/easy_chat_group_battle.h,25,MATCH,MATCH,ประลอง,TRANSLATED
dlg_f0d41e082cb8bc99,battle,Unclassified,battle,HOLD_FOR_SCOPE_DECISION,HOLD,,Raw inventory row; scope not explicitly approved.,src/data/easy_chat/easy_chat_group_battle.h,26,gEasyChatWord_Victory,DEFER_TO_DEDICATED_GROUP,Group 9 Easy Chat,,,src/data/easy_chat/easy_chat_group_battle.h::gEasyChatWord_Victory,B,NEEDS_TRANSLATION,Current player-facing source remains non-Thai; user-approved Battle HOLD scope,src/data/easy_chat/easy_chat_group_battle.h,26,VICTORY,VICTORY,ชัยชนะ,TRANSLATED
dlg_873c8eef379620da,battle,Unclassified,battle,HOLD_FOR_SCOPE_DECISION,HOLD,,Raw inventory row; scope not explicitly approved.,src/data/easy_chat/easy_chat_group_battle.h,27,gEasyChatWord_Offensive,DEFER_TO_DEDICATED_GROUP,Group 9 Easy Chat,,,src/data/easy_chat/easy_chat_group_battle.h::gEasyChatWord_Offensive,B,NEEDS_TRANSLATION,Current player-facing source remains non-Thai; user-approved Battle HOLD scope,src/data/easy_chat/easy_chat_group_battle.h,27,OFFENSIVE,OFFENSIVE,บุก,TRANSLATED
dlg_ad0040e87e599e0f,battle,Unclassified,battle,HOLD_FOR_SCOPE_DECISION,HOLD,,Raw inventory row; scope not explicitly approved.,src/data/easy_chat/easy_chat_group_battle.h,28,gEasyChatWord_Sense,DEFER_TO_DEDICATED_GROUP,Group 9 Easy Chat,,,src/data/easy_chat/easy_chat_group_battle.h::gEasyChatWord_Sense,B,NEEDS_TRANSLATION,Current player-facing source remains non-Thai; user-approved Battle HOLD scope,src/data/easy_chat/easy_chat_group_battle.h,28,SENSE,SENSE,เซนส์,TRANSLATED
dlg_c6dfc1db12928782,battle,Unclassified,battle,HOLD_FOR_SCOPE_DECISION,HOLD,,Raw inventory row; scope not explicitly approved.,src/data/easy_chat/easy_chat_group_battle.h,29,gEasyChatWord_Versus,DEFER_TO_DEDICATED_GROUP,Group 9 Easy Chat,,,src/data/easy_chat/easy_chat_group_battle.h::gEasyChatWord_Versus,B,NEEDS_TRANSLATION,Current player-facing source remains non-Thai; user-approved Battle HOLD scope,src/data/easy_chat/easy_chat_group_battle.h,29,VERSUS,VERSUS,ปะทะ,TRANSLATED
dlg_a63761373c5489ed,battle,Unclassified,battle,HOLD_FOR_SCOPE_DECISION,HOLD,,Raw inventory row; scope not explicitly approved.,src/data/easy_chat/easy_chat_group_battle.h,30,gEasyChatWord_Fights,DEFER_TO_DEDICATED_GROUP,Group 9 Easy Chat,,,src/data/easy_chat/easy_chat_group_battle.h::gEasyChatWord_Fights,B,NEEDS_TRANSLATION,Current player-facing source remains non-Thai; user-approved Battle HOLD scope,src/data/easy_chat/easy_chat_group_battle.h,30,FIGHTS,FIGHTS,สู้,TRANSLATED
dlg_7979e54d66bab853,battle,Unclassified,battle,HOLD_FOR_SCOPE_DECISION,HOLD,,Raw inventory row; scope not explicitly approved.,src/data/easy_chat/easy_chat_group_battle.h,31,gEasyChatWord_Power,DEFER_TO_DEDICATED_GROUP,Group 9 Easy Chat,,,src/data/easy_chat/easy_chat_group_battle.h::gEasyChatWord_Power,B,NEEDS_TRANSLATION,Current player-facing source remains non-Thai; user-approved Battle HOLD scope,src/data/easy_chat/easy_chat_group_battle.h,31,POWER,POWER,พลัง,TRANSLATED
dlg_ac9d1c181c4a1e7a,battle,Unclassified,battle,HOLD_FOR_SCOPE_DECISION,HOLD,,Raw inventory row; scope not explicitly approved.,src/data/easy_chat/easy_chat_group_battle.h,32,gEasyChatWord_Challenge,DEFER_TO_DEDICATED_GROUP,Group 9 Easy Chat,,,src/data/easy_chat/easy_chat_group_battle.h::gEasyChatWord_Challenge,B,NEEDS_TRANSLATION,Current player-facing source remains non-Thai; user-approved Battle HOLD scope,src/data/easy_chat/easy_chat_group_battle.h,32,CHALLENGE,CHALLENGE,ท้าทาย,TRANSLATED
dlg_84cfadeb6aba6945,battle,Unclassified,battle,HOLD_FOR_SCOPE_DECISION,HOLD,,Raw inventory row; scope not explicitly approved.,src/data/easy_chat/easy_chat_group_battle.h,33,gEasyChatWord_Strong,DEFER_TO_DEDICATED_GROUP,Group 9 Easy Chat,,,src/data/easy_chat/easy_chat_group_battle.h::gEasyChatWord_Strong,B,NEEDS_TRANSLATION,Current player-facing source remains non-Thai; user-approved Battle HOLD scope,src/data/easy_chat/easy_chat_group_battle.h,33,STRONG,STRONG,แกร่ง,TRANSLATED
dlg_40f0b7542bc1c081,battle,Unclassified,battle,HOLD_FOR_SCOPE_DECISION,HOLD,,Raw inventory row; scope not explicitly approved.,src/data/easy_chat/easy_chat_group_battle.h,34,gEasyChatWord_TooStrong,DEFER_TO_DEDICATED_GROUP,Group 9 Easy Chat,,,src/data/easy_chat/easy_chat_group_battle.h::gEasyChatWord_TooStrong,B,NEEDS_TRANSLATION,Current player-facing source remains non-Thai; user-approved Battle HOLD scope,src/data/easy_chat/easy_chat_group_battle.h,34,TOO STRONG,TOO STRONG,แกร่งเกิน,TRANSLATED
dlg_112ba2b2d2fbd3a8,battle,Unclassified,battle,HOLD_FOR_SCOPE_DECISION,HOLD,,Raw inventory row; scope not explicitly approved.,src/data/easy_chat/easy_chat_group_battle.h,35,gEasyChatWord_GoEasy,DEFER_TO_DEDICATED_GROUP,Group 9 Easy Chat,,,src/data/easy_chat/easy_chat_group_battle.h::gEasyChatWord_GoEasy,B,NEEDS_TRANSLATION,Current player-facing source remains non-Thai; user-approved Battle HOLD scope,src/data/easy_chat/easy_chat_group_battle.h,35,GO EASY,GO EASY,ออมมือ,TRANSLATED
dlg_2f35eeb98305466a,battle,Unclassified,battle,HOLD_FOR_SCOPE_DECISION,HOLD,,Raw inventory row; scope not explicitly approved.,src/data/easy_chat/easy_chat_group_battle.h,36,gEasyChatWord_Foe,DEFER_TO_DEDICATED_GROUP,Group 9 Easy Chat,,,src/data/easy_chat/easy_chat_group_battle.h::gEasyChatWord_Foe,B,NEEDS_TRANSLATION,Current player-facing source remains non-Thai; user-approved Battle HOLD scope,src/data/easy_chat/easy_chat_group_battle.h,36,FOE,FOE,คู่ต่อสู้,TRANSLATED
dlg_004dcfbf9dea9d3c,battle,Unclassified,battle,HOLD_FOR_SCOPE_DECISION,HOLD,,Raw inventory row; scope not explicitly approved.,src/data/easy_chat/easy_chat_group_battle.h,37,gEasyChatWord_Genius,DEFER_TO_DEDICATED_GROUP,Group 9 Easy Chat,,,src/data/easy_chat/easy_chat_group_battle.h::gEasyChatWord_Genius,B,NEEDS_TRANSLATION,Current player-facing source remains non-Thai; user-approved Battle HOLD scope,src/data/easy_chat/easy_chat_group_battle.h,37,GENIUS,GENIUS,อัจฉริยะ,TRANSLATED
dlg_4fcaa4a386bd8421,battle,Unclassified,battle,HOLD_FOR_SCOPE_DECISION,HOLD,,Raw inventory row; scope not explicitly approved.,src/data/easy_chat/easy_chat_group_battle.h,38,gEasyChatWord_Legend,DEFER_TO_DEDICATED_GROUP,Group 9 Easy Chat,,,src/data/easy_chat/easy_chat_group_battle.h::gEasyChatWord_Legend,B,NEEDS_TRANSLATION,Current player-facing source remains non-Thai; user-approved Battle HOLD scope,src/data/easy_chat/easy_chat_group_battle.h,38,LEGEND,LEGEND,ตำนาน,TRANSLATED
dlg_98dfcc7e26272284,battle,Unclassified,battle,HOLD_FOR_SCOPE_DECISION,HOLD,,Raw inventory row; scope not explicitly approved.,src/data/easy_chat/easy_chat_group_battle.h,39,gEasyChatWord_Escape,DEFER_TO_DEDICATED_GROUP,Group 9 Easy Chat,,,src/data/easy_chat/easy_chat_group_battle.h::gEasyChatWord_Escape,B,NEEDS_TRANSLATION,Current player-facing source remains non-Thai; user-approved Battle HOLD scope,src/data/easy_chat/easy_chat_group_battle.h,39,ESCAPE,ESCAPE,หนี,TRANSLATED
dlg_51a5025900968052,battle,Unclassified,battle,HOLD_FOR_SCOPE_DECISION,HOLD,,Raw inventory row; scope not explicitly approved.,src/data/easy_chat/easy_chat_group_battle.h,40,gEasyChatWord_Aim,DEFER_TO_DEDICATED_GROUP,Group 9 Easy Chat,,,src/data/easy_chat/easy_chat_group_battle.h::gEasyChatWord_Aim,B,NEEDS_TRANSLATION,Current player-facing source remains non-Thai; user-approved Battle HOLD scope,src/data/easy_chat/easy_chat_group_battle.h,40,AIM,AIM,เล็ง,TRANSLATED
dlg_7f174047f0a8058a,battle,Unclassified,battle,HOLD_FOR_SCOPE_DECISION,HOLD,,Raw inventory row; scope not explicitly approved.,src/data/easy_chat/easy_chat_group_battle.h,41,gEasyChatWord_Battle,DEFER_TO_DEDICATED_GROUP,Group 9 Easy Chat,,,src/data/easy_chat/easy_chat_group_battle.h::gEasyChatWord_Battle,B,NEEDS_TRANSLATION,Current player-facing source remains non-Thai; user-approved Battle HOLD scope,src/data/easy_chat/easy_chat_group_battle.h,41,BATTLE,BATTLE,แบทเทิล,TRANSLATED
dlg_81f5cf9ed90d3dfb,battle,Unclassified,battle,HOLD_FOR_SCOPE_DECISION,HOLD,,Raw inventory row; scope not explicitly approved.,src/data/easy_chat/easy_chat_group_battle.h,42,gEasyChatWord_Fight,DEFER_TO_DEDICATED_GROUP,Group 9 Easy Chat,,,src/data/easy_chat/easy_chat_group_battle.h::gEasyChatWord_Fight,B,NEEDS_TRANSLATION,Current player-facing source remains non-Thai; user-approved Battle HOLD scope,src/data/easy_chat/easy_chat_group_battle.h,42,FIGHT,FIGHT,ต่อสู้,TRANSLATED
dlg_166d2126b322c6af,battle,Unclassified,battle,HOLD_FOR_SCOPE_DECISION,HOLD,,Raw inventory row; scope not explicitly approved.,src/data/easy_chat/easy_chat_group_battle.h,43,gEasyChatWord_Resuscitate,DEFER_TO_DEDICATED_GROUP,Group 9 Easy Chat,,,src/data/easy_chat/easy_chat_group_battle.h::gEasyChatWord_Resuscitate,B,NEEDS_TRANSLATION,Current player-facing source remains non-Thai; user-approved Battle HOLD scope,src/data/easy_chat/easy_chat_group_battle.h,43,RESUSCITATE,RESUSCITATE,ฟื้นคืน,TRANSLATED
dlg_57721efa311f9d93,battle,Unclassified,battle,HOLD_FOR_SCOPE_DECISION,HOLD,,Raw inventory row; scope not explicitly approved.,src/data/easy_chat/easy_chat_group_battle.h,44,gEasyChatWord_Points,DEFER_TO_DEDICATED_GROUP,Group 9 Easy Chat,,,src/data/easy_chat/easy_chat_group_battle.h::gEasyChatWord_Points,B,NEEDS_TRANSLATION,Current player-facing source remains non-Thai; user-approved Battle HOLD scope,src/data/easy_chat/easy_chat_group_battle.h,44,POINTS,POINTS,คะแนน,TRANSLATED
dlg_c83f3304a4489940,battle,Unclassified,battle,HOLD_FOR_SCOPE_DECISION,HOLD,,Raw inventory row; scope not explicitly approved.,src/data/easy_chat/easy_chat_group_battle.h,45,gEasyChatWord_Serious,DEFER_TO_DEDICATED_GROUP,Group 9 Easy Chat,,,src/data/easy_chat/easy_chat_group_battle.h::gEasyChatWord_Serious,B,NEEDS_TRANSLATION,Current player-facing source remains non-Thai; user-approved Battle HOLD scope,src/data/easy_chat/easy_chat_group_battle.h,45,SERIOUS,SERIOUS,เอาจริง,TRANSLATED
dlg_4e833f8660516b59,battle,Unclassified,battle,HOLD_FOR_SCOPE_DECISION,HOLD,,Raw inventory row; scope not explicitly approved.,src/data/easy_chat/easy_chat_group_battle.h,46,gEasyChatWord_GiveUp,DEFER_TO_DEDICATED_GROUP,Group 9 Easy Chat,,,src/data/easy_chat/easy_chat_group_battle.h::gEasyChatWord_GiveUp,B,NEEDS_TRANSLATION,Current player-facing source remains non-Thai; user-approved Battle HOLD scope,src/data/easy_chat/easy_chat_group_battle.h,46,GIVE UP,GIVE UP,ยอมแพ้,TRANSLATED
dlg_3751ea3ffa428552,battle,Unclassified,battle,HOLD_FOR_SCOPE_DECISION,HOLD,,Raw inventory row; scope not explicitly approved.,src/data/easy_chat/easy_chat_group_battle.h,47,gEasyChatWord_Loss,DEFER_TO_DEDICATED_GROUP,Group 9 Easy Chat,,,src/data/easy_chat/easy_chat_group_battle.h::gEasyChatWord_Loss,B,NEEDS_TRANSLATION,Current player-facing source remains non-Thai; user-approved Battle HOLD scope,src/data/easy_chat/easy_chat_group_battle.h,47,LOSS,LOSS,พ่ายแพ้,TRANSLATED
dlg_d96e18ccf3fea8ca,battle,Unclassified,battle,HOLD_FOR_SCOPE_DECISION,HOLD,,Raw inventory row; scope not explicitly approved.,src/data/easy_chat/easy_chat_group_battle.h,48,gEasyChatWord_IfILose,DEFER_TO_DEDICATED_GROUP,Group 9 Easy Chat,,,src/data/easy_chat/easy_chat_group_battle.h::gEasyChatWord_IfILose,B,NEEDS_TRANSLATION,Current player-facing source remains non-Thai; user-approved Battle HOLD scope,src/data/easy_chat/easy_chat_group_battle.h,48,IF I LOSE,IF I LOSE,ถ้าฉันแพ้,TRANSLATED
dlg_455b84d7192ba755,battle,Unclassified,battle,HOLD_FOR_SCOPE_DECISION,HOLD,,Raw inventory row; scope not explicitly approved.,src/data/easy_chat/easy_chat_group_battle.h,49,gEasyChatWord_Lost,DEFER_TO_DEDICATED_GROUP,Group 9 Easy Chat,,,src/data/easy_chat/easy_chat_group_battle.h::gEasyChatWord_Lost,B,NEEDS_TRANSLATION,Current player-facing source remains non-Thai; user-approved Battle HOLD scope,src/data/easy_chat/easy_chat_group_battle.h,49,LOST,LOST,แพ้แล้ว,TRANSLATED
dlg_34aa0257c9126058,battle,Unclassified,battle,HOLD_FOR_SCOPE_DECISION,HOLD,,Raw inventory row; scope not explicitly approved.,src/data/easy_chat/easy_chat_group_battle.h,50,gEasyChatWord_Lose,DEFER_TO_DEDICATED_GROUP,Group 9 Easy Chat,,,src/data/easy_chat/easy_chat_group_battle.h::gEasyChatWord_Lose,B,NEEDS_TRANSLATION,Current player-facing source remains non-Thai; user-approved Battle HOLD scope,src/data/easy_chat/easy_chat_group_battle.h,50,LOSE,LOSE,แพ้,TRANSLATED
dlg_dcd37c97a5f8c8f6,battle,Unclassified,battle,HOLD_FOR_SCOPE_DECISION,HOLD,,Raw inventory row; scope not explicitly approved.,src/data/easy_chat/easy_chat_group_battle.h,51,gEasyChatWord_Guard,DEFER_TO_DEDICATED_GROUP,Group 9 Easy Chat,,,src/data/easy_chat/easy_chat_group_battle.h::gEasyChatWord_Guard,B,NEEDS_TRANSLATION,Current player-facing source remains non-Thai; user-approved Battle HOLD scope,src/data/easy_chat/easy_chat_group_battle.h,51,GUARD,GUARD,ป้องกัน,TRANSLATED
dlg_7acd47c93fce30b2,battle,Unclassified,battle,HOLD_FOR_SCOPE_DECISION,HOLD,,Raw inventory row; scope not explicitly approved.,src/data/easy_chat/easy_chat_group_battle.h,52,gEasyChatWord_Partner,DEFER_TO_DEDICATED_GROUP,Group 9 Easy Chat,,,src/data/easy_chat/easy_chat_group_battle.h::gEasyChatWord_Partner,B,NEEDS_TRANSLATION,Current player-facing source remains non-Thai; user-approved Battle HOLD scope,src/data/easy_chat/easy_chat_group_battle.h,52,PARTNER,PARTNER,คู่หู,TRANSLATED
dlg_3ff5fd1e0d2049f3,battle,Unclassified,battle,HOLD_FOR_SCOPE_DECISION,HOLD,,Raw inventory row; scope not explicitly approved.,src/data/easy_chat/easy_chat_group_battle.h,53,gEasyChatWord_Reject,DEFER_TO_DEDICATED_GROUP,Group 9 Easy Chat,,,src/data/easy_chat/easy_chat_group_battle.h::gEasyChatWord_Reject,B,NEEDS_TRANSLATION,Current player-facing source remains non-Thai; user-approved Battle HOLD scope,src/data/easy_chat/easy_chat_group_battle.h,53,REJECT,REJECT,ปฏิเสธ,TRANSLATED
dlg_938f13fd8a8ecf09,battle,Unclassified,battle,HOLD_FOR_SCOPE_DECISION,HOLD,,Raw inventory row; scope not explicitly approved.,src/data/easy_chat/easy_chat_group_battle.h,54,gEasyChatWord_Accept,DEFER_TO_DEDICATED_GROUP,Group 9 Easy Chat,,,src/data/easy_chat/easy_chat_group_battle.h::gEasyChatWord_Accept,B,NEEDS_TRANSLATION,Current player-facing source remains non-Thai; user-approved Battle HOLD scope,src/data/easy_chat/easy_chat_group_battle.h,54,ACCEPT,ACCEPT,ยอมรับ,TRANSLATED
dlg_c868ad357706606c,battle,Unclassified,battle,HOLD_FOR_SCOPE_DECISION,HOLD,,Raw inventory row; scope not explicitly approved.,src/data/easy_chat/easy_chat_group_battle.h,55,gEasyChatWord_Invincible,DEFER_TO_DEDICATED_GROUP,Group 9 Easy Chat,,,src/data/easy_chat/easy_chat_group_battle.h::gEasyChatWord_Invincible,B,NEEDS_TRANSLATION,Current player-facing source remains non-Thai; user-approved Battle HOLD scope,src/data/easy_chat/easy_chat_group_battle.h,55,INVINCIBLE,INVINCIBLE,ไร้พ่าย,TRANSLATED
dlg_93900176ec358421,battle,Unclassified,battle,HOLD_FOR_SCOPE_DECISION,HOLD,,Raw inventory row; scope not explicitly approved.,src/data/easy_chat/easy_chat_group_battle.h,56,gEasyChatWord_Received,DEFER_TO_DEDICATED_GROUP,Group 9 Easy Chat,,,src/data/easy_chat/easy_chat_group_battle.h::gEasyChatWord_Received,B,NEEDS_TRANSLATION,Current player-facing source remains non-Thai; user-approved Battle HOLD scope,src/data/easy_chat/easy_chat_group_battle.h,56,RECEIVED,RECEIVED,ได้รับ,TRANSLATED
dlg_91e66ec9c40c4fea,battle,Unclassified,battle,HOLD_FOR_SCOPE_DECISION,HOLD,,Raw inventory row; scope not explicitly approved.,src/data/easy_chat/easy_chat_group_battle.h,57,gEasyChatWord_Easy,DEFER_TO_DEDICATED_GROUP,Group 9 Easy Chat,,,src/data/easy_chat/easy_chat_group_battle.h::gEasyChatWord_Easy,B,NEEDS_TRANSLATION,Current player-facing source remains non-Thai; user-approved Battle HOLD scope,src/data/easy_chat/easy_chat_group_battle.h,57,EASY,EASY,ง่าย,TRANSLATED
dlg_cde5cfa3693f07fe,battle,Unclassified,battle,HOLD_FOR_SCOPE_DECISION,HOLD,,Raw inventory row; scope not explicitly approved.,src/data/easy_chat/easy_chat_group_battle.h,58,gEasyChatWord_Weak,DEFER_TO_DEDICATED_GROUP,Group 9 Easy Chat,,,src/data/easy_chat/easy_chat_group_battle.h::gEasyChatWord_Weak,B,NEEDS_TRANSLATION,Current player-facing source remains non-Thai; user-approved Battle HOLD scope,src/data/easy_chat/easy_chat_group_battle.h,58,WEAK,WEAK,อ่อนแอ,TRANSLATED
dlg_1ea5b188cefea139,battle,Unclassified,battle,HOLD_FOR_SCOPE_DECISION,HOLD,,Raw inventory row; scope not explicitly approved.,src/data/easy_chat/easy_chat_group_battle.h,59,gEasyChatWord_TooWeak,DEFER_TO_DEDICATED_GROUP,Group 9 Easy Chat,,,src/data/easy_chat/easy_chat_group_battle.h::gEasyChatWord_TooWeak,B,NEEDS_TRANSLATION,Current player-facing source remains non-Thai; user-approved Battle HOLD scope,src/data/easy_chat/easy_chat_group_battle.h,59,TOO WEAK,TOO WEAK,อ่อนเกินไป,TRANSLATED
dlg_7257c0c55df685e9,battle,Unclassified,battle,HOLD_FOR_SCOPE_DECISION,HOLD,,Raw inventory row; scope not explicitly approved.,src/data/easy_chat/easy_chat_group_battle.h,60,gEasyChatWord_Pushover,DEFER_TO_DEDICATED_GROUP,Group 9 Easy Chat,,,src/data/easy_chat/easy_chat_group_battle.h::gEasyChatWord_Pushover,B,NEEDS_TRANSLATION,Current player-facing source remains non-Thai; user-approved Battle HOLD scope,src/data/easy_chat/easy_chat_group_battle.h,60,PUSHOVER,PUSHOVER,หมู,TRANSLATED
dlg_173c9c1ce5bef91a,battle,Unclassified,battle,HOLD_FOR_SCOPE_DECISION,HOLD,,Raw inventory row; scope not explicitly approved.,src/data/easy_chat/easy_chat_group_battle.h,61,gEasyChatWord_Leader,DEFER_TO_DEDICATED_GROUP,Group 9 Easy Chat,,,src/data/easy_chat/easy_chat_group_battle.h::gEasyChatWord_Leader,B,NEEDS_TRANSLATION,Current player-facing source remains non-Thai; user-approved Battle HOLD scope,src/data/easy_chat/easy_chat_group_battle.h,61,LEADER,LEADER,ผู้นำ,TRANSLATED
dlg_f429b8103e8d6bff,battle,Unclassified,battle,HOLD_FOR_SCOPE_DECISION,HOLD,,Raw inventory row; scope not explicitly approved.,src/data/easy_chat/easy_chat_group_battle.h,62,gEasyChatWord_Rule,DEFER_TO_DEDICATED_GROUP,Group 9 Easy Chat,,,src/data/easy_chat/easy_chat_group_battle.h::gEasyChatWord_Rule,B,NEEDS_TRANSLATION,Current player-facing source remains non-Thai; user-approved Battle HOLD scope,src/data/easy_chat/easy_chat_group_battle.h,62,RULE,RULE,กฎ,TRANSLATED
dlg_e8a7c4baa5c88abf,battle,Unclassified,battle,HOLD_FOR_SCOPE_DECISION,HOLD,,Raw inventory row; scope not explicitly approved.,src/data/easy_chat/easy_chat_group_battle.h,63,gEasyChatWord_Move,DEFER_TO_DEDICATED_GROUP,Group 9 Easy Chat,,,src/data/easy_chat/easy_chat_group_battle.h::gEasyChatWord_Move,B,NEEDS_TRANSLATION,Current player-facing source remains non-Thai; user-approved Battle HOLD scope,src/data/easy_chat/easy_chat_group_battle.h,63,MOVE,MOVE,ท่า,TRANSLATED
dlg_4ef6ccff1170fdb1,battle,Unclassified,battle,HOLD_FOR_SCOPE_DECISION,HOLD,,Raw inventory row; scope not explicitly approved.,src/data/text/abilities.h,5,sBattleArmorDescription,DEFER_TO_DEDICATED_GROUP,Group 13 Abilities/Natures/Ribbons,,,src/data/text/abilities.h::sBattleArmorDescription,H,NEEDS_TRANSLATION,Current player-facing source remains non-Thai; user-approved Battle HOLD scope,src/data/text/abilities.h,5,Blocks critical hits.,Blocks critical hits.,ป้องกันการโจมตีคริติคอล.,TRANSLATED
dlg_a388a812d08db12a,battle,Unclassified,battle,HOLD_FOR_SCOPE_DECISION,HOLD,,Raw inventory row; scope not explicitly approved.,src/data/text/gift_ribbon_descriptions.h,13,gGiftRibbonDescriptionPart1_PokemonBattleCup,DEFER_TO_DEDICATED_GROUP,Group 13 Abilities/Natures/Ribbons,,,src/data/text/gift_ribbon_descriptions.h::gGiftRibbonDescriptionPart1_PokemonBattleCup,H,NEEDS_TRANSLATION,Current player-facing source remains non-Thai; user-approved Battle HOLD scope,src/data/text/gift_ribbon_descriptions.h,13,POKéMON BATTLE CUP,POKéMON BATTLE CUP,โปเกมอนแบทเทิลคัพ,TRANSLATED
dlg_79b8fd65234fe0ac,battle,Unclassified,battle,HOLD_FOR_SCOPE_DECISION,HOLD,,Raw inventory row; scope not explicitly approved.,src/data/union_room.h,224,sText_BattleChallenge,DEFER_TO_DEDICATED_GROUP,Group 11 Link/Wireless/Trade,,,src/data/union_room.h::sText_BattleChallenge,D,NEEDS_TRANSLATION,Current player-facing source remains non-Thai; user-approved Battle HOLD scope,src/data/union_room.h,224,The other TRAINER challenges you\nto battle.\pWill you accept the battle\nchallenge?,The other TRAINER challenges you\nto battle.\pWill you accept the battle\nchallenge?,เทรนเนอร์อีกฝ่ายขอท้า\nคุณต่อสู้.\pจะรับคำท้า\nหรือไม่?,TRANSLATED
dlg_f22763b640c61d26,battle,Unclassified,battle,HOLD_FOR_SCOPE_DECISION,HOLD,,Raw inventory row; scope not explicitly approved.,src/data/union_room.h,257,sText_WaitForBattleMale,DEFER_TO_DEDICATED_GROUP,Group 11 Link/Wireless/Trade,,,src/data/union_room.h::sText_WaitForBattleMale,D,NEEDS_TRANSLATION,Current player-facing source remains non-Thai; user-approved Battle HOLD scope,src/data/union_room.h,257,"A battle, huh?\nAll right, just give me some time.","A battle, huh?\nAll right, just give me some time.",จะสู้กันเหรอ?\nได้เลย ขอเวลาฉันหน่อย.,TRANSLATED
dlg_15b8db73e5c309aa,battle,Unclassified,battle,HOLD_FOR_SCOPE_DECISION,HOLD,,Raw inventory row; scope not explicitly approved.,src/data/union_room.h,260,sText_WaitForBattleFemale,DEFER_TO_DEDICATED_GROUP,Group 11 Link/Wireless/Trade,,,src/data/union_room.h::sText_WaitForBattleFemale,D,NEEDS_TRANSLATION,Current player-facing source remains non-Thai; user-approved Battle HOLD scope,src/data/union_room.h,260,"A battle? Of course, but I need\ntime to get ready.","A battle? Of course, but I need\ntime to get ready.",จะสู้กันเหรอ? ได้สิ แต่ขอ\nเวลาเตรียมตัวหน่อยนะ.,TRANSLATED
dlg_2dda84cbcded6d0b,battle,Unclassified,battle,HOLD_FOR_SCOPE_DECISION,HOLD,,Raw inventory row; scope not explicitly approved.,src/data/union_room.h,279,sText_DoneWaitingBattleMale,DEFER_TO_DEDICATED_GROUP,Group 11 Link/Wireless/Trade,,,src/data/union_room.h::sText_DoneWaitingBattleMale,D,NEEDS_TRANSLATION,Current player-facing source remains non-Thai; user-approved Battle HOLD scope,src/data/union_room.h,279,Thanks for waiting!\nLet's get our battle started!{PAUSE 60},Thanks for waiting!\nLet's get our battle started!{PAUSE 60},ขอบคุณที่รอ!\nมาเริ่มสู้กันเลย!{PAUSE 60},TRANSLATED
dlg_e1e1699ffebe6aef,battle,Unclassified,battle,HOLD_FOR_SCOPE_DECISION,HOLD,,Raw inventory row; scope not explicitly approved.,src/data/union_room.h,281,sText_DoneWaitingBattleFemale,DEFER_TO_DEDICATED_GROUP,Group 11 Link/Wireless/Trade,,,src/data/union_room.h::sText_DoneWaitingBattleFemale,D,NEEDS_TRANSLATION,Current player-facing source remains non-Thai; user-approved Battle HOLD scope,src/data/union_room.h,281,Sorry I made you wait!\nLet's get started!{PAUSE 60},Sorry I made you wait!\nLet's get started!{PAUSE 60},ขอโทษที่ให้รอ!\nมาเริ่มกันเลย!{PAUSE 60},TRANSLATED
dlg_39ff0d6dc0806c42,battle,Unclassified,battle,HOLD_FOR_SCOPE_DECISION,HOLD,,Raw inventory row; scope not explicitly approved.,src/data/union_room.h,284,sText_BattleWillBeStarted,DEFER_TO_DEDICATED_GROUP,Group 11 Link/Wireless/Trade,,,src/data/union_room.h::sText_BattleWillBeStarted,D,NEEDS_TRANSLATION,Current player-facing source remains non-Thai; user-approved Battle HOLD scope,src/data/union_room.h,284,The battle will be started.{PAUSE 60},The battle will be started.{PAUSE 60},การต่อสู้กำลังจะเริ่ม.{PAUSE 60},TRANSLATED
dlg_a2ba431e70346374,battle,Unclassified,battle,HOLD_FOR_SCOPE_DECISION,HOLD,,Raw inventory row; scope not explicitly approved.,src/data/union_room.h,311,sText_BattleDeclinedMale,DEFER_TO_DEDICATED_GROUP,Group 11 Link/Wireless/Trade,,,src/data/union_room.h::sText_BattleDeclinedMale,D,NEEDS_TRANSLATION,Current player-facing source remains non-Thai; user-approved Battle HOLD scope,src/data/union_room.h,311,Sorry! My POKéMON don't seem to\nbe feeling too well right now.\lLet me battle you another time.\p,Sorry! My POKéMON don't seem to\nbe feeling too well right now.\lLet me battle you another time.\p,โทษที! ตอนนี้โปเกมอนของฉัน\nดูไม่ค่อยพร้อมเท่าไร.\lไว้คราวหน้าค่อยมาสู้กันนะ.\p,TRANSLATED
dlg_157ab1d87dd2934c,battle,Unclassified,battle,HOLD_FOR_SCOPE_DECISION,HOLD,,Raw inventory row; scope not explicitly approved.,src/data/union_room.h,312,sText_BattleDeclinedFemale,DEFER_TO_DEDICATED_GROUP,Group 11 Link/Wireless/Trade,,,src/data/union_room.h::sText_BattleDeclinedFemale,D,NEEDS_TRANSLATION,Current player-facing source remains non-Thai; user-approved Battle HOLD scope,src/data/union_room.h,312,"I'm terribly sorry, but my POKéMON\naren't feeling well…\pLet's battle another time.\p","I'm terribly sorry, but my POKéMON\naren't feeling well…\pLet's battle another time.\p",ขอโทษจริง ๆ แต่โปเกมอนของฉัน\nดูไม่ค่อยสบาย…\pไว้คราวหน้าค่อยมาสู้กันนะ.\p,TRANSLATED
dlg_861ae308e615e2d9,battle,Unclassified,battle,HOLD_FOR_SCOPE_DECISION,HOLD,,Raw inventory row; scope not explicitly approved.,src/data/union_room.h,359,sText_BattleSurpriseMale,DEFER_TO_DEDICATED_GROUP,Group 11 Link/Wireless/Trade,,,src/data/union_room.h::sText_BattleSurpriseMale,D,NEEDS_TRANSLATION,Current player-facing source remains non-Thai; user-approved Battle HOLD scope,src/data/union_room.h,359,Way to go!\nThat was an eye-opener!\p,Way to go!\nThat was an eye-opener!\p,สุดยอด!\nเปิดหูเปิดตาจริง ๆ!\p,TRANSLATED
dlg_062516b675a690a6,battle,Unclassified,battle,HOLD_FOR_SCOPE_DECISION,HOLD,,Raw inventory row; scope not explicitly approved.,src/data/union_room.h,363,sText_BattleSurpriseFemale,DEFER_TO_DEDICATED_GROUP,Group 11 Link/Wireless/Trade,,,src/data/union_room.h::sText_BattleSurpriseFemale,D,NEEDS_TRANSLATION,Current player-facing source remains non-Thai; user-approved Battle HOLD scope,src/data/union_room.h,363,That's awesome!\nYou can battle that way?\p,That's awesome!\nYou can battle that way?\p,สุดยอดเลย!\nสู้แบบนั้นได้ด้วยเหรอ?\p,TRANSLATED
dlg_cf3cf0150f4cab0f,battle,Unclassified,battle,HOLD_FOR_SCOPE_DECISION,HOLD,,Raw inventory row; scope not explicitly approved.,src/data/union_room.h,481,sText_ChooseLeaderMultiBattle,DEFER_TO_DEDICATED_GROUP,Group 11 Link/Wireless/Trade,,,src/data/union_room.h::sText_ChooseLeaderMultiBattle,D,NEEDS_TRANSLATION,Current player-facing source remains non-Thai; user-approved Battle HOLD scope,src/data/union_room.h,481,Please choose the LEADER\nfor a MULTI BATTLE.,Please choose the LEADER\nfor a MULTI BATTLE.,กรุณาเลือกผู้นำ\nสำหรับมัลติแบทเทิล.,TRANSLATED
dlg_7b1e40f4b02cd4c4,battle,Unclassified,battle,HOLD_FOR_SCOPE_DECISION,HOLD,,Raw inventory row; scope not explicitly approved.,src/data/union_room.h,495,sText_ChooseLeaderBattleTowerLv50,DEFER_TO_DEDICATED_GROUP,Group 11 Link/Wireless/Trade,,,src/data/union_room.h::sText_ChooseLeaderBattleTowerLv50,D,NEEDS_TRANSLATION,Current player-facing source remains non-Thai; user-approved Battle HOLD scope,src/data/union_room.h,495,BATTLE TOWER LEVEL 50!\nPlease choose the LEADER.,BATTLE TOWER LEVEL 50!\nPlease choose the LEADER.,แบทเทิลทาวเวอร์ LV. 50!\nกรุณาเลือกผู้นำ.,TRANSLATED
dlg_da0b1129ea00602c,battle,Unclassified,battle,HOLD_FOR_SCOPE_DECISION,HOLD,,Raw inventory row; scope not explicitly approved.,src/data/union_room.h,496,sText_ChooseLeaderBattleTowerOpenLv,DEFER_TO_DEDICATED_GROUP,Group 11 Link/Wireless/Trade,,,src/data/union_room.h::sText_ChooseLeaderBattleTowerOpenLv,D,NEEDS_TRANSLATION,Current player-facing source remains non-Thai; user-approved Battle HOLD scope,src/data/union_room.h,496,BATTLE TOWER OPEN LEVEL!\nPlease choose the LEADER.,BATTLE TOWER OPEN LEVEL!\nPlease choose the LEADER.,แบทเทิลทาวเวอร์ OPEN!\nกรุณาเลือกผู้นำ.,TRANSLATED
dlg_164313e81c2881e3,battle,Unclassified,battle,HOLD_FOR_SCOPE_DECISION,HOLD,,Raw inventory row; scope not explicitly approved.,src/data/union_room.h,525,sText_MustHaveTwoMonsForDoubleBattle,DEFER_TO_DEDICATED_GROUP,Group 11 Link/Wireless/Trade,,,src/data/union_room.h::sText_MustHaveTwoMonsForDoubleBattle,D,NEEDS_TRANSLATION,Current source still matches English baseline; no closed coverage evidence,src/data/union_room.h,525,"For a DOUBLE BATTLE, you must have\nat least two POKéMON.\p","For a DOUBLE BATTLE, you must have\nat least two POKéMON.\p",ดับเบิลแบทเทิลต้องมีโปเกมอน\nอย่างน้อยสองตัว.\p,TRANSLATED
dlg_634246463f29abfe,battle,Unclassified,battle,HOLD_FOR_SCOPE_DECISION,HOLD,,Raw inventory row; scope not explicitly approved.,src/data/union_room.h,538,sText_Battle,DEFER_TO_DEDICATED_GROUP,Group 11 Link/Wireless/Trade,,,src/data/union_room.h::sText_Battle,D,NEEDS_TRANSLATION,Current player-facing source remains non-Thai; user-approved Battle HOLD scope,src/data/union_room.h,538,BATTLE,BATTLE,แบทเทิล,TRANSLATED
dlg_d78cd8012dc82cb9,battle,Unclassified,battle,HOLD_FOR_SCOPE_DECISION,HOLD,,Raw inventory row; scope not explicitly approved.,src/data/union_room.h,545,sText_SingleBattle,DEFER_TO_DEDICATED_GROUP,Group 11 Link/Wireless/Trade,,,src/data/union_room.h::sText_SingleBattle,D,NEEDS_TRANSLATION,Current player-facing source remains non-Thai; user-approved Battle HOLD scope,src/data/union_room.h,545,SINGLE BATTLE,SINGLE BATTLE,ซิงเกิลแบทเทิล,TRANSLATED
dlg_3b639860080d0a8f,battle,Unclassified,battle,HOLD_FOR_SCOPE_DECISION,HOLD,,Raw inventory row; scope not explicitly approved.,src/data/union_room.h,546,sText_DoubleBattle,DEFER_TO_DEDICATED_GROUP,Group 11 Link/Wireless/Trade,,,src/data/union_room.h::sText_DoubleBattle,D,NEEDS_TRANSLATION,Current player-facing source remains non-Thai; user-approved Battle HOLD scope,src/data/union_room.h,546,DOUBLE BATTLE,DOUBLE BATTLE,ดับเบิลแบทเทิล,TRANSLATED
dlg_5e15e8f76779fdc7,battle,Unclassified,battle,HOLD_FOR_SCOPE_DECISION,HOLD,,Raw inventory row; scope not explicitly approved.,src/data/union_room.h,547,sText_MultiBattle,DEFER_TO_DEDICATED_GROUP,Group 11 Link/Wireless/Trade,,,src/data/union_room.h::sText_MultiBattle,D,NEEDS_TRANSLATION,Current player-facing source remains non-Thai; user-approved Battle HOLD scope,src/data/union_room.h,547,MULTI BATTLE,MULTI BATTLE,มัลติแบทเทิล,TRANSLATED
dlg_329b4dbd9dcad145,battle,Unclassified,battle,HOLD_FOR_SCOPE_DECISION,HOLD,,Raw inventory row; scope not explicitly approved.,src/data/union_room.h,564,sText_BattleTowerLv50,DEFER_TO_DEDICATED_GROUP,Group 11 Link/Wireless/Trade,,,src/data/union_room.h::sText_BattleTowerLv50,D,NEEDS_TRANSLATION,Current player-facing source remains non-Thai; user-approved Battle HOLD scope,src/data/union_room.h,564,BATTLE TOWER LV. 50,BATTLE TOWER LV. 50,แบทเทิลทาวเวอร์ LV. 50,TRANSLATED
dlg_6ec7c46b016cc6a7,battle,Unclassified,battle,HOLD_FOR_SCOPE_DECISION,HOLD,,Raw inventory row; scope not explicitly approved.,src/data/union_room.h,565,sText_BattleTowerOpenLv,DEFER_TO_DEDICATED_GROUP,Group 11 Link/Wireless/Trade,,,src/data/union_room.h::sText_BattleTowerOpenLv,D,NEEDS_TRANSLATION,Current player-facing source remains non-Thai; user-approved Battle HOLD scope,src/data/union_room.h,565,BATTLE TOWER OPEN LEVEL,BATTLE TOWER OPEN LEVEL,แบทเทิลทาวเวอร์ OPEN,TRANSLATED
