ui_id,ui_key,symbol,current_text,target_text_th,translation_status,scope_class,current_language,ui_areas,usage_count,definition_kind,source_file,source_line,line_count,control_codes,has_placeholders,width_constraint_status,visual_qa_status,translator_note
SM0001,local:src/battle_message.c:sText_Trainer1LoseText,sText_Trainer1LoseText,{B_TRAINER1_LOSE_TEXT},{B_TRAINER1_LOSE_TEXT},proof_passed,system_message,nonlinguistic,BATTLE;BATTLE_SYSTEM,1,c_u8,src/battle_message.c,55,1,{B_TRAINER1_LOSE_TEXT},yes,pending_usage_to_window_mapping,proof_passed,"GLCC 20260813-102147-phase6-batch09-battle-trainer-result-token-labels: preview/build passed; visual QA pending.; GLCC 20260813-102147-phase6-batch09-battle-trainer-result-token-labels: visual QA passed. Batch 09 QA Gallery reviewed: 4/4 pages passed. All selected strings were verified for correct Thai font rendering, spacing, clipping, layout, punctuation, placeholders, and terminology consistency."
SM0002,local:src/battle_message.c:sText_PkmnGainedEXP,sText_PkmnGainedEXP,"{B_BUFF1} gained{B_BUFF2}
{B_BUFF3} EXP. Points!\p","{B_BUFF1} ได้รับ{B_BUFF2}
EXP {B_BUFF3} แต้ม!\p",proof_passed,system_message,english,BATTLE;BATTLE_SYSTEM,1,c_u8,src/battle_message.c,56,2,{B_BUFF1}; {B_BUFF2}; {B_BUFF3}; \p,yes,pending_usage_to_window_mapping,proof_passed,"GLCC 20260813-104608-pphase6-batch10-battle-exp-levelup-move-learning: preview/build passed; visual QA pending.; GLCC 20260813-104608-pphase6-batch10-battle-exp-levelup-move-learning: visual QA passed. Batch 10 QA Gallery reviewed: 5/5 pages passed. All selected strings were verified for correct Thai font rendering, spacing, clipping, layout, punctuation, placeholders, and terminology consistency."
SM0003,local:src/battle_message.c:sText_PkmnGrewToLv,sText_PkmnGrewToLv,"{B_BUFF1} grew to
LV. {B_BUFF2}!{WAIT_SE}\p","เลเวลของ {B_BUFF1} เพิ่มเป็น
{B_BUFF2}!{WAIT_SE}\p",proof_passed,system_message,english,BATTLE;BATTLE_SYSTEM,1,c_u8,src/battle_message.c,59,2,{B_BUFF1}; {B_BUFF2}; {WAIT_SE}; \p,yes,pending_usage_to_window_mapping,proof_passed,"GLCC 20260813-104608-pphase6-batch10-battle-exp-levelup-move-learning: preview/build passed; visual QA pending.; GLCC 20260813-104608-pphase6-batch10-battle-exp-levelup-move-learning: visual QA passed. Batch 10 QA Gallery reviewed: 5/5 pages passed. All selected strings were verified for correct Thai font rendering, spacing, clipping, layout, punctuation, placeholders, and terminology consistency."
SM0004,local:src/battle_message.c:sText_PkmnLearnedMove,sText_PkmnLearnedMove,"{B_BUFF1} learned
{B_BUFF2}!{WAIT_SE}\p","{B_BUFF1} เรียนรู้
{B_BUFF2}!{WAIT_SE}\p",proof_passed,system_message,english,BATTLE;BATTLE_SYSTEM,1,c_u8,src/battle_message.c,60,2,{B_BUFF1}; {B_BUFF2}; {WAIT_SE}; \p,yes,pending_usage_to_window_mapping,proof_passed,"GLCC 20260813-104608-pphase6-batch10-battle-exp-levelup-move-learning: preview/build passed; visual QA pending.; GLCC 20260813-104608-pphase6-batch10-battle-exp-levelup-move-learning: visual QA passed. Batch 10 QA Gallery reviewed: 5/5 pages passed. All selected strings were verified for correct Thai font rendering, spacing, clipping, layout, punctuation, placeholders, and terminology consistency."
SM0005,local:src/battle_message.c:sText_TryToLearnMove1,sText_TryToLearnMove1,"{B_BUFF1} is trying to
learn {B_BUFF2}.\p","{B_BUFF1} กำลังพยายาม
เรียนรู้ {B_BUFF2}.\p",proof_passed,system_message,english,BATTLE;BATTLE_SYSTEM,1,c_u8,src/battle_message.c,61,2,{B_BUFF1}; {B_BUFF2}; \p,yes,pending_usage_to_window_mapping,proof_passed,"GLCC 20260813-104608-pphase6-batch10-battle-exp-levelup-move-learning: preview/build passed; visual QA pending.; GLCC 20260813-104608-pphase6-batch10-battle-exp-levelup-move-learning: visual QA passed. Batch 10 QA Gallery reviewed: 5/5 pages passed. All selected strings were verified for correct Thai font rendering, spacing, clipping, layout, punctuation, placeholders, and terminology consistency."
SM0006,local:src/battle_message.c:sText_TryToLearnMove2,sText_TryToLearnMove2,"But, {B_BUFF1} can't learn
more than four moves.\p","แต่ {B_BUFF1} เรียนรู้ท่า
เกิน 4 ท่าไม่ได้.\p",proof_passed,system_message,english,BATTLE;BATTLE_SYSTEM,1,c_u8,src/battle_message.c,62,2,{B_BUFF1}; \p,yes,pending_usage_to_window_mapping,proof_passed,"GLCC 20260813-104608-pphase6-batch10-battle-exp-levelup-move-learning: preview/build passed; visual QA pending.; GLCC 20260813-104608-pphase6-batch10-battle-exp-levelup-move-learning: visual QA passed. Batch 10 QA Gallery reviewed: 5/5 pages passed. All selected strings were verified for correct Thai font rendering, spacing, clipping, layout, punctuation, placeholders, and terminology consistency."
SM0007,local:src/battle_message.c:sText_TryToLearnMove3,sText_TryToLearnMove3,"Delete a move to make
room for {B_BUFF2}?","ลบท่าหนึ่งเพื่อให้มีที่
สำหรับ {B_BUFF2} ไหม?",proof_passed,system_message,english,BATTLE;BATTLE_SYSTEM,1,c_u8,src/battle_message.c,63,2,{B_BUFF2},yes,pending_usage_to_window_mapping,proof_passed,"GLCC 20260813-111446-phase6-batch11-battle-move-learning-flow: preview/build passed; visual QA pending.; GLCC 20260813-111446-phase6-batch11-battle-move-learning-flow: visual QA passed. Batch 11 QA Gallery reviewed: 5/5 pages passed. All selected strings were verified for correct Thai font rendering, spacing, clipping, layout, punctuation, placeholders, and terminology consistency."
SM0008,local:src/battle_message.c:sText_PkmnForgotMove,sText_PkmnForgotMove,"{B_BUFF1} forgot
{B_BUFF2}.\p","{B_BUFF1} ลืม
{B_BUFF2} แล้ว.\p",proof_passed,system_message,english,BATTLE;BATTLE_SYSTEM,1,c_u8,src/battle_message.c,64,2,{B_BUFF1}; {B_BUFF2}; \p,yes,pending_usage_to_window_mapping,proof_passed,"GLCC 20260813-111446-phase6-batch11-battle-move-learning-flow: preview/build passed; visual QA pending.; GLCC 20260813-111446-phase6-batch11-battle-move-learning-flow: visual QA passed. Batch 11 QA Gallery reviewed: 5/5 pages passed. All selected strings were verified for correct Thai font rendering, spacing, clipping, layout, punctuation, placeholders, and terminology consistency."
SM0009,local:src/battle_message.c:sText_StopLearningMove,sText_StopLearningMove,"{PAUSE 32}Stop learning
{B_BUFF2}?","{PAUSE 32}หยุดเรียนรู้
{B_BUFF2} ไหม?",proof_passed,system_message,english,BATTLE;BATTLE_SYSTEM,1,c_u8,src/battle_message.c,65,2,{PAUSE 32}; {B_BUFF2},yes,pending_usage_to_window_mapping,proof_passed,"GLCC 20260813-111446-phase6-batch11-battle-move-learning-flow: preview/build passed; visual QA pending.; GLCC 20260813-111446-phase6-batch11-battle-move-learning-flow: visual QA passed. Batch 11 QA Gallery reviewed: 5/5 pages passed. All selected strings were verified for correct Thai font rendering, spacing, clipping, layout, punctuation, placeholders, and terminology consistency."
SM0010,local:src/battle_message.c:sText_DidNotLearnMove,sText_DidNotLearnMove,"{B_BUFF1} did not learn
{B_BUFF2}.\p","{B_BUFF1} ไม่ได้เรียนรู้
{B_BUFF2}.\p",proof_passed,system_message,english,BATTLE;BATTLE_SYSTEM,1,c_u8,src/battle_message.c,66,2,{B_BUFF1}; {B_BUFF2}; \p,yes,pending_usage_to_window_mapping,proof_passed,"GLCC 20260813-111446-phase6-batch11-battle-move-learning-flow: preview/build passed; visual QA pending.; GLCC 20260813-111446-phase6-batch11-battle-move-learning-flow: visual QA passed. Batch 11 QA Gallery reviewed: 5/5 pages passed. All selected strings were verified for correct Thai font rendering, spacing, clipping, layout, punctuation, placeholders, and terminology consistency."
SM0011,local:src/battle_message.c:sText_PkmnLearnedMove2,sText_PkmnLearnedMove2,"{B_ATK_NAME_WITH_PREFIX} learned
{B_BUFF1}!","{B_ATK_NAME_WITH_PREFIX} เรียนรู้
{B_BUFF1}!",proof_passed,system_message,english,BATTLE;BATTLE_SYSTEM,1,c_u8,src/battle_message.c,370,2,{B_ATK_NAME_WITH_PREFIX}; {B_BUFF1},yes,pending_usage_to_window_mapping,proof_passed,"GLCC 20260813-111446-phase6-batch11-battle-move-learning-flow: preview/build passed; visual QA pending.; GLCC 20260813-111446-phase6-batch11-battle-move-learning-flow: visual QA passed. Batch 11 QA Gallery reviewed: 5/5 pages passed. All selected strings were verified for correct Thai font rendering, spacing, clipping, layout, punctuation, placeholders, and terminology consistency."
SM0012,local:src/battle_message.c:sText_AttackMissed,sText_AttackMissed,"{B_ATK_NAME_WITH_PREFIX}'s
attack missed!","{B_ATK_NAME_WITH_PREFIX} โจมตี
พลาดเป้า!",proof_passed,system_message,english,BATTLE;BATTLE_SYSTEM,1,c_u8,src/battle_message.c,68,2,{B_ATK_NAME_WITH_PREFIX},yes,pending_usage_to_window_mapping,proof_passed,"GLCC 20260813-115232-phase6-batch12-battle-attack-defense-result-messages: preview/build passed; visual QA pending.; GLCC 20260813-115232-phase6-batch12-battle-attack-defense-result-messages: visual QA passed. Batch 12 QA Gallery reviewed: 5/5 pages passed. All selected strings were verified for correct Thai font rendering, spacing, clipping, layout, punctuation, placeholders, and terminology consistency."
SM0013,local:src/battle_message.c:sText_PkmnProtectedItself,sText_PkmnProtectedItself,"{B_DEF_NAME_WITH_PREFIX}
protected itself!","{B_DEF_NAME_WITH_PREFIX}
ป้องกันตัวเอง!",proof_passed,system_message,english,BATTLE;BATTLE_SYSTEM,1,c_u8,src/battle_message.c,69,2,{B_DEF_NAME_WITH_PREFIX},yes,pending_usage_to_window_mapping,proof_passed,"GLCC 20260813-115232-phase6-batch12-battle-attack-defense-result-messages: preview/build passed; visual QA pending.; GLCC 20260813-115232-phase6-batch12-battle-attack-defense-result-messages: visual QA passed. Batch 12 QA Gallery reviewed: 5/5 pages passed. All selected strings were verified for correct Thai font rendering, spacing, clipping, layout, punctuation, placeholders, and terminology consistency."
SM0014,local:src/battle_message.c:sText_StatsWontIncrease2,sText_StatsWontIncrease2,"{B_ATK_NAME_WITH_PREFIX}'s stats won't
go any higher!","ค่าสถานะของ {B_ATK_NAME_WITH_PREFIX}
เพิ่มไปกว่านี้ไม่ได้!",proof_passed,system_message,english,BATTLE;BATTLE_SYSTEM,1,c_u8,src/battle_message.c,309,2,{B_ATK_NAME_WITH_PREFIX},yes,pending_usage_to_window_mapping,proof_passed,"GLCC 20260813-115232-phase6-batch12-battle-attack-defense-result-messages: preview/build passed; visual QA pending.; GLCC 20260813-115232-phase6-batch12-battle-attack-defense-result-messages: visual QA passed. Batch 12 QA Gallery reviewed: 5/5 pages passed. All selected strings were verified for correct Thai font rendering, spacing, clipping, layout, punctuation, placeholders, and terminology consistency."
SM0015,local:src/battle_message.c:sText_AvoidedDamage,sText_AvoidedDamage,"{B_DEF_NAME_WITH_PREFIX} avoided
damage with {B_DEF_ABILITY}!","{B_DEF_NAME_WITH_PREFIX} หลบ
ความเสียหายด้วย {B_DEF_ABILITY}!",proof_passed,system_message,english,BATTLE;BATTLE_SYSTEM,1,c_u8,src/battle_message.c,70,2,{B_DEF_NAME_WITH_PREFIX}; {B_DEF_ABILITY},yes,pending_usage_to_window_mapping,proof_passed,"GLCC 20260813-115232-phase6-batch12-battle-attack-defense-result-messages: preview/build passed; visual QA pending.; GLCC 20260813-115232-phase6-batch12-battle-attack-defense-result-messages: visual QA passed. Batch 12 QA Gallery reviewed: 5/5 pages passed. All selected strings were verified for correct Thai font rendering, spacing, clipping, layout, punctuation, placeholders, and terminology consistency."
SM0016,local:src/battle_message.c:sText_ItDoesntAffect,sText_ItDoesntAffect,"It doesn't affect
{B_DEF_NAME_WITH_PREFIX}…","ไม่มีผลต่อ
{B_DEF_NAME_WITH_PREFIX}…",proof_passed,system_message,english,BATTLE;BATTLE_SYSTEM,1,c_u8,src/battle_message.c,73,2,{B_DEF_NAME_WITH_PREFIX},yes,pending_usage_to_window_mapping,proof_passed,"GLCC 20260813-115232-phase6-batch12-battle-attack-defense-result-messages: preview/build passed; visual QA pending.; GLCC 20260813-115232-phase6-batch12-battle-attack-defense-result-messages: visual QA passed. Batch 12 QA Gallery reviewed: 5/5 pages passed. All selected strings were verified for correct Thai font rendering, spacing, clipping, layout, punctuation, placeholders, and terminology consistency."
SM0017,local:src/battle_message.c:sText_AttackerFainted,sText_AttackerFainted,"{B_ATK_NAME_WITH_PREFIX}
fainted!\p","{B_ATK_NAME_WITH_PREFIX}
หมดสภาพ!\p",proof_passed,system_message,english,BATTLE;BATTLE_SYSTEM,1,c_u8,src/battle_message.c,74,2,{B_ATK_NAME_WITH_PREFIX}; \p,yes,pending_usage_to_window_mapping,proof_passed,"GLCC 20260813-134027-phase6-batch13-battle-faint-money-escape-messages: preview/build passed; visual QA pending.; GLCC 20260813-134027-phase6-batch13-battle-faint-money-escape-messages: visual QA passed. Batch 13 QA Gallery reviewed: 5/5 pages passed. All selected strings were verified for correct Thai font rendering, spacing, clipping, layout, punctuation, placeholders, and terminology consistency."
SM0018,local:src/battle_message.c:sText_TargetFainted,sText_TargetFainted,"{B_DEF_NAME_WITH_PREFIX}
fainted!\p","{B_DEF_NAME_WITH_PREFIX}
หมดสภาพ!\p",proof_passed,system_message,english,BATTLE;BATTLE_SYSTEM,1,c_u8,src/battle_message.c,75,2,{B_DEF_NAME_WITH_PREFIX}; \p,yes,pending_usage_to_window_mapping,proof_passed,"GLCC 20260813-134027-phase6-batch13-battle-faint-money-escape-messages: preview/build passed; visual QA pending.; GLCC 20260813-134027-phase6-batch13-battle-faint-money-escape-messages: visual QA passed. Batch 13 QA Gallery reviewed: 5/5 pages passed. All selected strings were verified for correct Thai font rendering, spacing, clipping, layout, punctuation, placeholders, and terminology consistency."
SM0019,local:src/battle_message.c:sText_PlayerGotMoney,sText_PlayerGotMoney,"{B_PLAYER_NAME} got ¥{B_BUFF1}
for winning!\p","{B_PLAYER_NAME} ได้รับเงิน ¥{B_BUFF1}
จากชัยชนะ!\p",proof_passed,system_message,english,BATTLE;BATTLE_SYSTEM,1,c_u8,src/battle_message.c,76,2,{B_PLAYER_NAME}; {B_BUFF1}; \p,yes,pending_usage_to_window_mapping,proof_passed,"GLCC 20260813-134027-phase6-batch13-battle-faint-money-escape-messages: preview/build passed; visual QA pending.; GLCC 20260813-134027-phase6-batch13-battle-faint-money-escape-messages: visual QA passed. Batch 13 QA Gallery reviewed: 5/5 pages passed. All selected strings were verified for correct Thai font rendering, spacing, clipping, layout, punctuation, placeholders, and terminology consistency."
SM0020,local:src/battle_message.c:sText_PlayerWhiteout,sText_PlayerWhiteout,"{B_PLAYER_NAME} is out of
usable POKéMON!\p","{B_PLAYER_NAME} ไม่มี
โปเกมอนที่ต่อสู้ได้!\p",proof_passed,system_message,english,BATTLE;BATTLE_SYSTEM,1,c_u8,src/battle_message.c,77,2,{B_PLAYER_NAME}; \p,yes,pending_usage_to_window_mapping,proof_passed,"GLCC 20260813-134027-phase6-batch13-battle-faint-money-escape-messages: preview/build passed; visual QA pending.; GLCC 20260813-134027-phase6-batch13-battle-faint-money-escape-messages: visual QA passed. Batch 13 QA Gallery reviewed: 5/5 pages passed. All selected strings were verified for correct Thai font rendering, spacing, clipping, layout, punctuation, placeholders, and terminology consistency."
SM0021,local:src/battle_message.c:sText_PlayerWhiteout2,sText_PlayerWhiteout2,{B_PLAYER_NAME} whited out!{PAUSE_UNTIL_PRESS},,pending,system_message,english,BATTLE_SYSTEM,1,c_u8,src/battle_message.c,78,1,{B_PLAYER_NAME}; {PAUSE_UNTIL_PRESS},yes,pending_usage_to_window_mapping,pending,phase6_group=canonical_table
SM0022,local:src/battle_message.c:sText_PreventsEscape,sText_PreventsEscape,"{B_SCR_ACTIVE_NAME_WITH_PREFIX} prevents
escape with {B_SCR_ACTIVE_ABILITY}!\p","{B_SCR_ACTIVE_NAME_WITH_PREFIX} ป้องกัน
การหนีด้วย {B_SCR_ACTIVE_ABILITY}!\p",proof_passed,system_message,english,BATTLE;BATTLE_SYSTEM,1,c_u8,src/battle_message.c,79,2,{B_SCR_ACTIVE_NAME_WITH_PREFIX}; {B_SCR_ACTIVE_ABILITY}; \p,yes,pending_usage_to_window_mapping,proof_passed,"GLCC 20260813-134027-phase6-batch13-battle-faint-money-escape-messages: preview/build passed; visual QA pending.; GLCC 20260813-134027-phase6-batch13-battle-faint-money-escape-messages: visual QA passed. Batch 13 QA Gallery reviewed: 5/5 pages passed. All selected strings were verified for correct Thai font rendering, spacing, clipping, layout, punctuation, placeholders, and terminology consistency."
SM0023,local:src/battle_message.c:sText_HitXTimes,sText_HitXTimes,Hit {B_BUFF1} time(s)!,โจมตีโดน {B_BUFF1} ครั้ง!,proof_passed,system_message,english,BATTLE;BATTLE_SYSTEM,1,c_u8,src/battle_message.c,82,1,{B_BUFF1},yes,pending_usage_to_window_mapping,proof_passed,"GLCC 20260812-205422-phase6-batch02-battle-low-safe-messages: preview/build passed; visual QA pending.; GLCC 20260812-205422-phase6-batch02-battle-low-safe-messages: visual QA passed. Batch 02 QA Gallery reviewed: 10/10 pages passed. All selected strings were verified for correct Thai font rendering, spacing, clipping, layout, punctuation, placeholders, and terminology consistency."
SM0024,local:src/battle_message.c:sText_PkmnFellAsleep,sText_PkmnFellAsleep,"{B_EFF_NAME_WITH_PREFIX}
fell asleep!","{B_EFF_NAME_WITH_PREFIX}
หลับไปแล้ว!",proof_passed,system_message,english,BATTLE;BATTLE_SYSTEM,1,c_u8,src/battle_message.c,83,2,{B_EFF_NAME_WITH_PREFIX},yes,pending_usage_to_window_mapping,proof_passed,"GLCC 20260813-160833-phase6-batch14-battle-sleep-status-messages: preview/build passed; visual QA pending.; GLCC 20260813-160833-phase6-batch14-battle-sleep-status-messages: visual QA passed. Batch 14 QA Gallery reviewed: 5/5 pages passed. All selected strings were verified for correct Thai font rendering, spacing, clipping, layout, punctuation, placeholders, and terminology consistency."
SM0025,local:src/battle_message.c:sText_PkmnMadeSleep,sText_PkmnMadeSleep,"{B_SCR_ACTIVE_NAME_WITH_PREFIX}'s {B_SCR_ACTIVE_ABILITY}
made {B_EFF_NAME_WITH_PREFIX} sleep!","{B_SCR_ACTIVE_NAME_WITH_PREFIX} ใช้ {B_SCR_ACTIVE_ABILITY} ทำให้
{B_EFF_NAME_WITH_PREFIX} หลับ!",proof_passed,system_message,english,BATTLE;BATTLE_SYSTEM,1,c_u8,src/battle_message.c,84,2,{B_SCR_ACTIVE_NAME_WITH_PREFIX}; {B_SCR_ACTIVE_ABILITY}; {B_EFF_NAME_WITH_PREFIX},yes,pending_usage_to_window_mapping,proof_passed,"GLCC 20260813-160833-phase6-batch14-battle-sleep-status-messages: preview/build passed; visual QA pending.; GLCC 20260813-160833-phase6-batch14-battle-sleep-status-messages: visual QA passed. Batch 14 QA Gallery reviewed: 5/5 pages passed. All selected strings were verified for correct Thai font rendering, spacing, clipping, layout, punctuation, placeholders, and terminology consistency."
SM0026,local:src/battle_message.c:sText_PkmnAlreadyAsleep,sText_PkmnAlreadyAsleep,"{B_DEF_NAME_WITH_PREFIX} is
already asleep!","{B_DEF_NAME_WITH_PREFIX}
หลับอยู่แล้ว!",proof_passed,system_message,english,BATTLE;BATTLE_SYSTEM,1,c_u8,src/battle_message.c,85,2,{B_DEF_NAME_WITH_PREFIX},yes,pending_usage_to_window_mapping,proof_passed,"GLCC 20260813-160833-phase6-batch14-battle-sleep-status-messages: preview/build passed; visual QA pending.; GLCC 20260813-160833-phase6-batch14-battle-sleep-status-messages: visual QA passed. Batch 14 QA Gallery reviewed: 5/5 pages passed. All selected strings were verified for correct Thai font rendering, spacing, clipping, layout, punctuation, placeholders, and terminology consistency."
SM0027,local:src/battle_message.c:sText_PkmnAlreadyAsleep2,sText_PkmnAlreadyAsleep2,"{B_ATK_NAME_WITH_PREFIX} is
already asleep!","{B_ATK_NAME_WITH_PREFIX}
หลับอยู่แล้ว!",proof_passed,system_message,english,BATTLE;BATTLE_SYSTEM,1,c_u8,src/battle_message.c,86,2,{B_ATK_NAME_WITH_PREFIX},yes,pending_usage_to_window_mapping,proof_passed,"GLCC 20260813-160833-phase6-batch14-battle-sleep-status-messages: preview/build passed; visual QA pending.; GLCC 20260813-160833-phase6-batch14-battle-sleep-status-messages: visual QA passed. Batch 14 QA Gallery reviewed: 5/5 pages passed. All selected strings were verified for correct Thai font rendering, spacing, clipping, layout, punctuation, placeholders, and terminology consistency."
SM0028,local:src/battle_message.c:sText_PkmnWasntAffected,sText_PkmnWasntAffected,"{B_DEF_NAME_WITH_PREFIX}
wasn't affected!","{B_DEF_NAME_WITH_PREFIX}
ไม่ได้รับผลกระทบ!",proof_passed,system_message,english,BATTLE;BATTLE_SYSTEM,1,c_u8,src/battle_message.c,87,2,{B_DEF_NAME_WITH_PREFIX},yes,pending_usage_to_window_mapping,proof_passed,"GLCC 20260813-160833-phase6-batch14-battle-sleep-status-messages: preview/build passed; visual QA pending.; GLCC 20260813-160833-phase6-batch14-battle-sleep-status-messages: visual QA passed. Batch 14 QA Gallery reviewed: 5/5 pages passed. All selected strings were verified for correct Thai font rendering, spacing, clipping, layout, punctuation, placeholders, and terminology consistency."
SM0029,local:src/battle_message.c:sText_PkmnWasPoisoned,sText_PkmnWasPoisoned,"{B_EFF_NAME_WITH_PREFIX}
was poisoned!","{B_EFF_NAME_WITH_PREFIX}
ติดพิษ!",proof_passed,system_message,english,BATTLE;BATTLE_SYSTEM,1,c_u8,src/battle_message.c,88,2,{B_EFF_NAME_WITH_PREFIX},yes,pending_usage_to_window_mapping,proof_passed,"GLCC 20260813-165333-phase6-batch15-battle-poison-status-messages: preview/build passed; visual QA pending.; GLCC 20260813-165333-phase6-batch15-battle-poison-status-messages: visual QA passed. Batch 15 QA Gallery reviewed: 5/5 pages passed. All selected strings were verified for correct Thai font rendering, spacing, clipping, layout, punctuation, placeholders, and terminology consistency."
SM0030,local:src/battle_message.c:sText_PkmnPoisonedBy,sText_PkmnPoisonedBy,"{B_SCR_ACTIVE_NAME_WITH_PREFIX}'s {B_SCR_ACTIVE_ABILITY}
poisoned {B_EFF_NAME_WITH_PREFIX}!","{B_SCR_ACTIVE_NAME_WITH_PREFIX} ใช้ {B_SCR_ACTIVE_ABILITY}
ทำให้ {B_EFF_NAME_WITH_PREFIX} ติดพิษ!",proof_passed,system_message,english,BATTLE;BATTLE_SYSTEM,1,c_u8,src/battle_message.c,89,2,{B_SCR_ACTIVE_NAME_WITH_PREFIX}; {B_SCR_ACTIVE_ABILITY}; {B_EFF_NAME_WITH_PREFIX},yes,pending_usage_to_window_mapping,proof_passed,"GLCC 20260813-165333-phase6-batch15-battle-poison-status-messages: preview/build passed; visual QA pending.; GLCC 20260813-165333-phase6-batch15-battle-poison-status-messages: visual QA passed. Batch 15 QA Gallery reviewed: 5/5 pages passed. All selected strings were verified for correct Thai font rendering, spacing, clipping, layout, punctuation, placeholders, and terminology consistency."
SM0031,local:src/battle_message.c:sText_PkmnHurtByPoison,sText_PkmnHurtByPoison,"{B_ATK_NAME_WITH_PREFIX} is hurt
by poison!","{B_ATK_NAME_WITH_PREFIX} บาดเจ็บ
จากพิษ!",proof_passed,system_message,english,BATTLE;BATTLE_SYSTEM,1,c_u8,src/battle_message.c,90,2,{B_ATK_NAME_WITH_PREFIX},yes,pending_usage_to_window_mapping,proof_passed,"GLCC 20260813-165333-phase6-batch15-battle-poison-status-messages: preview/build passed; visual QA pending.; GLCC 20260813-165333-phase6-batch15-battle-poison-status-messages: visual QA passed. Batch 15 QA Gallery reviewed: 5/5 pages passed. All selected strings were verified for correct Thai font rendering, spacing, clipping, layout, punctuation, placeholders, and terminology consistency."
SM0032,local:src/battle_message.c:sText_PkmnAlreadyPoisoned,sText_PkmnAlreadyPoisoned,"{B_DEF_NAME_WITH_PREFIX} is already
poisoned.","{B_DEF_NAME_WITH_PREFIX}
ติดพิษอยู่แล้ว.",proof_passed,system_message,english,BATTLE;BATTLE_SYSTEM,1,c_u8,src/battle_message.c,91,2,{B_DEF_NAME_WITH_PREFIX},yes,pending_usage_to_window_mapping,proof_passed,"GLCC 20260813-165333-phase6-batch15-battle-poison-status-messages: preview/build passed; visual QA pending.; GLCC 20260813-165333-phase6-batch15-battle-poison-status-messages: visual QA passed. Batch 15 QA Gallery reviewed: 5/5 pages passed. All selected strings were verified for correct Thai font rendering, spacing, clipping, layout, punctuation, placeholders, and terminology consistency."
SM0033,local:src/battle_message.c:sText_PkmnBadlyPoisoned,sText_PkmnBadlyPoisoned,"{B_EFF_NAME_WITH_PREFIX} is badly
poisoned!","{B_EFF_NAME_WITH_PREFIX}
ติดพิษร้ายแรง!",proof_passed,system_message,english,BATTLE;BATTLE_SYSTEM,1,c_u8,src/battle_message.c,92,2,{B_EFF_NAME_WITH_PREFIX},yes,pending_usage_to_window_mapping,proof_passed,"GLCC 20260813-165333-phase6-batch15-battle-poison-status-messages: preview/build passed; visual QA pending.; GLCC 20260813-165333-phase6-batch15-battle-poison-status-messages: visual QA passed. Batch 15 QA Gallery reviewed: 5/5 pages passed. All selected strings were verified for correct Thai font rendering, spacing, clipping, layout, punctuation, placeholders, and terminology consistency."
SM0034,local:src/battle_message.c:sText_PkmnEnergyDrained,sText_PkmnEnergyDrained,"{B_DEF_NAME_WITH_PREFIX} had its
energy drained!","{B_DEF_NAME_WITH_PREFIX} ถูกดูด
พลังไป!",proof_passed,system_message,english,BATTLE;BATTLE_SYSTEM,1,c_u8,src/battle_message.c,93,2,{B_DEF_NAME_WITH_PREFIX},yes,pending_usage_to_window_mapping,proof_passed,"GLCC 20260813-170911-phase6-batch16-battle-drain-burn-freeze-messages: preview/build passed; visual QA pending.; GLCC 20260813-170911-phase6-batch16-battle-drain-burn-freeze-messages: visual QA passed. Batch 16 QA Gallery reviewed: 5/5 pages passed. All selected strings were verified for correct Thai font rendering, spacing, clipping, layout, punctuation, placeholders, and terminology consistency."
SM0035,local:src/battle_message.c:sText_PkmnWasBurned,sText_PkmnWasBurned,{B_EFF_NAME_WITH_PREFIX} was burned!,{B_EFF_NAME_WITH_PREFIX} ถูกไฟไหม้!,proof_passed,system_message,english,BATTLE;BATTLE_SYSTEM,1,c_u8,src/battle_message.c,94,1,{B_EFF_NAME_WITH_PREFIX},yes,pending_usage_to_window_mapping,proof_passed,"GLCC 20260812-205422-phase6-batch02-battle-low-safe-messages: preview/build passed; visual QA pending.; GLCC 20260812-205422-phase6-batch02-battle-low-safe-messages: visual QA passed. Batch 02 QA Gallery reviewed: 10/10 pages passed. All selected strings were verified for correct Thai font rendering, spacing, clipping, layout, punctuation, placeholders, and terminology consistency."
SM0036,local:src/battle_message.c:sText_PkmnBurnedBy,sText_PkmnBurnedBy,"{B_SCR_ACTIVE_NAME_WITH_PREFIX}'s {B_SCR_ACTIVE_ABILITY}
burned {B_EFF_NAME_WITH_PREFIX}!","{B_SCR_ACTIVE_NAME_WITH_PREFIX} ใช้ {B_SCR_ACTIVE_ABILITY}
ทำให้ {B_EFF_NAME_WITH_PREFIX} ถูกไฟไหม้!",proof_passed,system_message,english,BATTLE;BATTLE_SYSTEM,1,c_u8,src/battle_message.c,95,2,{B_SCR_ACTIVE_NAME_WITH_PREFIX}; {B_SCR_ACTIVE_ABILITY}; {B_EFF_NAME_WITH_PREFIX},yes,pending_usage_to_window_mapping,proof_passed,"GLCC 20260813-170911-phase6-batch16-battle-drain-burn-freeze-messages: preview/build passed; visual QA pending.; GLCC 20260813-170911-phase6-batch16-battle-drain-burn-freeze-messages: visual QA passed. Batch 16 QA Gallery reviewed: 5/5 pages passed. All selected strings were verified for correct Thai font rendering, spacing, clipping, layout, punctuation, placeholders, and terminology consistency."
SM0037,local:src/battle_message.c:sText_PkmnHurtByBurn,sText_PkmnHurtByBurn,"{B_ATK_NAME_WITH_PREFIX} is hurt
by its burn!","{B_ATK_NAME_WITH_PREFIX} บาดเจ็บ
จากไฟไหม้!",proof_passed,system_message,english,BATTLE;BATTLE_SYSTEM,1,c_u8,src/battle_message.c,96,2,{B_ATK_NAME_WITH_PREFIX},yes,pending_usage_to_window_mapping,proof_passed,"GLCC 20260813-170911-phase6-batch16-battle-drain-burn-freeze-messages: preview/build passed; visual QA pending.; GLCC 20260813-170911-phase6-batch16-battle-drain-burn-freeze-messages: visual QA passed. Batch 16 QA Gallery reviewed: 5/5 pages passed. All selected strings were verified for correct Thai font rendering, spacing, clipping, layout, punctuation, placeholders, and terminology consistency."
SM0038,local:src/battle_message.c:sText_PkmnWasFrozen,sText_PkmnWasFrozen,"{B_EFF_NAME_WITH_PREFIX} was
frozen solid!","{B_EFF_NAME_WITH_PREFIX}
ถูกแช่แข็ง!",proof_passed,system_message,english,BATTLE;BATTLE_SYSTEM,1,c_u8,src/battle_message.c,98,2,{B_EFF_NAME_WITH_PREFIX},yes,pending_usage_to_window_mapping,proof_passed,"GLCC 20260813-170911-phase6-batch16-battle-drain-burn-freeze-messages: preview/build passed; visual QA pending.; GLCC 20260813-170911-phase6-batch16-battle-drain-burn-freeze-messages: visual QA passed. Batch 16 QA Gallery reviewed: 5/5 pages passed. All selected strings were verified for correct Thai font rendering, spacing, clipping, layout, punctuation, placeholders, and terminology consistency."
SM0039,local:src/battle_message.c:sText_PkmnFrozenBy,sText_PkmnFrozenBy,"{B_SCR_ACTIVE_NAME_WITH_PREFIX}'s {B_SCR_ACTIVE_ABILITY}
froze {B_EFF_NAME_WITH_PREFIX} solid!","{B_SCR_ACTIVE_NAME_WITH_PREFIX} ใช้ {B_SCR_ACTIVE_ABILITY}
ทำให้ {B_EFF_NAME_WITH_PREFIX} ถูกแช่แข็ง!",proof_passed,system_message,english,BATTLE;BATTLE_SYSTEM,1,c_u8,src/battle_message.c,99,2,{B_SCR_ACTIVE_NAME_WITH_PREFIX}; {B_SCR_ACTIVE_ABILITY}; {B_EFF_NAME_WITH_PREFIX},yes,pending_usage_to_window_mapping,proof_passed,"GLCC 20260813-170911-phase6-batch16-battle-drain-burn-freeze-messages: preview/build passed; visual QA pending.; GLCC 20260813-170911-phase6-batch16-battle-drain-burn-freeze-messages: visual QA passed. Batch 16 QA Gallery reviewed: 5/5 pages passed. All selected strings were verified for correct Thai font rendering, spacing, clipping, layout, punctuation, placeholders, and terminology consistency."
SM0040,local:src/battle_message.c:sText_PkmnIsFrozen,sText_PkmnIsFrozen,"{B_ATK_NAME_WITH_PREFIX} is
frozen solid!","{B_ATK_NAME_WITH_PREFIX}
ถูกแช่แข็งอยู่!",proof_passed,system_message,english,BATTLE;BATTLE_SYSTEM,1,c_u8,src/battle_message.c,100,2,{B_ATK_NAME_WITH_PREFIX},yes,pending_usage_to_window_mapping,proof_passed,"GLCC 20260813-171826-phase6-batch17-battle-freeze-thaw-paralysis-messages: preview/build passed; visual QA pending.; GLCC 20260813-171826-phase6-batch17-battle-freeze-thaw-paralysis-messages: visual QA passed. Batch 17 QA Gallery reviewed: 5/5 pages passed. All selected strings were verified for correct Thai font rendering, spacing, clipping, layout, punctuation, placeholders, and terminology consistency."
SM0041,local:src/battle_message.c:sText_PkmnWasDefrosted,sText_PkmnWasDefrosted,"{B_DEF_NAME_WITH_PREFIX} was
defrosted!","{B_DEF_NAME_WITH_PREFIX}
ละลายจากน้ำแข็งแล้ว!",proof_passed,system_message,english,BATTLE;BATTLE_SYSTEM,1,c_u8,src/battle_message.c,101,2,{B_DEF_NAME_WITH_PREFIX},yes,pending_usage_to_window_mapping,proof_passed,"GLCC 20260813-171826-phase6-batch17-battle-freeze-thaw-paralysis-messages: preview/build passed; visual QA pending.; GLCC 20260813-171826-phase6-batch17-battle-freeze-thaw-paralysis-messages: visual QA passed. Batch 17 QA Gallery reviewed: 5/5 pages passed. All selected strings were verified for correct Thai font rendering, spacing, clipping, layout, punctuation, placeholders, and terminology consistency."
SM0042,local:src/battle_message.c:sText_PkmnWasDefrosted2,sText_PkmnWasDefrosted2,"{B_ATK_NAME_WITH_PREFIX} was
defrosted!","{B_ATK_NAME_WITH_PREFIX}
ละลายจากน้ำแข็งแล้ว!",proof_passed,system_message,english,BATTLE;BATTLE_SYSTEM,1,c_u8,src/battle_message.c,102,2,{B_ATK_NAME_WITH_PREFIX},yes,pending_usage_to_window_mapping,proof_passed,"GLCC 20260813-171826-phase6-batch17-battle-freeze-thaw-paralysis-messages: preview/build passed; visual QA pending.; GLCC 20260813-171826-phase6-batch17-battle-freeze-thaw-paralysis-messages: visual QA passed. Batch 17 QA Gallery reviewed: 5/5 pages passed. All selected strings were verified for correct Thai font rendering, spacing, clipping, layout, punctuation, placeholders, and terminology consistency."
SM0043,local:src/battle_message.c:sText_PkmnWasDefrostedBy,sText_PkmnWasDefrostedBy,"{B_ATK_NAME_WITH_PREFIX} was
defrosted by {B_CURRENT_MOVE}!","{B_ATK_NAME_WITH_PREFIX} ละลายจากน้ำแข็ง
ด้วย {B_CURRENT_MOVE}!",proof_passed,system_message,english,BATTLE;BATTLE_SYSTEM,1,c_u8,src/battle_message.c,103,2,{B_ATK_NAME_WITH_PREFIX}; {B_CURRENT_MOVE},yes,pending_usage_to_window_mapping,proof_passed,"GLCC 20260813-171826-phase6-batch17-battle-freeze-thaw-paralysis-messages: preview/build passed; visual QA pending.; GLCC 20260813-171826-phase6-batch17-battle-freeze-thaw-paralysis-messages: visual QA passed. Batch 17 QA Gallery reviewed: 5/5 pages passed. All selected strings were verified for correct Thai font rendering, spacing, clipping, layout, punctuation, placeholders, and terminology consistency."
SM0044,local:src/battle_message.c:sText_PkmnWasParalyzed,sText_PkmnWasParalyzed,"{B_EFF_NAME_WITH_PREFIX} is paralyzed!
It may be unable to move!","{B_EFF_NAME_WITH_PREFIX} เป็นอัมพาต!
อาจขยับไม่ได้!",proof_passed,system_message,english,BATTLE;BATTLE_SYSTEM,1,c_u8,src/battle_message.c,104,2,{B_EFF_NAME_WITH_PREFIX},yes,pending_usage_to_window_mapping,proof_passed,"GLCC 20260813-171826-phase6-batch17-battle-freeze-thaw-paralysis-messages: preview/build passed; visual QA pending.; GLCC 20260813-171826-phase6-batch17-battle-freeze-thaw-paralysis-messages: visual QA passed. Batch 17 QA Gallery reviewed: 5/5 pages passed. All selected strings were verified for correct Thai font rendering, spacing, clipping, layout, punctuation, placeholders, and terminology consistency."
SM0045,local:src/battle_message.c:sText_PkmnWasParalyzedBy,sText_PkmnWasParalyzedBy,"{B_SCR_ACTIVE_NAME_WITH_PREFIX}'s {B_SCR_ACTIVE_ABILITY}
paralyzed {B_EFF_NAME_WITH_PREFIX}!\lIt may be unable to move!","{B_SCR_ACTIVE_NAME_WITH_PREFIX} ใช้ {B_SCR_ACTIVE_ABILITY}
ทำให้ {B_EFF_NAME_WITH_PREFIX} เป็นอัมพาต!\lอาจขยับไม่ได้!",proof_passed,system_message,english,BATTLE;BATTLE_SYSTEM,1,c_u8,src/battle_message.c,105,2,{B_SCR_ACTIVE_NAME_WITH_PREFIX}; {B_SCR_ACTIVE_ABILITY}; {B_EFF_NAME_WITH_PREFIX}; \l,yes,pending_usage_to_window_mapping,proof_passed,"GLCC 20260813-173022-phase6-batch18-battle-paralysis-dream-status-messages: preview/build passed; visual QA pending.; GLCC 20260813-173022-phase6-batch18-battle-paralysis-dream-status-messages: visual QA passed. Batch 18 QA Gallery reviewed: 5/5 pages passed. All selected strings were verified for correct Thai font rendering, spacing, clipping, layout, punctuation, placeholders, and terminology consistency."
SM0046,local:src/battle_message.c:sText_PkmnIsParalyzed,sText_PkmnIsParalyzed,"{B_ATK_NAME_WITH_PREFIX} is paralyzed!
It can't move!","{B_ATK_NAME_WITH_PREFIX} เป็นอัมพาต!
ขยับไม่ได้!",proof_passed,system_message,english,BATTLE;BATTLE_SYSTEM,1,c_u8,src/battle_message.c,106,2,{B_ATK_NAME_WITH_PREFIX},yes,pending_usage_to_window_mapping,proof_passed,"GLCC 20260813-173022-phase6-batch18-battle-paralysis-dream-status-messages: preview/build passed; visual QA pending.; GLCC 20260813-173022-phase6-batch18-battle-paralysis-dream-status-messages: visual QA passed. Batch 18 QA Gallery reviewed: 5/5 pages passed. All selected strings were verified for correct Thai font rendering, spacing, clipping, layout, punctuation, placeholders, and terminology consistency."
SM0047,local:src/battle_message.c:sText_PkmnIsAlreadyParalyzed,sText_PkmnIsAlreadyParalyzed,"{B_DEF_NAME_WITH_PREFIX} is
already paralyzed!","{B_DEF_NAME_WITH_PREFIX}
เป็นอัมพาตอยู่แล้ว!",proof_passed,system_message,english,BATTLE;BATTLE_SYSTEM,1,c_u8,src/battle_message.c,107,2,{B_DEF_NAME_WITH_PREFIX},yes,pending_usage_to_window_mapping,proof_passed,"GLCC 20260813-173022-phase6-batch18-battle-paralysis-dream-status-messages: preview/build passed; visual QA pending.; GLCC 20260813-173022-phase6-batch18-battle-paralysis-dream-status-messages: visual QA passed. Batch 18 QA Gallery reviewed: 5/5 pages passed. All selected strings were verified for correct Thai font rendering, spacing, clipping, layout, punctuation, placeholders, and terminology consistency."
SM0048,local:src/battle_message.c:sText_PkmnHealedParalysis,sText_PkmnHealedParalysis,"{B_DEF_NAME_WITH_PREFIX} was
healed of paralysis!","{B_DEF_NAME_WITH_PREFIX}
หายจากอัมพาตแล้ว!",proof_passed,system_message,english,BATTLE;BATTLE_SYSTEM,1,c_u8,src/battle_message.c,108,2,{B_DEF_NAME_WITH_PREFIX},yes,pending_usage_to_window_mapping,proof_passed,"GLCC 20260813-173022-phase6-batch18-battle-paralysis-dream-status-messages: preview/build passed; visual QA pending.; GLCC 20260813-173022-phase6-batch18-battle-paralysis-dream-status-messages: visual QA passed. Batch 18 QA Gallery reviewed: 5/5 pages passed. All selected strings were verified for correct Thai font rendering, spacing, clipping, layout, punctuation, placeholders, and terminology consistency."
SM0049,local:src/battle_message.c:sText_PkmnDreamEaten,sText_PkmnDreamEaten,"{B_DEF_NAME_WITH_PREFIX}'s
dream was eaten!","ความฝันของ {B_DEF_NAME_WITH_PREFIX}
ถูกกลืนกิน!",proof_passed,system_message,english,BATTLE;BATTLE_SYSTEM,1,c_u8,src/battle_message.c,109,2,{B_DEF_NAME_WITH_PREFIX},yes,pending_usage_to_window_mapping,proof_passed,"GLCC 20260813-173022-phase6-batch18-battle-paralysis-dream-status-messages: preview/build passed; visual QA pending.; GLCC 20260813-173022-phase6-batch18-battle-paralysis-dream-status-messages: visual QA passed. Batch 18 QA Gallery reviewed: 5/5 pages passed. All selected strings were verified for correct Thai font rendering, spacing, clipping, layout, punctuation, placeholders, and terminology consistency."
SM0050,local:src/battle_message.c:sText_StatsWontIncrease,sText_StatsWontIncrease,"{B_ATK_NAME_WITH_PREFIX}'s {B_BUFF1}
won't go higher!","{B_ATK_NAME_WITH_PREFIX} ค่า {B_BUFF1}
เพิ่มไปกว่านี้ไม่ได้!",proof_passed,system_message,english,BATTLE;BATTLE_SYSTEM,1,c_u8,src/battle_message.c,110,2,{B_ATK_NAME_WITH_PREFIX}; {B_BUFF1},yes,pending_usage_to_window_mapping,proof_passed,"GLCC 20260813-174650-phase6-batch19-battle-stat-team-confusion-messages: preview/build passed; visual QA pending.; GLCC 20260813-174650-phase6-batch19-battle-stat-team-confusion-messages: visual QA passed. Batch 19 QA Gallery reviewed: 5/5 pages passed. All selected strings were verified for correct Thai font rendering, spacing, clipping, layout, punctuation, placeholders, and terminology consistency."
SM0051,local:src/battle_message.c:sText_StatsWontDecrease,sText_StatsWontDecrease,"{B_DEF_NAME_WITH_PREFIX}'s {B_BUFF1}
won't go lower!","{B_DEF_NAME_WITH_PREFIX} ค่า {B_BUFF1}
ลดไปกว่านี้ไม่ได้!",proof_passed,system_message,english,BATTLE;BATTLE_SYSTEM,1,c_u8,src/battle_message.c,111,2,{B_DEF_NAME_WITH_PREFIX}; {B_BUFF1},yes,pending_usage_to_window_mapping,proof_passed,"GLCC 20260813-174650-phase6-batch19-battle-stat-team-confusion-messages: preview/build passed; visual QA pending.; GLCC 20260813-174650-phase6-batch19-battle-stat-team-confusion-messages: visual QA passed. Batch 19 QA Gallery reviewed: 5/5 pages passed. All selected strings were verified for correct Thai font rendering, spacing, clipping, layout, punctuation, placeholders, and terminology consistency."
SM0052,local:src/battle_message.c:sText_TeamStoppedWorking,sText_TeamStoppedWorking,"Your team's {B_BUFF1}
stopped working!","{B_BUFF1} ของทีมคุณ
หมดผลแล้ว!",proof_passed,system_message,english,BATTLE;BATTLE_SYSTEM,1,c_u8,src/battle_message.c,112,2,{B_BUFF1},yes,pending_usage_to_window_mapping,proof_passed,"GLCC 20260813-174650-phase6-batch19-battle-stat-team-confusion-messages: preview/build passed; visual QA pending.; GLCC 20260813-174650-phase6-batch19-battle-stat-team-confusion-messages: visual QA passed. Batch 19 QA Gallery reviewed: 5/5 pages passed. All selected strings were verified for correct Thai font rendering, spacing, clipping, layout, punctuation, placeholders, and terminology consistency."
SM0053,local:src/battle_message.c:sText_FoeStoppedWorking,sText_FoeStoppedWorking,"The foe's {B_BUFF1}
stopped working!","{B_BUFF1} ของฝ่ายตรงข้าม
หมดผลแล้ว!",proof_passed,system_message,english,BATTLE;BATTLE_SYSTEM,1,c_u8,src/battle_message.c,113,2,{B_BUFF1},yes,pending_usage_to_window_mapping,proof_passed,"GLCC 20260813-174650-phase6-batch19-battle-stat-team-confusion-messages: preview/build passed; visual QA pending.; GLCC 20260813-174650-phase6-batch19-battle-stat-team-confusion-messages: visual QA passed. Batch 19 QA Gallery reviewed: 5/5 pages passed. All selected strings were verified for correct Thai font rendering, spacing, clipping, layout, punctuation, placeholders, and terminology consistency."
SM0054,local:src/battle_message.c:sText_PkmnIsConfused,sText_PkmnIsConfused,"{B_ATK_NAME_WITH_PREFIX} is
confused!","{B_ATK_NAME_WITH_PREFIX}
สับสน!",proof_passed,system_message,english,BATTLE;BATTLE_SYSTEM,1,c_u8,src/battle_message.c,114,2,{B_ATK_NAME_WITH_PREFIX},yes,pending_usage_to_window_mapping,proof_passed,"GLCC 20260813-174650-phase6-batch19-battle-stat-team-confusion-messages: preview/build passed; visual QA pending.; GLCC 20260813-174650-phase6-batch19-battle-stat-team-confusion-messages: visual QA passed. Batch 19 QA Gallery reviewed: 5/5 pages passed. All selected strings were verified for correct Thai font rendering, spacing, clipping, layout, punctuation, placeholders, and terminology consistency."
SM0055,local:src/battle_message.c:sText_PkmnHealedConfusion,sText_PkmnHealedConfusion,"{B_ATK_NAME_WITH_PREFIX} snapped
out of confusion!","{B_ATK_NAME_WITH_PREFIX}
หายสับสนแล้ว!",proof_passed,system_message,english,BATTLE;BATTLE_SYSTEM,1,c_u8,src/battle_message.c,115,2,{B_ATK_NAME_WITH_PREFIX},yes,pending_usage_to_window_mapping,proof_passed,"GLCC 20260813-183007-phase6-batch20-battle-confusion-infatuation-messages: preview/build passed; visual QA pending.; GLCC 20260813-183007-phase6-batch20-battle-confusion-infatuation-messages: visual QA passed. Batch 20 QA Gallery reviewed: 5/5 pages passed. All selected strings were verified for correct Thai font rendering, spacing, clipping, layout, punctuation, placeholders, and terminology consistency."
SM0056,local:src/battle_message.c:sText_PkmnWasConfused,sText_PkmnWasConfused,"{B_EFF_NAME_WITH_PREFIX} became
confused!","{B_EFF_NAME_WITH_PREFIX}
เกิดอาการสับสน!",proof_passed,system_message,english,BATTLE;BATTLE_SYSTEM,1,c_u8,src/battle_message.c,116,2,{B_EFF_NAME_WITH_PREFIX},yes,pending_usage_to_window_mapping,proof_passed,"GLCC 20260813-183007-phase6-batch20-battle-confusion-infatuation-messages: preview/build passed; visual QA pending.; GLCC 20260813-183007-phase6-batch20-battle-confusion-infatuation-messages: visual QA passed. Batch 20 QA Gallery reviewed: 5/5 pages passed. All selected strings were verified for correct Thai font rendering, spacing, clipping, layout, punctuation, placeholders, and terminology consistency."
SM0057,local:src/battle_message.c:sText_PkmnAlreadyConfused,sText_PkmnAlreadyConfused,"{B_DEF_NAME_WITH_PREFIX} is
already confused!","{B_DEF_NAME_WITH_PREFIX}
สับสนอยู่แล้ว!",proof_passed,system_message,english,BATTLE;BATTLE_SYSTEM,1,c_u8,src/battle_message.c,117,2,{B_DEF_NAME_WITH_PREFIX},yes,pending_usage_to_window_mapping,proof_passed,"GLCC 20260813-183007-phase6-batch20-battle-confusion-infatuation-messages: preview/build passed; visual QA pending.; GLCC 20260813-183007-phase6-batch20-battle-confusion-infatuation-messages: visual QA passed. Batch 20 QA Gallery reviewed: 5/5 pages passed. All selected strings were verified for correct Thai font rendering, spacing, clipping, layout, punctuation, placeholders, and terminology consistency."
SM0058,local:src/battle_message.c:sText_PkmnFellInLove,sText_PkmnFellInLove,"{B_DEF_NAME_WITH_PREFIX}
fell in love!","{B_DEF_NAME_WITH_PREFIX}
ตกหลุมรัก!",proof_passed,system_message,english,BATTLE;BATTLE_SYSTEM,1,c_u8,src/battle_message.c,118,2,{B_DEF_NAME_WITH_PREFIX},yes,pending_usage_to_window_mapping,proof_passed,"GLCC 20260813-183007-phase6-batch20-battle-confusion-infatuation-messages: preview/build passed; visual QA pending.; GLCC 20260813-183007-phase6-batch20-battle-confusion-infatuation-messages: visual QA passed. Batch 20 QA Gallery reviewed: 5/5 pages passed. All selected strings were verified for correct Thai font rendering, spacing, clipping, layout, punctuation, placeholders, and terminology consistency."
SM0059,local:src/battle_message.c:sText_PkmnInLove,sText_PkmnInLove,"{B_ATK_NAME_WITH_PREFIX} is in love
with {B_SCR_ACTIVE_NAME_WITH_PREFIX}!","{B_ATK_NAME_WITH_PREFIX} หลงรัก
{B_SCR_ACTIVE_NAME_WITH_PREFIX}!",proof_passed,system_message,english,BATTLE;BATTLE_SYSTEM,1,c_u8,src/battle_message.c,119,2,{B_ATK_NAME_WITH_PREFIX}; {B_SCR_ACTIVE_NAME_WITH_PREFIX},yes,pending_usage_to_window_mapping,proof_passed,"GLCC 20260813-183007-phase6-batch20-battle-confusion-infatuation-messages: preview/build passed; visual QA pending.; GLCC 20260813-183007-phase6-batch20-battle-confusion-infatuation-messages: visual QA passed. Batch 20 QA Gallery reviewed: 5/5 pages passed. All selected strings were verified for correct Thai font rendering, spacing, clipping, layout, punctuation, placeholders, and terminology consistency."
SM0060,local:src/battle_message.c:sText_PkmnImmobilizedByLove,sText_PkmnImmobilizedByLove,"{B_ATK_NAME_WITH_PREFIX} is
immobilized by love!","{B_ATK_NAME_WITH_PREFIX}
ขยับไม่ได้เพราะความรัก!",proof_passed,system_message,english,BATTLE;BATTLE_SYSTEM,1,c_u8,src/battle_message.c,120,2,{B_ATK_NAME_WITH_PREFIX},yes,pending_usage_to_window_mapping,proof_passed,"GLCC 20260813-200747-phase6-batch21-battle-love-type-health-messages: preview/build passed; visual QA pending.; GLCC 20260813-200747-phase6-batch21-battle-love-type-health-messages: visual QA passed. Batch 21 QA Gallery reviewed: 5/5 pages passed. All selected strings were verified for correct Thai font rendering, spacing, clipping, layout, punctuation, placeholders, and terminology consistency."
SM0061,local:src/battle_message.c:sText_PkmnBlownAway,sText_PkmnBlownAway,"{B_DEF_NAME_WITH_PREFIX} was
blown away!","{B_DEF_NAME_WITH_PREFIX}
ถูกพัดปลิวไป!",proof_passed,system_message,english,BATTLE;BATTLE_SYSTEM,1,c_u8,src/battle_message.c,121,2,{B_DEF_NAME_WITH_PREFIX},yes,pending_usage_to_window_mapping,proof_passed,"GLCC 20260813-200747-phase6-batch21-battle-love-type-health-messages: preview/build passed; visual QA pending.; GLCC 20260813-200747-phase6-batch21-battle-love-type-health-messages: visual QA passed. Batch 21 QA Gallery reviewed: 5/5 pages passed. All selected strings were verified for correct Thai font rendering, spacing, clipping, layout, punctuation, placeholders, and terminology consistency."
SM0062,local:src/battle_message.c:sText_PkmnChangedType,sText_PkmnChangedType,"{B_ATK_NAME_WITH_PREFIX} transformed
into the {B_BUFF1} type!","{B_ATK_NAME_WITH_PREFIX} เปลี่ยน
เป็นประเภท {B_BUFF1}!",proof_passed,system_message,english,BATTLE;BATTLE_SYSTEM,1,c_u8,src/battle_message.c,122,2,{B_ATK_NAME_WITH_PREFIX}; {B_BUFF1},yes,pending_usage_to_window_mapping,proof_passed,"GLCC 20260813-200747-phase6-batch21-battle-love-type-health-messages: preview/build passed; visual QA pending.; GLCC 20260813-200747-phase6-batch21-battle-love-type-health-messages: visual QA passed. Batch 21 QA Gallery reviewed: 5/5 pages passed. All selected strings were verified for correct Thai font rendering, spacing, clipping, layout, punctuation, placeholders, and terminology consistency."
SM0063,local:src/battle_message.c:sText_PkmnFlinched,sText_PkmnFlinched,{B_ATK_NAME_WITH_PREFIX} flinched!,{B_ATK_NAME_WITH_PREFIX} ชะงัก!,proof_passed,system_message,english,BATTLE;BATTLE_SYSTEM,1,c_u8,src/battle_message.c,123,1,{B_ATK_NAME_WITH_PREFIX},yes,pending_usage_to_window_mapping,proof_passed,"GLCC 20260812-205422-phase6-batch02-battle-low-safe-messages: preview/build passed; visual QA pending.; GLCC 20260812-205422-phase6-batch02-battle-low-safe-messages: visual QA passed. Batch 02 QA Gallery reviewed: 10/10 pages passed. All selected strings were verified for correct Thai font rendering, spacing, clipping, layout, punctuation, placeholders, and terminology consistency."
SM0064,local:src/battle_message.c:sText_PkmnRegainedHealth,sText_PkmnRegainedHealth,"{B_DEF_NAME_WITH_PREFIX} regained
health!","{B_DEF_NAME_WITH_PREFIX}
ฟื้นพลังแล้ว!",proof_passed,system_message,english,BATTLE;BATTLE_SYSTEM,1,c_u8,src/battle_message.c,124,2,{B_DEF_NAME_WITH_PREFIX},yes,pending_usage_to_window_mapping,proof_passed,"GLCC 20260813-200747-phase6-batch21-battle-love-type-health-messages: preview/build passed; visual QA pending.; GLCC 20260813-200747-phase6-batch21-battle-love-type-health-messages: visual QA passed. Batch 21 QA Gallery reviewed: 5/5 pages passed. All selected strings were verified for correct Thai font rendering, spacing, clipping, layout, punctuation, placeholders, and terminology consistency."
SM0065,local:src/battle_message.c:sText_PkmnHPFull,sText_PkmnHPFull,"{B_DEF_NAME_WITH_PREFIX}'s
HP is full!","{B_DEF_NAME_WITH_PREFIX}
HP เต็มแล้ว!",proof_passed,system_message,english,BATTLE;BATTLE_SYSTEM,1,c_u8,src/battle_message.c,125,2,{B_DEF_NAME_WITH_PREFIX},yes,pending_usage_to_window_mapping,proof_passed,"GLCC 20260813-200747-phase6-batch21-battle-love-type-health-messages: preview/build passed; visual QA pending.; GLCC 20260813-200747-phase6-batch21-battle-love-type-health-messages: visual QA passed. Batch 21 QA Gallery reviewed: 5/5 pages passed. All selected strings were verified for correct Thai font rendering, spacing, clipping, layout, punctuation, placeholders, and terminology consistency."
SM0066,local:src/battle_message.c:sText_PkmnRaisedSpDef,sText_PkmnRaisedSpDef,"{B_ATK_PREFIX2}'s {B_CURRENT_MOVE}
raised SP. DEF!","{B_ATK_PREFIX2} ใช้ {B_CURRENT_MOVE}
เพิ่มพลังป้องกันพิเศษ!",proof_passed,system_message,english,BATTLE;BATTLE_SYSTEM,1,c_u8,src/battle_message.c,126,2,{B_ATK_PREFIX2}; {B_CURRENT_MOVE},yes,pending_usage_to_window_mapping,proof_passed,"GLCC 20260813-202431-pphase6-batch22-battle-defense-safeguard-messages: preview/build passed; visual QA pending.; GLCC 20260813-202431-pphase6-batch22-battle-defense-safeguard-messages: visual QA passed. Batch 22 QA Gallery reviewed: 5/5 pages passed. All selected strings were verified for correct Thai font rendering, spacing, clipping, layout, punctuation, placeholders, and terminology consistency."
SM0067,local:src/battle_message.c:sText_PkmnRaisedDef,sText_PkmnRaisedDef,"{B_ATK_PREFIX2}'s {B_CURRENT_MOVE}
raised DEFENSE!","{B_ATK_PREFIX2} ใช้ {B_CURRENT_MOVE}
เพิ่มพลังป้องกัน!",proof_passed,system_message,english,BATTLE;BATTLE_SYSTEM,1,c_u8,src/battle_message.c,128,2,{B_ATK_PREFIX2}; {B_CURRENT_MOVE},yes,pending_usage_to_window_mapping,proof_passed,"GLCC 20260813-202431-pphase6-batch22-battle-defense-safeguard-messages: preview/build passed; visual QA pending.; GLCC 20260813-202431-pphase6-batch22-battle-defense-safeguard-messages: visual QA passed. Batch 22 QA Gallery reviewed: 5/5 pages passed. All selected strings were verified for correct Thai font rendering, spacing, clipping, layout, punctuation, placeholders, and terminology consistency."
SM0068,local:src/battle_message.c:sText_PkmnCoveredByVeil,sText_PkmnCoveredByVeil,"{B_ATK_PREFIX2}'s party is covered
by a veil!","ทีมของ {B_ATK_PREFIX2}
ถูกปกคลุมด้วยม่าน!",proof_passed,system_message,english,BATTLE;BATTLE_SYSTEM,1,c_u8,src/battle_message.c,130,2,{B_ATK_PREFIX2},yes,pending_usage_to_window_mapping,proof_passed,"GLCC 20260813-202431-pphase6-batch22-battle-defense-safeguard-messages: preview/build passed; visual QA pending.; GLCC 20260813-202431-pphase6-batch22-battle-defense-safeguard-messages: visual QA passed. Batch 22 QA Gallery reviewed: 5/5 pages passed. All selected strings were verified for correct Thai font rendering, spacing, clipping, layout, punctuation, placeholders, and terminology consistency."
SM0069,local:src/battle_message.c:sText_PkmnUsedSafeguard,sText_PkmnUsedSafeguard,"{B_DEF_NAME_WITH_PREFIX}'s party is protected
by SAFEGUARD!","ทีมของ {B_DEF_NAME_WITH_PREFIX}
ได้รับการคุ้มกัน!",proof_passed,system_message,english,BATTLE;BATTLE_SYSTEM,1,c_u8,src/battle_message.c,131,2,{B_DEF_NAME_WITH_PREFIX},yes,pending_usage_to_window_mapping,proof_passed,"GLCC 20260813-202431-pphase6-batch22-battle-defense-safeguard-messages: preview/build passed; visual QA pending.; GLCC 20260813-202431-pphase6-batch22-battle-defense-safeguard-messages: visual QA passed. Batch 22 QA Gallery reviewed: 5/5 pages passed. All selected strings were verified for correct Thai font rendering, spacing, clipping, layout, punctuation, placeholders, and terminology consistency."
SM0070,local:src/battle_message.c:sText_PkmnSafeguardExpired,sText_PkmnSafeguardExpired,"{B_ATK_PREFIX3}'s party is no longer
protected by SAFEGUARD!","ทีมของ {B_ATK_PREFIX3}
ไม่ได้รับการคุ้มกันแล้ว!",proof_passed,system_message,english,BATTLE;BATTLE_SYSTEM,1,c_u8,src/battle_message.c,132,2,{B_ATK_PREFIX3},yes,pending_usage_to_window_mapping,proof_passed,"GLCC 20260813-202431-pphase6-batch22-battle-defense-safeguard-messages: preview/build passed; visual QA pending.; GLCC 20260813-202431-pphase6-batch22-battle-defense-safeguard-messages: visual QA passed. Batch 22 QA Gallery reviewed: 5/5 pages passed. All selected strings were verified for correct Thai font rendering, spacing, clipping, layout, punctuation, placeholders, and terminology consistency."
SM0071,local:src/battle_message.c:sText_PkmnWentToSleep,sText_PkmnWentToSleep,"{B_ATK_NAME_WITH_PREFIX} went
to sleep!","{B_ATK_NAME_WITH_PREFIX}
หลับไปแล้ว!",proof_passed,system_message,english,BATTLE;BATTLE_SYSTEM,1,c_u8,src/battle_message.c,133,2,{B_ATK_NAME_WITH_PREFIX},yes,pending_usage_to_window_mapping,proof_passed,"GLCC 20260813-203319-phase6-batch23-battle-sleep-charge-prep-messages: preview/build passed; visual QA pending.; GLCC 20260813-203319-phase6-batch23-battle-sleep-charge-prep-messages: visual QA passed. Batch 23 QA Gallery reviewed: 5/5 pages passed. All selected strings were verified for correct Thai font rendering, spacing, clipping, layout, punctuation, placeholders, and terminology consistency."
SM0072,local:src/battle_message.c:sText_PkmnSleptHealthy,sText_PkmnSleptHealthy,"{B_ATK_NAME_WITH_PREFIX} slept and
became healthy!","{B_ATK_NAME_WITH_PREFIX} หลับและ
ฟื้นฟูร่างกาย!",proof_passed,system_message,english,BATTLE;BATTLE_SYSTEM,1,c_u8,src/battle_message.c,134,2,{B_ATK_NAME_WITH_PREFIX},yes,pending_usage_to_window_mapping,proof_passed,"GLCC 20260813-203319-phase6-batch23-battle-sleep-charge-prep-messages: preview/build passed; visual QA pending.; GLCC 20260813-203319-phase6-batch23-battle-sleep-charge-prep-messages: visual QA passed. Batch 23 QA Gallery reviewed: 5/5 pages passed. All selected strings were verified for correct Thai font rendering, spacing, clipping, layout, punctuation, placeholders, and terminology consistency."
SM0073,local:src/battle_message.c:sText_PkmnWhippedWhirlwind,sText_PkmnWhippedWhirlwind,"{B_ATK_NAME_WITH_PREFIX} whipped
up a whirlwind!","{B_ATK_NAME_WITH_PREFIX}
ก่อพายุหมุนขึ้น!",proof_passed,system_message,english,BATTLE;BATTLE_SYSTEM,1,c_u8,src/battle_message.c,135,2,{B_ATK_NAME_WITH_PREFIX},yes,pending_usage_to_window_mapping,proof_passed,"GLCC 20260813-203319-phase6-batch23-battle-sleep-charge-prep-messages: preview/build passed; visual QA pending.; GLCC 20260813-203319-phase6-batch23-battle-sleep-charge-prep-messages: visual QA passed. Batch 23 QA Gallery reviewed: 5/5 pages passed. All selected strings were verified for correct Thai font rendering, spacing, clipping, layout, punctuation, placeholders, and terminology consistency."
SM0074,local:src/battle_message.c:sText_PkmnTookSunlight,sText_PkmnTookSunlight,"{B_ATK_NAME_WITH_PREFIX} took
in sunlight!","{B_ATK_NAME_WITH_PREFIX}
รับแสงอาทิตย์!",proof_passed,system_message,english,BATTLE;BATTLE_SYSTEM,1,c_u8,src/battle_message.c,136,2,{B_ATK_NAME_WITH_PREFIX},yes,pending_usage_to_window_mapping,proof_passed,"GLCC 20260813-203319-phase6-batch23-battle-sleep-charge-prep-messages: preview/build passed; visual QA pending.; GLCC 20260813-203319-phase6-batch23-battle-sleep-charge-prep-messages: visual QA passed. Batch 23 QA Gallery reviewed: 5/5 pages passed. All selected strings were verified for correct Thai font rendering, spacing, clipping, layout, punctuation, placeholders, and terminology consistency."
SM0075,local:src/battle_message.c:sText_PkmnLoweredHead,sText_PkmnLoweredHead,"{B_ATK_NAME_WITH_PREFIX} lowered
its head!","{B_ATK_NAME_WITH_PREFIX}
ก้มหัวลง!",proof_passed,system_message,english,BATTLE;BATTLE_SYSTEM,1,c_u8,src/battle_message.c,137,2,{B_ATK_NAME_WITH_PREFIX},yes,pending_usage_to_window_mapping,proof_passed,"GLCC 20260813-203319-phase6-batch23-battle-sleep-charge-prep-messages: preview/build passed; visual QA pending.; GLCC 20260813-203319-phase6-batch23-battle-sleep-charge-prep-messages: visual QA passed. Batch 23 QA Gallery reviewed: 5/5 pages passed. All selected strings were verified for correct Thai font rendering, spacing, clipping, layout, punctuation, placeholders, and terminology consistency."
SM0076,local:src/battle_message.c:sText_PkmnIsGlowing,sText_PkmnIsGlowing,{B_ATK_NAME_WITH_PREFIX} is glowing!,{B_ATK_NAME_WITH_PREFIX} กำลังเปล่งแสง!,proof_passed,system_message,english,BATTLE;BATTLE_SYSTEM,1,c_u8,src/battle_message.c,138,1,{B_ATK_NAME_WITH_PREFIX},yes,pending_usage_to_window_mapping,proof_passed,"GLCC 20260812-205422-phase6-batch02-battle-low-safe-messages: preview/build passed; visual QA pending.; GLCC 20260812-205422-phase6-batch02-battle-low-safe-messages: visual QA passed. Batch 02 QA Gallery reviewed: 10/10 pages passed. All selected strings were verified for correct Thai font rendering, spacing, clipping, layout, punctuation, placeholders, and terminology consistency."
SM0077,local:src/battle_message.c:sText_PkmnFlewHigh,sText_PkmnFlewHigh,"{B_ATK_NAME_WITH_PREFIX} flew
up high!","{B_ATK_NAME_WITH_PREFIX}
บินขึ้นสูง!",proof_passed,system_message,english,BATTLE;BATTLE_SYSTEM,1,c_u8,src/battle_message.c,139,2,{B_ATK_NAME_WITH_PREFIX},yes,pending_usage_to_window_mapping,proof_passed,"GLCC 20260813-204051-phase6-batch24-battle-flight-trap-bind-messages: preview/build passed; visual QA pending.; GLCC 20260813-204051-phase6-batch24-battle-flight-trap-bind-messages: visual QA passed. Batch 24 QA Gallery reviewed: 5/5 pages passed. All selected strings were verified for correct Thai font rendering, spacing, clipping, layout, punctuation, placeholders, and terminology consistency."
SM0078,local:src/battle_message.c:sText_PkmnDugHole,sText_PkmnDugHole,{B_ATK_NAME_WITH_PREFIX} dug a hole!,{B_ATK_NAME_WITH_PREFIX} ขุดหลุมลงไป!,proof_passed,system_message,english,BATTLE;BATTLE_SYSTEM,1,c_u8,src/battle_message.c,140,1,{B_ATK_NAME_WITH_PREFIX},yes,pending_usage_to_window_mapping,proof_passed,"GLCC 20260812-205422-phase6-batch02-battle-low-safe-messages: preview/build passed; visual QA pending.; GLCC 20260812-205422-phase6-batch02-battle-low-safe-messages: visual QA passed. Batch 02 QA Gallery reviewed: 10/10 pages passed. All selected strings were verified for correct Thai font rendering, spacing, clipping, layout, punctuation, placeholders, and terminology consistency."
SM0079,local:src/battle_message.c:sText_PkmnSqueezedByBind,sText_PkmnSqueezedByBind,"{B_DEF_NAME_WITH_PREFIX} was squeezed by
{B_ATK_NAME_WITH_PREFIX}'s BIND!","{B_DEF_NAME_WITH_PREFIX}
ถูก {B_ATK_NAME_WITH_PREFIX} รัดแน่น!",proof_passed,system_message,english,BATTLE;BATTLE_SYSTEM,1,c_u8,src/battle_message.c,143,2,{B_DEF_NAME_WITH_PREFIX}; {B_ATK_NAME_WITH_PREFIX},yes,pending_usage_to_window_mapping,proof_passed,"GLCC 20260813-204051-phase6-batch24-battle-flight-trap-bind-messages: preview/build passed; visual QA pending.; GLCC 20260813-204051-phase6-batch24-battle-flight-trap-bind-messages: visual QA passed. Batch 24 QA Gallery reviewed: 5/5 pages passed. All selected strings were verified for correct Thai font rendering, spacing, clipping, layout, punctuation, placeholders, and terminology consistency."
SM0080,local:src/battle_message.c:sText_PkmnTrappedInVortex,sText_PkmnTrappedInVortex,"{B_DEF_NAME_WITH_PREFIX} was trapped
in the vortex!","{B_DEF_NAME_WITH_PREFIX}
ติดอยู่ในวังวน!",proof_passed,system_message,english,BATTLE;BATTLE_SYSTEM,1,c_u8,src/battle_message.c,144,2,{B_DEF_NAME_WITH_PREFIX},yes,pending_usage_to_window_mapping,proof_passed,"GLCC 20260813-204051-phase6-batch24-battle-flight-trap-bind-messages: preview/build passed; visual QA pending.; GLCC 20260813-204051-phase6-batch24-battle-flight-trap-bind-messages: visual QA passed. Batch 24 QA Gallery reviewed: 5/5 pages passed. All selected strings were verified for correct Thai font rendering, spacing, clipping, layout, punctuation, placeholders, and terminology consistency."
SM0081,local:src/battle_message.c:sText_PkmnWrappedBy,sText_PkmnWrappedBy,"{B_DEF_NAME_WITH_PREFIX} was WRAPPED by
{B_ATK_NAME_WITH_PREFIX}!","{B_DEF_NAME_WITH_PREFIX}
ถูก {B_ATK_NAME_WITH_PREFIX} รัดพัน!",proof_passed,system_message,english,BATTLE;BATTLE_SYSTEM,1,c_u8,src/battle_message.c,146,2,{B_DEF_NAME_WITH_PREFIX}; {B_ATK_NAME_WITH_PREFIX},yes,pending_usage_to_window_mapping,proof_passed,"GLCC 20260813-204051-phase6-batch24-battle-flight-trap-bind-messages: preview/build passed; visual QA pending.; GLCC 20260813-204051-phase6-batch24-battle-flight-trap-bind-messages: visual QA passed. Batch 24 QA Gallery reviewed: 5/5 pages passed. All selected strings were verified for correct Thai font rendering, spacing, clipping, layout, punctuation, placeholders, and terminology consistency."
SM0082,local:src/battle_message.c:sText_PkmnClamped,sText_PkmnClamped,"{B_ATK_NAME_WITH_PREFIX} CLAMPED
{B_DEF_NAME_WITH_PREFIX}!","{B_ATK_NAME_WITH_PREFIX} หนีบ
{B_DEF_NAME_WITH_PREFIX}!",proof_passed,system_message,english,BATTLE;BATTLE_SYSTEM,1,c_u8,src/battle_message.c,147,2,{B_ATK_NAME_WITH_PREFIX}; {B_DEF_NAME_WITH_PREFIX},yes,pending_usage_to_window_mapping,proof_passed,"GLCC 20260813-204051-phase6-batch24-battle-flight-trap-bind-messages: preview/build passed; visual QA pending.; GLCC 20260813-204051-phase6-batch24-battle-flight-trap-bind-messages: visual QA passed. Batch 24 QA Gallery reviewed: 5/5 pages passed. All selected strings were verified for correct Thai font rendering, spacing, clipping, layout, punctuation, placeholders, and terminology consistency."
SM0083,local:src/battle_message.c:sText_PkmnHurtBy,sText_PkmnHurtBy,"{B_ATK_NAME_WITH_PREFIX} is hurt
by {B_BUFF1}!","{B_ATK_NAME_WITH_PREFIX} บาดเจ็บ
จาก {B_BUFF1}!",proof_passed,system_message,english,BATTLE;BATTLE_SYSTEM,1,c_u8,src/battle_message.c,148,2,{B_ATK_NAME_WITH_PREFIX}; {B_BUFF1},yes,pending_usage_to_window_mapping,proof_passed,"GLCC 20260813-205125-phase6-batch25-battle-bind-crash-mist-messages: preview/build passed; visual QA pending.; GLCC 20260813-205125-phase6-batch25-battle-bind-crash-mist-messages: visual QA passed. Batch 25 QA Gallery reviewed: 5/5 pages passed. All selected strings were verified for correct Thai font rendering, spacing, clipping, layout, punctuation, placeholders, and terminology consistency."
SM0084,local:src/battle_message.c:sText_PkmnFreedFrom,sText_PkmnFreedFrom,"{B_ATK_NAME_WITH_PREFIX} was freed
from {B_BUFF1}!","{B_ATK_NAME_WITH_PREFIX} หลุดพ้นจาก
{B_BUFF1}!",proof_passed,system_message,english,BATTLE;BATTLE_SYSTEM,1,c_u8,src/battle_message.c,149,2,{B_ATK_NAME_WITH_PREFIX}; {B_BUFF1},yes,pending_usage_to_window_mapping,proof_passed,"GLCC 20260813-205125-phase6-batch25-battle-bind-crash-mist-messages: preview/build passed; visual QA pending.; GLCC 20260813-205125-phase6-batch25-battle-bind-crash-mist-messages: visual QA passed. Batch 25 QA Gallery reviewed: 5/5 pages passed. All selected strings were verified for correct Thai font rendering, spacing, clipping, layout, punctuation, placeholders, and terminology consistency."
SM0085,local:src/battle_message.c:sText_PkmnCrashed,sText_PkmnCrashed,"{B_ATK_NAME_WITH_PREFIX} kept going
and crashed!","{B_ATK_NAME_WITH_PREFIX} พุ่งต่อไป
แล้วชนเข้าอย่างจัง!",proof_passed,system_message,english,BATTLE;BATTLE_SYSTEM,1,c_u8,src/battle_message.c,150,2,{B_ATK_NAME_WITH_PREFIX},yes,pending_usage_to_window_mapping,proof_passed,"GLCC 20260813-205125-phase6-batch25-battle-bind-crash-mist-messages: preview/build passed; visual QA pending.; GLCC 20260813-205125-phase6-batch25-battle-bind-crash-mist-messages: visual QA passed. Batch 25 QA Gallery reviewed: 5/5 pages passed. All selected strings were verified for correct Thai font rendering, spacing, clipping, layout, punctuation, placeholders, and terminology consistency."
SM0086,global:gText_PkmnShroudedInMist,gText_PkmnShroudedInMist,"{B_ATK_PREFIX2} became
shrouded in MIST!","{B_ATK_PREFIX2} ถูกปกคลุม
ด้วยหมอก!",proof_passed,system_message,english,BATTLE;BATTLE_SYSTEM,2,c_u8,src/battle_message.c,151,2,{B_ATK_PREFIX2},yes,pending_usage_to_window_mapping,proof_passed,"GLCC 20260813-205125-phase6-batch25-battle-bind-crash-mist-messages: preview/build passed; visual QA pending.; GLCC 20260813-205125-phase6-batch25-battle-bind-crash-mist-messages: visual QA passed. Batch 25 QA Gallery reviewed: 5/5 pages passed. All selected strings were verified for correct Thai font rendering, spacing, clipping, layout, punctuation, placeholders, and terminology consistency."
SM0087,local:src/battle_message.c:sText_PkmnProtectedByMist,sText_PkmnProtectedByMist,"{B_SCR_ACTIVE_NAME_WITH_PREFIX} is protected
by MIST!","{B_SCR_ACTIVE_NAME_WITH_PREFIX} ได้รับการป้องกัน
จากหมอก!",proof_passed,system_message,english,BATTLE;BATTLE_SYSTEM,1,c_u8,src/battle_message.c,152,2,{B_SCR_ACTIVE_NAME_WITH_PREFIX},yes,pending_usage_to_window_mapping,proof_passed,"GLCC 20260813-205125-phase6-batch25-battle-bind-crash-mist-messages: preview/build passed; visual QA pending.; GLCC 20260813-205125-phase6-batch25-battle-bind-crash-mist-messages: visual QA passed. Batch 25 QA Gallery reviewed: 5/5 pages passed. All selected strings were verified for correct Thai font rendering, spacing, clipping, layout, punctuation, placeholders, and terminology consistency."
SM0088,global:gText_PkmnGettingPumped,gText_PkmnGettingPumped,"{B_ATK_NAME_WITH_PREFIX} is getting
pumped!","{B_ATK_NAME_WITH_PREFIX}
กำลังฮึกเหิม!",proof_passed,system_message,english,BATTLE;BATTLE_SYSTEM,2,c_u8,src/battle_message.c,153,2,{B_ATK_NAME_WITH_PREFIX},yes,pending_usage_to_window_mapping,proof_passed,"GLCC 20260813-210037-phase6-batch26-battle-recoil-weather-protection-messages: preview/build passed; visual QA pending.; GLCC 20260813-210037-phase6-batch26-battle-recoil-weather-protection-messages: visual QA passed. Batch 26 QA Gallery reviewed: 5/5 pages passed. All selected strings were verified for correct Thai font rendering, spacing, clipping, layout, punctuation, placeholders, and terminology consistency."
SM0089,local:src/battle_message.c:sText_PkmnHitWithRecoil,sText_PkmnHitWithRecoil,"{B_ATK_NAME_WITH_PREFIX} is hit
with recoil!","{B_ATK_NAME_WITH_PREFIX}
ได้รับแรงสะท้อน!",proof_passed,system_message,english,BATTLE;BATTLE_SYSTEM,1,c_u8,src/battle_message.c,154,2,{B_ATK_NAME_WITH_PREFIX},yes,pending_usage_to_window_mapping,proof_passed,"GLCC 20260813-210037-phase6-batch26-battle-recoil-weather-protection-messages: preview/build passed; visual QA pending.; GLCC 20260813-210037-phase6-batch26-battle-recoil-weather-protection-messages: visual QA passed. Batch 26 QA Gallery reviewed: 5/5 pages passed. All selected strings were verified for correct Thai font rendering, spacing, clipping, layout, punctuation, placeholders, and terminology consistency."
SM0090,local:src/battle_message.c:sText_PkmnProtectedItself2,sText_PkmnProtectedItself2,"{B_ATK_NAME_WITH_PREFIX} protected
itself!","{B_ATK_NAME_WITH_PREFIX}
ป้องกันตัวเอง!",proof_passed,system_message,english,BATTLE;BATTLE_SYSTEM,1,c_u8,src/battle_message.c,155,2,{B_ATK_NAME_WITH_PREFIX},yes,pending_usage_to_window_mapping,proof_passed,"GLCC 20260813-210037-phase6-batch26-battle-recoil-weather-protection-messages: preview/build passed; visual QA pending.; GLCC 20260813-210037-phase6-batch26-battle-recoil-weather-protection-messages: visual QA passed. Batch 26 QA Gallery reviewed: 5/5 pages passed. All selected strings were verified for correct Thai font rendering, spacing, clipping, layout, punctuation, placeholders, and terminology consistency."
SM0091,local:src/battle_message.c:sText_PkmnBuffetedBySandstorm,sText_PkmnBuffetedBySandstorm,"{B_ATK_NAME_WITH_PREFIX} is buffeted
by the sandstorm!","{B_ATK_NAME_WITH_PREFIX}
ถูกพายุทรายกระหน่ำ!",proof_passed,system_message,english,BATTLE;BATTLE_SYSTEM,1,c_u8,src/battle_message.c,156,2,{B_ATK_NAME_WITH_PREFIX},yes,pending_usage_to_window_mapping,proof_passed,"GLCC 20260813-210037-phase6-batch26-battle-recoil-weather-protection-messages: preview/build passed; visual QA pending.; GLCC 20260813-210037-phase6-batch26-battle-recoil-weather-protection-messages: visual QA passed. Batch 26 QA Gallery reviewed: 5/5 pages passed. All selected strings were verified for correct Thai font rendering, spacing, clipping, layout, punctuation, placeholders, and terminology consistency."
SM0092,local:src/battle_message.c:sText_PkmnPeltedByHail,sText_PkmnPeltedByHail,"{B_ATK_NAME_WITH_PREFIX} is pelted
by HAIL!","{B_ATK_NAME_WITH_PREFIX}
ถูกลูกเห็บถล่ม!",proof_passed,system_message,english,BATTLE;BATTLE_SYSTEM,1,c_u8,src/battle_message.c,157,2,{B_ATK_NAME_WITH_PREFIX},yes,pending_usage_to_window_mapping,proof_passed,"GLCC 20260813-210037-phase6-batch26-battle-recoil-weather-protection-messages: preview/build passed; visual QA pending.; GLCC 20260813-210037-phase6-batch26-battle-recoil-weather-protection-messages: visual QA passed. Batch 26 QA Gallery reviewed: 5/5 pages passed. All selected strings were verified for correct Thai font rendering, spacing, clipping, layout, punctuation, placeholders, and terminology consistency."
SM0093,local:src/battle_message.c:sText_PkmnSeeded,sText_PkmnSeeded,{B_DEF_NAME_WITH_PREFIX} was seeded!,{B_DEF_NAME_WITH_PREFIX} ถูกหว่านเมล็ดใส่!,proof_passed,system_message,english,BATTLE;BATTLE_SYSTEM,1,c_u8,src/battle_message.c,159,1,{B_DEF_NAME_WITH_PREFIX},yes,pending_usage_to_window_mapping,proof_passed,"GLCC 20260812-205422-phase6-batch02-battle-low-safe-messages: preview/build passed; visual QA pending.; GLCC 20260812-205422-phase6-batch02-battle-low-safe-messages: visual QA passed. Batch 02 QA Gallery reviewed: 10/10 pages passed. All selected strings were verified for correct Thai font rendering, spacing, clipping, layout, punctuation, placeholders, and terminology consistency."
SM0094,local:src/battle_message.c:sText_PkmnEvadedAttack,sText_PkmnEvadedAttack,"{B_DEF_NAME_WITH_PREFIX} evaded
the attack!","{B_DEF_NAME_WITH_PREFIX}
หลบการโจมตีได้!",proof_passed,system_message,english,BATTLE;BATTLE_SYSTEM,1,c_u8,src/battle_message.c,160,2,{B_DEF_NAME_WITH_PREFIX},yes,pending_usage_to_window_mapping,proof_passed,"GLCC 20260813-212758-phase6-batch27-battle-evasion-sleep-uproar-messages: preview/build passed; visual QA pending.; GLCC 20260813-212758-phase6-batch27-battle-evasion-sleep-uproar-messages: visual QA passed. Batch 27 QA Gallery reviewed: 5/5 pages passed. All selected strings were verified for correct Thai font rendering, spacing, clipping, layout, punctuation, placeholders, and terminology consistency."
SM0095,local:src/battle_message.c:sText_PkmnSappedByLeechSeed,sText_PkmnSappedByLeechSeed,"{B_ATK_NAME_WITH_PREFIX}'s health is
sapped by LEECH SEED!","พลังของ {B_ATK_NAME_WITH_PREFIX}
ถูกเมล็ดดูดพลังดูดไป!",proof_passed,system_message,english,BATTLE;BATTLE_SYSTEM,1,c_u8,src/battle_message.c,161,2,{B_ATK_NAME_WITH_PREFIX},yes,pending_usage_to_window_mapping,proof_passed,"GLCC 20260813-212758-phase6-batch27-battle-evasion-sleep-uproar-messages: preview/build passed; visual QA pending.; GLCC 20260813-212758-phase6-batch27-battle-evasion-sleep-uproar-messages: visual QA passed. Batch 27 QA Gallery reviewed: 5/5 pages passed. All selected strings were verified for correct Thai font rendering, spacing, clipping, layout, punctuation, placeholders, and terminology consistency."
SM0096,local:src/battle_message.c:sText_PkmnFastAsleep,sText_PkmnFastAsleep,"{B_ATK_NAME_WITH_PREFIX} is fast
asleep.","{B_ATK_NAME_WITH_PREFIX}
กำลังหลับสนิท.",proof_passed,system_message,english,BATTLE;BATTLE_SYSTEM,1,c_u8,src/battle_message.c,162,2,{B_ATK_NAME_WITH_PREFIX},yes,pending_usage_to_window_mapping,proof_passed,"GLCC 20260813-212758-phase6-batch27-battle-evasion-sleep-uproar-messages: preview/build passed; visual QA pending.; GLCC 20260813-212758-phase6-batch27-battle-evasion-sleep-uproar-messages: visual QA passed. Batch 27 QA Gallery reviewed: 5/5 pages passed. All selected strings were verified for correct Thai font rendering, spacing, clipping, layout, punctuation, placeholders, and terminology consistency."
SM0097,local:src/battle_message.c:sText_PkmnWokeUp,sText_PkmnWokeUp,{B_ATK_NAME_WITH_PREFIX} woke up!,{B_ATK_NAME_WITH_PREFIX} ตื่นแล้ว!,proof_passed,system_message,english,BATTLE;BATTLE_SYSTEM,1,c_u8,src/battle_message.c,163,1,{B_ATK_NAME_WITH_PREFIX},yes,pending_usage_to_window_mapping,proof_passed,"GLCC 20260812-205422-phase6-batch02-battle-low-safe-messages: preview/build passed; visual QA pending.; GLCC 20260812-205422-phase6-batch02-battle-low-safe-messages: visual QA passed. Batch 02 QA Gallery reviewed: 10/10 pages passed. All selected strings were verified for correct Thai font rendering, spacing, clipping, layout, punctuation, placeholders, and terminology consistency."
SM0098,local:src/battle_message.c:sText_PkmnUproarKeptAwake,sText_PkmnUproarKeptAwake,"But {B_SCR_ACTIVE_NAME_WITH_PREFIX}'s UPROAR
kept it awake!","แต่เสียงโกลาหลของ {B_SCR_ACTIVE_NAME_WITH_PREFIX}
ทำให้ยังตื่นอยู่!",proof_passed,system_message,english,BATTLE;BATTLE_SYSTEM,1,c_u8,src/battle_message.c,164,2,{B_SCR_ACTIVE_NAME_WITH_PREFIX},yes,pending_usage_to_window_mapping,proof_passed,"GLCC 20260813-212758-phase6-batch27-battle-evasion-sleep-uproar-messages: preview/build passed; visual QA pending.; GLCC 20260813-212758-phase6-batch27-battle-evasion-sleep-uproar-messages: visual QA passed. Batch 27 QA Gallery reviewed: 5/5 pages passed. All selected strings were verified for correct Thai font rendering, spacing, clipping, layout, punctuation, placeholders, and terminology consistency."
SM0099,local:src/battle_message.c:sText_PkmnWokeUpInUproar,sText_PkmnWokeUpInUproar,"{B_ATK_NAME_WITH_PREFIX} woke up
in the UPROAR!","{B_ATK_NAME_WITH_PREFIX} ตื่นขึ้น
เพราะเสียงโกลาหล!",proof_passed,system_message,english,BATTLE;BATTLE_SYSTEM,1,c_u8,src/battle_message.c,165,2,{B_ATK_NAME_WITH_PREFIX},yes,pending_usage_to_window_mapping,proof_passed,"GLCC 20260813-212758-phase6-batch27-battle-evasion-sleep-uproar-messages: preview/build passed; visual QA pending.; GLCC 20260813-212758-phase6-batch27-battle-evasion-sleep-uproar-messages: visual QA passed. Batch 27 QA Gallery reviewed: 5/5 pages passed. All selected strings were verified for correct Thai font rendering, spacing, clipping, layout, punctuation, placeholders, and terminology consistency."
SM0100,local:src/battle_message.c:sText_PkmnCausedUproar,sText_PkmnCausedUproar,"{B_ATK_NAME_WITH_PREFIX} caused
an UPROAR!","{B_ATK_NAME_WITH_PREFIX}
ก่อเสียงโกลาหล!",proof_passed,system_message,english,BATTLE;BATTLE_SYSTEM,1,c_u8,src/battle_message.c,166,2,{B_ATK_NAME_WITH_PREFIX},yes,pending_usage_to_window_mapping,proof_passed,"GLCC 20260813-223712-phase6-batch28-battle-uproar-stockpile-messages: preview/build passed; visual QA pending.; GLCC 20260813-223712-phase6-batch28-battle-uproar-stockpile-messages: visual QA passed. Batch 28 QA Gallery reviewed: 5/5 pages passed. All selected strings were verified for correct Thai font rendering, spacing, clipping, layout, punctuation, placeholders, and terminology consistency."
SM0101,local:src/battle_message.c:sText_PkmnMakingUproar,sText_PkmnMakingUproar,"{B_ATK_NAME_WITH_PREFIX} is making
an UPROAR!","{B_ATK_NAME_WITH_PREFIX}
กำลังก่อเสียงโกลาหล!",proof_passed,system_message,english,BATTLE;BATTLE_SYSTEM,1,c_u8,src/battle_message.c,167,2,{B_ATK_NAME_WITH_PREFIX},yes,pending_usage_to_window_mapping,proof_passed,"GLCC 20260813-223712-phase6-batch28-battle-uproar-stockpile-messages: preview/build passed; visual QA pending.; GLCC 20260813-223712-phase6-batch28-battle-uproar-stockpile-messages: visual QA passed. Batch 28 QA Gallery reviewed: 5/5 pages passed. All selected strings were verified for correct Thai font rendering, spacing, clipping, layout, punctuation, placeholders, and terminology consistency."
SM0102,local:src/battle_message.c:sText_PkmnCalmedDown,sText_PkmnCalmedDown,{B_ATK_NAME_WITH_PREFIX} calmed down.,{B_ATK_NAME_WITH_PREFIX} สงบลงแล้ว.,proof_passed,system_message,english,BATTLE;BATTLE_SYSTEM,1,c_u8,src/battle_message.c,168,1,{B_ATK_NAME_WITH_PREFIX},yes,pending_usage_to_window_mapping,proof_passed,"GLCC 20260812-205422-phase6-batch02-battle-low-safe-messages: preview/build passed; visual QA pending.; GLCC 20260812-205422-phase6-batch02-battle-low-safe-messages: visual QA passed. Batch 02 QA Gallery reviewed: 10/10 pages passed. All selected strings were verified for correct Thai font rendering, spacing, clipping, layout, punctuation, placeholders, and terminology consistency."
SM0103,local:src/battle_message.c:sText_PkmnCantSleepInUproar,sText_PkmnCantSleepInUproar,"But {B_DEF_NAME_WITH_PREFIX} can't
sleep in an UPROAR!","แต่ {B_DEF_NAME_WITH_PREFIX}
หลับไม่ได้เพราะเสียงโกลาหล!",proof_passed,system_message,english,BATTLE;BATTLE_SYSTEM,1,c_u8,src/battle_message.c,169,2,{B_DEF_NAME_WITH_PREFIX},yes,pending_usage_to_window_mapping,proof_passed,"GLCC 20260813-223712-phase6-batch28-battle-uproar-stockpile-messages: preview/build passed; visual QA pending.; GLCC 20260813-223712-phase6-batch28-battle-uproar-stockpile-messages: visual QA passed. Batch 28 QA Gallery reviewed: 5/5 pages passed. All selected strings were verified for correct Thai font rendering, spacing, clipping, layout, punctuation, placeholders, and terminology consistency."
SM0104,local:src/battle_message.c:sText_PkmnStockpiled,sText_PkmnStockpiled,"{B_ATK_NAME_WITH_PREFIX} STOCKPILED
{B_BUFF1}!","{B_ATK_NAME_WITH_PREFIX}
สะสมพลัง {B_BUFF1}!",proof_passed,system_message,english,BATTLE;BATTLE_SYSTEM,1,c_u8,src/battle_message.c,170,2,{B_ATK_NAME_WITH_PREFIX}; {B_BUFF1},yes,pending_usage_to_window_mapping,proof_passed,"GLCC 20260813-223712-phase6-batch28-battle-uproar-stockpile-messages: preview/build passed; visual QA pending.; GLCC 20260813-223712-phase6-batch28-battle-uproar-stockpile-messages: visual QA passed. Batch 28 QA Gallery reviewed: 5/5 pages passed. All selected strings were verified for correct Thai font rendering, spacing, clipping, layout, punctuation, placeholders, and terminology consistency."
SM0105,local:src/battle_message.c:sText_PkmnCantStockpile,sText_PkmnCantStockpile,"{B_ATK_NAME_WITH_PREFIX} can't
STOCKPILE any more!","{B_ATK_NAME_WITH_PREFIX}
สะสมพลังเพิ่มไม่ได้แล้ว!",proof_passed,system_message,english,BATTLE;BATTLE_SYSTEM,1,c_u8,src/battle_message.c,171,2,{B_ATK_NAME_WITH_PREFIX},yes,pending_usage_to_window_mapping,proof_passed,"GLCC 20260813-223712-phase6-batch28-battle-uproar-stockpile-messages: preview/build passed; visual QA pending.; GLCC 20260813-223712-phase6-batch28-battle-uproar-stockpile-messages: visual QA passed. Batch 28 QA Gallery reviewed: 5/5 pages passed. All selected strings were verified for correct Thai font rendering, spacing, clipping, layout, punctuation, placeholders, and terminology consistency."
SM0106,local:src/battle_message.c:sText_PkmnCantSleepInUproar2,sText_PkmnCantSleepInUproar2,"But {B_DEF_NAME_WITH_PREFIX} can't
sleep in an UPROAR!","แต่ {B_DEF_NAME_WITH_PREFIX}
หลับไม่ได้เพราะเสียงโกลาหล!",proof_passed,system_message,english,BATTLE;BATTLE_SYSTEM,1,c_u8,src/battle_message.c,172,2,{B_DEF_NAME_WITH_PREFIX},yes,pending_usage_to_window_mapping,proof_passed,"GLCC 20260813-225007-phase6-batch29-battle-uproar-energy-storage-messages: preview/build passed; visual QA pending.; GLCC 20260813-225007-phase6-batch29-battle-uproar-energy-storage-messages: visual QA passed. Batch 29 QA Gallery reviewed: 5/5 pages passed. All selected strings were verified for correct Thai font rendering, spacing, clipping, layout, punctuation, placeholders, and terminology consistency."
SM0107,local:src/battle_message.c:sText_UproarKeptPkmnAwake,sText_UproarKeptPkmnAwake,"But the UPROAR kept
{B_DEF_NAME_WITH_PREFIX} awake!","แต่เสียงโกลาหลทำให้
{B_DEF_NAME_WITH_PREFIX} ยังตื่นอยู่!",proof_passed,system_message,english,BATTLE;BATTLE_SYSTEM,1,c_u8,src/battle_message.c,173,2,{B_DEF_NAME_WITH_PREFIX},yes,pending_usage_to_window_mapping,proof_passed,"GLCC 20260813-225007-phase6-batch29-battle-uproar-energy-storage-messages: preview/build passed; visual QA pending.; GLCC 20260813-225007-phase6-batch29-battle-uproar-energy-storage-messages: visual QA passed. Batch 29 QA Gallery reviewed: 5/5 pages passed. All selected strings were verified for correct Thai font rendering, spacing, clipping, layout, punctuation, placeholders, and terminology consistency."
SM0108,local:src/battle_message.c:sText_PkmnStayedAwakeUsing,sText_PkmnStayedAwakeUsing,"{B_DEF_NAME_WITH_PREFIX} stayed awake
using its {B_DEF_ABILITY}!","{B_DEF_NAME_WITH_PREFIX} ยังตื่นอยู่
ด้วย {B_DEF_ABILITY}!",proof_passed,system_message,english,BATTLE;BATTLE_SYSTEM,1,c_u8,src/battle_message.c,174,2,{B_DEF_NAME_WITH_PREFIX}; {B_DEF_ABILITY},yes,pending_usage_to_window_mapping,proof_passed,"GLCC 20260813-225007-phase6-batch29-battle-uproar-energy-storage-messages: preview/build passed; visual QA pending.; GLCC 20260813-225007-phase6-batch29-battle-uproar-energy-storage-messages: visual QA passed. Batch 29 QA Gallery reviewed: 5/5 pages passed. All selected strings were verified for correct Thai font rendering, spacing, clipping, layout, punctuation, placeholders, and terminology consistency."
SM0109,local:src/battle_message.c:sText_PkmnStoringEnergy,sText_PkmnStoringEnergy,"{B_ATK_NAME_WITH_PREFIX} is storing
energy!","{B_ATK_NAME_WITH_PREFIX}
กำลังสะสมพลัง!",proof_passed,system_message,english,BATTLE;BATTLE_SYSTEM,1,c_u8,src/battle_message.c,175,2,{B_ATK_NAME_WITH_PREFIX},yes,pending_usage_to_window_mapping,proof_passed,"GLCC 20260813-225007-phase6-batch29-battle-uproar-energy-storage-messages: preview/build passed; visual QA pending.; GLCC 20260813-225007-phase6-batch29-battle-uproar-energy-storage-messages: visual QA passed. Batch 29 QA Gallery reviewed: 5/5 pages passed. All selected strings were verified for correct Thai font rendering, spacing, clipping, layout, punctuation, placeholders, and terminology consistency."
SM0110,local:src/battle_message.c:sText_PkmnUnleashedEnergy,sText_PkmnUnleashedEnergy,"{B_ATK_NAME_WITH_PREFIX} unleashed
energy!","{B_ATK_NAME_WITH_PREFIX}
ปลดปล่อยพลัง!",proof_passed,system_message,english,BATTLE;BATTLE_SYSTEM,1,c_u8,src/battle_message.c,176,2,{B_ATK_NAME_WITH_PREFIX},yes,pending_usage_to_window_mapping,proof_passed,"GLCC 20260813-225007-phase6-batch29-battle-uproar-energy-storage-messages: preview/build passed; visual QA pending.; GLCC 20260813-225007-phase6-batch29-battle-uproar-energy-storage-messages: visual QA passed. Batch 29 QA Gallery reviewed: 5/5 pages passed. All selected strings were verified for correct Thai font rendering, spacing, clipping, layout, punctuation, placeholders, and terminology consistency."
SM0111,local:src/battle_message.c:sText_PkmnFatigueConfusion,sText_PkmnFatigueConfusion,"{B_ATK_NAME_WITH_PREFIX} became
confused due to fatigue!","{B_ATK_NAME_WITH_PREFIX}
สับสนเพราะความอ่อนล้า!",proof_passed,system_message,english,BATTLE;BATTLE_SYSTEM,1,c_u8,src/battle_message.c,177,2,{B_ATK_NAME_WITH_PREFIX},yes,pending_usage_to_window_mapping,proof_passed,"GLCC 20260813-230647-phase6-batch30-battle-confusion-money-transform-substitute-messages: preview/build passed; visual QA pending.; GLCC 20260813-230647-phase6-batch30-battle-confusion-money-transform-substitute-messages: visual QA passed. Batch 30 QA Gallery reviewed: 5/5 pages passed. All selected strings were verified for correct Thai font rendering, spacing, clipping, layout, punctuation, placeholders, and terminology consistency."
SM0112,local:src/battle_message.c:sText_PlayerPickedUpMoney,sText_PlayerPickedUpMoney,"{B_PLAYER_NAME} picked up
¥{B_BUFF1}!\p","{B_PLAYER_NAME} เก็บเงินได้
¥{B_BUFF1}!",proof_passed,system_message,english,BATTLE;BATTLE_SYSTEM,1,c_u8,src/battle_message.c,178,2,{B_PLAYER_NAME}; {B_BUFF1}; \p,yes,pending_usage_to_window_mapping,proof_passed,"GLCC 20260813-230647-phase6-batch30-battle-confusion-money-transform-substitute-messages: preview/build passed; visual QA pending.; GLCC 20260813-230647-phase6-batch30-battle-confusion-money-transform-substitute-messages: visual QA passed. Batch 30 QA Gallery reviewed: 5/5 pages passed. All selected strings were verified for correct Thai font rendering, spacing, clipping, layout, punctuation, placeholders, and terminology consistency."
SM0113,local:src/battle_message.c:sText_PkmnUnaffected,sText_PkmnUnaffected,"{B_DEF_NAME_WITH_PREFIX} is
unaffected!","{B_DEF_NAME_WITH_PREFIX}
ไม่ได้รับผลกระทบ!",proof_passed,system_message,english,BATTLE;BATTLE_SYSTEM,1,c_u8,src/battle_message.c,179,2,{B_DEF_NAME_WITH_PREFIX},yes,pending_usage_to_window_mapping,proof_passed,"GLCC 20260813-230647-phase6-batch30-battle-confusion-money-transform-substitute-messages: preview/build passed; visual QA pending.; GLCC 20260813-230647-phase6-batch30-battle-confusion-money-transform-substitute-messages: visual QA passed. Batch 30 QA Gallery reviewed: 5/5 pages passed. All selected strings were verified for correct Thai font rendering, spacing, clipping, layout, punctuation, placeholders, and terminology consistency."
SM0114,local:src/battle_message.c:sText_PkmnTransformedInto,sText_PkmnTransformedInto,"{B_ATK_NAME_WITH_PREFIX} transformed
into {B_BUFF1}!","{B_ATK_NAME_WITH_PREFIX} เปลี่ยน
เป็นประเภท {B_BUFF1}!",proof_passed,system_message,english,BATTLE;BATTLE_SYSTEM,1,c_u8,src/battle_message.c,180,2,{B_ATK_NAME_WITH_PREFIX}; {B_BUFF1},yes,pending_usage_to_window_mapping,proof_passed,"GLCC 20260813-230647-phase6-batch30-battle-confusion-money-transform-substitute-messages: preview/build passed; visual QA pending.; GLCC 20260813-230647-phase6-batch30-battle-confusion-money-transform-substitute-messages: visual QA passed. Batch 30 QA Gallery reviewed: 5/5 pages passed. All selected strings were verified for correct Thai font rendering, spacing, clipping, layout, punctuation, placeholders, and terminology consistency."
SM0115,local:src/battle_message.c:sText_PkmnMadeSubstitute,sText_PkmnMadeSubstitute,"{B_ATK_NAME_WITH_PREFIX} made
a SUBSTITUTE!","{B_ATK_NAME_WITH_PREFIX}
สร้างตัวแทนขึ้นมา!",proof_passed,system_message,english,BATTLE;BATTLE_SYSTEM,1,c_u8,src/battle_message.c,181,2,{B_ATK_NAME_WITH_PREFIX},yes,pending_usage_to_window_mapping,proof_passed,"GLCC 20260813-230647-phase6-batch30-battle-confusion-money-transform-substitute-messages: preview/build passed; visual QA pending.; GLCC 20260813-230647-phase6-batch30-battle-confusion-money-transform-substitute-messages: visual QA passed. Batch 30 QA Gallery reviewed: 5/5 pages passed. All selected strings were verified for correct Thai font rendering, spacing, clipping, layout, punctuation, placeholders, and terminology consistency."
SM0116,local:src/battle_message.c:sText_PkmnHasSubstitute,sText_PkmnHasSubstitute,"{B_ATK_NAME_WITH_PREFIX} already
has a SUBSTITUTE!","{B_ATK_NAME_WITH_PREFIX}
มีตัวแทนอยู่แล้ว!",proof_passed,system_message,english,BATTLE;BATTLE_SYSTEM,1,c_u8,src/battle_message.c,182,2,{B_ATK_NAME_WITH_PREFIX},yes,pending_usage_to_window_mapping,proof_passed,"GLCC 20260813-231658-phase6-batch31-battle-substitute-recharge-rage-messages: preview/build passed; visual QA pending.; GLCC 20260813-231658-phase6-batch31-battle-substitute-recharge-rage-messages: visual QA passed. Batch 31 QA Gallery reviewed: 5/5 pages passed. All selected strings were verified for correct Thai font rendering, spacing, clipping, layout, punctuation, placeholders, and terminology consistency."
SM0117,local:src/battle_message.c:sText_SubstituteDamaged,sText_SubstituteDamaged,"The SUBSTITUTE took damage
for {B_DEF_NAME_WITH_PREFIX}!\p","ตัวแทนรับความเสียหายแทน
{B_DEF_NAME_WITH_PREFIX}!",proof_passed,system_message,english,BATTLE;BATTLE_SYSTEM,1,c_u8,src/battle_message.c,183,2,{B_DEF_NAME_WITH_PREFIX}; \p,yes,pending_usage_to_window_mapping,proof_passed,"GLCC 20260813-231658-phase6-batch31-battle-substitute-recharge-rage-messages: preview/build passed; visual QA pending.; GLCC 20260813-231658-phase6-batch31-battle-substitute-recharge-rage-messages: visual QA passed. Batch 31 QA Gallery reviewed: 5/5 pages passed. All selected strings were verified for correct Thai font rendering, spacing, clipping, layout, punctuation, placeholders, and terminology consistency."
SM0118,local:src/battle_message.c:sText_PkmnSubstituteFaded,sText_PkmnSubstituteFaded,"{B_DEF_NAME_WITH_PREFIX}'s
SUBSTITUTE faded!\p","ตัวแทนของ {B_DEF_NAME_WITH_PREFIX}
สลายไปแล้ว!",proof_passed,system_message,english,BATTLE;BATTLE_SYSTEM,1,c_u8,src/battle_message.c,184,2,{B_DEF_NAME_WITH_PREFIX}; \p,yes,pending_usage_to_window_mapping,proof_passed,"GLCC 20260813-231658-phase6-batch31-battle-substitute-recharge-rage-messages: preview/build passed; visual QA pending.; GLCC 20260813-231658-phase6-batch31-battle-substitute-recharge-rage-messages: visual QA passed. Batch 31 QA Gallery reviewed: 5/5 pages passed. All selected strings were verified for correct Thai font rendering, spacing, clipping, layout, punctuation, placeholders, and terminology consistency."
SM0119,local:src/battle_message.c:sText_PkmnMustRecharge,sText_PkmnMustRecharge,"{B_ATK_NAME_WITH_PREFIX} must
recharge!","{B_ATK_NAME_WITH_PREFIX}
ต้องชาร์จพลัง!",proof_passed,system_message,english,BATTLE;BATTLE_SYSTEM,1,c_u8,src/battle_message.c,185,2,{B_ATK_NAME_WITH_PREFIX},yes,pending_usage_to_window_mapping,proof_passed,"GLCC 20260813-231658-phase6-batch31-battle-substitute-recharge-rage-messages: preview/build passed; visual QA pending.; GLCC 20260813-231658-phase6-batch31-battle-substitute-recharge-rage-messages: visual QA passed. Batch 31 QA Gallery reviewed: 5/5 pages passed. All selected strings were verified for correct Thai font rendering, spacing, clipping, layout, punctuation, placeholders, and terminology consistency."
SM0120,local:src/battle_message.c:sText_PkmnRageBuilding,sText_PkmnRageBuilding,"{B_DEF_NAME_WITH_PREFIX}'s RAGE
is building!","ความโกรธของ {B_DEF_NAME_WITH_PREFIX}
กำลังเพิ่มขึ้น!",proof_passed,system_message,english,BATTLE;BATTLE_SYSTEM,1,c_u8,src/battle_message.c,186,2,{B_DEF_NAME_WITH_PREFIX},yes,pending_usage_to_window_mapping,proof_passed,"GLCC 20260813-231658-phase6-batch31-battle-substitute-recharge-rage-messages: preview/build passed; visual QA pending.; GLCC 20260813-231658-phase6-batch31-battle-substitute-recharge-rage-messages: visual QA passed. Batch 31 QA Gallery reviewed: 5/5 pages passed. All selected strings were verified for correct Thai font rendering, spacing, clipping, layout, punctuation, placeholders, and terminology consistency."
SM0121,local:src/battle_message.c:sText_PkmnMoveWasDisabled,sText_PkmnMoveWasDisabled,"{B_DEF_NAME_WITH_PREFIX}'s {B_BUFF1}
was disabled!",,pending,system_message,english,BATTLE_SYSTEM,1,c_u8,src/battle_message.c,187,2,{B_DEF_NAME_WITH_PREFIX}; {B_BUFF1},yes,pending_usage_to_window_mapping,pending,phase6_group=canonical_table
SM0122,local:src/battle_message.c:sText_PkmnMoveIsDisabled,sText_PkmnMoveIsDisabled,"{B_ACTIVE_NAME_WITH_PREFIX}'s {B_CURRENT_MOVE}
is disabled!\p",,pending,system_message,english,BATTLE_SYSTEM,1,c_u8,src/battle_message.c,259,2,{B_ACTIVE_NAME_WITH_PREFIX}; {B_CURRENT_MOVE}; \p,yes,pending_usage_to_window_mapping,pending,phase6_group=canonical_table
SM0123,local:src/battle_message.c:sText_PkmnMoveDisabledNoMore,sText_PkmnMoveDisabledNoMore,"{B_ATK_NAME_WITH_PREFIX} is disabled
no more!",,pending,system_message,english,BATTLE_SYSTEM,1,c_u8,src/battle_message.c,188,2,{B_ATK_NAME_WITH_PREFIX},yes,pending_usage_to_window_mapping,pending,phase6_group=canonical_table
SM0124,local:src/battle_message.c:sText_PkmnGotEncore,sText_PkmnGotEncore,"{B_DEF_NAME_WITH_PREFIX} got
an ENCORE!",,pending,system_message,english,BATTLE_SYSTEM,1,c_u8,src/battle_message.c,189,2,{B_DEF_NAME_WITH_PREFIX},yes,pending_usage_to_window_mapping,pending,phase6_group=canonical_table
SM0125,local:src/battle_message.c:sText_PkmnEncoreEnded,sText_PkmnEncoreEnded,"{B_ATK_NAME_WITH_PREFIX}'s ENCORE
ended!",,pending,system_message,english,BATTLE_SYSTEM,1,c_u8,src/battle_message.c,190,2,{B_ATK_NAME_WITH_PREFIX},yes,pending_usage_to_window_mapping,pending,phase6_group=canonical_table
SM0126,local:src/battle_message.c:sText_PkmnTookAim,sText_PkmnTookAim,"{B_ATK_NAME_WITH_PREFIX} took aim
at {B_DEF_NAME_WITH_PREFIX}!",,pending,system_message,english,BATTLE_SYSTEM,1,c_u8,src/battle_message.c,191,2,{B_ATK_NAME_WITH_PREFIX}; {B_DEF_NAME_WITH_PREFIX},yes,pending_usage_to_window_mapping,pending,phase6_group=canonical_table
SM0127,local:src/battle_message.c:sText_PkmnSketchedMove,sText_PkmnSketchedMove,"{B_ATK_NAME_WITH_PREFIX} SKETCHED
{B_BUFF1}!",,pending,system_message,english,BATTLE_SYSTEM,1,c_u8,src/battle_message.c,192,2,{B_ATK_NAME_WITH_PREFIX}; {B_BUFF1},yes,pending_usage_to_window_mapping,pending,phase6_group=canonical_table
SM0128,local:src/battle_message.c:sText_PkmnTryingToTakeFoe,sText_PkmnTryingToTakeFoe,"{B_ATK_NAME_WITH_PREFIX} is trying
to take its foe with it!",,pending,system_message,english,BATTLE_SYSTEM,1,c_u8,src/battle_message.c,193,2,{B_ATK_NAME_WITH_PREFIX},yes,pending_usage_to_window_mapping,pending,phase6_group=canonical_table
SM0129,local:src/battle_message.c:sText_PkmnTookFoe,sText_PkmnTookFoe,"{B_DEF_NAME_WITH_PREFIX} took
{B_ATK_NAME_WITH_PREFIX} with it!",,pending,system_message,english,BATTLE_SYSTEM,1,c_u8,src/battle_message.c,194,2,{B_DEF_NAME_WITH_PREFIX}; {B_ATK_NAME_WITH_PREFIX},yes,pending_usage_to_window_mapping,pending,phase6_group=canonical_table
SM0130,local:src/battle_message.c:sText_PkmnReducedPP,sText_PkmnReducedPP,"Reduced {B_DEF_NAME_WITH_PREFIX}'s
{B_BUFF1} by {B_BUFF2}!",,pending,system_message,english,BATTLE_SYSTEM,1,c_u8,src/battle_message.c,195,2,{B_DEF_NAME_WITH_PREFIX}; {B_BUFF1}; {B_BUFF2},yes,pending_usage_to_window_mapping,pending,phase6_group=canonical_table
SM0131,local:src/battle_message.c:sText_PkmnStoleItem,sText_PkmnStoleItem,"{B_ATK_NAME_WITH_PREFIX} stole
{B_DEF_NAME_WITH_PREFIX}'s {B_LAST_ITEM}!",,pending,system_message,english,BATTLE_SYSTEM,1,c_u8,src/battle_message.c,196,2,{B_ATK_NAME_WITH_PREFIX}; {B_DEF_NAME_WITH_PREFIX}; {B_LAST_ITEM},yes,pending_usage_to_window_mapping,pending,phase6_group=canonical_table
SM0132,local:src/battle_message.c:sText_TargetCantEscapeNow,sText_TargetCantEscapeNow,"{B_DEF_NAME_WITH_PREFIX} can't
escape now!",,pending,system_message,english,BATTLE_SYSTEM,1,c_u8,src/battle_message.c,197,2,{B_DEF_NAME_WITH_PREFIX},yes,pending_usage_to_window_mapping,pending,phase6_group=canonical_table
SM0133,local:src/battle_message.c:sText_PkmnFellIntoNightmare,sText_PkmnFellIntoNightmare,"{B_DEF_NAME_WITH_PREFIX} fell into
a NIGHTMARE!",,pending,system_message,english,BATTLE_SYSTEM,1,c_u8,src/battle_message.c,198,2,{B_DEF_NAME_WITH_PREFIX},yes,pending_usage_to_window_mapping,pending,phase6_group=canonical_table
SM0134,local:src/battle_message.c:sText_PkmnLockedInNightmare,sText_PkmnLockedInNightmare,"{B_ATK_NAME_WITH_PREFIX} is locked
in a NIGHTMARE!",,pending,system_message,english,BATTLE_SYSTEM,1,c_u8,src/battle_message.c,199,2,{B_ATK_NAME_WITH_PREFIX},yes,pending_usage_to_window_mapping,pending,phase6_group=canonical_table
SM0135,local:src/battle_message.c:sText_PkmnLaidCurse,sText_PkmnLaidCurse,"{B_ATK_NAME_WITH_PREFIX} cut its own HP and
laid a CURSE on {B_DEF_NAME_WITH_PREFIX}!",,pending,system_message,english,BATTLE_SYSTEM,1,c_u8,src/battle_message.c,200,2,{B_ATK_NAME_WITH_PREFIX}; {B_DEF_NAME_WITH_PREFIX},yes,pending_usage_to_window_mapping,pending,phase6_group=canonical_table
SM0136,local:src/battle_message.c:sText_PkmnAfflictedByCurse,sText_PkmnAfflictedByCurse,"{B_ATK_NAME_WITH_PREFIX} is afflicted
by the CURSE!",,pending,system_message,english,BATTLE_SYSTEM,1,c_u8,src/battle_message.c,201,2,{B_ATK_NAME_WITH_PREFIX},yes,pending_usage_to_window_mapping,pending,phase6_group=canonical_table
SM0137,local:src/battle_message.c:sText_SpikesScattered,sText_SpikesScattered,"SPIKES were scattered all around
the opponent's side!",,pending,system_message,english,BATTLE_SYSTEM,1,c_u8,src/battle_message.c,202,2,,no,pending_usage_to_window_mapping,pending,phase6_group=canonical_table
SM0138,local:src/battle_message.c:sText_PkmnHurtBySpikes,sText_PkmnHurtBySpikes,"{B_SCR_ACTIVE_NAME_WITH_PREFIX} is hurt
by SPIKES!",,pending,system_message,english,BATTLE_SYSTEM,1,c_u8,src/battle_message.c,203,2,{B_SCR_ACTIVE_NAME_WITH_PREFIX},yes,pending_usage_to_window_mapping,pending,phase6_group=canonical_table
SM0139,local:src/battle_message.c:sText_PkmnIdentified,sText_PkmnIdentified,"{B_ATK_NAME_WITH_PREFIX} identified
{B_DEF_NAME_WITH_PREFIX}!",,pending,system_message,english,BATTLE_SYSTEM,1,c_u8,src/battle_message.c,204,2,{B_ATK_NAME_WITH_PREFIX}; {B_DEF_NAME_WITH_PREFIX},yes,pending_usage_to_window_mapping,pending,phase6_group=canonical_table
SM0140,local:src/battle_message.c:sText_PkmnPerishCountFell,sText_PkmnPerishCountFell,"{B_ATK_NAME_WITH_PREFIX}'s PERISH count
fell to {B_BUFF1}!",,pending,system_message,english,BATTLE_SYSTEM,1,c_u8,src/battle_message.c,205,2,{B_ATK_NAME_WITH_PREFIX}; {B_BUFF1},yes,pending_usage_to_window_mapping,pending,phase6_group=canonical_table
SM0141,local:src/battle_message.c:sText_PkmnBracedItself,sText_PkmnBracedItself,"{B_ATK_NAME_WITH_PREFIX} braced
itself!",,pending,system_message,english,BATTLE_SYSTEM,1,c_u8,src/battle_message.c,206,2,{B_ATK_NAME_WITH_PREFIX},yes,pending_usage_to_window_mapping,pending,phase6_group=canonical_table
SM0142,local:src/battle_message.c:sText_PkmnEnduredHit,sText_PkmnEnduredHit,"{B_DEF_NAME_WITH_PREFIX} ENDURED
the hit!",,pending,system_message,english,BATTLE_SYSTEM,1,c_u8,src/battle_message.c,207,2,{B_DEF_NAME_WITH_PREFIX},yes,pending_usage_to_window_mapping,pending,phase6_group=canonical_table
SM0143,local:src/battle_message.c:sText_MagnitudeStrength,sText_MagnitudeStrength,MAGNITUDE {B_BUFF1}!,แมกนิจูด {B_BUFF1}!,proof_passed,system_message,english,BATTLE;BATTLE_SYSTEM,1,c_u8,src/battle_message.c,208,1,{B_BUFF1},yes,pending_usage_to_window_mapping,proof_passed,"GLCC 20260812-205422-phase6-batch02-battle-low-safe-messages: preview/build passed; visual QA pending.; GLCC 20260812-205422-phase6-batch02-battle-low-safe-messages: visual QA passed. Batch 02 QA Gallery reviewed: 10/10 pages passed. All selected strings were verified for correct Thai font rendering, spacing, clipping, layout, punctuation, placeholders, and terminology consistency."
SM0144,local:src/battle_message.c:sText_PkmnCutHPMaxedAttack,sText_PkmnCutHPMaxedAttack,"{B_ATK_NAME_WITH_PREFIX} cut its own HP
and maximized ATTACK!",,pending,system_message,english,BATTLE_SYSTEM,1,c_u8,src/battle_message.c,209,2,{B_ATK_NAME_WITH_PREFIX},yes,pending_usage_to_window_mapping,pending,phase6_group=canonical_table
SM0145,local:src/battle_message.c:sText_PkmnCopiedStatChanges,sText_PkmnCopiedStatChanges,"{B_ATK_NAME_WITH_PREFIX} copied
{B_DEF_NAME_WITH_PREFIX}'s stat changes!",,pending,system_message,english,BATTLE_SYSTEM,1,c_u8,src/battle_message.c,210,2,{B_ATK_NAME_WITH_PREFIX}; {B_DEF_NAME_WITH_PREFIX},yes,pending_usage_to_window_mapping,pending,phase6_group=canonical_table
SM0146,local:src/battle_message.c:sText_PkmnGotFree,sText_PkmnGotFree,"{B_ATK_NAME_WITH_PREFIX} got free of
{B_DEF_NAME_WITH_PREFIX}'s {B_BUFF1}!",,pending,system_message,english,BATTLE_SYSTEM,1,c_u8,src/battle_message.c,211,2,{B_ATK_NAME_WITH_PREFIX}; {B_DEF_NAME_WITH_PREFIX}; {B_BUFF1},yes,pending_usage_to_window_mapping,pending,phase6_group=canonical_table
SM0147,local:src/battle_message.c:sText_PkmnShedLeechSeed,sText_PkmnShedLeechSeed,"{B_ATK_NAME_WITH_PREFIX} shed
LEECH SEED!",,pending,system_message,english,BATTLE_SYSTEM,1,c_u8,src/battle_message.c,212,2,{B_ATK_NAME_WITH_PREFIX},yes,pending_usage_to_window_mapping,pending,phase6_group=canonical_table
SM0148,local:src/battle_message.c:sText_PkmnBlewAwaySpikes,sText_PkmnBlewAwaySpikes,"{B_ATK_NAME_WITH_PREFIX} blew away
SPIKES!",,pending,system_message,english,BATTLE_SYSTEM,1,c_u8,src/battle_message.c,213,2,{B_ATK_NAME_WITH_PREFIX},yes,pending_usage_to_window_mapping,pending,phase6_group=canonical_table
SM0149,local:src/battle_message.c:sText_PkmnFledFromBattle,sText_PkmnFledFromBattle,"{B_ATK_NAME_WITH_PREFIX} fled from
battle!",,pending,system_message,english,BATTLE_SYSTEM,1,c_u8,src/battle_message.c,214,2,{B_ATK_NAME_WITH_PREFIX},yes,pending_usage_to_window_mapping,pending,phase6_group=canonical_table
SM0150,local:src/battle_message.c:sText_PkmnForesawAttack,sText_PkmnForesawAttack,"{B_ATK_NAME_WITH_PREFIX} foresaw
an attack!",,pending,system_message,english,BATTLE_SYSTEM,1,c_u8,src/battle_message.c,215,2,{B_ATK_NAME_WITH_PREFIX},yes,pending_usage_to_window_mapping,pending,phase6_group=canonical_table
SM0151,local:src/battle_message.c:sText_PkmnTookAttack,sText_PkmnTookAttack,"{B_DEF_NAME_WITH_PREFIX} took the
{B_BUFF1} attack!",,pending,system_message,english,BATTLE_SYSTEM,1,c_u8,src/battle_message.c,216,2,{B_DEF_NAME_WITH_PREFIX}; {B_BUFF1},yes,pending_usage_to_window_mapping,pending,phase6_group=canonical_table
SM0152,local:src/battle_message.c:sText_PkmnAttack,sText_PkmnAttack,{B_BUFF1}'s attack!,การโจมตีของ {B_BUFF1}!,proof_passed,system_message,english,BATTLE;BATTLE_SYSTEM,1,c_u8,src/battle_message.c,218,1,{B_BUFF1},yes,pending_usage_to_window_mapping,proof_passed,"GLCC 20260812-205422-phase6-batch02-battle-low-safe-messages: preview/build passed; visual QA pending.; GLCC 20260812-205422-phase6-batch02-battle-low-safe-messages: visual QA passed. Batch 02 QA Gallery reviewed: 10/10 pages passed. All selected strings were verified for correct Thai font rendering, spacing, clipping, layout, punctuation, placeholders, and terminology consistency."
SM0153,local:src/battle_message.c:sText_PkmnCenterAttention,sText_PkmnCenterAttention,"{B_ATK_NAME_WITH_PREFIX} became the
center of attention!",,pending,system_message,english,BATTLE_SYSTEM,1,c_u8,src/battle_message.c,219,2,{B_ATK_NAME_WITH_PREFIX},yes,pending_usage_to_window_mapping,pending,phase6_group=canonical_table
SM0154,local:src/battle_message.c:sText_PkmnChargingPower,sText_PkmnChargingPower,"{B_ATK_NAME_WITH_PREFIX} began
charging power!",,pending,system_message,english,BATTLE_SYSTEM,1,c_u8,src/battle_message.c,220,2,{B_ATK_NAME_WITH_PREFIX},yes,pending_usage_to_window_mapping,pending,phase6_group=canonical_table
SM0155,local:src/battle_message.c:sText_NaturePowerTurnedInto,sText_NaturePowerTurnedInto,"NATURE POWER turned into
{B_CURRENT_MOVE}!",,pending,system_message,english,BATTLE_SYSTEM,1,c_u8,src/battle_message.c,221,2,{B_CURRENT_MOVE},yes,pending_usage_to_window_mapping,pending,phase6_group=canonical_table
SM0156,local:src/battle_message.c:sText_PkmnStatusNormal,sText_PkmnStatusNormal,"{B_ATK_NAME_WITH_PREFIX}'s status
returned to normal!",,pending,system_message,english,BATTLE_SYSTEM,1,c_u8,src/battle_message.c,222,2,{B_ATK_NAME_WITH_PREFIX},yes,pending_usage_to_window_mapping,pending,phase6_group=canonical_table
SM0157,local:src/battle_message.c:sText_PkmnHasNoMovesLeft,sText_PkmnHasNoMovesLeft,"{B_ACTIVE_NAME_WITH_PREFIX} has no
moves left!\p",,pending,system_message,english,BATTLE_SYSTEM,1,c_u8,src/battle_message.c,258,2,{B_ACTIVE_NAME_WITH_PREFIX}; \p,yes,pending_usage_to_window_mapping,pending,phase6_group=canonical_table
SM0158,local:src/battle_message.c:sText_PkmnSubjectedToTorment,sText_PkmnSubjectedToTorment,"{B_DEF_NAME_WITH_PREFIX} was subjected
to TORMENT!",,pending,system_message,english,BATTLE_SYSTEM,1,c_u8,src/battle_message.c,223,2,{B_DEF_NAME_WITH_PREFIX},yes,pending_usage_to_window_mapping,pending,phase6_group=canonical_table
SM0159,local:src/battle_message.c:sText_PkmnCantUseMoveTorment,sText_PkmnCantUseMoveTorment,"{B_ACTIVE_NAME_WITH_PREFIX} can't use the same
move in a row due to the TORMENT!\p",,pending,system_message,english,BATTLE_SYSTEM,1,c_u8,src/battle_message.c,260,2,{B_ACTIVE_NAME_WITH_PREFIX}; \p,yes,pending_usage_to_window_mapping,pending,phase6_group=canonical_table
SM0160,local:src/battle_message.c:sText_PkmnTighteningFocus,sText_PkmnTighteningFocus,"{B_ATK_NAME_WITH_PREFIX} is tightening
its focus!",,pending,system_message,english,BATTLE_SYSTEM,1,c_u8,src/battle_message.c,224,2,{B_ATK_NAME_WITH_PREFIX},yes,pending_usage_to_window_mapping,pending,phase6_group=canonical_table
SM0161,local:src/battle_message.c:sText_PkmnFellForTaunt,sText_PkmnFellForTaunt,"{B_DEF_NAME_WITH_PREFIX} fell for
the TAUNT!",,pending,system_message,english,BATTLE_SYSTEM,1,c_u8,src/battle_message.c,225,2,{B_DEF_NAME_WITH_PREFIX},yes,pending_usage_to_window_mapping,pending,phase6_group=canonical_table
SM0162,local:src/battle_message.c:sText_PkmnCantUseMoveTaunt,sText_PkmnCantUseMoveTaunt,"{B_ACTIVE_NAME_WITH_PREFIX} can't use
{B_CURRENT_MOVE} after the TAUNT!\p",,pending,system_message,english,BATTLE_SYSTEM,1,c_u8,src/battle_message.c,261,2,{B_ACTIVE_NAME_WITH_PREFIX}; {B_CURRENT_MOVE}; \p,yes,pending_usage_to_window_mapping,pending,phase6_group=canonical_table
SM0163,local:src/battle_message.c:sText_PkmnReadyToHelp,sText_PkmnReadyToHelp,"{B_ATK_NAME_WITH_PREFIX} is ready to
help {B_DEF_NAME_WITH_PREFIX}!",,pending,system_message,english,BATTLE_SYSTEM,1,c_u8,src/battle_message.c,226,2,{B_ATK_NAME_WITH_PREFIX}; {B_DEF_NAME_WITH_PREFIX},yes,pending_usage_to_window_mapping,pending,phase6_group=canonical_table
SM0164,local:src/battle_message.c:sText_PkmnSwitchedItems,sText_PkmnSwitchedItems,"{B_ATK_NAME_WITH_PREFIX} switched
items with its opponent!",,pending,system_message,english,BATTLE_SYSTEM,1,c_u8,src/battle_message.c,227,2,{B_ATK_NAME_WITH_PREFIX},yes,pending_usage_to_window_mapping,pending,phase6_group=canonical_table
SM0165,local:src/battle_message.c:sText_PkmnCopiedFoe,sText_PkmnCopiedFoe,"{B_ATK_NAME_WITH_PREFIX} copied
{B_DEF_NAME_WITH_PREFIX}'s {B_DEF_ABILITY}!",,pending,system_message,english,BATTLE_SYSTEM,1,c_u8,src/battle_message.c,231,2,{B_ATK_NAME_WITH_PREFIX}; {B_DEF_NAME_WITH_PREFIX}; {B_DEF_ABILITY},yes,pending_usage_to_window_mapping,pending,phase6_group=canonical_table
SM0166,local:src/battle_message.c:sText_PkmnMadeWish,sText_PkmnMadeWish,{B_ATK_NAME_WITH_PREFIX} made a WISH!,{B_ATK_NAME_WITH_PREFIX} อธิษฐานขอพร!,proof_passed,system_message,english,BATTLE;BATTLE_SYSTEM,1,c_u8,src/battle_message.c,232,1,{B_ATK_NAME_WITH_PREFIX},yes,pending_usage_to_window_mapping,proof_passed,"GLCC 20260812-212758-phase6-batch03-battle-low-safe-messages: preview/build passed; visual QA pending.; GLCC 20260812-212758-phase6-batch03-battle-low-safe-messages: visual QA passed. Batch 03 QA Gallery reviewed: 10/10 pages passed. All selected strings were verified for correct Thai font rendering, spacing, clipping, layout, punctuation, placeholders, and terminology consistency."
SM0167,local:src/battle_message.c:sText_PkmnWishCameTrue,sText_PkmnWishCameTrue,"{B_BUFF1}'s WISH
came true!",,pending,system_message,english,BATTLE_SYSTEM,1,c_u8,src/battle_message.c,233,2,{B_BUFF1},yes,pending_usage_to_window_mapping,pending,phase6_group=canonical_table
SM0168,local:src/battle_message.c:sText_PkmnPlantedRoots,sText_PkmnPlantedRoots,{B_ATK_NAME_WITH_PREFIX} planted its roots!,{B_ATK_NAME_WITH_PREFIX} หยั่งรากลงพื้น!,proof_passed,system_message,english,BATTLE;BATTLE_SYSTEM,1,c_u8,src/battle_message.c,234,1,{B_ATK_NAME_WITH_PREFIX},yes,pending_usage_to_window_mapping,proof_passed,"GLCC 20260812-212758-phase6-batch03-battle-low-safe-messages: preview/build passed; visual QA pending.; GLCC 20260812-212758-phase6-batch03-battle-low-safe-messages: visual QA passed. Batch 03 QA Gallery reviewed: 10/10 pages passed. All selected strings were verified for correct Thai font rendering, spacing, clipping, layout, punctuation, placeholders, and terminology consistency."
SM0169,local:src/battle_message.c:sText_PkmnAbsorbedNutrients,sText_PkmnAbsorbedNutrients,"{B_ATK_NAME_WITH_PREFIX} absorbed
nutrients with its roots!",,pending,system_message,english,BATTLE_SYSTEM,1,c_u8,src/battle_message.c,235,2,{B_ATK_NAME_WITH_PREFIX},yes,pending_usage_to_window_mapping,pending,phase6_group=canonical_table
SM0170,local:src/battle_message.c:sText_PkmnAnchoredItself,sText_PkmnAnchoredItself,"{B_DEF_NAME_WITH_PREFIX} anchored
itself with its roots!",,pending,system_message,english,BATTLE_SYSTEM,1,c_u8,src/battle_message.c,236,2,{B_DEF_NAME_WITH_PREFIX},yes,pending_usage_to_window_mapping,pending,phase6_group=canonical_table
SM0171,local:src/battle_message.c:sText_PkmnWasMadeDrowsy,sText_PkmnWasMadeDrowsy,"{B_ATK_NAME_WITH_PREFIX} made
{B_DEF_NAME_WITH_PREFIX} drowsy!",,pending,system_message,english,BATTLE_SYSTEM,1,c_u8,src/battle_message.c,237,2,{B_ATK_NAME_WITH_PREFIX}; {B_DEF_NAME_WITH_PREFIX},yes,pending_usage_to_window_mapping,pending,phase6_group=canonical_table
SM0172,local:src/battle_message.c:sText_PkmnKnockedOff,sText_PkmnKnockedOff,"{B_ATK_NAME_WITH_PREFIX} knocked off
{B_DEF_NAME_WITH_PREFIX}'s {B_LAST_ITEM}!",,pending,system_message,english,BATTLE_SYSTEM,1,c_u8,src/battle_message.c,238,2,{B_ATK_NAME_WITH_PREFIX}; {B_DEF_NAME_WITH_PREFIX}; {B_LAST_ITEM},yes,pending_usage_to_window_mapping,pending,phase6_group=canonical_table
SM0173,local:src/battle_message.c:sText_PkmnSwappedAbilities,sText_PkmnSwappedAbilities,"{B_ATK_NAME_WITH_PREFIX} swapped abilities
with its opponent!",,pending,system_message,english,BATTLE_SYSTEM,1,c_u8,src/battle_message.c,239,2,{B_ATK_NAME_WITH_PREFIX},yes,pending_usage_to_window_mapping,pending,phase6_group=canonical_table
SM0174,local:src/battle_message.c:sText_PkmnSealedOpponentMove,sText_PkmnSealedOpponentMove,"{B_ATK_NAME_WITH_PREFIX} sealed the
opponent's move(s)!",,pending,system_message,english,BATTLE_SYSTEM,1,c_u8,src/battle_message.c,240,2,{B_ATK_NAME_WITH_PREFIX},yes,pending_usage_to_window_mapping,pending,phase6_group=canonical_table
SM0175,local:src/battle_message.c:sText_PkmnCantUseMoveSealed,sText_PkmnCantUseMoveSealed,"{B_ACTIVE_NAME_WITH_PREFIX} can't use the
sealed {B_CURRENT_MOVE}!\p",,pending,system_message,english,BATTLE_SYSTEM,1,c_u8,src/battle_message.c,262,2,{B_ACTIVE_NAME_WITH_PREFIX}; {B_CURRENT_MOVE}; \p,yes,pending_usage_to_window_mapping,pending,phase6_group=canonical_table
SM0176,local:src/battle_message.c:sText_PkmnWantsGrudge,sText_PkmnWantsGrudge,"{B_ATK_NAME_WITH_PREFIX} wants the
opponent to bear a GRUDGE!",,pending,system_message,english,BATTLE_SYSTEM,1,c_u8,src/battle_message.c,241,2,{B_ATK_NAME_WITH_PREFIX},yes,pending_usage_to_window_mapping,pending,phase6_group=canonical_table
SM0177,local:src/battle_message.c:sText_PkmnLostPPGrudge,sText_PkmnLostPPGrudge,"{B_ATK_NAME_WITH_PREFIX}'s {B_BUFF1} lost
all its PP due to the GRUDGE!",,pending,system_message,english,BATTLE_SYSTEM,1,c_u8,src/battle_message.c,242,2,{B_ATK_NAME_WITH_PREFIX}; {B_BUFF1},yes,pending_usage_to_window_mapping,pending,phase6_group=canonical_table
SM0178,local:src/battle_message.c:sText_PkmnShroudedItself,sText_PkmnShroudedItself,"{B_ATK_NAME_WITH_PREFIX} shrouded
itself in {B_CURRENT_MOVE}!",,pending,system_message,english,BATTLE_SYSTEM,1,c_u8,src/battle_message.c,243,2,{B_ATK_NAME_WITH_PREFIX}; {B_CURRENT_MOVE},yes,pending_usage_to_window_mapping,pending,phase6_group=canonical_table
SM0179,local:src/battle_message.c:sText_PkmnMoveBounced,sText_PkmnMoveBounced,"{B_ATK_NAME_WITH_PREFIX}'s {B_CURRENT_MOVE}
was bounced back by MAGIC COAT!",,pending,system_message,english,BATTLE_SYSTEM,1,c_u8,src/battle_message.c,244,2,{B_ATK_NAME_WITH_PREFIX}; {B_CURRENT_MOVE},yes,pending_usage_to_window_mapping,pending,phase6_group=canonical_table
SM0180,local:src/battle_message.c:sText_PkmnWaitsForTarget,sText_PkmnWaitsForTarget,"{B_ATK_NAME_WITH_PREFIX} waits for a target
to make a move!",,pending,system_message,english,BATTLE_SYSTEM,1,c_u8,src/battle_message.c,245,2,{B_ATK_NAME_WITH_PREFIX},yes,pending_usage_to_window_mapping,pending,phase6_group=canonical_table
SM0181,local:src/battle_message.c:sText_PkmnSnatchedMove,sText_PkmnSnatchedMove,"{B_DEF_NAME_WITH_PREFIX} SNATCHED
{B_SCR_ACTIVE_NAME_WITH_PREFIX}'s move!",,pending,system_message,english,BATTLE_SYSTEM,1,c_u8,src/battle_message.c,246,2,{B_DEF_NAME_WITH_PREFIX}; {B_SCR_ACTIVE_NAME_WITH_PREFIX},yes,pending_usage_to_window_mapping,pending,phase6_group=canonical_table
SM0182,local:src/battle_message.c:sText_PkmnMadeItRain,sText_PkmnMadeItRain,"{B_SCR_ACTIVE_NAME_WITH_PREFIX}'s {B_SCR_ACTIVE_ABILITY}
made it rain!",,pending,system_message,english,BATTLE_SYSTEM,1,c_u8,src/battle_message.c,263,2,{B_SCR_ACTIVE_NAME_WITH_PREFIX}; {B_SCR_ACTIVE_ABILITY},yes,pending_usage_to_window_mapping,pending,phase6_group=canonical_table
SM0183,local:src/battle_message.c:sText_PkmnRaisedSpeed,sText_PkmnRaisedSpeed,"{B_SCR_ACTIVE_NAME_WITH_PREFIX}'s {B_SCR_ACTIVE_ABILITY}
raised its SPEED!",,pending,system_message,english,BATTLE_SYSTEM,1,c_u8,src/battle_message.c,264,2,{B_SCR_ACTIVE_NAME_WITH_PREFIX}; {B_SCR_ACTIVE_ABILITY},yes,pending_usage_to_window_mapping,pending,phase6_group=canonical_table
SM0184,local:src/battle_message.c:sText_PkmnProtectedBy,sText_PkmnProtectedBy,"{B_DEF_NAME_WITH_PREFIX} was protected
by {B_DEF_ABILITY}!",,pending,system_message,english,BATTLE_SYSTEM,1,c_u8,src/battle_message.c,265,2,{B_DEF_NAME_WITH_PREFIX}; {B_DEF_ABILITY},yes,pending_usage_to_window_mapping,pending,phase6_group=canonical_table
SM0185,local:src/battle_message.c:sText_PkmnPreventsUsage,sText_PkmnPreventsUsage,"{B_DEF_NAME_WITH_PREFIX}'s {B_DEF_ABILITY}
prevents {B_ATK_NAME_WITH_PREFIX}\lfrom using {B_CURRENT_MOVE}!",,pending,system_message,english,BATTLE_SYSTEM,1,c_u8,src/battle_message.c,266,2,{B_DEF_NAME_WITH_PREFIX}; {B_DEF_ABILITY}; {B_ATK_NAME_WITH_PREFIX}; \l; {B_CURRENT_MOVE},yes,pending_usage_to_window_mapping,pending,phase6_group=canonical_table
SM0186,local:src/battle_message.c:sText_PkmnRestoredHPUsing,sText_PkmnRestoredHPUsing,"{B_DEF_NAME_WITH_PREFIX} restored HP
using its {B_DEF_ABILITY}!",,pending,system_message,english,BATTLE_SYSTEM,1,c_u8,src/battle_message.c,267,2,{B_DEF_NAME_WITH_PREFIX}; {B_DEF_ABILITY},yes,pending_usage_to_window_mapping,pending,phase6_group=canonical_table
SM0187,local:src/battle_message.c:sText_PkmnChangedTypeWith,sText_PkmnChangedTypeWith,"{B_DEF_NAME_WITH_PREFIX}'s {B_DEF_ABILITY}
made it the {B_BUFF1} type!",,pending,system_message,english,BATTLE_SYSTEM,1,c_u8,src/battle_message.c,269,2,{B_DEF_NAME_WITH_PREFIX}; {B_DEF_ABILITY}; {B_BUFF1},yes,pending_usage_to_window_mapping,pending,phase6_group=canonical_table
SM0188,local:src/battle_message.c:sText_PkmnPreventsParalysisWith,sText_PkmnPreventsParalysisWith,"{B_EFF_NAME_WITH_PREFIX}'s {B_DEF_ABILITY}
prevents paralysis!",,pending,system_message,english,BATTLE_SYSTEM,1,c_u8,src/battle_message.c,270,2,{B_EFF_NAME_WITH_PREFIX}; {B_DEF_ABILITY},yes,pending_usage_to_window_mapping,pending,phase6_group=canonical_table
SM0189,local:src/battle_message.c:sText_PkmnPreventsRomanceWith,sText_PkmnPreventsRomanceWith,"{B_DEF_NAME_WITH_PREFIX}'s {B_DEF_ABILITY}
prevents romance!",,pending,system_message,english,BATTLE_SYSTEM,1,c_u8,src/battle_message.c,271,2,{B_DEF_NAME_WITH_PREFIX}; {B_DEF_ABILITY},yes,pending_usage_to_window_mapping,pending,phase6_group=canonical_table
SM0190,local:src/battle_message.c:sText_PkmnPreventsPoisoningWith,sText_PkmnPreventsPoisoningWith,"{B_EFF_NAME_WITH_PREFIX}'s {B_DEF_ABILITY}
prevents poisoning!",,pending,system_message,english,BATTLE_SYSTEM,1,c_u8,src/battle_message.c,272,2,{B_EFF_NAME_WITH_PREFIX}; {B_DEF_ABILITY},yes,pending_usage_to_window_mapping,pending,phase6_group=canonical_table
SM0191,local:src/battle_message.c:sText_PkmnPreventsConfusionWith,sText_PkmnPreventsConfusionWith,"{B_DEF_NAME_WITH_PREFIX}'s {B_DEF_ABILITY}
prevents confusion!",,pending,system_message,english,BATTLE_SYSTEM,1,c_u8,src/battle_message.c,273,2,{B_DEF_NAME_WITH_PREFIX}; {B_DEF_ABILITY},yes,pending_usage_to_window_mapping,pending,phase6_group=canonical_table
SM0192,local:src/battle_message.c:sText_PkmnRaisedFirePowerWith,sText_PkmnRaisedFirePowerWith,"{B_DEF_NAME_WITH_PREFIX}'s {B_DEF_ABILITY}
raised its FIRE power!",,pending,system_message,english,BATTLE_SYSTEM,1,c_u8,src/battle_message.c,274,2,{B_DEF_NAME_WITH_PREFIX}; {B_DEF_ABILITY},yes,pending_usage_to_window_mapping,pending,phase6_group=canonical_table
SM0193,local:src/battle_message.c:sText_PkmnAnchorsItselfWith,sText_PkmnAnchorsItselfWith,"{B_DEF_NAME_WITH_PREFIX} anchors
itself with {B_DEF_ABILITY}!",,pending,system_message,english,BATTLE_SYSTEM,1,c_u8,src/battle_message.c,275,2,{B_DEF_NAME_WITH_PREFIX}; {B_DEF_ABILITY},yes,pending_usage_to_window_mapping,pending,phase6_group=canonical_table
SM0194,local:src/battle_message.c:sText_PkmnCutsAttackWith,sText_PkmnCutsAttackWith,"{B_SCR_ACTIVE_NAME_WITH_PREFIX}'s {B_SCR_ACTIVE_ABILITY}
cuts {B_DEF_NAME_WITH_PREFIX}'s ATTACK!",,pending,system_message,english,BATTLE_SYSTEM,1,c_u8,src/battle_message.c,276,2,{B_SCR_ACTIVE_NAME_WITH_PREFIX}; {B_SCR_ACTIVE_ABILITY}; {B_DEF_NAME_WITH_PREFIX},yes,pending_usage_to_window_mapping,pending,phase6_group=canonical_table
SM0195,local:src/battle_message.c:sText_PkmnPreventsStatLossWith,sText_PkmnPreventsStatLossWith,"{B_SCR_ACTIVE_NAME_WITH_PREFIX}'s {B_SCR_ACTIVE_ABILITY}
prevents stat loss!",,pending,system_message,english,BATTLE_SYSTEM,1,c_u8,src/battle_message.c,277,2,{B_SCR_ACTIVE_NAME_WITH_PREFIX}; {B_SCR_ACTIVE_ABILITY},yes,pending_usage_to_window_mapping,pending,phase6_group=canonical_table
SM0196,local:src/battle_message.c:sText_PkmnHurtsWith,sText_PkmnHurtsWith,"{B_DEF_NAME_WITH_PREFIX}'s {B_DEF_ABILITY}
hurt {B_ATK_NAME_WITH_PREFIX}!",,pending,system_message,english,BATTLE_SYSTEM,1,c_u8,src/battle_message.c,278,2,{B_DEF_NAME_WITH_PREFIX}; {B_DEF_ABILITY}; {B_ATK_NAME_WITH_PREFIX},yes,pending_usage_to_window_mapping,pending,phase6_group=canonical_table
SM0197,local:src/battle_message.c:sText_PkmnTraced,sText_PkmnTraced,"{B_SCR_ACTIVE_NAME_WITH_PREFIX} TRACED
{B_BUFF1}'s {B_BUFF2}!",,pending,system_message,english,BATTLE_SYSTEM,1,c_u8,src/battle_message.c,279,2,{B_SCR_ACTIVE_NAME_WITH_PREFIX}; {B_BUFF1}; {B_BUFF2},yes,pending_usage_to_window_mapping,pending,phase6_group=canonical_table
SM0198,local:src/battle_message.c:sText_StatSharply,sText_StatSharply,sharply\x20,อย่างมาก ,proof_passed,system_message,english,BATTLE;BATTLE_SYSTEM,1,c_u8,src/battle_message.c,300,1,,no,pending_usage_to_window_mapping,proof_passed,"GLCC 20260812-225008-phase6-batch05-battle-low-safe-messages: preview/build passed; visual QA pending.; GLCC 20260812-225008-phase6-batch05-battle-low-safe-messages: visual QA passed. Batch 05 QA Gallery reviewed: 10/10 pages passed. All selected strings were verified for correct Thai font rendering, spacing, clipping, layout, punctuation, placeholders, and terminology consistency."
SM0199,global:gText_StatRose,gText_StatRose,rose!,เพิ่มขึ้น!,proof_passed,system_message,english,BATTLE;BATTLE_SYSTEM,2,c_u8,src/battle_message.c,301,1,,no,pending_usage_to_window_mapping,proof_passed,"GLCC 20260812-212758-phase6-batch03-battle-low-safe-messages: preview/build passed; visual QA pending.; GLCC 20260812-212758-phase6-batch03-battle-low-safe-messages: visual QA passed. Batch 03 QA Gallery reviewed: 10/10 pages passed. All selected strings were verified for correct Thai font rendering, spacing, clipping, layout, punctuation, placeholders, and terminology consistency."
SM0200,local:src/battle_message.c:sText_StatHarshly,sText_StatHarshly,harshly\x20,อย่างหนัก ,proof_passed,system_message,english,BATTLE;BATTLE_SYSTEM,1,c_u8,src/battle_message.c,302,1,,no,pending_usage_to_window_mapping,proof_passed,"GLCC 20260812-225008-phase6-batch05-battle-low-safe-messages: preview/build passed; visual QA pending.; GLCC 20260812-225008-phase6-batch05-battle-low-safe-messages: visual QA passed. Batch 05 QA Gallery reviewed: 10/10 pages passed. All selected strings were verified for correct Thai font rendering, spacing, clipping, layout, punctuation, placeholders, and terminology consistency."
SM0201,local:src/battle_message.c:sText_StatFell,sText_StatFell,fell!,ลดลง!,proof_passed,system_message,english,BATTLE;BATTLE_SYSTEM,1,c_u8,src/battle_message.c,303,1,,no,pending_usage_to_window_mapping,proof_passed,"GLCC 20260812-212758-phase6-batch03-battle-low-safe-messages: preview/build passed; visual QA pending.; GLCC 20260812-212758-phase6-batch03-battle-low-safe-messages: visual QA passed. Batch 03 QA Gallery reviewed: 10/10 pages passed. All selected strings were verified for correct Thai font rendering, spacing, clipping, layout, punctuation, placeholders, and terminology consistency."
SM0202,local:src/battle_message.c:sText_AttackersStatRose,sText_AttackersStatRose,"{B_ATK_NAME_WITH_PREFIX}'s {B_BUFF1}
{B_BUFF2}",,pending,system_message,english,BATTLE_SYSTEM,1,c_u8,src/battle_message.c,304,2,{B_ATK_NAME_WITH_PREFIX}; {B_BUFF1}; {B_BUFF2},yes,pending_usage_to_window_mapping,pending,phase6_group=canonical_table
SM0203,global:gText_DefendersStatRose,gText_DefendersStatRose,"{B_DEF_NAME_WITH_PREFIX}'s {B_BUFF1}
{B_BUFF2}",,pending,system_message,english,BATTLE_SYSTEM,1,c_u8,src/battle_message.c,305,2,{B_DEF_NAME_WITH_PREFIX}; {B_BUFF1}; {B_BUFF2},yes,pending_usage_to_window_mapping,pending,phase6_group=canonical_table
SM0204,local:src/battle_message.c:sText_AttackersStatFell,sText_AttackersStatFell,"{B_ATK_NAME_WITH_PREFIX}'s {B_BUFF1}
{B_BUFF2}",,pending,system_message,english,BATTLE_SYSTEM,1,c_u8,src/battle_message.c,307,2,{B_ATK_NAME_WITH_PREFIX}; {B_BUFF1}; {B_BUFF2},yes,pending_usage_to_window_mapping,pending,phase6_group=canonical_table
SM0205,local:src/battle_message.c:sText_DefendersStatFell,sText_DefendersStatFell,"{B_DEF_NAME_WITH_PREFIX}'s {B_BUFF1}
{B_BUFF2}",,pending,system_message,english,BATTLE_SYSTEM,1,c_u8,src/battle_message.c,308,2,{B_DEF_NAME_WITH_PREFIX}; {B_BUFF1}; {B_BUFF2},yes,pending_usage_to_window_mapping,pending,phase6_group=canonical_table
SM0206,local:src/battle_message.c:sText_CriticalHit,sText_CriticalHit,A critical hit!,โจมตีติดคริติคอล!,proof_passed,system_message,english,BATTLE;BATTLE_SYSTEM,1,c_u8,src/battle_message.c,311,1,,no,pending_usage_to_window_mapping,proof_passed,"GLCC 20260812-212758-phase6-batch03-battle-low-safe-messages: preview/build passed; visual QA pending.; GLCC 20260812-212758-phase6-batch03-battle-low-safe-messages: visual QA passed. Batch 03 QA Gallery reviewed: 10/10 pages passed. All selected strings were verified for correct Thai font rendering, spacing, clipping, layout, punctuation, placeholders, and terminology consistency."
SM0207,local:src/battle_message.c:sText_OneHitKO,sText_OneHitKO,It's a one-hit KO!,น็อกในครั้งเดียว!,proof_passed,system_message,english,BATTLE;BATTLE_SYSTEM,1,c_u8,src/battle_message.c,312,1,,no,pending_usage_to_window_mapping,proof_passed,"GLCC 20260812-212758-phase6-batch03-battle-low-safe-messages: preview/build passed; visual QA pending.; GLCC 20260812-212758-phase6-batch03-battle-low-safe-messages: visual QA passed. Batch 03 QA Gallery reviewed: 10/10 pages passed. All selected strings were verified for correct Thai font rendering, spacing, clipping, layout, punctuation, placeholders, and terminology consistency."
SM0208,local:src/battle_message.c:sText_123Poof,sText_123Poof,"{PAUSE 32}1, {PAUSE 15}2, and{PAUSE 15}… {PAUSE 15}… {PAUSE 15}… {PAUSE 15}{PLAY_SE SE_BALL_BOUNCE_1}Poof!\p",,pending,system_message,english,BATTLE_SYSTEM,1,c_u8,src/battle_message.c,313,1,{PAUSE 32}; {PAUSE 15}; {PLAY_SE SE_BALL_BOUNCE_1}; \p,no,pending_usage_to_window_mapping,pending,phase6_group=canonical_table
SM0209,local:src/battle_message.c:sText_AndEllipsis,sText_AndEllipsis,And…\p,และ...\p,proof_passed,system_message,english,BATTLE;BATTLE_SYSTEM,1,c_u8,src/battle_message.c,314,1,\p,no,pending_usage_to_window_mapping,proof_passed,"GLCC 20260812-225008-phase6-batch05-battle-low-safe-messages: preview/build passed; visual QA pending.; GLCC 20260812-225008-phase6-batch05-battle-low-safe-messages: visual QA passed. Batch 05 QA Gallery reviewed: 10/10 pages passed. All selected strings were verified for correct Thai font rendering, spacing, clipping, layout, punctuation, placeholders, and terminology consistency."
SM0210,local:src/battle_message.c:sText_NotVeryEffective,sText_NotVeryEffective,It's not very effective…,ดูเหมือนจะไม่ค่อยได้ผล...,proof_passed,system_message,english,BATTLE;BATTLE_SYSTEM,1,c_u8,src/battle_message.c,316,1,,no,pending_usage_to_window_mapping,proof_passed,"GLCC 20260812-212758-phase6-batch03-battle-low-safe-messages: preview/build passed; visual QA pending.; GLCC 20260812-212758-phase6-batch03-battle-low-safe-messages: visual QA passed. Batch 03 QA Gallery reviewed: 10/10 pages passed. All selected strings were verified for correct Thai font rendering, spacing, clipping, layout, punctuation, placeholders, and terminology consistency."
SM0211,local:src/battle_message.c:sText_SuperEffective,sText_SuperEffective,It's super effective!,ได้ผลดีมาก!,proof_passed,system_message,english,BATTLE;BATTLE_SYSTEM,1,c_u8,src/battle_message.c,317,1,,no,pending_usage_to_window_mapping,proof_passed,"GLCC 20260812-212758-phase6-batch03-battle-low-safe-messages: preview/build passed; visual QA pending.; GLCC 20260812-212758-phase6-batch03-battle-low-safe-messages: visual QA passed. Batch 03 QA Gallery reviewed: 10/10 pages passed. All selected strings were verified for correct Thai font rendering, spacing, clipping, layout, punctuation, placeholders, and terminology consistency."
SM0212,local:src/battle_message.c:sText_GotAwaySafely,sText_GotAwaySafely,{PLAY_SE SE_FLEE}Got away safely!\p,,pending,system_message,english,BATTLE_SYSTEM,2,c_u8,src/battle_message.c,318,1,{PLAY_SE SE_FLEE}; \p,no,pending_usage_to_window_mapping,pending,phase6_group=canonical_table
SM0213,local:src/battle_message.c:sText_WildPkmnFled,sText_WildPkmnFled,{PLAY_SE SE_FLEE}Wild {B_BUFF1} fled!,,pending,system_message,english,BATTLE_SYSTEM,1,c_u8,src/battle_message.c,321,1,{PLAY_SE SE_FLEE}; {B_BUFF1},yes,pending_usage_to_window_mapping,pending,phase6_group=canonical_table
SM0214,local:src/battle_message.c:sText_NoRunningFromTrainers,sText_NoRunningFromTrainers,"No! There's no running
from a TRAINER battle!\p",,pending,system_message,english,BATTLE_SYSTEM,1,c_u8,src/battle_message.c,330,2,\p,no,pending_usage_to_window_mapping,pending,phase6_group=canonical_table
SM0215,local:src/battle_message.c:sText_CantEscape,sText_CantEscape,Can't escape!\p,หนีไม่ได้!\p,proof_passed,system_message,english,BATTLE;BATTLE_SYSTEM,1,c_u8,src/battle_message.c,331,1,\p,no,pending_usage_to_window_mapping,proof_passed,"GLCC 20260812-225008-phase6-batch05-battle-low-safe-messages: preview/build passed; visual QA pending.; GLCC 20260812-225008-phase6-batch05-battle-low-safe-messages: visual QA passed. Batch 05 QA Gallery reviewed: 10/10 pages passed. All selected strings were verified for correct Thai font rendering, spacing, clipping, layout, punctuation, placeholders, and terminology consistency."
SM0216,local:src/battle_message.c:sText_DontLeaveBirch,sText_DontLeaveBirch,PROF. BIRCH: Don't leave me like this!\p,ศ.เบิร์ช: อย่าทิ้งผมไว้แบบนี้!\p,proof_passed,system_message,english,BATTLE;BATTLE_SYSTEM,1,c_u8,src/battle_message.c,332,1,\p,no,pending_usage_to_window_mapping,proof_passed,"GLCC 20260812-225008-phase6-batch05-battle-low-safe-messages: preview/build passed; visual QA pending.; GLCC 20260812-225008-phase6-batch05-battle-low-safe-messages: visual QA passed. Batch 05 QA Gallery reviewed: 10/10 pages passed. All selected strings were verified for correct Thai font rendering, spacing, clipping, layout, punctuation, placeholders, and terminology consistency."
SM0217,local:src/battle_message.c:sText_ButNothingHappened,sText_ButNothingHappened,But nothing happened!,แต่ไม่มีอะไรเกิดขึ้น!,proof_passed,system_message,english,BATTLE;BATTLE_SYSTEM,1,c_u8,src/battle_message.c,333,1,,no,pending_usage_to_window_mapping,proof_passed,"GLCC 20260812-212758-phase6-batch03-battle-low-safe-messages: preview/build passed; visual QA pending.; GLCC 20260812-212758-phase6-batch03-battle-low-safe-messages: visual QA passed. Batch 03 QA Gallery reviewed: 10/10 pages passed. All selected strings were verified for correct Thai font rendering, spacing, clipping, layout, punctuation, placeholders, and terminology consistency."
SM0218,local:src/battle_message.c:sText_ButItFailed,sText_ButItFailed,But it failed!,แต่ล้มเหลว!,proof_passed,system_message,english,BATTLE;BATTLE_SYSTEM,1,c_u8,src/battle_message.c,334,1,,no,pending_usage_to_window_mapping,proof_passed,"GLCC 20260812-212758-phase6-batch03-battle-low-safe-messages: preview/build passed; visual QA pending.; GLCC 20260812-212758-phase6-batch03-battle-low-safe-messages: visual QA passed. Batch 03 QA Gallery reviewed: 10/10 pages passed. All selected strings were verified for correct Thai font rendering, spacing, clipping, layout, punctuation, placeholders, and terminology consistency."
SM0219,local:src/battle_message.c:sText_ItHurtConfusion,sText_ItHurtConfusion,"It hurt itself in its
confusion!",,pending,system_message,english,BATTLE_SYSTEM,1,c_u8,src/battle_message.c,335,2,,no,pending_usage_to_window_mapping,pending,phase6_group=canonical_table
SM0220,local:src/battle_message.c:sText_MirrorMoveFailed,sText_MirrorMoveFailed,The MIRROR MOVE failed!,ท่าเลียนแบบล้มเหลว!,proof_passed,system_message,english,BATTLE;BATTLE_SYSTEM,1,c_u8,src/battle_message.c,336,1,,no,pending_usage_to_window_mapping,proof_passed,"GLCC 20260812-215100-phase6-batch04-battle-low-safe-messages: preview/build passed; visual QA pending.; GLCC 20260812-215100-phase6-batch04-battle-low-safe-messages: visual QA passed. Batch 04 QA Gallery reviewed: 10/10 pages passed. All selected strings were verified for correct Thai font rendering, spacing, clipping, layout, punctuation, placeholders, and terminology consistency."
SM0221,local:src/battle_message.c:sText_StartedToRain,sText_StartedToRain,It started to rain!,ฝนเริ่มตก!,proof_passed,system_message,english,BATTLE;BATTLE_SYSTEM,1,c_u8,src/battle_message.c,337,1,,no,pending_usage_to_window_mapping,proof_passed,"GLCC 20260812-173614-phase6-batch01-battle-weather-messages: preview/build passed; visual QA pending.; GLCC 20260812-173614-phase6-batch01-battle-weather-messages: visual QA passed. Human Visual QA completed: 10/10 QA Gallery pages passed. Thai rendering, spacing, clipping, layout, punctuation, and terminology were visually verified."
SM0222,local:src/battle_message.c:sText_DownpourStarted,sText_DownpourStarted,A downpour started!,ฝนเริ่มตกหนัก!,proof_passed,system_message,english,BATTLE;BATTLE_SYSTEM,1,c_u8,src/battle_message.c,338,1,,no,pending_usage_to_window_mapping,proof_passed,"GLCC 20260812-173614-phase6-batch01-battle-weather-messages: preview/build passed; visual QA pending.; GLCC 20260812-173614-phase6-batch01-battle-weather-messages: visual QA passed. Human Visual QA completed: 10/10 QA Gallery pages passed. Thai rendering, spacing, clipping, layout, punctuation, and terminology were visually verified."
SM0223,local:src/battle_message.c:sText_RainContinues,sText_RainContinues,Rain continues to fall.,ฝนยังคงตกต่อเนื่อง.,proof_passed,system_message,english,BATTLE;BATTLE_SYSTEM,1,c_u8,src/battle_message.c,339,1,,no,pending_usage_to_window_mapping,proof_passed,"GLCC 20260812-173614-phase6-batch01-battle-weather-messages: preview/build passed; visual QA pending.; GLCC 20260812-173614-phase6-batch01-battle-weather-messages: visual QA passed. Human Visual QA completed: 10/10 QA Gallery pages passed. Thai rendering, spacing, clipping, layout, punctuation, and terminology were visually verified."
SM0224,local:src/battle_message.c:sText_DownpourContinues,sText_DownpourContinues,The downpour continues.,ฝนยังคงตกหนัก.,proof_passed,system_message,english,BATTLE;BATTLE_SYSTEM,1,c_u8,src/battle_message.c,340,1,,no,pending_usage_to_window_mapping,proof_passed,"GLCC 20260812-173614-phase6-batch01-battle-weather-messages: preview/build passed; visual QA pending.; GLCC 20260812-173614-phase6-batch01-battle-weather-messages: visual QA passed. Human Visual QA completed: 10/10 QA Gallery pages passed. Thai rendering, spacing, clipping, layout, punctuation, and terminology were visually verified."
SM0225,local:src/battle_message.c:sText_RainStopped,sText_RainStopped,The rain stopped.,ฝนหยุดตกแล้ว.,proof_passed,system_message,english,BATTLE;BATTLE_SYSTEM,1,c_u8,src/battle_message.c,341,1,,no,pending_usage_to_window_mapping,proof_passed,"GLCC 20260812-173614-phase6-batch01-battle-weather-messages: preview/build passed; visual QA pending.; GLCC 20260812-173614-phase6-batch01-battle-weather-messages: visual QA passed. Human Visual QA completed: 10/10 QA Gallery pages passed. Thai rendering, spacing, clipping, layout, punctuation, and terminology were visually verified."
SM0226,local:src/battle_message.c:sText_SandstormBrewed,sText_SandstormBrewed,A sandstorm brewed!,พายุทรายเริ่มก่อตัว!,proof_passed,system_message,english,BATTLE;BATTLE_SYSTEM,1,c_u8,src/battle_message.c,342,1,,no,pending_usage_to_window_mapping,proof_passed,"GLCC 20260812-173614-phase6-batch01-battle-weather-messages: preview/build passed; visual QA pending.; GLCC 20260812-173614-phase6-batch01-battle-weather-messages: visual QA passed. Human Visual QA completed: 10/10 QA Gallery pages passed. Thai rendering, spacing, clipping, layout, punctuation, and terminology were visually verified."
SM0227,local:src/battle_message.c:sText_SandstormRages,sText_SandstormRages,The sandstorm rages.,พายุทรายกำลังโหมกระหน่ำ.,proof_passed,system_message,english,BATTLE;BATTLE_SYSTEM,1,c_u8,src/battle_message.c,343,1,,no,pending_usage_to_window_mapping,proof_passed,"GLCC 20260812-173614-phase6-batch01-battle-weather-messages: preview/build passed; visual QA pending.; GLCC 20260812-173614-phase6-batch01-battle-weather-messages: visual QA passed. Human Visual QA completed: 10/10 QA Gallery pages passed. Thai rendering, spacing, clipping, layout, punctuation, and terminology were visually verified."
SM0228,local:src/battle_message.c:sText_SandstormSubsided,sText_SandstormSubsided,The sandstorm subsided.,พายุทรายสงบลงแล้ว.,proof_passed,system_message,english,BATTLE;BATTLE_SYSTEM,1,c_u8,src/battle_message.c,344,1,,no,pending_usage_to_window_mapping,proof_passed,"GLCC 20260812-173614-phase6-batch01-battle-weather-messages: preview/build passed; visual QA pending.; GLCC 20260812-173614-phase6-batch01-battle-weather-messages: visual QA passed. Human Visual QA completed: 10/10 QA Gallery pages passed. Thai rendering, spacing, clipping, layout, punctuation, and terminology were visually verified."
SM0229,local:src/battle_message.c:sText_SunlightGotBright,sText_SunlightGotBright,The sunlight got bright!,แสงแดดแรงขึ้น!,proof_passed,system_message,english,BATTLE;BATTLE_SYSTEM,1,c_u8,src/battle_message.c,345,1,,no,pending_usage_to_window_mapping,proof_passed,"GLCC 20260812-173614-phase6-batch01-battle-weather-messages: preview/build passed; visual QA pending.; GLCC 20260812-173614-phase6-batch01-battle-weather-messages: visual QA passed. Human Visual QA completed: 10/10 QA Gallery pages passed. Thai rendering, spacing, clipping, layout, punctuation, and terminology were visually verified."
SM0230,local:src/battle_message.c:sText_SunlightStrong,sText_SunlightStrong,The sunlight is strong.,แสงแดดยังคงแรงจ้า.,proof_passed,system_message,english,BATTLE;BATTLE_SYSTEM,1,c_u8,src/battle_message.c,346,1,,no,pending_usage_to_window_mapping,proof_passed,"GLCC 20260812-173614-phase6-batch01-battle-weather-messages: preview/build passed; visual QA pending.; GLCC 20260812-173614-phase6-batch01-battle-weather-messages: visual QA passed. Human Visual QA completed: 10/10 QA Gallery pages passed. Thai rendering, spacing, clipping, layout, punctuation, and terminology were visually verified."
SM0231,local:src/battle_message.c:sText_SunlightFaded,sText_SunlightFaded,The sunlight faded.,แสงแดดอ่อนลงแล้ว.,proof_passed,system_message,english,BATTLE;BATTLE_SYSTEM,1,c_u8,src/battle_message.c,347,1,,no,pending_usage_to_window_mapping,proof_passed,"GLCC 20260812-215100-phase6-batch04-battle-low-safe-messages: preview/build passed; visual QA pending.; GLCC 20260812-215100-phase6-batch04-battle-low-safe-messages: visual QA passed. Batch 04 QA Gallery reviewed: 10/10 pages passed. All selected strings were verified for correct Thai font rendering, spacing, clipping, layout, punctuation, placeholders, and terminology consistency."
SM0232,local:src/battle_message.c:sText_StartedHail,sText_StartedHail,It started to hail!,ลูกเห็บเริ่มตก!,proof_passed,system_message,english,BATTLE;BATTLE_SYSTEM,1,c_u8,src/battle_message.c,348,1,,no,pending_usage_to_window_mapping,proof_passed,"GLCC 20260812-215100-phase6-batch04-battle-low-safe-messages: preview/build passed; visual QA pending.; GLCC 20260812-215100-phase6-batch04-battle-low-safe-messages: visual QA passed. Batch 04 QA Gallery reviewed: 10/10 pages passed. All selected strings were verified for correct Thai font rendering, spacing, clipping, layout, punctuation, placeholders, and terminology consistency."
SM0233,local:src/battle_message.c:sText_HailContinues,sText_HailContinues,Hail continues to fall.,ลูกเห็บยังคงตกต่อเนื่อง.,proof_passed,system_message,english,BATTLE;BATTLE_SYSTEM,1,c_u8,src/battle_message.c,349,1,,no,pending_usage_to_window_mapping,proof_passed,"GLCC 20260812-215100-phase6-batch04-battle-low-safe-messages: preview/build passed; visual QA pending.; GLCC 20260812-215100-phase6-batch04-battle-low-safe-messages: visual QA passed. Batch 04 QA Gallery reviewed: 10/10 pages passed. All selected strings were verified for correct Thai font rendering, spacing, clipping, layout, punctuation, placeholders, and terminology consistency."
SM0234,local:src/battle_message.c:sText_HailStopped,sText_HailStopped,The hail stopped.,ลูกเห็บหยุดตกแล้ว.,proof_passed,system_message,english,BATTLE;BATTLE_SYSTEM,1,c_u8,src/battle_message.c,350,1,,no,pending_usage_to_window_mapping,proof_passed,"GLCC 20260812-215100-phase6-batch04-battle-low-safe-messages: preview/build passed; visual QA pending.; GLCC 20260812-215100-phase6-batch04-battle-low-safe-messages: visual QA passed. Batch 04 QA Gallery reviewed: 10/10 pages passed. All selected strings were verified for correct Thai font rendering, spacing, clipping, layout, punctuation, placeholders, and terminology consistency."
SM0235,local:src/battle_message.c:sText_FailedToSpitUp,sText_FailedToSpitUp,"But it failed to SPIT UP
a thing!",,pending,system_message,english,BATTLE_SYSTEM,1,c_u8,src/battle_message.c,351,2,,no,pending_usage_to_window_mapping,pending,phase6_group=canonical_table
SM0236,local:src/battle_message.c:sText_FailedToSwallow,sText_FailedToSwallow,"But it failed to SWALLOW
a thing!",,pending,system_message,english,BATTLE_SYSTEM,1,c_u8,src/battle_message.c,352,2,,no,pending_usage_to_window_mapping,pending,phase6_group=canonical_table
SM0237,local:src/battle_message.c:sText_WindBecameHeatWave,sText_WindBecameHeatWave,"The wind turned into a
HEAT WAVE!",,pending,system_message,english,BATTLE_SYSTEM,1,c_u8,src/battle_message.c,353,2,,no,pending_usage_to_window_mapping,pending,phase6_group=canonical_table
SM0238,local:src/battle_message.c:sText_StatChangesGone,sText_StatChangesGone,"All stat changes were
eliminated!",,pending,system_message,english,BATTLE_SYSTEM,1,c_u8,src/battle_message.c,354,2,,no,pending_usage_to_window_mapping,pending,phase6_group=canonical_table
SM0239,local:src/battle_message.c:sText_CoinsScattered,sText_CoinsScattered,Coins scattered everywhere!,เหรียญกระจายไปทั่ว!,proof_passed,system_message,english,BATTLE;BATTLE_SYSTEM,1,c_u8,src/battle_message.c,355,1,,no,pending_usage_to_window_mapping,proof_passed,"GLCC 20260812-215100-phase6-batch04-battle-low-safe-messages: preview/build passed; visual QA pending.; GLCC 20260812-215100-phase6-batch04-battle-low-safe-messages: visual QA passed. Batch 04 QA Gallery reviewed: 10/10 pages passed. All selected strings were verified for correct Thai font rendering, spacing, clipping, layout, punctuation, placeholders, and terminology consistency."
SM0240,local:src/battle_message.c:sText_TooWeakForSubstitute,sText_TooWeakForSubstitute,"It was too weak to make
a SUBSTITUTE!",,pending,system_message,english,BATTLE_SYSTEM,1,c_u8,src/battle_message.c,356,2,,no,pending_usage_to_window_mapping,pending,phase6_group=canonical_table
SM0241,local:src/battle_message.c:sText_SharedPain,sText_SharedPain,"The battlers shared
their pain!",,pending,system_message,english,BATTLE_SYSTEM,1,c_u8,src/battle_message.c,357,2,,no,pending_usage_to_window_mapping,pending,phase6_group=canonical_table
SM0242,local:src/battle_message.c:sText_BellChimed,sText_BellChimed,A bell chimed!,เสียงกระดิ่งก้อง!,proof_passed,system_message,english,BATTLE;BATTLE_SYSTEM,1,c_u8,src/battle_message.c,358,1,,no,pending_usage_to_window_mapping,proof_passed,"GLCC 20260812-215100-phase6-batch04-battle-low-safe-messages: preview/build passed; visual QA pending.; GLCC 20260812-215100-phase6-batch04-battle-low-safe-messages: visual QA passed. Batch 04 QA Gallery reviewed: 10/10 pages passed. All selected strings were verified for correct Thai font rendering, spacing, clipping, layout, punctuation, placeholders, and terminology consistency."
SM0243,local:src/battle_message.c:sText_FaintInThree,sText_FaintInThree,"All affected POKéMON will
faint in three turns!",,pending,system_message,english,BATTLE_SYSTEM,1,c_u8,src/battle_message.c,359,2,,no,pending_usage_to_window_mapping,pending,phase6_group=canonical_table
SM0244,local:src/battle_message.c:sText_NoPPLeft,sText_NoPPLeft,"There's no PP left for
this move!\p",,pending,system_message,english,BATTLE_SYSTEM,1,c_u8,src/battle_message.c,360,2,\p,no,pending_usage_to_window_mapping,pending,phase6_group=canonical_table
SM0245,local:src/battle_message.c:sText_ButNoPPLeft,sText_ButNoPPLeft,"But there was no PP left
for the move!",,pending,system_message,english,BATTLE_SYSTEM,1,c_u8,src/battle_message.c,361,2,,no,pending_usage_to_window_mapping,pending,phase6_group=canonical_table
SM0246,local:src/battle_message.c:sText_PlayerUsedItem,sText_PlayerUsedItem,"{B_PLAYER_NAME} used
{B_LAST_ITEM}!",,pending,system_message,english,BATTLE_SYSTEM,1,c_u8,src/battle_message.c,461,2,{B_PLAYER_NAME}; {B_LAST_ITEM},yes,pending_usage_to_window_mapping,pending,phase6_group=canonical_table
SM0247,local:src/battle_message.c:sText_WallyUsedItem,sText_WallyUsedItem,"WALLY used
{B_LAST_ITEM}!",,pending,system_message,english,BATTLE_SYSTEM,1,c_u8,src/battle_message.c,462,2,{B_LAST_ITEM},yes,pending_usage_to_window_mapping,pending,phase6_group=canonical_table
SM0248,local:src/battle_message.c:sText_TrainerBlockedBall,sText_TrainerBlockedBall,The TRAINER blocked the BALL!,เทรนเนอร์ปัดบอลออกไป!,proof_passed,system_message,english,BATTLE;BATTLE_SYSTEM,1,c_u8,src/battle_message.c,464,1,,no,pending_usage_to_window_mapping,proof_passed,"GLCC 20260812-215100-phase6-batch04-battle-low-safe-messages: preview/build passed; visual QA pending.; GLCC 20260812-215100-phase6-batch04-battle-low-safe-messages: visual QA passed. Batch 04 QA Gallery reviewed: 10/10 pages passed. All selected strings were verified for correct Thai font rendering, spacing, clipping, layout, punctuation, placeholders, and terminology consistency."
SM0249,local:src/battle_message.c:sText_DontBeAThief,sText_DontBeAThief,Don't be a thief!,อย่าเป็นหัวขโมย!,proof_passed,system_message,english,BATTLE;BATTLE_SYSTEM,1,c_u8,src/battle_message.c,465,1,,no,pending_usage_to_window_mapping,proof_passed,"GLCC 20260812-215100-phase6-batch04-battle-low-safe-messages: preview/build passed; visual QA pending.; GLCC 20260812-215100-phase6-batch04-battle-low-safe-messages: visual QA passed. Batch 04 QA Gallery reviewed: 10/10 pages passed. All selected strings were verified for correct Thai font rendering, spacing, clipping, layout, punctuation, placeholders, and terminology consistency."
SM0250,local:src/battle_message.c:sText_ItDodgedBall,sText_ItDodgedBall,"It dodged the thrown BALL!
This POKéMON can't be caught!",,pending,system_message,english,BATTLE_SYSTEM,1,c_u8,src/battle_message.c,466,2,,no,pending_usage_to_window_mapping,pending,phase6_group=canonical_table
SM0251,local:src/battle_message.c:sText_YouMissedPkmn,sText_YouMissedPkmn,You missed the POKéMON!,คุณพลาดโปเกมอน!,proof_passed,system_message,english,BATTLE;BATTLE_SYSTEM,1,c_u8,src/battle_message.c,467,1,,no,pending_usage_to_window_mapping,proof_passed,"GLCC 20260812-215100-phase6-batch04-battle-low-safe-messages: preview/build passed; visual QA pending.; GLCC 20260812-215100-phase6-batch04-battle-low-safe-messages: visual QA passed. Batch 04 QA Gallery reviewed: 10/10 pages passed. All selected strings were verified for correct Thai font rendering, spacing, clipping, layout, punctuation, placeholders, and terminology consistency."
SM0252,local:src/battle_message.c:sText_PkmnBrokeFree,sText_PkmnBrokeFree,"Oh, no!
The POKéMON broke free!",,pending,system_message,english,BATTLE_SYSTEM,1,c_u8,src/battle_message.c,468,2,,no,pending_usage_to_window_mapping,pending,phase6_group=canonical_table
SM0253,local:src/battle_message.c:sText_ItAppearedCaught,sText_ItAppearedCaught,"Aww!
It appeared to be caught!",,pending,system_message,english,BATTLE_SYSTEM,1,c_u8,src/battle_message.c,469,2,,no,pending_usage_to_window_mapping,pending,phase6_group=canonical_table
SM0254,local:src/battle_message.c:sText_AarghAlmostHadIt,sText_AarghAlmostHadIt,"Aargh!
Almost had it!",,pending,system_message,english,BATTLE_SYSTEM,1,c_u8,src/battle_message.c,470,2,,no,pending_usage_to_window_mapping,pending,phase6_group=canonical_table
SM0255,local:src/battle_message.c:sText_ShootSoClose,sText_ShootSoClose,"Shoot!
It was so close, too!",,pending,system_message,english,BATTLE_SYSTEM,1,c_u8,src/battle_message.c,471,2,,no,pending_usage_to_window_mapping,pending,phase6_group=canonical_table
SM0256,local:src/battle_message.c:sText_GotchaPkmnCaughtPlayer,sText_GotchaPkmnCaughtPlayer,"Gotcha!
{B_OPPONENT_MON1_NAME} was caught!{WAIT_SE}{PLAY_BGM MUS_CAUGHT}\p",,pending,system_message,english,BATTLE_SYSTEM,1,c_u8,src/battle_message.c,472,2,{B_OPPONENT_MON1_NAME}; {WAIT_SE}; {PLAY_BGM MUS_CAUGHT}; \p,yes,pending_usage_to_window_mapping,pending,phase6_group=canonical_table
SM0257,local:src/battle_message.c:sText_GotchaPkmnCaughtWally,sText_GotchaPkmnCaughtWally,"Gotcha!
{B_OPPONENT_MON1_NAME} was caught!{WAIT_SE}{PLAY_BGM MUS_CAUGHT}{PAUSE 127}",,pending,system_message,english,BATTLE_SYSTEM,1,c_u8,src/battle_message.c,473,2,{B_OPPONENT_MON1_NAME}; {WAIT_SE}; {PLAY_BGM MUS_CAUGHT}; {PAUSE 127},yes,pending_usage_to_window_mapping,pending,phase6_group=canonical_table
SM0258,local:src/battle_message.c:sText_GiveNicknameCaptured,sText_GiveNicknameCaptured,"Give a nickname to the
captured {B_OPPONENT_MON1_NAME}?",,pending,system_message,english,BATTLE_SYSTEM,1,c_u8,src/battle_message.c,474,2,{B_OPPONENT_MON1_NAME},yes,pending_usage_to_window_mapping,pending,phase6_group=canonical_table
SM0259,local:src/battle_message.c:sText_PkmnSentToPC,sText_PkmnSentToPC,"{B_OPPONENT_MON1_NAME} was sent to
{B_PC_CREATOR_NAME} PC.",,pending,system_message,english,BATTLE_SYSTEM,1,c_u8,src/battle_message.c,475,2,{B_OPPONENT_MON1_NAME}; {B_PC_CREATOR_NAME},yes,pending_usage_to_window_mapping,pending,phase6_group=canonical_table
SM0260,local:src/battle_message.c:sText_PkmnDataAddedToDex,sText_PkmnDataAddedToDex,"{B_OPPONENT_MON1_NAME}'s data was
added to the POKéDEX.\p",,pending,system_message,english,BATTLE_SYSTEM,1,c_u8,src/battle_message.c,478,2,{B_OPPONENT_MON1_NAME}; \p,yes,pending_usage_to_window_mapping,pending,phase6_group=canonical_table
SM0261,local:src/battle_message.c:sText_ItIsRaining,sText_ItIsRaining,It is raining.,ฝนกำลังตก.,proof_passed,system_message,english,BATTLE;BATTLE_SYSTEM,1,c_u8,src/battle_message.c,479,1,,no,pending_usage_to_window_mapping,proof_passed,"GLCC 20260812-231157-phase6-batch06-battle-low-safe-messages: preview/build passed; visual QA pending.; GLCC 20260812-231157-phase6-batch06-battle-low-safe-messages: visual QA passed. Batch 06 QA Gallery reviewed: 10/10 pages passed. All selected strings were verified for correct Thai font rendering, spacing, clipping, layout, punctuation, placeholders, and terminology consistency."
SM0262,local:src/battle_message.c:sText_SandstormIsRaging,sText_SandstormIsRaging,A sandstorm is raging.,พายุทรายกำลังโหมกระหน่ำ.,proof_passed,system_message,english,BATTLE;BATTLE_SYSTEM,1,c_u8,src/battle_message.c,480,1,,no,pending_usage_to_window_mapping,proof_passed,"GLCC 20260812-231157-phase6-batch06-battle-low-safe-messages: preview/build passed; visual QA pending.; GLCC 20260812-231157-phase6-batch06-battle-low-safe-messages: visual QA passed. Batch 06 QA Gallery reviewed: 10/10 pages passed. All selected strings were verified for correct Thai font rendering, spacing, clipping, layout, punctuation, placeholders, and terminology consistency."
SM0263,local:src/battle_message.c:sText_CantEscape2,sText_CantEscape2,Can't escape!\p,หนีไม่ได้!\p,proof_passed,system_message,english,BATTLE;BATTLE_SYSTEM,1,c_u8,src/battle_message.c,80,1,\p,no,pending_usage_to_window_mapping,proof_passed,"GLCC 20260812-225008-phase6-batch05-battle-low-safe-messages: preview/build passed; visual QA pending.; GLCC 20260812-225008-phase6-batch05-battle-low-safe-messages: visual QA passed. Batch 05 QA Gallery reviewed: 10/10 pages passed. All selected strings were verified for correct Thai font rendering, spacing, clipping, layout, punctuation, placeholders, and terminology consistency."
SM0264,local:src/battle_message.c:sText_PkmnIgnoresAsleep,sText_PkmnIgnoresAsleep,"{B_ATK_NAME_WITH_PREFIX} ignored
orders while asleep!",,pending,system_message,english,BATTLE_SYSTEM,1,c_u8,src/battle_message.c,362,2,{B_ATK_NAME_WITH_PREFIX},yes,pending_usage_to_window_mapping,pending,phase6_group=canonical_table
SM0265,local:src/battle_message.c:sText_PkmnIgnoredOrders,sText_PkmnIgnoredOrders,"{B_ATK_NAME_WITH_PREFIX} ignored
orders!",,pending,system_message,english,BATTLE_SYSTEM,1,c_u8,src/battle_message.c,363,2,{B_ATK_NAME_WITH_PREFIX},yes,pending_usage_to_window_mapping,pending,phase6_group=canonical_table
SM0266,local:src/battle_message.c:sText_PkmnBeganToNap,sText_PkmnBeganToNap,{B_ATK_NAME_WITH_PREFIX} began to nap!,{B_ATK_NAME_WITH_PREFIX} เริ่มงีบหลับ!,proof_passed,system_message,english,BATTLE;BATTLE_SYSTEM,1,c_u8,src/battle_message.c,364,1,{B_ATK_NAME_WITH_PREFIX},yes,pending_usage_to_window_mapping,proof_passed,"GLCC 20260812-231157-phase6-batch06-battle-low-safe-messages: preview/build passed; visual QA pending.; GLCC 20260812-231157-phase6-batch06-battle-low-safe-messages: visual QA passed. Batch 06 QA Gallery reviewed: 10/10 pages passed. All selected strings were verified for correct Thai font rendering, spacing, clipping, layout, punctuation, placeholders, and terminology consistency."
SM0267,local:src/battle_message.c:sText_PkmnLoafing,sText_PkmnLoafing,"{B_ATK_NAME_WITH_PREFIX} is
loafing around!",,pending,system_message,english,BATTLE_SYSTEM,1,c_u8,src/battle_message.c,365,2,{B_ATK_NAME_WITH_PREFIX},yes,pending_usage_to_window_mapping,pending,phase6_group=canonical_table
SM0268,local:src/battle_message.c:sText_PkmnWontObey,sText_PkmnWontObey,"{B_ATK_NAME_WITH_PREFIX} won't
obey!",,pending,system_message,english,BATTLE_SYSTEM,1,c_u8,src/battle_message.c,366,2,{B_ATK_NAME_WITH_PREFIX},yes,pending_usage_to_window_mapping,pending,phase6_group=canonical_table
SM0269,local:src/battle_message.c:sText_PkmnTurnedAway,sText_PkmnTurnedAway,{B_ATK_NAME_WITH_PREFIX} turned away!,{B_ATK_NAME_WITH_PREFIX} หันหน้าหนี!,proof_passed,system_message,english,BATTLE;BATTLE_SYSTEM,1,c_u8,src/battle_message.c,367,1,{B_ATK_NAME_WITH_PREFIX},yes,pending_usage_to_window_mapping,proof_passed,"GLCC 20260812-231157-phase6-batch06-battle-low-safe-messages: preview/build passed; visual QA pending.; GLCC 20260812-231157-phase6-batch06-battle-low-safe-messages: visual QA passed. Batch 06 QA Gallery reviewed: 10/10 pages passed. All selected strings were verified for correct Thai font rendering, spacing, clipping, layout, punctuation, placeholders, and terminology consistency."
SM0270,local:src/battle_message.c:sText_PkmnPretendNotNotice,sText_PkmnPretendNotNotice,"{B_ATK_NAME_WITH_PREFIX} pretended
not to notice!",,pending,system_message,english,BATTLE_SYSTEM,1,c_u8,src/battle_message.c,368,2,{B_ATK_NAME_WITH_PREFIX},yes,pending_usage_to_window_mapping,pending,phase6_group=canonical_table
SM0271,local:src/battle_message.c:sText_EnemyAboutToSwitchPkmn,sText_EnemyAboutToSwitchPkmn,"{B_TRAINER1_CLASS} {B_TRAINER1_NAME} is
about to use {B_BUFF2}.\pWill {B_PLAYER_NAME} change
POKéMON?",,pending,system_message,english,BATTLE_SYSTEM,1,c_u8,src/battle_message.c,369,3,{B_TRAINER1_CLASS}; {B_TRAINER1_NAME}; {B_BUFF2}; \p; {B_PLAYER_NAME},yes,pending_usage_to_window_mapping,pending,phase6_group=canonical_table
SM0272,local:src/battle_message.c:sText_CreptCloser,sText_CreptCloser,"{B_PLAYER_NAME} crept closer to
{B_OPPONENT_MON1_NAME}!",,pending,system_message,english,BATTLE_SYSTEM,1,c_u8,src/battle_message.c,372,2,{B_PLAYER_NAME}; {B_OPPONENT_MON1_NAME},yes,pending_usage_to_window_mapping,pending,phase6_group=canonical_table
SM0273,local:src/battle_message.c:sText_CantGetCloser,sText_CantGetCloser,{B_PLAYER_NAME} can't get any closer!,{B_PLAYER_NAME} เข้าใกล้กว่านี้ไม่ได้!,proof_passed,system_message,english,BATTLE;BATTLE_SYSTEM,1,c_u8,src/battle_message.c,373,1,{B_PLAYER_NAME},yes,pending_usage_to_window_mapping,proof_passed,"GLCC 20260812-231157-phase6-batch06-battle-low-safe-messages: preview/build passed; visual QA pending.; GLCC 20260812-231157-phase6-batch06-battle-low-safe-messages: visual QA passed. Batch 06 QA Gallery reviewed: 10/10 pages passed. All selected strings were verified for correct Thai font rendering, spacing, clipping, layout, punctuation, placeholders, and terminology consistency."
SM0274,local:src/battle_message.c:sText_PkmnWatchingCarefully,sText_PkmnWatchingCarefully,"{B_OPPONENT_MON1_NAME} is watching
carefully!",,pending,system_message,english,BATTLE_SYSTEM,1,c_u8,src/battle_message.c,374,2,{B_OPPONENT_MON1_NAME},yes,pending_usage_to_window_mapping,pending,phase6_group=canonical_table
SM0275,local:src/battle_message.c:sText_PkmnCuriousAboutX,sText_PkmnCuriousAboutX,"{B_OPPONENT_MON1_NAME} is curious about
the {B_BUFF1}!",,pending,system_message,english,BATTLE_SYSTEM,1,c_u8,src/battle_message.c,375,2,{B_OPPONENT_MON1_NAME}; {B_BUFF1},yes,pending_usage_to_window_mapping,pending,phase6_group=canonical_table
SM0276,local:src/battle_message.c:sText_PkmnEnthralledByX,sText_PkmnEnthralledByX,"{B_OPPONENT_MON1_NAME} is enthralled by
the {B_BUFF1}!",,pending,system_message,english,BATTLE_SYSTEM,1,c_u8,src/battle_message.c,376,2,{B_OPPONENT_MON1_NAME}; {B_BUFF1},yes,pending_usage_to_window_mapping,pending,phase6_group=canonical_table
SM0277,local:src/battle_message.c:sText_PkmnIgnoredX,sText_PkmnIgnoredX,"{B_OPPONENT_MON1_NAME} completely ignored
the {B_BUFF1}!",,pending,system_message,english,BATTLE_SYSTEM,1,c_u8,src/battle_message.c,377,2,{B_OPPONENT_MON1_NAME}; {B_BUFF1},yes,pending_usage_to_window_mapping,pending,phase6_group=canonical_table
SM0278,local:src/battle_message.c:sText_ThrewPokeblockAtPkmn,sText_ThrewPokeblockAtPkmn,"{B_PLAYER_NAME} threw a {POKEBLOCK}
at the {B_OPPONENT_MON1_NAME}!",,pending,system_message,english,BATTLE_SYSTEM,1,c_u8,src/battle_message.c,378,2,{B_PLAYER_NAME}; {POKEBLOCK}; {B_OPPONENT_MON1_NAME},yes,pending_usage_to_window_mapping,pending,phase6_group=canonical_table
SM0279,local:src/battle_message.c:sText_OutOfSafariBalls,sText_OutOfSafariBalls,"{PLAY_SE SE_DING_DONG}ANNOUNCER: You're out of
SAFARI BALLS! Game over!\p",,pending,system_message,english,BATTLE_SYSTEM,1,c_u8,src/battle_message.c,379,2,{PLAY_SE SE_DING_DONG}; \p,no,pending_usage_to_window_mapping,pending,phase6_group=canonical_table
SM0280,local:src/battle_message.c:sText_PkmnsItemCuredParalysis,sText_PkmnsItemCuredParalysis,"{B_SCR_ACTIVE_NAME_WITH_PREFIX}'s {B_LAST_ITEM}
cured paralysis!",,pending,system_message,english,BATTLE_SYSTEM,1,c_u8,src/battle_message.c,484,2,{B_SCR_ACTIVE_NAME_WITH_PREFIX}; {B_LAST_ITEM},yes,pending_usage_to_window_mapping,pending,phase6_group=canonical_table
SM0281,local:src/battle_message.c:sText_PkmnsItemCuredPoison,sText_PkmnsItemCuredPoison,"{B_SCR_ACTIVE_NAME_WITH_PREFIX}'s {B_LAST_ITEM}
cured poison!",,pending,system_message,english,BATTLE_SYSTEM,1,c_u8,src/battle_message.c,485,2,{B_SCR_ACTIVE_NAME_WITH_PREFIX}; {B_LAST_ITEM},yes,pending_usage_to_window_mapping,pending,phase6_group=canonical_table
SM0282,local:src/battle_message.c:sText_PkmnsItemHealedBurn,sText_PkmnsItemHealedBurn,"{B_SCR_ACTIVE_NAME_WITH_PREFIX}'s {B_LAST_ITEM}
healed its burn!",,pending,system_message,english,BATTLE_SYSTEM,1,c_u8,src/battle_message.c,486,2,{B_SCR_ACTIVE_NAME_WITH_PREFIX}; {B_LAST_ITEM},yes,pending_usage_to_window_mapping,pending,phase6_group=canonical_table
SM0283,local:src/battle_message.c:sText_PkmnsItemDefrostedIt,sText_PkmnsItemDefrostedIt,"{B_SCR_ACTIVE_NAME_WITH_PREFIX}'s {B_LAST_ITEM}
defrosted it!",,pending,system_message,english,BATTLE_SYSTEM,1,c_u8,src/battle_message.c,487,2,{B_SCR_ACTIVE_NAME_WITH_PREFIX}; {B_LAST_ITEM},yes,pending_usage_to_window_mapping,pending,phase6_group=canonical_table
SM0284,local:src/battle_message.c:sText_PkmnsItemWokeIt,sText_PkmnsItemWokeIt,"{B_SCR_ACTIVE_NAME_WITH_PREFIX}'s {B_LAST_ITEM}
woke it from its sleep!",,pending,system_message,english,BATTLE_SYSTEM,1,c_u8,src/battle_message.c,488,2,{B_SCR_ACTIVE_NAME_WITH_PREFIX}; {B_LAST_ITEM},yes,pending_usage_to_window_mapping,pending,phase6_group=canonical_table
SM0285,local:src/battle_message.c:sText_PkmnsItemSnappedOut,sText_PkmnsItemSnappedOut,"{B_SCR_ACTIVE_NAME_WITH_PREFIX}'s {B_LAST_ITEM}
snapped it out of confusion!",,pending,system_message,english,BATTLE_SYSTEM,1,c_u8,src/battle_message.c,489,2,{B_SCR_ACTIVE_NAME_WITH_PREFIX}; {B_LAST_ITEM},yes,pending_usage_to_window_mapping,pending,phase6_group=canonical_table
SM0286,local:src/battle_message.c:sText_PkmnsItemCuredProblem,sText_PkmnsItemCuredProblem,"{B_SCR_ACTIVE_NAME_WITH_PREFIX}'s {B_LAST_ITEM}
cured its {B_BUFF1} problem!",,pending,system_message,english,BATTLE_SYSTEM,1,c_u8,src/battle_message.c,490,2,{B_SCR_ACTIVE_NAME_WITH_PREFIX}; {B_LAST_ITEM}; {B_BUFF1},yes,pending_usage_to_window_mapping,pending,phase6_group=canonical_table
SM0287,local:src/battle_message.c:sText_PkmnsItemRestoredHealth,sText_PkmnsItemRestoredHealth,"{B_SCR_ACTIVE_NAME_WITH_PREFIX}'s {B_LAST_ITEM}
restored health!",,pending,system_message,english,BATTLE_SYSTEM,1,c_u8,src/battle_message.c,492,2,{B_SCR_ACTIVE_NAME_WITH_PREFIX}; {B_LAST_ITEM},yes,pending_usage_to_window_mapping,pending,phase6_group=canonical_table
SM0288,local:src/battle_message.c:sText_PkmnsItemRestoredPP,sText_PkmnsItemRestoredPP,"{B_SCR_ACTIVE_NAME_WITH_PREFIX}'s {B_LAST_ITEM}
restored {B_BUFF1}'s PP!",,pending,system_message,english,BATTLE_SYSTEM,1,c_u8,src/battle_message.c,493,2,{B_SCR_ACTIVE_NAME_WITH_PREFIX}; {B_LAST_ITEM}; {B_BUFF1},yes,pending_usage_to_window_mapping,pending,phase6_group=canonical_table
SM0289,local:src/battle_message.c:sText_PkmnsItemRestoredStatus,sText_PkmnsItemRestoredStatus,"{B_SCR_ACTIVE_NAME_WITH_PREFIX}'s {B_LAST_ITEM}
restored its status!",,pending,system_message,english,BATTLE_SYSTEM,1,c_u8,src/battle_message.c,494,2,{B_SCR_ACTIVE_NAME_WITH_PREFIX}; {B_LAST_ITEM},yes,pending_usage_to_window_mapping,pending,phase6_group=canonical_table
SM0290,local:src/battle_message.c:sText_PkmnsItemRestoredHPALittle,sText_PkmnsItemRestoredHPALittle,"{B_SCR_ACTIVE_NAME_WITH_PREFIX}'s {B_LAST_ITEM}
restored its HP a little!",,pending,system_message,english,BATTLE_SYSTEM,1,c_u8,src/battle_message.c,495,2,{B_SCR_ACTIVE_NAME_WITH_PREFIX}; {B_LAST_ITEM},yes,pending_usage_to_window_mapping,pending,phase6_group=canonical_table
SM0291,local:src/battle_message.c:sText_ItemAllowsOnlyYMove,sText_ItemAllowsOnlyYMove,"{B_LAST_ITEM} allows the
use of only {B_CURRENT_MOVE}!\p",,pending,system_message,english,BATTLE_SYSTEM,1,c_u8,src/battle_message.c,496,2,{B_LAST_ITEM}; {B_CURRENT_MOVE}; \p,yes,pending_usage_to_window_mapping,pending,phase6_group=canonical_table
SM0292,local:src/battle_message.c:sText_PkmnHungOnWithX,sText_PkmnHungOnWithX,"{B_DEF_NAME_WITH_PREFIX} hung on
using its {B_LAST_ITEM}!",,pending,system_message,english,BATTLE_SYSTEM,1,c_u8,src/battle_message.c,497,2,{B_DEF_NAME_WITH_PREFIX}; {B_LAST_ITEM},yes,pending_usage_to_window_mapping,pending,phase6_group=canonical_table
SM0293,global:gText_EmptyString3,gText_EmptyString3,,,pending,system_message,nonlinguistic,BATTLE_SYSTEM,1,c_u8,src/battle_message.c,498,1,,no,pending_usage_to_window_mapping,pending,phase6_group=canonical_table
SM0294,local:src/battle_message.c:sText_PkmnsXPreventsBurns,sText_PkmnsXPreventsBurns,"{B_EFF_NAME_WITH_PREFIX}'s {B_EFF_ABILITY}
prevents burns!",,pending,system_message,english,BATTLE_SYSTEM,1,c_u8,src/battle_message.c,280,2,{B_EFF_NAME_WITH_PREFIX}; {B_EFF_ABILITY},yes,pending_usage_to_window_mapping,pending,phase6_group=canonical_table
SM0295,local:src/battle_message.c:sText_PkmnsXBlocksY,sText_PkmnsXBlocksY,"{B_DEF_NAME_WITH_PREFIX}'s {B_DEF_ABILITY}
blocks {B_CURRENT_MOVE}!",,pending,system_message,english,BATTLE_SYSTEM,1,c_u8,src/battle_message.c,281,2,{B_DEF_NAME_WITH_PREFIX}; {B_DEF_ABILITY}; {B_CURRENT_MOVE},yes,pending_usage_to_window_mapping,pending,phase6_group=canonical_table
SM0296,local:src/battle_message.c:sText_PkmnsXRestoredHPALittle2,sText_PkmnsXRestoredHPALittle2,"{B_ATK_NAME_WITH_PREFIX}'s {B_ATK_ABILITY}
restored its HP a little!",,pending,system_message,english,BATTLE_SYSTEM,1,c_u8,src/battle_message.c,283,2,{B_ATK_NAME_WITH_PREFIX}; {B_ATK_ABILITY},yes,pending_usage_to_window_mapping,pending,phase6_group=canonical_table
SM0297,local:src/battle_message.c:sText_PkmnsXWhippedUpSandstorm,sText_PkmnsXWhippedUpSandstorm,"{B_SCR_ACTIVE_NAME_WITH_PREFIX}'s {B_SCR_ACTIVE_ABILITY}
whipped up a sandstorm!",,pending,system_message,english,BATTLE_SYSTEM,1,c_u8,src/battle_message.c,284,2,{B_SCR_ACTIVE_NAME_WITH_PREFIX}; {B_SCR_ACTIVE_ABILITY},yes,pending_usage_to_window_mapping,pending,phase6_group=canonical_table
SM0298,local:src/battle_message.c:sText_PkmnsXPreventsYLoss,sText_PkmnsXPreventsYLoss,"{B_SCR_ACTIVE_NAME_WITH_PREFIX}'s {B_SCR_ACTIVE_ABILITY}
prevents {B_BUFF1} loss!",,pending,system_message,english,BATTLE_SYSTEM,1,c_u8,src/battle_message.c,286,2,{B_SCR_ACTIVE_NAME_WITH_PREFIX}; {B_SCR_ACTIVE_ABILITY}; {B_BUFF1},yes,pending_usage_to_window_mapping,pending,phase6_group=canonical_table
SM0299,local:src/battle_message.c:sText_PkmnsXInfatuatedY,sText_PkmnsXInfatuatedY,"{B_DEF_NAME_WITH_PREFIX}'s {B_DEF_ABILITY}
infatuated {B_ATK_NAME_WITH_PREFIX}!",,pending,system_message,english,BATTLE_SYSTEM,1,c_u8,src/battle_message.c,287,2,{B_DEF_NAME_WITH_PREFIX}; {B_DEF_ABILITY}; {B_ATK_NAME_WITH_PREFIX},yes,pending_usage_to_window_mapping,pending,phase6_group=canonical_table
SM0300,local:src/battle_message.c:sText_PkmnsXMadeYIneffective,sText_PkmnsXMadeYIneffective,"{B_DEF_NAME_WITH_PREFIX}'s {B_DEF_ABILITY}
made {B_CURRENT_MOVE} ineffective!",,pending,system_message,english,BATTLE_SYSTEM,1,c_u8,src/battle_message.c,288,2,{B_DEF_NAME_WITH_PREFIX}; {B_DEF_ABILITY}; {B_CURRENT_MOVE},yes,pending_usage_to_window_mapping,pending,phase6_group=canonical_table
SM0301,local:src/battle_message.c:sText_PkmnsXCuredYProblem,sText_PkmnsXCuredYProblem,"{B_SCR_ACTIVE_NAME_WITH_PREFIX}'s {B_SCR_ACTIVE_ABILITY}
cured its {B_BUFF1} problem!",,pending,system_message,english,BATTLE_SYSTEM,1,c_u8,src/battle_message.c,289,2,{B_SCR_ACTIVE_NAME_WITH_PREFIX}; {B_SCR_ACTIVE_ABILITY}; {B_BUFF1},yes,pending_usage_to_window_mapping,pending,phase6_group=canonical_table
SM0302,local:src/battle_message.c:sText_ItSuckedLiquidOoze,sText_ItSuckedLiquidOoze,"It sucked up the
LIQUID OOZE!",,pending,system_message,english,BATTLE_SYSTEM,1,c_u8,src/battle_message.c,290,2,,no,pending_usage_to_window_mapping,pending,phase6_group=canonical_table
SM0303,local:src/battle_message.c:sText_PkmnTransformed,sText_PkmnTransformed,{B_SCR_ACTIVE_NAME_WITH_PREFIX} transformed!,{B_SCR_ACTIVE_NAME_WITH_PREFIX} แปลงร่างแล้ว!,proof_passed,system_message,english,BATTLE;BATTLE_SYSTEM,1,c_u8,src/battle_message.c,291,1,{B_SCR_ACTIVE_NAME_WITH_PREFIX},yes,pending_usage_to_window_mapping,proof_passed,"GLCC 20260812-231157-phase6-batch06-battle-low-safe-messages: preview/build passed; visual QA pending.; GLCC 20260812-231157-phase6-batch06-battle-low-safe-messages: visual QA passed. Batch 06 QA Gallery reviewed: 10/10 pages passed. All selected strings were verified for correct Thai font rendering, spacing, clipping, layout, punctuation, placeholders, and terminology consistency."
SM0304,local:src/battle_message.c:sText_ElectricityWeakened,sText_ElectricityWeakened,"Electricity's power was
weakened!",,pending,system_message,english,BATTLE_SYSTEM,1,c_u8,src/battle_message.c,247,2,,no,pending_usage_to_window_mapping,pending,phase6_group=canonical_table
SM0305,local:src/battle_message.c:sText_FireWeakened,sText_FireWeakened,"Fire's power was
weakened!",,pending,system_message,english,BATTLE_SYSTEM,1,c_u8,src/battle_message.c,248,2,,no,pending_usage_to_window_mapping,pending,phase6_group=canonical_table
SM0306,local:src/battle_message.c:sText_PkmnHidUnderwater,sText_PkmnHidUnderwater,"{B_ATK_NAME_WITH_PREFIX} hid
underwater!",,pending,system_message,english,BATTLE_SYSTEM,1,c_u8,src/battle_message.c,141,2,{B_ATK_NAME_WITH_PREFIX},yes,pending_usage_to_window_mapping,pending,phase6_group=canonical_table
SM0307,local:src/battle_message.c:sText_PkmnSprangUp,sText_PkmnSprangUp,{B_ATK_NAME_WITH_PREFIX} sprang up!,{B_ATK_NAME_WITH_PREFIX} กระโดดขึ้น!,proof_passed,system_message,english,BATTLE;BATTLE_SYSTEM,1,c_u8,src/battle_message.c,142,1,{B_ATK_NAME_WITH_PREFIX},yes,pending_usage_to_window_mapping,proof_passed,"GLCC 20260812-231157-phase6-batch06-battle-low-safe-messages: preview/build passed; visual QA pending.; GLCC 20260812-231157-phase6-batch06-battle-low-safe-messages: visual QA passed. Batch 06 QA Gallery reviewed: 10/10 pages passed. All selected strings were verified for correct Thai font rendering, spacing, clipping, layout, punctuation, placeholders, and terminology consistency."
SM0308,local:src/battle_message.c:sText_HMMovesCantBeForgotten,sText_HMMovesCantBeForgotten,"HM moves can't be
forgotten now.\p",,pending,system_message,english,BATTLE_SYSTEM,1,c_u8,src/battle_message.c,315,2,\p,no,pending_usage_to_window_mapping,pending,phase6_group=canonical_table
SM0309,local:src/battle_message.c:sText_XFoundOneY,sText_XFoundOneY,"{B_ATK_NAME_WITH_PREFIX} found
one {B_LAST_ITEM}!",,pending,system_message,english,BATTLE_SYSTEM,1,c_u8,src/battle_message.c,249,2,{B_ATK_NAME_WITH_PREFIX}; {B_LAST_ITEM},yes,pending_usage_to_window_mapping,pending,phase6_group=canonical_table
SM0310,local:src/battle_message.c:sText_PlayerDefeatedLinkTrainerTrainer1,sText_PlayerDefeatedLinkTrainerTrainer1,"Player defeated
{B_TRAINER1_CLASS} {B_TRAINER1_NAME}!\p",,pending,system_message,english,BATTLE_SYSTEM,2,c_u8,src/battle_message.c,371,2,{B_TRAINER1_CLASS}; {B_TRAINER1_NAME}; \p,yes,pending_usage_to_window_mapping,pending,phase6_group=canonical_table
SM0311,local:src/battle_message.c:sText_SoothingAroma,sText_SoothingAroma,"A soothing aroma wafted
through the area!",,pending,system_message,english,BATTLE_SYSTEM,1,c_u8,src/battle_message.c,250,2,,no,pending_usage_to_window_mapping,pending,phase6_group=canonical_table
SM0312,local:src/battle_message.c:sText_ItemsCantBeUsedNow,sText_ItemsCantBeUsedNow,Items can't be used now.{PAUSE 64},,pending,system_message,english,BATTLE_SYSTEM,1,c_u8,src/battle_message.c,251,1,{PAUSE 64},no,pending_usage_to_window_mapping,pending,phase6_group=canonical_table
SM0313,local:src/battle_message.c:sText_ForXCommaYZ,sText_ForXCommaYZ,"For {B_SCR_ACTIVE_NAME_WITH_PREFIX},
{B_LAST_ITEM} {B_BUFF1}",,pending,system_message,english,BATTLE_SYSTEM,1,c_u8,src/battle_message.c,252,2,{B_SCR_ACTIVE_NAME_WITH_PREFIX}; {B_LAST_ITEM}; {B_BUFF1},yes,pending_usage_to_window_mapping,pending,phase6_group=canonical_table
SM0314,local:src/battle_message.c:sText_UsingItemTheStatOfPkmnRose,sText_UsingItemTheStatOfPkmnRose,"Using {B_LAST_ITEM}, the {B_BUFF1}
of {B_SCR_ACTIVE_NAME_WITH_PREFIX} {B_BUFF2}",,pending,system_message,english,BATTLE_SYSTEM,1,c_u8,src/battle_message.c,306,2,{B_LAST_ITEM}; {B_BUFF1}; {B_SCR_ACTIVE_NAME_WITH_PREFIX}; {B_BUFF2},yes,pending_usage_to_window_mapping,pending,phase6_group=canonical_table
SM0315,local:src/battle_message.c:sText_PkmnUsedXToGetPumped,sText_PkmnUsedXToGetPumped,"{B_SCR_ACTIVE_NAME_WITH_PREFIX} used
{B_LAST_ITEM} to get pumped!",,pending,system_message,english,BATTLE_SYSTEM,1,c_u8,src/battle_message.c,253,2,{B_SCR_ACTIVE_NAME_WITH_PREFIX}; {B_LAST_ITEM},yes,pending_usage_to_window_mapping,pending,phase6_group=canonical_table
SM0316,local:src/battle_message.c:sText_PkmnsXMadeYUseless,sText_PkmnsXMadeYUseless,"{B_DEF_NAME_WITH_PREFIX}'s {B_DEF_ABILITY}
made {B_CURRENT_MOVE} useless!",,pending,system_message,english,BATTLE_SYSTEM,1,c_u8,src/battle_message.c,268,2,{B_DEF_NAME_WITH_PREFIX}; {B_DEF_ABILITY}; {B_CURRENT_MOVE},yes,pending_usage_to_window_mapping,pending,phase6_group=canonical_table
SM0317,local:src/battle_message.c:sText_PkmnTrappedBySandTomb,sText_PkmnTrappedBySandTomb,"{B_DEF_NAME_WITH_PREFIX} was trapped
by SAND TOMB!",,pending,system_message,english,BATTLE_SYSTEM,1,c_u8,src/battle_message.c,145,2,{B_DEF_NAME_WITH_PREFIX},yes,pending_usage_to_window_mapping,pending,phase6_group=canonical_table
SM0318,local:src/battle_message.c:sText_EmptyString4,sText_EmptyString4,,,pending,system_message,nonlinguistic,BATTLE_SYSTEM,1,c_u8,src/battle_message.c,57,1,,no,pending_usage_to_window_mapping,pending,phase6_group=canonical_table
SM0319,local:src/battle_message.c:sText_ABoosted,sText_ABoosted, a boosted, โบนัส,proof_passed,system_message,english,BATTLE;BATTLE_SYSTEM,1,c_u8,src/battle_message.c,58,1,,no,pending_usage_to_window_mapping,proof_passed,"GLCC 20260812-225008-phase6-batch05-battle-low-safe-messages: preview/build passed; visual QA pending.; GLCC 20260812-225008-phase6-batch05-battle-low-safe-messages: visual QA passed. Batch 05 QA Gallery reviewed: 10/10 pages passed. All selected strings were verified for correct Thai font rendering, spacing, clipping, layout, punctuation, placeholders, and terminology consistency."
SM0320,local:src/battle_message.c:sText_PkmnsXIntensifiedSun,sText_PkmnsXIntensifiedSun,"{B_SCR_ACTIVE_NAME_WITH_PREFIX}'s {B_SCR_ACTIVE_ABILITY}
intensified the sun's rays!",,pending,system_message,english,BATTLE_SYSTEM,1,c_u8,src/battle_message.c,285,2,{B_SCR_ACTIVE_NAME_WITH_PREFIX}; {B_SCR_ACTIVE_ABILITY},yes,pending_usage_to_window_mapping,pending,phase6_group=canonical_table
SM0321,local:src/battle_message.c:sText_PkmnMakesGroundMiss,sText_PkmnMakesGroundMiss,"{B_DEF_NAME_WITH_PREFIX} makes GROUND
moves miss with {B_DEF_ABILITY}!",,pending,system_message,english,BATTLE_SYSTEM,1,c_u8,src/battle_message.c,71,2,{B_DEF_NAME_WITH_PREFIX}; {B_DEF_ABILITY},yes,pending_usage_to_window_mapping,pending,phase6_group=canonical_table
SM0322,local:src/battle_message.c:sText_YouThrowABallNowRight,sText_YouThrowABallNowRight,"You throw a BALL now, right?
I… I'll do my best!",,pending,system_message,english,BATTLE_SYSTEM,1,c_u8,src/battle_message.c,499,2,,no,pending_usage_to_window_mapping,pending,phase6_group=canonical_table
SM0323,local:src/battle_message.c:sText_PkmnsXTookAttack,sText_PkmnsXTookAttack,"{B_DEF_NAME_WITH_PREFIX}'s {B_DEF_ABILITY}
took the attack!",,pending,system_message,english,BATTLE_SYSTEM,1,c_u8,src/battle_message.c,292,2,{B_DEF_NAME_WITH_PREFIX}; {B_DEF_ABILITY},yes,pending_usage_to_window_mapping,pending,phase6_group=canonical_table
SM0324,local:src/battle_message.c:sText_PkmnChoseXAsDestiny,sText_PkmnChoseXAsDestiny,"{B_ATK_NAME_WITH_PREFIX} chose
{B_CURRENT_MOVE} as its destiny!",,pending,system_message,english,BATTLE_SYSTEM,1,c_u8,src/battle_message.c,217,2,{B_ATK_NAME_WITH_PREFIX}; {B_CURRENT_MOVE},yes,pending_usage_to_window_mapping,pending,phase6_group=canonical_table
SM0325,local:src/battle_message.c:sText_PkmnLostFocus,sText_PkmnLostFocus,"{B_ATK_NAME_WITH_PREFIX} lost its
focus and couldn't move!",,pending,system_message,english,BATTLE_SYSTEM,1,c_u8,src/battle_message.c,254,2,{B_ATK_NAME_WITH_PREFIX},yes,pending_usage_to_window_mapping,pending,phase6_group=canonical_table
SM0326,local:src/battle_message.c:sText_UseNextPkmn,sText_UseNextPkmn,Use next POKéMON?,ใช้โปเกมอนตัวต่อไปไหม?,proof_passed,system_message,english,BATTLE;BATTLE_SYSTEM,1,c_u8,src/battle_message.c,67,1,,no,pending_usage_to_window_mapping,proof_passed,"GLCC 20260812-231157-phase6-batch06-battle-low-safe-messages: preview/build passed; visual QA pending.; GLCC 20260812-231157-phase6-batch06-battle-low-safe-messages: visual QA passed. Batch 06 QA Gallery reviewed: 10/10 pages passed. All selected strings were verified for correct Thai font rendering, spacing, clipping, layout, punctuation, placeholders, and terminology consistency."
SM0327,local:src/battle_message.c:sText_PkmnFledUsingIts,sText_PkmnFledUsingIts,"{PLAY_SE SE_FLEE}{B_ATK_NAME_WITH_PREFIX} fled
using its {B_LAST_ITEM}!\p",,pending,system_message,english,BATTLE_SYSTEM,1,c_u8,src/battle_message.c,319,2,{PLAY_SE SE_FLEE}; {B_ATK_NAME_WITH_PREFIX}; {B_LAST_ITEM}; \p,yes,pending_usage_to_window_mapping,pending,phase6_group=canonical_table
SM0328,local:src/battle_message.c:sText_PkmnFledUsing,sText_PkmnFledUsing,"{PLAY_SE SE_FLEE}{B_ATK_NAME_WITH_PREFIX} fled
using {B_ATK_ABILITY}!\p",,pending,system_message,english,BATTLE_SYSTEM,1,c_u8,src/battle_message.c,320,2,{PLAY_SE SE_FLEE}; {B_ATK_NAME_WITH_PREFIX}; {B_ATK_ABILITY}; \p,yes,pending_usage_to_window_mapping,pending,phase6_group=canonical_table
SM0329,local:src/battle_message.c:sText_PkmnWasDraggedOut,sText_PkmnWasDraggedOut,"{B_DEF_NAME_WITH_PREFIX} was
dragged out!\p",,pending,system_message,english,BATTLE_SYSTEM,1,c_u8,src/battle_message.c,255,2,{B_DEF_NAME_WITH_PREFIX}; \p,yes,pending_usage_to_window_mapping,pending,phase6_group=canonical_table
SM0330,local:src/battle_message.c:sText_PreventedFromWorking,sText_PreventedFromWorking,"{B_DEF_NAME_WITH_PREFIX}'s {B_DEF_ABILITY}
prevented {B_SCR_ACTIVE_NAME_WITH_PREFIX}'s\l{B_BUFF1} from working!",,pending,system_message,english,BATTLE_SYSTEM,1,c_u8,src/battle_message.c,294,2,{B_DEF_NAME_WITH_PREFIX}; {B_DEF_ABILITY}; {B_SCR_ACTIVE_NAME_WITH_PREFIX}; \l; {B_BUFF1},yes,pending_usage_to_window_mapping,pending,phase6_group=canonical_table
SM0331,local:src/battle_message.c:sText_PkmnsItemNormalizedStatus,sText_PkmnsItemNormalizedStatus,"{B_SCR_ACTIVE_NAME_WITH_PREFIX}'s {B_LAST_ITEM}
normalized its status!",,pending,system_message,english,BATTLE_SYSTEM,1,c_u8,src/battle_message.c,491,2,{B_SCR_ACTIVE_NAME_WITH_PREFIX}; {B_LAST_ITEM},yes,pending_usage_to_window_mapping,pending,phase6_group=canonical_table
SM0332,local:src/battle_message.c:sText_Trainer1UsedItem,sText_Trainer1UsedItem,"{B_TRAINER1_CLASS} {B_TRAINER1_NAME}
used {B_LAST_ITEM}!",,pending,system_message,english,BATTLE_SYSTEM,1,c_u8,src/battle_message.c,463,2,{B_TRAINER1_CLASS}; {B_TRAINER1_NAME}; {B_LAST_ITEM},yes,pending_usage_to_window_mapping,pending,phase6_group=canonical_table
SM0333,local:src/battle_message.c:sText_BoxIsFull,sText_BoxIsFull,"The BOX is full!
You can't catch any more!\p",,pending,system_message,english,BATTLE_SYSTEM,1,c_u8,src/battle_message.c,481,2,\p,no,pending_usage_to_window_mapping,pending,phase6_group=canonical_table
SM0334,local:src/battle_message.c:sText_PkmnAvoidedAttack,sText_PkmnAvoidedAttack,"{B_DEF_NAME_WITH_PREFIX} avoided
the attack!",,pending,system_message,english,BATTLE_SYSTEM,1,c_u8,src/battle_message.c,72,2,{B_DEF_NAME_WITH_PREFIX},yes,pending_usage_to_window_mapping,pending,phase6_group=canonical_table
SM0335,local:src/battle_message.c:sText_PkmnsXMadeItIneffective,sText_PkmnsXMadeItIneffective,"{B_SCR_ACTIVE_NAME_WITH_PREFIX}'s {B_SCR_ACTIVE_ABILITY}
made it ineffective!",,pending,system_message,english,BATTLE_SYSTEM,1,c_u8,src/battle_message.c,295,2,{B_SCR_ACTIVE_NAME_WITH_PREFIX}; {B_SCR_ACTIVE_ABILITY},yes,pending_usage_to_window_mapping,pending,phase6_group=canonical_table
SM0336,local:src/battle_message.c:sText_PkmnsXPreventsFlinching,sText_PkmnsXPreventsFlinching,"{B_EFF_NAME_WITH_PREFIX}'s {B_EFF_ABILITY}
prevents flinching!",,pending,system_message,english,BATTLE_SYSTEM,1,c_u8,src/battle_message.c,296,2,{B_EFF_NAME_WITH_PREFIX}; {B_EFF_ABILITY},yes,pending_usage_to_window_mapping,pending,phase6_group=canonical_table
SM0337,local:src/battle_message.c:sText_PkmnAlreadyHasBurn,sText_PkmnAlreadyHasBurn,"{B_DEF_NAME_WITH_PREFIX} already
has a burn.",,pending,system_message,english,BATTLE_SYSTEM,1,c_u8,src/battle_message.c,97,2,{B_DEF_NAME_WITH_PREFIX},yes,pending_usage_to_window_mapping,pending,phase6_group=canonical_table
SM0338,local:src/battle_message.c:sText_StatsWontDecrease2,sText_StatsWontDecrease2,"{B_DEF_NAME_WITH_PREFIX}'s stats won't
go any lower!",,pending,system_message,english,BATTLE_SYSTEM,1,c_u8,src/battle_message.c,310,2,{B_DEF_NAME_WITH_PREFIX},yes,pending_usage_to_window_mapping,pending,phase6_group=canonical_table
SM0339,local:src/battle_message.c:sText_PkmnsXBlocksY2,sText_PkmnsXBlocksY2,"{B_SCR_ACTIVE_NAME_WITH_PREFIX}'s {B_SCR_ACTIVE_ABILITY}
blocks {B_CURRENT_MOVE}!",,pending,system_message,english,BATTLE_SYSTEM,1,c_u8,src/battle_message.c,282,2,{B_SCR_ACTIVE_NAME_WITH_PREFIX}; {B_SCR_ACTIVE_ABILITY}; {B_CURRENT_MOVE},yes,pending_usage_to_window_mapping,pending,phase6_group=canonical_table
SM0340,local:src/battle_message.c:sText_PkmnsXWoreOff,sText_PkmnsXWoreOff,"{B_ATK_PREFIX1}'s {B_BUFF1}
wore off!",,pending,system_message,english,BATTLE_SYSTEM,1,c_u8,src/battle_message.c,158,2,{B_ATK_PREFIX1}; {B_BUFF1},yes,pending_usage_to_window_mapping,pending,phase6_group=canonical_table
SM0341,local:src/battle_message.c:sText_PkmnRaisedDefALittle,sText_PkmnRaisedDefALittle,"{B_ATK_PREFIX2}'s {B_CURRENT_MOVE}
raised DEFENSE a little!",,pending,system_message,english,BATTLE_SYSTEM,1,c_u8,src/battle_message.c,129,2,{B_ATK_PREFIX2}; {B_CURRENT_MOVE},yes,pending_usage_to_window_mapping,pending,phase6_group=canonical_table
SM0342,local:src/battle_message.c:sText_PkmnRaisedSpDefALittle,sText_PkmnRaisedSpDefALittle,"{B_ATK_PREFIX2}'s {B_CURRENT_MOVE}
raised SP. DEF a little!",,pending,system_message,english,BATTLE_SYSTEM,1,c_u8,src/battle_message.c,127,2,{B_ATK_PREFIX2}; {B_CURRENT_MOVE},yes,pending_usage_to_window_mapping,pending,phase6_group=canonical_table
SM0343,local:src/battle_message.c:sText_TheWallShattered,sText_TheWallShattered,The wall shattered!,กำแพงพังทลาย!,proof_passed,system_message,english,BATTLE;BATTLE_SYSTEM,1,c_u8,src/battle_message.c,256,1,,no,pending_usage_to_window_mapping,proof_passed,"GLCC 20260812-231157-phase6-batch06-battle-low-safe-messages: preview/build passed; visual QA pending.; GLCC 20260812-231157-phase6-batch06-battle-low-safe-messages: visual QA passed. Batch 06 QA Gallery reviewed: 10/10 pages passed. All selected strings were verified for correct Thai font rendering, spacing, clipping, layout, punctuation, placeholders, and terminology consistency."
SM0344,local:src/battle_message.c:sText_PkmnsXPreventsYsZ,sText_PkmnsXPreventsYsZ,"{B_ATK_NAME_WITH_PREFIX}'s {B_ATK_ABILITY}
prevents {B_DEF_NAME_WITH_PREFIX}'s\l{B_DEF_ABILITY} from working!",,pending,system_message,english,BATTLE_SYSTEM,1,c_u8,src/battle_message.c,297,2,{B_ATK_NAME_WITH_PREFIX}; {B_ATK_ABILITY}; {B_DEF_NAME_WITH_PREFIX}; \l; {B_DEF_ABILITY},yes,pending_usage_to_window_mapping,pending,phase6_group=canonical_table
SM0345,local:src/battle_message.c:sText_PkmnsXCuredItsYProblem,sText_PkmnsXCuredItsYProblem,"{B_SCR_ACTIVE_NAME_WITH_PREFIX}'s {B_SCR_ACTIVE_ABILITY}
cured its {B_BUFF1} problem!",,pending,system_message,english,BATTLE_SYSTEM,1,c_u8,src/battle_message.c,298,2,{B_SCR_ACTIVE_NAME_WITH_PREFIX}; {B_SCR_ACTIVE_ABILITY}; {B_BUFF1},yes,pending_usage_to_window_mapping,pending,phase6_group=canonical_table
SM0346,local:src/battle_message.c:sText_AttackerCantEscape,sText_AttackerCantEscape,{B_ATK_NAME_WITH_PREFIX} can't escape!,{B_ATK_NAME_WITH_PREFIX} หนีไม่ได้!,proof_passed,system_message,english,BATTLE;BATTLE_SYSTEM,1,c_u8,src/battle_message.c,81,1,{B_ATK_NAME_WITH_PREFIX},yes,pending_usage_to_window_mapping,proof_passed,"GLCC 20260812-231157-phase6-batch06-battle-low-safe-messages: preview/build passed; visual QA pending.; GLCC 20260812-231157-phase6-batch06-battle-low-safe-messages: visual QA passed. Batch 06 QA Gallery reviewed: 10/10 pages passed. All selected strings were verified for correct Thai font rendering, spacing, clipping, layout, punctuation, placeholders, and terminology consistency."
SM0347,local:src/battle_message.c:sText_PkmnObtainedX,sText_PkmnObtainedX,"{B_ATK_NAME_WITH_PREFIX} obtained
{B_BUFF1}.",,pending,system_message,english,BATTLE_SYSTEM,1,c_u8,src/battle_message.c,228,2,{B_ATK_NAME_WITH_PREFIX}; {B_BUFF1},yes,pending_usage_to_window_mapping,pending,phase6_group=canonical_table
SM0348,local:src/battle_message.c:sText_PkmnObtainedX2,sText_PkmnObtainedX2,"{B_DEF_NAME_WITH_PREFIX} obtained
{B_BUFF2}.",,pending,system_message,english,BATTLE_SYSTEM,1,c_u8,src/battle_message.c,229,2,{B_DEF_NAME_WITH_PREFIX}; {B_BUFF2},yes,pending_usage_to_window_mapping,pending,phase6_group=canonical_table
SM0349,local:src/battle_message.c:sText_PkmnObtainedXYObtainedZ,sText_PkmnObtainedXYObtainedZ,"{B_ATK_NAME_WITH_PREFIX} obtained
{B_BUFF1}.\p{B_DEF_NAME_WITH_PREFIX} obtained
{B_BUFF2}.",,pending,system_message,english,BATTLE_SYSTEM,1,c_u8,src/battle_message.c,230,3,{B_ATK_NAME_WITH_PREFIX}; {B_BUFF1}; \p; {B_DEF_NAME_WITH_PREFIX}; {B_BUFF2},yes,pending_usage_to_window_mapping,pending,phase6_group=canonical_table
SM0350,local:src/battle_message.c:sText_ButNoEffect,sText_ButNoEffect,But it had no effect!,แต่ไม่มีผลอะไร!,proof_passed,system_message,english,BATTLE;BATTLE_SYSTEM,1,c_u8,src/battle_message.c,257,1,,no,pending_usage_to_window_mapping,proof_passed,"GLCC 20260813-094653-phase6-batch07-battle-low-safe-messages: preview/build passed; visual QA pending.; GLCC 20260813-094653-phase6-batch07-battle-low-safe-messages: visual QA passed. Batch 07 QA Gallery reviewed: 10/10 pages passed. All selected strings were verified for correct Thai font rendering, spacing, clipping, layout, punctuation, placeholders, and terminology consistency."
SM0351,local:src/battle_message.c:sText_PkmnsXHadNoEffectOnY,sText_PkmnsXHadNoEffectOnY,"{B_SCR_ACTIVE_NAME_WITH_PREFIX}'s {B_SCR_ACTIVE_ABILITY}
had no effect on {B_EFF_NAME_WITH_PREFIX}!",,pending,system_message,english,BATTLE_SYSTEM,1,c_u8,src/battle_message.c,299,2,{B_SCR_ACTIVE_NAME_WITH_PREFIX}; {B_SCR_ACTIVE_ABILITY}; {B_EFF_NAME_WITH_PREFIX},yes,pending_usage_to_window_mapping,pending,phase6_group=canonical_table
SM0352,local:src/battle_message.c:sText_TwoInGameTrainersDefeated,sText_TwoInGameTrainersDefeated,"{B_TRAINER1_CLASS} {B_TRAINER1_NAME} and
{B_TRAINER2_CLASS} {B_TRAINER2_NAME}\lwere defeated!\p",,pending,system_message,english,BATTLE_SYSTEM,2,c_u8,src/battle_message.c,1380,2,{B_TRAINER1_CLASS}; {B_TRAINER1_NAME}; {B_TRAINER2_CLASS}; {B_TRAINER2_NAME}; \l; \p,yes,pending_usage_to_window_mapping,pending,phase6_group=canonical_table
SM0353,local:src/battle_message.c:sText_Trainer2LoseText,sText_Trainer2LoseText,{B_TRAINER2_LOSE_TEXT},{B_TRAINER2_LOSE_TEXT},proof_passed,system_message,nonlinguistic,BATTLE;BATTLE_SYSTEM,1,c_u8,src/battle_message.c,1381,1,{B_TRAINER2_LOSE_TEXT},yes,pending_usage_to_window_mapping,proof_passed,"GLCC 20260813-102147-phase6-batch09-battle-trainer-result-token-labels: preview/build passed; visual QA pending.; GLCC 20260813-102147-phase6-batch09-battle-trainer-result-token-labels: visual QA passed. Batch 09 QA Gallery reviewed: 4/4 pages passed. All selected strings were verified for correct Thai font rendering, spacing, clipping, layout, punctuation, placeholders, and terminology consistency."
SM0354,local:src/battle_message.c:sText_PkmnIncapableOfPower,sText_PkmnIncapableOfPower,"{B_ATK_NAME_WITH_PREFIX} appears incapable
of using its power!",,pending,system_message,english,BATTLE_SYSTEM,1,c_u8,src/battle_message.c,1382,2,{B_ATK_NAME_WITH_PREFIX},yes,pending_usage_to_window_mapping,pending,phase6_group=canonical_table
SM0355,local:src/battle_message.c:sText_GlintAppearsInEye,sText_GlintAppearsInEye,"A glint appears in
{B_SCR_ACTIVE_NAME_WITH_PREFIX}'s eyes!",,pending,system_message,english,BATTLE_SYSTEM,1,c_u8,src/battle_message.c,1383,2,{B_SCR_ACTIVE_NAME_WITH_PREFIX},yes,pending_usage_to_window_mapping,pending,phase6_group=canonical_table
SM0356,local:src/battle_message.c:sText_PkmnGettingIntoPosition,sText_PkmnGettingIntoPosition,"{B_SCR_ACTIVE_NAME_WITH_PREFIX} is getting into
position!",,pending,system_message,english,BATTLE_SYSTEM,1,c_u8,src/battle_message.c,1384,2,{B_SCR_ACTIVE_NAME_WITH_PREFIX},yes,pending_usage_to_window_mapping,pending,phase6_group=canonical_table
SM0357,local:src/battle_message.c:sText_PkmnBeganGrowlingDeeply,sText_PkmnBeganGrowlingDeeply,{B_SCR_ACTIVE_NAME_WITH_PREFIX} began growling deeply!,{B_SCR_ACTIVE_NAME_WITH_PREFIX} เริ่มคำรามเสียงต่ำ!,proof_passed,system_message,english,BATTLE;BATTLE_SYSTEM,1,c_u8,src/battle_message.c,1385,1,{B_SCR_ACTIVE_NAME_WITH_PREFIX},yes,pending_usage_to_window_mapping,proof_passed,"GLCC 20260813-094653-phase6-batch07-battle-low-safe-messages: preview/build passed; visual QA pending.; GLCC 20260813-094653-phase6-batch07-battle-low-safe-messages: visual QA passed. Batch 07 QA Gallery reviewed: 10/10 pages passed. All selected strings were verified for correct Thai font rendering, spacing, clipping, layout, punctuation, placeholders, and terminology consistency."
SM0358,local:src/battle_message.c:sText_PkmnEagerForMore,sText_PkmnEagerForMore,{B_SCR_ACTIVE_NAME_WITH_PREFIX} is eager for more!,{B_SCR_ACTIVE_NAME_WITH_PREFIX} ยังอยากสู้ต่อ!,proof_passed,system_message,english,BATTLE;BATTLE_SYSTEM,1,c_u8,src/battle_message.c,1386,1,{B_SCR_ACTIVE_NAME_WITH_PREFIX},yes,pending_usage_to_window_mapping,proof_passed,"GLCC 20260813-094653-phase6-batch07-battle-low-safe-messages: preview/build passed; visual QA pending.; GLCC 20260813-094653-phase6-batch07-battle-low-safe-messages: visual QA passed. Batch 07 QA Gallery reviewed: 10/10 pages passed. All selected strings were verified for correct Thai font rendering, spacing, clipping, layout, punctuation, placeholders, and terminology consistency."
SM0359,local:src/battle_message.c:sText_DefeatedOpponentByReferee,sText_DefeatedOpponentByReferee,"{B_PLAYER_MON1_NAME} defeated the opponent
{B_OPPONENT_MON1_NAME} in a REFEREE's decision!",,pending,system_message,english,BATTLE_SYSTEM,1,c_u8,src/battle_message.c,1404,2,{B_PLAYER_MON1_NAME}; {B_OPPONENT_MON1_NAME},yes,pending_usage_to_window_mapping,pending,phase6_group=canonical_table
SM0360,local:src/battle_message.c:sText_LostToOpponentByReferee,sText_LostToOpponentByReferee,"{B_PLAYER_MON1_NAME} lost to the opponent
{B_OPPONENT_MON1_NAME} in a REFEREE's decision!",,pending,system_message,english,BATTLE_SYSTEM,1,c_u8,src/battle_message.c,1405,2,{B_PLAYER_MON1_NAME}; {B_OPPONENT_MON1_NAME},yes,pending_usage_to_window_mapping,pending,phase6_group=canonical_table
SM0361,local:src/battle_message.c:sText_TiedOpponentByReferee,sText_TiedOpponentByReferee,"{B_PLAYER_MON1_NAME} tied the opponent
{B_OPPONENT_MON1_NAME} in a REFEREE's decision!",,pending,system_message,english,BATTLE_SYSTEM,1,c_u8,src/battle_message.c,1406,2,{B_PLAYER_MON1_NAME}; {B_OPPONENT_MON1_NAME},yes,pending_usage_to_window_mapping,pending,phase6_group=canonical_table
SM0362,local:src/battle_message.c:sText_QuestionForfeitMatch,sText_QuestionForfeitMatch,"Would you like to forfeit the match
and quit now?",,pending,system_message,english,BATTLE_SYSTEM,1,c_u8,src/battle_message.c,1422,2,,no,pending_usage_to_window_mapping,pending,phase6_group=canonical_table
SM0363,local:src/battle_message.c:sText_ForfeitedMatch,sText_ForfeitedMatch,{B_PLAYER_NAME} forfeited the match!,{B_PLAYER_NAME} ยอมแพ้การแข่งขัน!,proof_passed,system_message,english,BATTLE;BATTLE_SYSTEM,1,c_u8,src/battle_message.c,1423,1,{B_PLAYER_NAME},yes,pending_usage_to_window_mapping,proof_passed,"GLCC 20260813-094653-phase6-batch07-battle-low-safe-messages: preview/build passed; visual QA pending.; GLCC 20260813-094653-phase6-batch07-battle-low-safe-messages: visual QA passed. Batch 07 QA Gallery reviewed: 10/10 pages passed. All selected strings were verified for correct Thai font rendering, spacing, clipping, layout, punctuation, placeholders, and terminology consistency."
SM0364,local:src/battle_message.c:sText_Trainer1WinText,sText_Trainer1WinText,{B_TRAINER1_WIN_TEXT},{B_TRAINER1_WIN_TEXT},proof_passed,system_message,nonlinguistic,BATTLE;BATTLE_SYSTEM,1,c_u8,src/battle_message.c,1424,1,{B_TRAINER1_WIN_TEXT},yes,pending_usage_to_window_mapping,proof_passed,"GLCC 20260813-102147-phase6-batch09-battle-trainer-result-token-labels: preview/build passed; visual QA pending.; GLCC 20260813-102147-phase6-batch09-battle-trainer-result-token-labels: visual QA passed. Batch 09 QA Gallery reviewed: 4/4 pages passed. All selected strings were verified for correct Thai font rendering, spacing, clipping, layout, punctuation, placeholders, and terminology consistency."
SM0365,local:src/battle_message.c:sText_Trainer2WinText,sText_Trainer2WinText,{B_TRAINER2_WIN_TEXT},{B_TRAINER2_WIN_TEXT},proof_passed,system_message,nonlinguistic,BATTLE;BATTLE_SYSTEM,1,c_u8,src/battle_message.c,1425,1,{B_TRAINER2_WIN_TEXT},yes,pending_usage_to_window_mapping,proof_passed,"GLCC 20260813-102147-phase6-batch09-battle-trainer-result-token-labels: preview/build passed; visual QA pending.; GLCC 20260813-102147-phase6-batch09-battle-trainer-result-token-labels: visual QA passed. Batch 09 QA Gallery reviewed: 4/4 pages passed. All selected strings were verified for correct Thai font rendering, spacing, clipping, layout, punctuation, placeholders, and terminology consistency."
SM0366,local:src/battle_message.c:sText_TwoTrainersWantToBattle,sText_TwoTrainersWantToBattle,"{B_TRAINER1_CLASS} {B_TRAINER1_NAME} and
{B_TRAINER2_CLASS} {B_TRAINER2_NAME}\lwant to battle!\p",,pending,system_message,english,BATTLE_SYSTEM,3,c_u8,src/battle_message.c,1378,2,{B_TRAINER1_CLASS}; {B_TRAINER1_NAME}; {B_TRAINER2_CLASS}; {B_TRAINER2_NAME}; \l; \p,yes,pending_usage_to_window_mapping,pending,phase6_group=dynamic_direct
SM0367,local:src/battle_message.c:sText_TwoLinkTrainersWantToBattlePause,sText_TwoLinkTrainersWantToBattlePause,"{B_LINK_OPPONENT1_NAME} and {B_LINK_OPPONENT2_NAME}
want to battle!{PAUSE 49}",,pending,system_message,english,BATTLE_SYSTEM,1,c_u8,src/battle_message.c,1432,2,{B_LINK_OPPONENT1_NAME}; {B_LINK_OPPONENT2_NAME}; {PAUSE 49},yes,pending_usage_to_window_mapping,pending,phase6_group=dynamic_direct
SM0368,local:src/battle_message.c:sText_TwoLinkTrainersWantToBattle,sText_TwoLinkTrainersWantToBattle,"{B_LINK_OPPONENT1_NAME} and {B_LINK_OPPONENT2_NAME}
want to battle!",,pending,system_message,english,BATTLE_SYSTEM,1,c_u8,src/battle_message.c,387,2,{B_LINK_OPPONENT1_NAME}; {B_LINK_OPPONENT2_NAME},yes,pending_usage_to_window_mapping,pending,phase6_group=dynamic_direct
SM0369,local:src/battle_message.c:sText_Trainer1WantsToBattle,sText_Trainer1WantsToBattle,"{B_TRAINER1_CLASS} {B_TRAINER1_NAME}
would like to battle!\p",,pending,system_message,english,BATTLE_SYSTEM,2,c_u8,src/battle_message.c,385,2,{B_TRAINER1_CLASS}; {B_TRAINER1_NAME}; \p,yes,pending_usage_to_window_mapping,pending,phase6_group=dynamic_direct
SM0370,local:src/battle_message.c:sText_LinkTrainerWantsToBattlePause,sText_LinkTrainerWantsToBattlePause,"{B_LINK_OPPONENT1_NAME}
wants to battle!{PAUSE 49}",,pending,system_message,english,BATTLE_SYSTEM,1,c_u8,src/battle_message.c,1431,2,{B_LINK_OPPONENT1_NAME}; {PAUSE 49},yes,pending_usage_to_window_mapping,pending,phase6_group=dynamic_direct
SM0371,local:src/battle_message.c:sText_LinkTrainerWantsToBattle,sText_LinkTrainerWantsToBattle,"{B_LINK_OPPONENT1_NAME}
wants to battle!",,pending,system_message,english,BATTLE_SYSTEM,1,c_u8,src/battle_message.c,386,2,{B_LINK_OPPONENT1_NAME},yes,pending_usage_to_window_mapping,pending,phase6_group=dynamic_direct
SM0372,local:src/battle_message.c:sText_LegendaryPkmnAppeared,sText_LegendaryPkmnAppeared,Wild {B_OPPONENT_MON1_NAME} appeared!\p,โปเกมอนป่า {B_OPPONENT_MON1_NAME} ปรากฏตัว!\p,proof_passed,system_message,english,BATTLE;BATTLE_SYSTEM,1,c_u8,src/battle_message.c,382,1,{B_OPPONENT_MON1_NAME}; \p,yes,pending_usage_to_window_mapping,proof_passed,"GLCC 20260812-225008-phase6-batch05-battle-low-safe-messages: preview/build passed; visual QA pending.; GLCC 20260812-225008-phase6-batch05-battle-low-safe-messages: visual QA passed. Batch 05 QA Gallery reviewed: 10/10 pages passed. All selected strings were verified for correct Thai font rendering, spacing, clipping, layout, punctuation, placeholders, and terminology consistency."
SM0373,local:src/battle_message.c:sText_TwoWildPkmnAppeared,sText_TwoWildPkmnAppeared,"Wild {B_OPPONENT_MON1_NAME} and
{B_OPPONENT_MON2_NAME} appeared!\p",,pending,system_message,english,BATTLE_SYSTEM,1,c_u8,src/battle_message.c,384,2,{B_OPPONENT_MON1_NAME}; {B_OPPONENT_MON2_NAME}; \p,yes,pending_usage_to_window_mapping,pending,phase6_group=dynamic_direct
SM0374,local:src/battle_message.c:sText_WildPkmnAppearedPause,sText_WildPkmnAppearedPause,Wild {B_OPPONENT_MON1_NAME} appeared!{PAUSE 127},,pending,system_message,english,BATTLE_SYSTEM,1,c_u8,src/battle_message.c,383,1,{B_OPPONENT_MON1_NAME}; {PAUSE 127},yes,pending_usage_to_window_mapping,pending,phase6_group=dynamic_direct
SM0375,local:src/battle_message.c:sText_WildPkmnAppeared,sText_WildPkmnAppeared,Wild {B_OPPONENT_MON1_NAME} appeared!\p,โปเกมอนป่า {B_OPPONENT_MON1_NAME} ปรากฏตัว!\p,proof_passed,system_message,english,BATTLE;BATTLE_SYSTEM,1,c_u8,src/battle_message.c,381,1,{B_OPPONENT_MON1_NAME}; \p,yes,pending_usage_to_window_mapping,proof_passed,"GLCC 20260812-225008-phase6-batch05-battle-low-safe-messages: preview/build passed; visual QA pending.; GLCC 20260812-225008-phase6-batch05-battle-low-safe-messages: visual QA passed. Batch 05 QA Gallery reviewed: 10/10 pages passed. All selected strings were verified for correct Thai font rendering, spacing, clipping, layout, punctuation, placeholders, and terminology consistency."
SM0376,local:src/battle_message.c:sText_InGamePartnerSentOutZGoN,sText_InGamePartnerSentOutZGoN,"{B_PARTNER_CLASS} {B_PARTNER_NAME} sent
out {B_PLAYER_MON2_NAME}!\lGo, {B_PLAYER_MON1_NAME}!",,pending,system_message,english,BATTLE_SYSTEM,1,c_u8,src/battle_message.c,1379,2,{B_PARTNER_CLASS}; {B_PARTNER_NAME}; {B_PLAYER_MON2_NAME}; \l; {B_PLAYER_MON1_NAME},yes,pending_usage_to_window_mapping,pending,phase6_group=dynamic_direct
SM0377,local:src/battle_message.c:sText_GoTwoPkmn,sText_GoTwoPkmn,"Go! {B_PLAYER_MON1_NAME} and
{B_PLAYER_MON2_NAME}!",,pending,system_message,english,BATTLE_SYSTEM,2,c_u8,src/battle_message.c,397,2,{B_PLAYER_MON1_NAME}; {B_PLAYER_MON2_NAME},yes,pending_usage_to_window_mapping,pending,phase6_group=dynamic_direct
SM0378,local:src/battle_message.c:sText_LinkPartnerSentOutPkmnGoPkmn,sText_LinkPartnerSentOutPkmnGoPkmn,"{B_LINK_PARTNER_NAME} sent out {B_LINK_PLAYER_MON2_NAME}!
Go! {B_LINK_PLAYER_MON1_NAME}!",,pending,system_message,english,BATTLE_SYSTEM,1,c_u8,src/battle_message.c,402,2,{B_LINK_PARTNER_NAME}; {B_LINK_PLAYER_MON2_NAME}; {B_LINK_PLAYER_MON1_NAME},yes,pending_usage_to_window_mapping,pending,phase6_group=dynamic_direct
SM0379,local:src/battle_message.c:sText_GoPkmn,sText_GoPkmn,Go! {B_PLAYER_MON1_NAME}!,ไปเลย! {B_PLAYER_MON1_NAME}!,proof_passed,system_message,english,BATTLE;BATTLE_SYSTEM,1,c_u8,src/battle_message.c,396,1,{B_PLAYER_MON1_NAME},yes,pending_usage_to_window_mapping,proof_passed,"GLCC 20260813-094653-phase6-batch07-battle-low-safe-messages: preview/build passed; visual QA pending.; GLCC 20260813-094653-phase6-batch07-battle-low-safe-messages: visual QA passed. Batch 07 QA Gallery reviewed: 10/10 pages passed. All selected strings were verified for correct Thai font rendering, spacing, clipping, layout, punctuation, placeholders, and terminology consistency."
SM0380,local:src/battle_message.c:sText_TwoTrainersSentPkmn,sText_TwoTrainersSentPkmn,"{B_TRAINER1_CLASS} {B_TRAINER1_NAME} sent
out {B_OPPONENT_MON1_NAME}!\p{B_TRAINER2_CLASS} {B_TRAINER2_NAME} sent
out {B_OPPONENT_MON2_NAME}!",,pending,system_message,english,BATTLE_SYSTEM,2,c_u8,src/battle_message.c,1376,3,{B_TRAINER1_CLASS}; {B_TRAINER1_NAME}; {B_OPPONENT_MON1_NAME}; \p; {B_TRAINER2_CLASS}; {B_TRAINER2_NAME}; {B_OPPONENT_MON2_NAME},yes,pending_usage_to_window_mapping,pending,phase6_group=dynamic_direct
SM0381,local:src/battle_message.c:sText_TwoLinkTrainersSentOutPkmn,sText_TwoLinkTrainersSentOutPkmn,"{B_LINK_OPPONENT1_NAME} sent out {B_LINK_OPPONENT_MON1_NAME}!
{B_LINK_OPPONENT2_NAME} sent out {B_LINK_OPPONENT_MON2_NAME}!",,pending,system_message,english,BATTLE_SYSTEM,1,c_u8,src/battle_message.c,393,2,{B_LINK_OPPONENT1_NAME}; {B_LINK_OPPONENT_MON1_NAME}; {B_LINK_OPPONENT2_NAME}; {B_LINK_OPPONENT_MON2_NAME},yes,pending_usage_to_window_mapping,pending,phase6_group=dynamic_direct
SM0382,local:src/battle_message.c:sText_LinkTrainerSentOutTwoPkmn,sText_LinkTrainerSentOutTwoPkmn,"{B_LINK_OPPONENT1_NAME} sent out
{B_OPPONENT_MON1_NAME} and {B_OPPONENT_MON2_NAME}!",,pending,system_message,english,BATTLE_SYSTEM,1,c_u8,src/battle_message.c,392,2,{B_LINK_OPPONENT1_NAME}; {B_OPPONENT_MON1_NAME}; {B_OPPONENT_MON2_NAME},yes,pending_usage_to_window_mapping,pending,phase6_group=dynamic_direct
SM0383,local:src/battle_message.c:sText_Trainer1SentOutTwoPkmn,sText_Trainer1SentOutTwoPkmn,"{B_TRAINER1_CLASS} {B_TRAINER1_NAME} sent
out {B_OPPONENT_MON1_NAME} and {B_OPPONENT_MON2_NAME}!",,pending,system_message,english,BATTLE_SYSTEM,1,c_u8,src/battle_message.c,389,2,{B_TRAINER1_CLASS}; {B_TRAINER1_NAME}; {B_OPPONENT_MON1_NAME}; {B_OPPONENT_MON2_NAME},yes,pending_usage_to_window_mapping,pending,phase6_group=dynamic_direct
SM0384,local:src/battle_message.c:sText_Trainer1SentOutPkmn,sText_Trainer1SentOutPkmn,"{B_TRAINER1_CLASS} {B_TRAINER1_NAME} sent
out {B_OPPONENT_MON1_NAME}!",,pending,system_message,english,BATTLE_SYSTEM,2,c_u8,src/battle_message.c,388,2,{B_TRAINER1_CLASS}; {B_TRAINER1_NAME}; {B_OPPONENT_MON1_NAME},yes,pending_usage_to_window_mapping,pending,phase6_group=dynamic_direct
SM0385,local:src/battle_message.c:sText_LinkTrainerSentOutPkmn,sText_LinkTrainerSentOutPkmn,"{B_LINK_OPPONENT1_NAME} sent out
{B_OPPONENT_MON1_NAME}!",,pending,system_message,english,BATTLE_SYSTEM,1,c_u8,src/battle_message.c,391,2,{B_LINK_OPPONENT1_NAME}; {B_OPPONENT_MON1_NAME},yes,pending_usage_to_window_mapping,pending,phase6_group=dynamic_direct
SM0386,local:src/battle_message.c:sText_PkmnThatsEnough,sText_PkmnThatsEnough,"{B_BUFF1}, that's enough!
Come back!",,pending,system_message,english,BATTLE_SYSTEM,1,c_u8,src/battle_message.c,403,2,{B_BUFF1},yes,pending_usage_to_window_mapping,pending,phase6_group=dynamic_direct
SM0387,local:src/battle_message.c:sText_PkmnComeBack,sText_PkmnComeBack,"{B_BUFF1}, come back!",{B_BUFF1} กลับมา!,proof_passed,system_message,english,BATTLE;BATTLE_SYSTEM,1,c_u8,src/battle_message.c,404,1,{B_BUFF1},yes,pending_usage_to_window_mapping,proof_passed,"GLCC 20260813-094653-phase6-batch07-battle-low-safe-messages: preview/build passed; visual QA pending.; GLCC 20260813-094653-phase6-batch07-battle-low-safe-messages: visual QA passed. Batch 07 QA Gallery reviewed: 10/10 pages passed. All selected strings were verified for correct Thai font rendering, spacing, clipping, layout, punctuation, placeholders, and terminology consistency."
SM0388,local:src/battle_message.c:sText_PkmnOkComeBack,sText_PkmnOkComeBack,"{B_BUFF1}, OK!
Come back!",,pending,system_message,english,BATTLE_SYSTEM,1,c_u8,src/battle_message.c,405,2,{B_BUFF1},yes,pending_usage_to_window_mapping,pending,phase6_group=dynamic_direct
SM0389,local:src/battle_message.c:sText_PkmnGoodComeBack,sText_PkmnGoodComeBack,"{B_BUFF1}, good!
Come back!",,pending,system_message,english,BATTLE_SYSTEM,1,c_u8,src/battle_message.c,406,2,{B_BUFF1},yes,pending_usage_to_window_mapping,pending,phase6_group=dynamic_direct
SM0390,local:src/battle_message.c:sText_LinkTrainer2WithdrewPkmn,sText_LinkTrainer2WithdrewPkmn,"{B_LINK_SCR_TRAINER_NAME} withdrew
{B_BUFF1}!",,pending,system_message,english,BATTLE_SYSTEM,1,c_u8,src/battle_message.c,409,2,{B_LINK_SCR_TRAINER_NAME}; {B_BUFF1},yes,pending_usage_to_window_mapping,pending,phase6_group=dynamic_direct
SM0391,local:src/battle_message.c:sText_LinkTrainer1WithdrewPkmn,sText_LinkTrainer1WithdrewPkmn,"{B_LINK_OPPONENT1_NAME} withdrew
{B_BUFF1}!",,pending,system_message,english,BATTLE_SYSTEM,1,c_u8,src/battle_message.c,408,2,{B_LINK_OPPONENT1_NAME}; {B_BUFF1},yes,pending_usage_to_window_mapping,pending,phase6_group=dynamic_direct
SM0392,local:src/battle_message.c:sText_Trainer1WithdrewPkmn,sText_Trainer1WithdrewPkmn,"{B_TRAINER1_CLASS} {B_TRAINER1_NAME}
withdrew {B_BUFF1}!",,pending,system_message,english,BATTLE_SYSTEM,1,c_u8,src/battle_message.c,407,2,{B_TRAINER1_CLASS}; {B_TRAINER1_NAME}; {B_BUFF1},yes,pending_usage_to_window_mapping,pending,phase6_group=dynamic_direct
SM0393,local:src/battle_message.c:sText_GoPkmn2,sText_GoPkmn2,Go! {B_BUFF1}!,ไปเลย! {B_BUFF1}!,proof_passed,system_message,english,BATTLE;BATTLE_SYSTEM,1,c_u8,src/battle_message.c,398,1,{B_BUFF1},yes,pending_usage_to_window_mapping,proof_passed,"GLCC 20260813-094653-phase6-batch07-battle-low-safe-messages: preview/build passed; visual QA pending.; GLCC 20260813-094653-phase6-batch07-battle-low-safe-messages: visual QA passed. Batch 07 QA Gallery reviewed: 10/10 pages passed. All selected strings were verified for correct Thai font rendering, spacing, clipping, layout, punctuation, placeholders, and terminology consistency."
SM0394,local:src/battle_message.c:sText_DoItPkmn,sText_DoItPkmn,Do it! {B_BUFF1}!,ลุยเลย! {B_BUFF1}!,proof_passed,system_message,english,BATTLE;BATTLE_SYSTEM,1,c_u8,src/battle_message.c,399,1,{B_BUFF1},yes,pending_usage_to_window_mapping,proof_passed,"GLCC 20260813-094653-phase6-batch07-battle-low-safe-messages: preview/build passed; visual QA pending.; GLCC 20260813-094653-phase6-batch07-battle-low-safe-messages: visual QA passed. Batch 07 QA Gallery reviewed: 10/10 pages passed. All selected strings were verified for correct Thai font rendering, spacing, clipping, layout, punctuation, placeholders, and terminology consistency."
SM0395,local:src/battle_message.c:sText_GoForItPkmn,sText_GoForItPkmn,"Go for it, {B_BUFF1}!",เอาเลย {B_BUFF1}!,proof_passed,system_message,english,BATTLE;BATTLE_SYSTEM,1,c_u8,src/battle_message.c,400,1,{B_BUFF1},yes,pending_usage_to_window_mapping,proof_passed,"GLCC 20260813-094653-phase6-batch07-battle-low-safe-messages: preview/build passed; visual QA pending.; GLCC 20260813-094653-phase6-batch07-battle-low-safe-messages: visual QA passed. Batch 07 QA Gallery reviewed: 10/10 pages passed. All selected strings were verified for correct Thai font rendering, spacing, clipping, layout, punctuation, placeholders, and terminology consistency."
SM0396,local:src/battle_message.c:sText_YourFoesWeakGetEmPkmn,sText_YourFoesWeakGetEmPkmn,"Your foe's weak!
Get 'em, {B_BUFF1}!",,pending,system_message,english,BATTLE_SYSTEM,1,c_u8,src/battle_message.c,401,2,{B_BUFF1},yes,pending_usage_to_window_mapping,pending,phase6_group=dynamic_direct
SM0397,local:src/battle_message.c:sText_Trainer1SentOutPkmn2,sText_Trainer1SentOutPkmn2,"{B_TRAINER1_CLASS} {B_TRAINER1_NAME} sent
out {B_BUFF1}!",,pending,system_message,english,BATTLE_SYSTEM,4,c_u8,src/battle_message.c,390,2,{B_TRAINER1_CLASS}; {B_TRAINER1_NAME}; {B_BUFF1},yes,pending_usage_to_window_mapping,pending,phase6_group=dynamic_direct
SM0398,local:src/battle_message.c:sText_Trainer2SentOutPkmn,sText_Trainer2SentOutPkmn,"{B_TRAINER2_CLASS} {B_TRAINER2_NAME} sent
out {B_BUFF1}!",,pending,system_message,english,BATTLE_SYSTEM,2,c_u8,src/battle_message.c,1377,2,{B_TRAINER2_CLASS}; {B_TRAINER2_NAME}; {B_BUFF1},yes,pending_usage_to_window_mapping,pending,phase6_group=dynamic_direct
SM0399,local:src/battle_message.c:sText_LinkTrainerMultiSentOutPkmn,sText_LinkTrainerMultiSentOutPkmn,"{B_LINK_SCR_TRAINER_NAME} sent out
{B_BUFF1}!",,pending,system_message,english,BATTLE_SYSTEM,1,c_u8,src/battle_message.c,395,2,{B_LINK_SCR_TRAINER_NAME}; {B_BUFF1},yes,pending_usage_to_window_mapping,pending,phase6_group=dynamic_direct
SM0400,local:src/battle_message.c:sText_LinkTrainerSentOutPkmn2,sText_LinkTrainerSentOutPkmn2,"{B_LINK_OPPONENT1_NAME} sent out
{B_BUFF1}!",,pending,system_message,english,BATTLE_SYSTEM,1,c_u8,src/battle_message.c,394,2,{B_LINK_OPPONENT1_NAME}; {B_BUFF1},yes,pending_usage_to_window_mapping,pending,phase6_group=dynamic_direct
SM0401,local:src/battle_message.c:sText_AttackerUsedX,sText_AttackerUsedX,"{B_ATK_NAME_WITH_PREFIX} used
{B_BUFF2}",,pending,system_message,english,BATTLE_SYSTEM,1,c_u8,src/battle_message.c,419,2,{B_ATK_NAME_WITH_PREFIX}; {B_BUFF2},yes,pending_usage_to_window_mapping,pending,phase6_group=dynamic_direct
SM0402,local:src/battle_message.c:sText_TwoWildFled,sText_TwoWildFled,"{PLAY_SE SE_FLEE}{B_LINK_OPPONENT1_NAME} and
{B_LINK_OPPONENT2_NAME} fled!",,pending,system_message,english,BATTLE_SYSTEM,1,c_u8,src/battle_message.c,329,2,{PLAY_SE SE_FLEE}; {B_LINK_OPPONENT1_NAME}; {B_LINK_OPPONENT2_NAME},yes,pending_usage_to_window_mapping,pending,phase6_group=dynamic_direct
SM0403,local:src/battle_message.c:sText_WildFled,sText_WildFled,{PLAY_SE SE_FLEE}{B_LINK_OPPONENT1_NAME} fled!,,pending,system_message,english,BATTLE_SYSTEM,1,c_u8,src/battle_message.c,328,1,{PLAY_SE SE_FLEE}; {B_LINK_OPPONENT1_NAME},yes,pending_usage_to_window_mapping,pending,phase6_group=dynamic_direct
SM0404,local:src/battle_message.c:sText_TwoLinkTrainersDefeated,sText_TwoLinkTrainersDefeated,"Player beat {B_LINK_OPPONENT1_NAME}
and {B_LINK_OPPONENT2_NAME}!",,pending,system_message,english,BATTLE_SYSTEM,1,c_u8,src/battle_message.c,323,2,{B_LINK_OPPONENT1_NAME}; {B_LINK_OPPONENT2_NAME},yes,pending_usage_to_window_mapping,pending,phase6_group=dynamic_direct
SM0405,local:src/battle_message.c:sText_PlayerLostToTwo,sText_PlayerLostToTwo,"Player lost to {B_LINK_OPPONENT1_NAME}
and {B_LINK_OPPONENT2_NAME}!",,pending,system_message,english,BATTLE_SYSTEM,1,c_u8,src/battle_message.c,325,2,{B_LINK_OPPONENT1_NAME}; {B_LINK_OPPONENT2_NAME},yes,pending_usage_to_window_mapping,pending,phase6_group=dynamic_direct
SM0406,local:src/battle_message.c:sText_PlayerBattledToDrawVsTwo,sText_PlayerBattledToDrawVsTwo,"Player battled to a draw against
{B_LINK_OPPONENT1_NAME} and {B_LINK_OPPONENT2_NAME}!",,pending,system_message,english,BATTLE_SYSTEM,1,c_u8,src/battle_message.c,327,2,{B_LINK_OPPONENT1_NAME}; {B_LINK_OPPONENT2_NAME},yes,pending_usage_to_window_mapping,pending,phase6_group=dynamic_direct
SM0407,local:src/battle_message.c:sText_PlayerLostAgainstTrainer1,sText_PlayerLostAgainstTrainer1,"Player lost against
{B_TRAINER1_CLASS} {B_TRAINER1_NAME}!",,pending,system_message,english,BATTLE_SYSTEM,1,c_u8,src/battle_message.c,1427,2,{B_TRAINER1_CLASS}; {B_TRAINER1_NAME},yes,pending_usage_to_window_mapping,pending,phase6_group=dynamic_direct
SM0408,local:src/battle_message.c:sText_PlayerBattledToDrawTrainer1,sText_PlayerBattledToDrawTrainer1,"Player battled to a draw against
{B_TRAINER1_CLASS} {B_TRAINER1_NAME}!",,pending,system_message,english,BATTLE_SYSTEM,1,c_u8,src/battle_message.c,1428,2,{B_TRAINER1_CLASS}; {B_TRAINER1_NAME},yes,pending_usage_to_window_mapping,pending,phase6_group=dynamic_direct
SM0409,local:src/battle_message.c:sText_PlayerDefeatedLinkTrainer,sText_PlayerDefeatedLinkTrainer,"Player defeated
{B_LINK_OPPONENT1_NAME}!",,pending,system_message,english,BATTLE_SYSTEM,1,c_u8,src/battle_message.c,322,2,{B_LINK_OPPONENT1_NAME},yes,pending_usage_to_window_mapping,pending,phase6_group=dynamic_direct
SM0410,local:src/battle_message.c:sText_PlayerLostAgainstLinkTrainer,sText_PlayerLostAgainstLinkTrainer,"Player lost against
{B_LINK_OPPONENT1_NAME}!",,pending,system_message,english,BATTLE_SYSTEM,1,c_u8,src/battle_message.c,324,2,{B_LINK_OPPONENT1_NAME},yes,pending_usage_to_window_mapping,pending,phase6_group=dynamic_direct
SM0411,local:src/battle_message.c:sText_PlayerBattledToDrawLinkTrainer,sText_PlayerBattledToDrawLinkTrainer,"Player battled to a draw against
{B_LINK_OPPONENT1_NAME}!",,pending,system_message,english,BATTLE_SYSTEM,1,c_u8,src/battle_message.c,326,2,{B_LINK_OPPONENT1_NAME},yes,pending_usage_to_window_mapping,pending,phase6_group=dynamic_direct
SM0412,local:src/battle_message.c:sText_SpaceIs,sText_SpaceIs, is, คือ,proof_passed,system_message,english,BATTLE;BATTLE_SYSTEM,1,c_u8,src/battle_message.c,1323,1,,no,pending_usage_to_window_mapping,proof_passed,"GLCC 20260812-225008-phase6-batch05-battle-low-safe-messages: preview/build passed; visual QA pending.; GLCC 20260812-225008-phase6-batch05-battle-low-safe-messages: visual QA passed. Batch 05 QA Gallery reviewed: 10/10 pages passed. All selected strings were verified for correct Thai font rendering, spacing, clipping, layout, punctuation, placeholders, and terminology consistency."
SM0413,local:src/battle_message.c:sText_ApostropheS,sText_ApostropheS,'s,,pending,system_message,english,BATTLE;BATTLE_SYSTEM,1,c_u8,src/battle_message.c,1324,1,,no,pending_usage_to_window_mapping,pending,phase6_group=usedmove_helper
SM0414,local:src/battle_message.c:sText_ExclamationMark,sText_ExclamationMark,!,!,proof_passed,system_message,nonlinguistic,BATTLE;BATTLE_SYSTEM,2,c_u8,src/battle_message.c,420,1,,no,pending_usage_to_window_mapping,proof_passed,"GLCC 20260813-094653-phase6-batch07-battle-low-safe-messages: preview/build passed; visual QA pending.; GLCC 20260813-094653-phase6-batch07-battle-low-safe-messages: visual QA passed. Batch 07 QA Gallery reviewed: 10/10 pages passed. All selected strings were verified for correct Thai font rendering, spacing, clipping, layout, punctuation, placeholders, and terminology consistency."
SM0415,local:src/battle_message.c:sText_ExclamationMark2,sText_ExclamationMark2,!,!,proof_passed,system_message,nonlinguistic,BATTLE;BATTLE_SYSTEM,2,c_u8,src/battle_message.c,421,1,,no,pending_usage_to_window_mapping,proof_passed,"GLCC 20260813-100744-phase6-batch08-battle-low-safe-messages: preview/build passed; visual QA pending.; GLCC 20260813-100744-phase6-batch08-battle-low-safe-messages: visual QA passed. Batch 08 QA Gallery reviewed: 4/4 pages passed. All selected strings were verified for correct Thai font rendering, spacing, clipping, layout, punctuation, placeholders, and terminology consistency."
SM0416,local:src/battle_message.c:sText_ExclamationMark3,sText_ExclamationMark3,!,!,proof_passed,system_message,nonlinguistic,BATTLE;BATTLE_SYSTEM,2,c_u8,src/battle_message.c,422,1,,no,pending_usage_to_window_mapping,proof_passed,"GLCC 20260813-100744-phase6-batch08-battle-low-safe-messages: preview/build passed; visual QA pending.; GLCC 20260813-100744-phase6-batch08-battle-low-safe-messages: visual QA passed. Batch 08 QA Gallery reviewed: 4/4 pages passed. All selected strings were verified for correct Thai font rendering, spacing, clipping, layout, punctuation, placeholders, and terminology consistency."
SM0417,local:src/battle_message.c:sText_ExclamationMark4,sText_ExclamationMark4,!,!,proof_passed,system_message,nonlinguistic,BATTLE;BATTLE_SYSTEM,2,c_u8,src/battle_message.c,423,1,,no,pending_usage_to_window_mapping,proof_passed,"GLCC 20260813-100744-phase6-batch08-battle-low-safe-messages: preview/build passed; visual QA pending.; GLCC 20260813-100744-phase6-batch08-battle-low-safe-messages: visual QA passed. Batch 08 QA Gallery reviewed: 4/4 pages passed. All selected strings were verified for correct Thai font rendering, spacing, clipping, layout, punctuation, placeholders, and terminology consistency."
SM0418,local:src/battle_message.c:sText_ExclamationMark5,sText_ExclamationMark5,!,!,proof_passed,system_message,nonlinguistic,BATTLE;BATTLE_SYSTEM,2,c_u8,src/battle_message.c,424,1,,no,pending_usage_to_window_mapping,proof_passed,"GLCC 20260813-100744-phase6-batch08-battle-low-safe-messages: preview/build passed; visual QA pending.; GLCC 20260813-100744-phase6-batch08-battle-low-safe-messages: visual QA passed. Batch 08 QA Gallery reviewed: 4/4 pages passed. All selected strings were verified for correct Thai font rendering, spacing, clipping, layout, punctuation, placeholders, and terminology consistency."
SM0419,inline:src/battle_message.c:sATypeMove_Table:0,sATypeMove_Table[0],a NORMAL move,,blocked,system_message,english,BATTLE_SYSTEM,0,inline_c_string,src/battle_message.c,1330,1,,no,pending_usage_to_window_mapping,pending,BLOCKED structural: sATypeMove_Table row size is fixed at 17 bytes; Thai precomposed strings exceed the array row capacity. Handle in a dedicated structural batch.
SM0420,inline:src/battle_message.c:sATypeMove_Table:1,sATypeMove_Table[1],a FIGHTING move,,blocked,system_message,english,BATTLE_SYSTEM,0,inline_c_string,src/battle_message.c,1331,1,,no,pending_usage_to_window_mapping,pending,BLOCKED structural: sATypeMove_Table row size is fixed at 17 bytes; Thai precomposed strings exceed the array row capacity. Handle in a dedicated structural batch.
SM0421,inline:src/battle_message.c:sATypeMove_Table:2,sATypeMove_Table[2],a FLYING move,,blocked,system_message,english,BATTLE_SYSTEM,0,inline_c_string,src/battle_message.c,1332,1,,no,pending_usage_to_window_mapping,pending,BLOCKED structural: sATypeMove_Table row size is fixed at 17 bytes; Thai precomposed strings exceed the array row capacity. Handle in a dedicated structural batch.
SM0422,inline:src/battle_message.c:sATypeMove_Table:3,sATypeMove_Table[3],a POISON move,,blocked,system_message,english,BATTLE_SYSTEM,0,inline_c_string,src/battle_message.c,1333,1,,no,pending_usage_to_window_mapping,pending,BLOCKED structural: sATypeMove_Table row size is fixed at 17 bytes; Thai precomposed strings exceed the array row capacity. Handle in a dedicated structural batch.
SM0423,inline:src/battle_message.c:sATypeMove_Table:4,sATypeMove_Table[4],a GROUND move,,blocked,system_message,english,BATTLE_SYSTEM,0,inline_c_string,src/battle_message.c,1334,1,,no,pending_usage_to_window_mapping,pending,BLOCKED structural: sATypeMove_Table row size is fixed at 17 bytes; Thai precomposed strings exceed the array row capacity. Handle in a dedicated structural batch.
SM0424,inline:src/battle_message.c:sATypeMove_Table:5,sATypeMove_Table[5],a ROCK move,,blocked,system_message,english,BATTLE_SYSTEM,0,inline_c_string,src/battle_message.c,1335,1,,no,pending_usage_to_window_mapping,pending,BLOCKED structural: sATypeMove_Table row size is fixed at 17 bytes; Thai precomposed strings exceed the array row capacity. Handle in a dedicated structural batch.
SM0425,inline:src/battle_message.c:sATypeMove_Table:6,sATypeMove_Table[6],a BUG move,,blocked,system_message,english,BATTLE_SYSTEM,0,inline_c_string,src/battle_message.c,1336,1,,no,pending_usage_to_window_mapping,pending,BLOCKED structural: sATypeMove_Table row size is fixed at 17 bytes; Thai precomposed strings exceed the array row capacity. Handle in a dedicated structural batch.
SM0426,inline:src/battle_message.c:sATypeMove_Table:7,sATypeMove_Table[7],a GHOST move,,blocked,system_message,english,BATTLE_SYSTEM,0,inline_c_string,src/battle_message.c,1337,1,,no,pending_usage_to_window_mapping,pending,BLOCKED structural: sATypeMove_Table row size is fixed at 17 bytes; Thai precomposed strings exceed the array row capacity. Handle in a dedicated structural batch.
SM0427,inline:src/battle_message.c:sATypeMove_Table:8,sATypeMove_Table[8],a STEEL move,,blocked,system_message,english,BATTLE_SYSTEM,0,inline_c_string,src/battle_message.c,1338,1,,no,pending_usage_to_window_mapping,pending,BLOCKED structural: sATypeMove_Table row size is fixed at 17 bytes; Thai precomposed strings exceed the array row capacity. Handle in a dedicated structural batch.
SM0428,inline:src/battle_message.c:sATypeMove_Table:9,sATypeMove_Table[9],a ??? move,,blocked,system_message,english,BATTLE_SYSTEM,1,inline_c_string,src/battle_message.c,1339,1,,no,pending_usage_to_window_mapping,pending,BLOCKED structural: sATypeMove_Table row size is fixed at 17 bytes; Thai precomposed strings exceed the array row capacity. Handle in a dedicated structural batch.
SM0429,inline:src/battle_message.c:sATypeMove_Table:10,sATypeMove_Table[10],a FIRE move,,blocked,system_message,english,BATTLE_SYSTEM,1,inline_c_string,src/battle_message.c,1340,1,,no,pending_usage_to_window_mapping,pending,BLOCKED structural: sATypeMove_Table row size is fixed at 17 bytes; Thai precomposed strings exceed the array row capacity. Handle in a dedicated structural batch.
SM0430,inline:src/battle_message.c:sATypeMove_Table:11,sATypeMove_Table[11],a WATER move,,blocked,system_message,english,BATTLE_SYSTEM,1,inline_c_string,src/battle_message.c,1341,1,,no,pending_usage_to_window_mapping,pending,BLOCKED structural: sATypeMove_Table row size is fixed at 17 bytes; Thai precomposed strings exceed the array row capacity. Handle in a dedicated structural batch.
SM0431,inline:src/battle_message.c:sATypeMove_Table:12,sATypeMove_Table[12],a GRASS move,,blocked,system_message,english,BATTLE_SYSTEM,1,inline_c_string,src/battle_message.c,1342,1,,no,pending_usage_to_window_mapping,pending,BLOCKED structural: sATypeMove_Table row size is fixed at 17 bytes; Thai precomposed strings exceed the array row capacity. Handle in a dedicated structural batch.
SM0432,inline:src/battle_message.c:sATypeMove_Table:13,sATypeMove_Table[13],an ELECTRIC move,,blocked,system_message,english,BATTLE_SYSTEM,1,inline_c_string,src/battle_message.c,1343,1,,no,pending_usage_to_window_mapping,pending,BLOCKED structural: sATypeMove_Table row size is fixed at 17 bytes; Thai precomposed strings exceed the array row capacity. Handle in a dedicated structural batch.
SM0433,inline:src/battle_message.c:sATypeMove_Table:14,sATypeMove_Table[14],a PSYCHIC move,,blocked,system_message,english,BATTLE_SYSTEM,1,inline_c_string,src/battle_message.c,1344,1,,no,pending_usage_to_window_mapping,pending,BLOCKED structural: sATypeMove_Table row size is fixed at 17 bytes; Thai precomposed strings exceed the array row capacity. Handle in a dedicated structural batch.
SM0434,inline:src/battle_message.c:sATypeMove_Table:15,sATypeMove_Table[15],an ICE move,,blocked,system_message,english,BATTLE_SYSTEM,1,inline_c_string,src/battle_message.c,1345,1,,no,pending_usage_to_window_mapping,pending,BLOCKED structural: sATypeMove_Table row size is fixed at 17 bytes; Thai precomposed strings exceed the array row capacity. Handle in a dedicated structural batch.
SM0435,inline:src/battle_message.c:sATypeMove_Table:16,sATypeMove_Table[16],a DRAGON move,,blocked,system_message,english,BATTLE_SYSTEM,1,inline_c_string,src/battle_message.c,1346,1,,no,pending_usage_to_window_mapping,pending,BLOCKED structural: sATypeMove_Table row size is fixed at 17 bytes; Thai precomposed strings exceed the array row capacity. Handle in a dedicated structural batch.
SM0436,inline:src/battle_message.c:sATypeMove_Table:17,sATypeMove_Table[17],a DARK move,,blocked,system_message,english,BATTLE_SYSTEM,1,inline_c_string,src/battle_message.c,1347,1,,no,pending_usage_to_window_mapping,pending,BLOCKED structural: sATypeMove_Table row size is fixed at 17 bytes; Thai precomposed strings exceed the array row capacity. Handle in a dedicated structural batch.
