ui_key,symbol,ui_area,usage_file,usage_line,function_or_scope,context_kind,font_direct,alignment_direct,window_and_position_status,source_context,usage_status
local:src/battle_message.c:sText_Trainer1LoseText,sText_Trainer1LoseText,BATTLE_SYSTEM,src/battle_message.c,519,gBattleStringsTable,pointer_table_entry,,left_or_dynamic,pending_call_flow_mapping,"[STRINGID_TRAINER1LOSETEXT - BATTLESTRINGS_TABLE_START] = sText_Trainer1LoseText,",active_reference
local:src/battle_message.c:sText_PkmnGainedEXP,sText_PkmnGainedEXP,BATTLE_SYSTEM,src/battle_message.c,520,gBattleStringsTable,pointer_table_entry,,left_or_dynamic,pending_call_flow_mapping,"[STRINGID_PKMNGAINEDEXP - BATTLESTRINGS_TABLE_START] = sText_PkmnGainedEXP,",active_reference
local:src/battle_message.c:sText_PkmnGrewToLv,sText_PkmnGrewToLv,BATTLE_SYSTEM,src/battle_message.c,521,gBattleStringsTable,pointer_table_entry,,left_or_dynamic,pending_call_flow_mapping,"[STRINGID_PKMNGREWTOLV - BATTLESTRINGS_TABLE_START] = sText_PkmnGrewToLv,",active_reference
local:src/battle_message.c:sText_PkmnLearnedMove,sText_PkmnLearnedMove,BATTLE_SYSTEM,src/battle_message.c,522,gBattleStringsTable,pointer_table_entry,,left_or_dynamic,pending_call_flow_mapping,"[STRINGID_PKMNLEARNEDMOVE - BATTLESTRINGS_TABLE_START] = sText_PkmnLearnedMove,",active_reference
local:src/battle_message.c:sText_TryToLearnMove1,sText_TryToLearnMove1,BATTLE_SYSTEM,src/battle_message.c,523,gBattleStringsTable,pointer_table_entry,,left_or_dynamic,pending_call_flow_mapping,"[STRINGID_TRYTOLEARNMOVE1 - BATTLESTRINGS_TABLE_START] = sText_TryToLearnMove1,",active_reference
local:src/battle_message.c:sText_TryToLearnMove2,sText_TryToLearnMove2,BATTLE_SYSTEM,src/battle_message.c,524,gBattleStringsTable,pointer_table_entry,,left_or_dynamic,pending_call_flow_mapping,"[STRINGID_TRYTOLEARNMOVE2 - BATTLESTRINGS_TABLE_START] = sText_TryToLearnMove2,",active_reference
local:src/battle_message.c:sText_TryToLearnMove3,sText_TryToLearnMove3,BATTLE_SYSTEM,src/battle_message.c,525,gBattleStringsTable,pointer_table_entry,,left_or_dynamic,pending_call_flow_mapping,"[STRINGID_TRYTOLEARNMOVE3 - BATTLESTRINGS_TABLE_START] = sText_TryToLearnMove3,",active_reference
local:src/battle_message.c:sText_PkmnForgotMove,sText_PkmnForgotMove,BATTLE_SYSTEM,src/battle_message.c,526,gBattleStringsTable,pointer_table_entry,,left_or_dynamic,pending_call_flow_mapping,"[STRINGID_PKMNFORGOTMOVE - BATTLESTRINGS_TABLE_START] = sText_PkmnForgotMove,",active_reference
local:src/battle_message.c:sText_StopLearningMove,sText_StopLearningMove,BATTLE_SYSTEM,src/battle_message.c,527,gBattleStringsTable,pointer_table_entry,,left_or_dynamic,pending_call_flow_mapping,"[STRINGID_STOPLEARNINGMOVE - BATTLESTRINGS_TABLE_START] = sText_StopLearningMove,",active_reference
local:src/battle_message.c:sText_DidNotLearnMove,sText_DidNotLearnMove,BATTLE_SYSTEM,src/battle_message.c,528,gBattleStringsTable,pointer_table_entry,,left_or_dynamic,pending_call_flow_mapping,"[STRINGID_DIDNOTLEARNMOVE - BATTLESTRINGS_TABLE_START] = sText_DidNotLearnMove,",active_reference
local:src/battle_message.c:sText_PkmnLearnedMove2,sText_PkmnLearnedMove2,BATTLE_SYSTEM,src/battle_message.c,529,gBattleStringsTable,pointer_table_entry,,left_or_dynamic,pending_call_flow_mapping,"[STRINGID_PKMNLEARNEDMOVE2 - BATTLESTRINGS_TABLE_START] = sText_PkmnLearnedMove2,",active_reference
local:src/battle_message.c:sText_AttackMissed,sText_AttackMissed,BATTLE_SYSTEM,src/battle_message.c,530,gBattleStringsTable,pointer_table_entry,,left_or_dynamic,pending_call_flow_mapping,"[STRINGID_ATTACKMISSED - BATTLESTRINGS_TABLE_START] = sText_AttackMissed,",active_reference
local:src/battle_message.c:sText_PkmnProtectedItself,sText_PkmnProtectedItself,BATTLE_SYSTEM,src/battle_message.c,531,gBattleStringsTable,pointer_table_entry,,left_or_dynamic,pending_call_flow_mapping,"[STRINGID_PKMNPROTECTEDITSELF - BATTLESTRINGS_TABLE_START] = sText_PkmnProtectedItself,",active_reference
local:src/battle_message.c:sText_StatsWontIncrease2,sText_StatsWontIncrease2,BATTLE_SYSTEM,src/battle_message.c,532,gBattleStringsTable,pointer_table_entry,,left_or_dynamic,pending_call_flow_mapping,"[STRINGID_STATSWONTINCREASE2 - BATTLESTRINGS_TABLE_START] = sText_StatsWontIncrease2,",active_reference
local:src/battle_message.c:sText_AvoidedDamage,sText_AvoidedDamage,BATTLE_SYSTEM,src/battle_message.c,533,gBattleStringsTable,pointer_table_entry,,left_or_dynamic,pending_call_flow_mapping,"[STRINGID_AVOIDEDDAMAGE - BATTLESTRINGS_TABLE_START] = sText_AvoidedDamage,",active_reference
local:src/battle_message.c:sText_ItDoesntAffect,sText_ItDoesntAffect,BATTLE_SYSTEM,src/battle_message.c,534,gBattleStringsTable,pointer_table_entry,,left_or_dynamic,pending_call_flow_mapping,"[STRINGID_ITDOESNTAFFECT - BATTLESTRINGS_TABLE_START] = sText_ItDoesntAffect,",active_reference
local:src/battle_message.c:sText_AttackerFainted,sText_AttackerFainted,BATTLE_SYSTEM,src/battle_message.c,535,gBattleStringsTable,pointer_table_entry,,left_or_dynamic,pending_call_flow_mapping,"[STRINGID_ATTACKERFAINTED - BATTLESTRINGS_TABLE_START] = sText_AttackerFainted,",active_reference
local:src/battle_message.c:sText_TargetFainted,sText_TargetFainted,BATTLE_SYSTEM,src/battle_message.c,536,gBattleStringsTable,pointer_table_entry,,left_or_dynamic,pending_call_flow_mapping,"[STRINGID_TARGETFAINTED - BATTLESTRINGS_TABLE_START] = sText_TargetFainted,",active_reference
local:src/battle_message.c:sText_PlayerGotMoney,sText_PlayerGotMoney,BATTLE_SYSTEM,src/battle_message.c,537,gBattleStringsTable,pointer_table_entry,,left_or_dynamic,pending_call_flow_mapping,"[STRINGID_PLAYERGOTMONEY - BATTLESTRINGS_TABLE_START] = sText_PlayerGotMoney,",active_reference
local:src/battle_message.c:sText_PlayerWhiteout,sText_PlayerWhiteout,BATTLE_SYSTEM,src/battle_message.c,538,gBattleStringsTable,pointer_table_entry,,left_or_dynamic,pending_call_flow_mapping,"[STRINGID_PLAYERWHITEOUT - BATTLESTRINGS_TABLE_START] = sText_PlayerWhiteout,",active_reference
local:src/battle_message.c:sText_PlayerWhiteout2,sText_PlayerWhiteout2,BATTLE_SYSTEM,src/battle_message.c,539,gBattleStringsTable,pointer_table_entry,,left_or_dynamic,pending_call_flow_mapping,"[STRINGID_PLAYERWHITEOUT2 - BATTLESTRINGS_TABLE_START] = sText_PlayerWhiteout2,",active_reference
local:src/battle_message.c:sText_PreventsEscape,sText_PreventsEscape,BATTLE_SYSTEM,src/battle_message.c,540,gBattleStringsTable,pointer_table_entry,,left_or_dynamic,pending_call_flow_mapping,"[STRINGID_PREVENTSESCAPE - BATTLESTRINGS_TABLE_START] = sText_PreventsEscape,",active_reference
local:src/battle_message.c:sText_HitXTimes,sText_HitXTimes,BATTLE_SYSTEM,src/battle_message.c,541,gBattleStringsTable,pointer_table_entry,,left_or_dynamic,pending_call_flow_mapping,"[STRINGID_HITXTIMES - BATTLESTRINGS_TABLE_START] = sText_HitXTimes,",active_reference
local:src/battle_message.c:sText_PkmnFellAsleep,sText_PkmnFellAsleep,BATTLE_SYSTEM,src/battle_message.c,542,gBattleStringsTable,pointer_table_entry,,left_or_dynamic,pending_call_flow_mapping,"[STRINGID_PKMNFELLASLEEP - BATTLESTRINGS_TABLE_START] = sText_PkmnFellAsleep,",active_reference
local:src/battle_message.c:sText_PkmnMadeSleep,sText_PkmnMadeSleep,BATTLE_SYSTEM,src/battle_message.c,543,gBattleStringsTable,pointer_table_entry,,left_or_dynamic,pending_call_flow_mapping,"[STRINGID_PKMNMADESLEEP - BATTLESTRINGS_TABLE_START] = sText_PkmnMadeSleep,",active_reference
local:src/battle_message.c:sText_PkmnAlreadyAsleep,sText_PkmnAlreadyAsleep,BATTLE_SYSTEM,src/battle_message.c,544,gBattleStringsTable,pointer_table_entry,,left_or_dynamic,pending_call_flow_mapping,"[STRINGID_PKMNALREADYASLEEP - BATTLESTRINGS_TABLE_START] = sText_PkmnAlreadyAsleep,",active_reference
local:src/battle_message.c:sText_PkmnAlreadyAsleep2,sText_PkmnAlreadyAsleep2,BATTLE_SYSTEM,src/battle_message.c,545,gBattleStringsTable,pointer_table_entry,,left_or_dynamic,pending_call_flow_mapping,"[STRINGID_PKMNALREADYASLEEP2 - BATTLESTRINGS_TABLE_START] = sText_PkmnAlreadyAsleep2,",active_reference
local:src/battle_message.c:sText_PkmnWasntAffected,sText_PkmnWasntAffected,BATTLE_SYSTEM,src/battle_message.c,546,gBattleStringsTable,pointer_table_entry,,left_or_dynamic,pending_call_flow_mapping,"[STRINGID_PKMNWASNTAFFECTED - BATTLESTRINGS_TABLE_START] = sText_PkmnWasntAffected,",active_reference
local:src/battle_message.c:sText_PkmnWasPoisoned,sText_PkmnWasPoisoned,BATTLE_SYSTEM,src/battle_message.c,547,gBattleStringsTable,pointer_table_entry,,left_or_dynamic,pending_call_flow_mapping,"[STRINGID_PKMNWASPOISONED - BATTLESTRINGS_TABLE_START] = sText_PkmnWasPoisoned,",active_reference
local:src/battle_message.c:sText_PkmnPoisonedBy,sText_PkmnPoisonedBy,BATTLE_SYSTEM,src/battle_message.c,548,gBattleStringsTable,pointer_table_entry,,left_or_dynamic,pending_call_flow_mapping,"[STRINGID_PKMNPOISONEDBY - BATTLESTRINGS_TABLE_START] = sText_PkmnPoisonedBy,",active_reference
local:src/battle_message.c:sText_PkmnHurtByPoison,sText_PkmnHurtByPoison,BATTLE_SYSTEM,src/battle_message.c,549,gBattleStringsTable,pointer_table_entry,,left_or_dynamic,pending_call_flow_mapping,"[STRINGID_PKMNHURTBYPOISON - BATTLESTRINGS_TABLE_START] = sText_PkmnHurtByPoison,",active_reference
local:src/battle_message.c:sText_PkmnAlreadyPoisoned,sText_PkmnAlreadyPoisoned,BATTLE_SYSTEM,src/battle_message.c,550,gBattleStringsTable,pointer_table_entry,,left_or_dynamic,pending_call_flow_mapping,"[STRINGID_PKMNALREADYPOISONED - BATTLESTRINGS_TABLE_START] = sText_PkmnAlreadyPoisoned,",active_reference
local:src/battle_message.c:sText_PkmnBadlyPoisoned,sText_PkmnBadlyPoisoned,BATTLE_SYSTEM,src/battle_message.c,551,gBattleStringsTable,pointer_table_entry,,left_or_dynamic,pending_call_flow_mapping,"[STRINGID_PKMNBADLYPOISONED - BATTLESTRINGS_TABLE_START] = sText_PkmnBadlyPoisoned,",active_reference
local:src/battle_message.c:sText_PkmnEnergyDrained,sText_PkmnEnergyDrained,BATTLE_SYSTEM,src/battle_message.c,552,gBattleStringsTable,pointer_table_entry,,left_or_dynamic,pending_call_flow_mapping,"[STRINGID_PKMNENERGYDRAINED - BATTLESTRINGS_TABLE_START] = sText_PkmnEnergyDrained,",active_reference
local:src/battle_message.c:sText_PkmnWasBurned,sText_PkmnWasBurned,BATTLE_SYSTEM,src/battle_message.c,553,gBattleStringsTable,pointer_table_entry,,left_or_dynamic,pending_call_flow_mapping,"[STRINGID_PKMNWASBURNED - BATTLESTRINGS_TABLE_START] = sText_PkmnWasBurned,",active_reference
local:src/battle_message.c:sText_PkmnBurnedBy,sText_PkmnBurnedBy,BATTLE_SYSTEM,src/battle_message.c,554,gBattleStringsTable,pointer_table_entry,,left_or_dynamic,pending_call_flow_mapping,"[STRINGID_PKMNBURNEDBY - BATTLESTRINGS_TABLE_START] = sText_PkmnBurnedBy,",active_reference
local:src/battle_message.c:sText_PkmnHurtByBurn,sText_PkmnHurtByBurn,BATTLE_SYSTEM,src/battle_message.c,555,gBattleStringsTable,pointer_table_entry,,left_or_dynamic,pending_call_flow_mapping,"[STRINGID_PKMNHURTBYBURN - BATTLESTRINGS_TABLE_START] = sText_PkmnHurtByBurn,",active_reference
local:src/battle_message.c:sText_PkmnWasFrozen,sText_PkmnWasFrozen,BATTLE_SYSTEM,src/battle_message.c,556,gBattleStringsTable,pointer_table_entry,,left_or_dynamic,pending_call_flow_mapping,"[STRINGID_PKMNWASFROZEN - BATTLESTRINGS_TABLE_START] = sText_PkmnWasFrozen,",active_reference
local:src/battle_message.c:sText_PkmnFrozenBy,sText_PkmnFrozenBy,BATTLE_SYSTEM,src/battle_message.c,557,gBattleStringsTable,pointer_table_entry,,left_or_dynamic,pending_call_flow_mapping,"[STRINGID_PKMNFROZENBY - BATTLESTRINGS_TABLE_START] = sText_PkmnFrozenBy,",active_reference
local:src/battle_message.c:sText_PkmnIsFrozen,sText_PkmnIsFrozen,BATTLE_SYSTEM,src/battle_message.c,558,gBattleStringsTable,pointer_table_entry,,left_or_dynamic,pending_call_flow_mapping,"[STRINGID_PKMNISFROZEN - BATTLESTRINGS_TABLE_START] = sText_PkmnIsFrozen,",active_reference
local:src/battle_message.c:sText_PkmnWasDefrosted,sText_PkmnWasDefrosted,BATTLE_SYSTEM,src/battle_message.c,559,gBattleStringsTable,pointer_table_entry,,left_or_dynamic,pending_call_flow_mapping,"[STRINGID_PKMNWASDEFROSTED - BATTLESTRINGS_TABLE_START] = sText_PkmnWasDefrosted,",active_reference
local:src/battle_message.c:sText_PkmnWasDefrosted2,sText_PkmnWasDefrosted2,BATTLE_SYSTEM,src/battle_message.c,560,gBattleStringsTable,pointer_table_entry,,left_or_dynamic,pending_call_flow_mapping,"[STRINGID_PKMNWASDEFROSTED2 - BATTLESTRINGS_TABLE_START] = sText_PkmnWasDefrosted2,",active_reference
local:src/battle_message.c:sText_PkmnWasDefrostedBy,sText_PkmnWasDefrostedBy,BATTLE_SYSTEM,src/battle_message.c,561,gBattleStringsTable,pointer_table_entry,,left_or_dynamic,pending_call_flow_mapping,"[STRINGID_PKMNWASDEFROSTEDBY - BATTLESTRINGS_TABLE_START] = sText_PkmnWasDefrostedBy,",active_reference
local:src/battle_message.c:sText_PkmnWasParalyzed,sText_PkmnWasParalyzed,BATTLE_SYSTEM,src/battle_message.c,562,gBattleStringsTable,pointer_table_entry,,left_or_dynamic,pending_call_flow_mapping,"[STRINGID_PKMNWASPARALYZED - BATTLESTRINGS_TABLE_START] = sText_PkmnWasParalyzed,",active_reference
local:src/battle_message.c:sText_PkmnWasParalyzedBy,sText_PkmnWasParalyzedBy,BATTLE_SYSTEM,src/battle_message.c,563,gBattleStringsTable,pointer_table_entry,,left_or_dynamic,pending_call_flow_mapping,"[STRINGID_PKMNWASPARALYZEDBY - BATTLESTRINGS_TABLE_START] = sText_PkmnWasParalyzedBy,",active_reference
local:src/battle_message.c:sText_PkmnIsParalyzed,sText_PkmnIsParalyzed,BATTLE_SYSTEM,src/battle_message.c,564,gBattleStringsTable,pointer_table_entry,,left_or_dynamic,pending_call_flow_mapping,"[STRINGID_PKMNISPARALYZED - BATTLESTRINGS_TABLE_START] = sText_PkmnIsParalyzed,",active_reference
local:src/battle_message.c:sText_PkmnIsAlreadyParalyzed,sText_PkmnIsAlreadyParalyzed,BATTLE_SYSTEM,src/battle_message.c,565,gBattleStringsTable,pointer_table_entry,,left_or_dynamic,pending_call_flow_mapping,"[STRINGID_PKMNISALREADYPARALYZED - BATTLESTRINGS_TABLE_START] = sText_PkmnIsAlreadyParalyzed,",active_reference
local:src/battle_message.c:sText_PkmnHealedParalysis,sText_PkmnHealedParalysis,BATTLE_SYSTEM,src/battle_message.c,566,gBattleStringsTable,pointer_table_entry,,left_or_dynamic,pending_call_flow_mapping,"[STRINGID_PKMNHEALEDPARALYSIS - BATTLESTRINGS_TABLE_START] = sText_PkmnHealedParalysis,",active_reference
local:src/battle_message.c:sText_PkmnDreamEaten,sText_PkmnDreamEaten,BATTLE_SYSTEM,src/battle_message.c,567,gBattleStringsTable,pointer_table_entry,,left_or_dynamic,pending_call_flow_mapping,"[STRINGID_PKMNDREAMEATEN - BATTLESTRINGS_TABLE_START] = sText_PkmnDreamEaten,",active_reference
local:src/battle_message.c:sText_StatsWontIncrease,sText_StatsWontIncrease,BATTLE_SYSTEM,src/battle_message.c,568,gBattleStringsTable,pointer_table_entry,,left_or_dynamic,pending_call_flow_mapping,"[STRINGID_STATSWONTINCREASE - BATTLESTRINGS_TABLE_START] = sText_StatsWontIncrease,",active_reference
local:src/battle_message.c:sText_StatsWontDecrease,sText_StatsWontDecrease,BATTLE_SYSTEM,src/battle_message.c,569,gBattleStringsTable,pointer_table_entry,,left_or_dynamic,pending_call_flow_mapping,"[STRINGID_STATSWONTDECREASE - BATTLESTRINGS_TABLE_START] = sText_StatsWontDecrease,",active_reference
local:src/battle_message.c:sText_TeamStoppedWorking,sText_TeamStoppedWorking,BATTLE_SYSTEM,src/battle_message.c,570,gBattleStringsTable,pointer_table_entry,,left_or_dynamic,pending_call_flow_mapping,"[STRINGID_TEAMSTOPPEDWORKING - BATTLESTRINGS_TABLE_START] = sText_TeamStoppedWorking,",active_reference
local:src/battle_message.c:sText_FoeStoppedWorking,sText_FoeStoppedWorking,BATTLE_SYSTEM,src/battle_message.c,571,gBattleStringsTable,pointer_table_entry,,left_or_dynamic,pending_call_flow_mapping,"[STRINGID_FOESTOPPEDWORKING - BATTLESTRINGS_TABLE_START] = sText_FoeStoppedWorking,",active_reference
local:src/battle_message.c:sText_PkmnIsConfused,sText_PkmnIsConfused,BATTLE_SYSTEM,src/battle_message.c,572,gBattleStringsTable,pointer_table_entry,,left_or_dynamic,pending_call_flow_mapping,"[STRINGID_PKMNISCONFUSED - BATTLESTRINGS_TABLE_START] = sText_PkmnIsConfused,",active_reference
local:src/battle_message.c:sText_PkmnHealedConfusion,sText_PkmnHealedConfusion,BATTLE_SYSTEM,src/battle_message.c,573,gBattleStringsTable,pointer_table_entry,,left_or_dynamic,pending_call_flow_mapping,"[STRINGID_PKMNHEALEDCONFUSION - BATTLESTRINGS_TABLE_START] = sText_PkmnHealedConfusion,",active_reference
local:src/battle_message.c:sText_PkmnWasConfused,sText_PkmnWasConfused,BATTLE_SYSTEM,src/battle_message.c,574,gBattleStringsTable,pointer_table_entry,,left_or_dynamic,pending_call_flow_mapping,"[STRINGID_PKMNWASCONFUSED - BATTLESTRINGS_TABLE_START] = sText_PkmnWasConfused,",active_reference
local:src/battle_message.c:sText_PkmnAlreadyConfused,sText_PkmnAlreadyConfused,BATTLE_SYSTEM,src/battle_message.c,575,gBattleStringsTable,pointer_table_entry,,left_or_dynamic,pending_call_flow_mapping,"[STRINGID_PKMNALREADYCONFUSED - BATTLESTRINGS_TABLE_START] = sText_PkmnAlreadyConfused,",active_reference
local:src/battle_message.c:sText_PkmnFellInLove,sText_PkmnFellInLove,BATTLE_SYSTEM,src/battle_message.c,576,gBattleStringsTable,pointer_table_entry,,left_or_dynamic,pending_call_flow_mapping,"[STRINGID_PKMNFELLINLOVE - BATTLESTRINGS_TABLE_START] = sText_PkmnFellInLove,",active_reference
local:src/battle_message.c:sText_PkmnInLove,sText_PkmnInLove,BATTLE_SYSTEM,src/battle_message.c,577,gBattleStringsTable,pointer_table_entry,,left_or_dynamic,pending_call_flow_mapping,"[STRINGID_PKMNINLOVE - BATTLESTRINGS_TABLE_START] = sText_PkmnInLove,",active_reference
local:src/battle_message.c:sText_PkmnImmobilizedByLove,sText_PkmnImmobilizedByLove,BATTLE_SYSTEM,src/battle_message.c,578,gBattleStringsTable,pointer_table_entry,,left_or_dynamic,pending_call_flow_mapping,"[STRINGID_PKMNIMMOBILIZEDBYLOVE - BATTLESTRINGS_TABLE_START] = sText_PkmnImmobilizedByLove,",active_reference
local:src/battle_message.c:sText_PkmnBlownAway,sText_PkmnBlownAway,BATTLE_SYSTEM,src/battle_message.c,579,gBattleStringsTable,pointer_table_entry,,left_or_dynamic,pending_call_flow_mapping,"[STRINGID_PKMNBLOWNAWAY - BATTLESTRINGS_TABLE_START] = sText_PkmnBlownAway,",active_reference
local:src/battle_message.c:sText_PkmnChangedType,sText_PkmnChangedType,BATTLE_SYSTEM,src/battle_message.c,580,gBattleStringsTable,pointer_table_entry,,left_or_dynamic,pending_call_flow_mapping,"[STRINGID_PKMNCHANGEDTYPE - BATTLESTRINGS_TABLE_START] = sText_PkmnChangedType,",active_reference
local:src/battle_message.c:sText_PkmnFlinched,sText_PkmnFlinched,BATTLE_SYSTEM,src/battle_message.c,581,gBattleStringsTable,pointer_table_entry,,left_or_dynamic,pending_call_flow_mapping,"[STRINGID_PKMNFLINCHED - BATTLESTRINGS_TABLE_START] = sText_PkmnFlinched,",active_reference
local:src/battle_message.c:sText_PkmnRegainedHealth,sText_PkmnRegainedHealth,BATTLE_SYSTEM,src/battle_message.c,582,gBattleStringsTable,pointer_table_entry,,left_or_dynamic,pending_call_flow_mapping,"[STRINGID_PKMNREGAINEDHEALTH - BATTLESTRINGS_TABLE_START] = sText_PkmnRegainedHealth,",active_reference
local:src/battle_message.c:sText_PkmnHPFull,sText_PkmnHPFull,BATTLE_SYSTEM,src/battle_message.c,583,gBattleStringsTable,pointer_table_entry,,left_or_dynamic,pending_call_flow_mapping,"[STRINGID_PKMNHPFULL - BATTLESTRINGS_TABLE_START] = sText_PkmnHPFull,",active_reference
local:src/battle_message.c:sText_PkmnRaisedSpDef,sText_PkmnRaisedSpDef,BATTLE_SYSTEM,src/battle_message.c,584,gBattleStringsTable,pointer_table_entry,,left_or_dynamic,pending_call_flow_mapping,"[STRINGID_PKMNRAISEDSPDEF - BATTLESTRINGS_TABLE_START] = sText_PkmnRaisedSpDef,",active_reference
local:src/battle_message.c:sText_PkmnRaisedDef,sText_PkmnRaisedDef,BATTLE_SYSTEM,src/battle_message.c,585,gBattleStringsTable,pointer_table_entry,,left_or_dynamic,pending_call_flow_mapping,"[STRINGID_PKMNRAISEDDEF - BATTLESTRINGS_TABLE_START] = sText_PkmnRaisedDef,",active_reference
local:src/battle_message.c:sText_PkmnCoveredByVeil,sText_PkmnCoveredByVeil,BATTLE_SYSTEM,src/battle_message.c,586,gBattleStringsTable,pointer_table_entry,,left_or_dynamic,pending_call_flow_mapping,"[STRINGID_PKMNCOVEREDBYVEIL - BATTLESTRINGS_TABLE_START] = sText_PkmnCoveredByVeil,",active_reference
local:src/battle_message.c:sText_PkmnUsedSafeguard,sText_PkmnUsedSafeguard,BATTLE_SYSTEM,src/battle_message.c,587,gBattleStringsTable,pointer_table_entry,,left_or_dynamic,pending_call_flow_mapping,"[STRINGID_PKMNUSEDSAFEGUARD - BATTLESTRINGS_TABLE_START] = sText_PkmnUsedSafeguard,",active_reference
local:src/battle_message.c:sText_PkmnSafeguardExpired,sText_PkmnSafeguardExpired,BATTLE_SYSTEM,src/battle_message.c,588,gBattleStringsTable,pointer_table_entry,,left_or_dynamic,pending_call_flow_mapping,"[STRINGID_PKMNSAFEGUARDEXPIRED - BATTLESTRINGS_TABLE_START] = sText_PkmnSafeguardExpired,",active_reference
local:src/battle_message.c:sText_PkmnWentToSleep,sText_PkmnWentToSleep,BATTLE_SYSTEM,src/battle_message.c,589,gBattleStringsTable,pointer_table_entry,,left_or_dynamic,pending_call_flow_mapping,"[STRINGID_PKMNWENTTOSLEEP - BATTLESTRINGS_TABLE_START] = sText_PkmnWentToSleep,",active_reference
local:src/battle_message.c:sText_PkmnSleptHealthy,sText_PkmnSleptHealthy,BATTLE_SYSTEM,src/battle_message.c,590,gBattleStringsTable,pointer_table_entry,,left_or_dynamic,pending_call_flow_mapping,"[STRINGID_PKMNSLEPTHEALTHY - BATTLESTRINGS_TABLE_START] = sText_PkmnSleptHealthy,",active_reference
local:src/battle_message.c:sText_PkmnWhippedWhirlwind,sText_PkmnWhippedWhirlwind,BATTLE_SYSTEM,src/battle_message.c,591,gBattleStringsTable,pointer_table_entry,,left_or_dynamic,pending_call_flow_mapping,"[STRINGID_PKMNWHIPPEDWHIRLWIND - BATTLESTRINGS_TABLE_START] = sText_PkmnWhippedWhirlwind,",active_reference
local:src/battle_message.c:sText_PkmnTookSunlight,sText_PkmnTookSunlight,BATTLE_SYSTEM,src/battle_message.c,592,gBattleStringsTable,pointer_table_entry,,left_or_dynamic,pending_call_flow_mapping,"[STRINGID_PKMNTOOKSUNLIGHT - BATTLESTRINGS_TABLE_START] = sText_PkmnTookSunlight,",active_reference
local:src/battle_message.c:sText_PkmnLoweredHead,sText_PkmnLoweredHead,BATTLE_SYSTEM,src/battle_message.c,593,gBattleStringsTable,pointer_table_entry,,left_or_dynamic,pending_call_flow_mapping,"[STRINGID_PKMNLOWEREDHEAD - BATTLESTRINGS_TABLE_START] = sText_PkmnLoweredHead,",active_reference
local:src/battle_message.c:sText_PkmnIsGlowing,sText_PkmnIsGlowing,BATTLE_SYSTEM,src/battle_message.c,594,gBattleStringsTable,pointer_table_entry,,left_or_dynamic,pending_call_flow_mapping,"[STRINGID_PKMNISGLOWING - BATTLESTRINGS_TABLE_START] = sText_PkmnIsGlowing,",active_reference
local:src/battle_message.c:sText_PkmnFlewHigh,sText_PkmnFlewHigh,BATTLE_SYSTEM,src/battle_message.c,595,gBattleStringsTable,pointer_table_entry,,left_or_dynamic,pending_call_flow_mapping,"[STRINGID_PKMNFLEWHIGH - BATTLESTRINGS_TABLE_START] = sText_PkmnFlewHigh,",active_reference
local:src/battle_message.c:sText_PkmnDugHole,sText_PkmnDugHole,BATTLE_SYSTEM,src/battle_message.c,596,gBattleStringsTable,pointer_table_entry,,left_or_dynamic,pending_call_flow_mapping,"[STRINGID_PKMNDUGHOLE - BATTLESTRINGS_TABLE_START] = sText_PkmnDugHole,",active_reference
local:src/battle_message.c:sText_PkmnSqueezedByBind,sText_PkmnSqueezedByBind,BATTLE_SYSTEM,src/battle_message.c,597,gBattleStringsTable,pointer_table_entry,,left_or_dynamic,pending_call_flow_mapping,"[STRINGID_PKMNSQUEEZEDBYBIND - BATTLESTRINGS_TABLE_START] = sText_PkmnSqueezedByBind,",active_reference
local:src/battle_message.c:sText_PkmnTrappedInVortex,sText_PkmnTrappedInVortex,BATTLE_SYSTEM,src/battle_message.c,598,gBattleStringsTable,pointer_table_entry,,left_or_dynamic,pending_call_flow_mapping,"[STRINGID_PKMNTRAPPEDINVORTEX - BATTLESTRINGS_TABLE_START] = sText_PkmnTrappedInVortex,",active_reference
local:src/battle_message.c:sText_PkmnWrappedBy,sText_PkmnWrappedBy,BATTLE_SYSTEM,src/battle_message.c,599,gBattleStringsTable,pointer_table_entry,,left_or_dynamic,pending_call_flow_mapping,"[STRINGID_PKMNWRAPPEDBY - BATTLESTRINGS_TABLE_START] = sText_PkmnWrappedBy,",active_reference
local:src/battle_message.c:sText_PkmnClamped,sText_PkmnClamped,BATTLE_SYSTEM,src/battle_message.c,600,gBattleStringsTable,pointer_table_entry,,left_or_dynamic,pending_call_flow_mapping,"[STRINGID_PKMNCLAMPED - BATTLESTRINGS_TABLE_START] = sText_PkmnClamped,",active_reference
local:src/battle_message.c:sText_PkmnHurtBy,sText_PkmnHurtBy,BATTLE_SYSTEM,src/battle_message.c,601,gBattleStringsTable,pointer_table_entry,,left_or_dynamic,pending_call_flow_mapping,"[STRINGID_PKMNHURTBY - BATTLESTRINGS_TABLE_START] = sText_PkmnHurtBy,",active_reference
local:src/battle_message.c:sText_PkmnFreedFrom,sText_PkmnFreedFrom,BATTLE_SYSTEM,src/battle_message.c,602,gBattleStringsTable,pointer_table_entry,,left_or_dynamic,pending_call_flow_mapping,"[STRINGID_PKMNFREEDFROM - BATTLESTRINGS_TABLE_START] = sText_PkmnFreedFrom,",active_reference
local:src/battle_message.c:sText_PkmnCrashed,sText_PkmnCrashed,BATTLE_SYSTEM,src/battle_message.c,603,gBattleStringsTable,pointer_table_entry,,left_or_dynamic,pending_call_flow_mapping,"[STRINGID_PKMNCRASHED - BATTLESTRINGS_TABLE_START] = sText_PkmnCrashed,",active_reference
global:gText_PkmnShroudedInMist,gText_PkmnShroudedInMist,BATTLE_SYSTEM,src/battle_message.c,604,gBattleStringsTable,pointer_table_entry,,left_or_dynamic,pending_call_flow_mapping,"[STRINGID_PKMNSHROUDEDINMIST - BATTLESTRINGS_TABLE_START] = gText_PkmnShroudedInMist,",active_reference
local:src/battle_message.c:sText_PkmnProtectedByMist,sText_PkmnProtectedByMist,BATTLE_SYSTEM,src/battle_message.c,605,gBattleStringsTable,pointer_table_entry,,left_or_dynamic,pending_call_flow_mapping,"[STRINGID_PKMNPROTECTEDBYMIST - BATTLESTRINGS_TABLE_START] = sText_PkmnProtectedByMist,",active_reference
global:gText_PkmnGettingPumped,gText_PkmnGettingPumped,BATTLE_SYSTEM,src/battle_message.c,606,gBattleStringsTable,pointer_table_entry,,left_or_dynamic,pending_call_flow_mapping,"[STRINGID_PKMNGETTINGPUMPED - BATTLESTRINGS_TABLE_START] = gText_PkmnGettingPumped,",active_reference
local:src/battle_message.c:sText_PkmnHitWithRecoil,sText_PkmnHitWithRecoil,BATTLE_SYSTEM,src/battle_message.c,607,gBattleStringsTable,pointer_table_entry,,left_or_dynamic,pending_call_flow_mapping,"[STRINGID_PKMNHITWITHRECOIL - BATTLESTRINGS_TABLE_START] = sText_PkmnHitWithRecoil,",active_reference
local:src/battle_message.c:sText_PkmnProtectedItself2,sText_PkmnProtectedItself2,BATTLE_SYSTEM,src/battle_message.c,608,gBattleStringsTable,pointer_table_entry,,left_or_dynamic,pending_call_flow_mapping,"[STRINGID_PKMNPROTECTEDITSELF2 - BATTLESTRINGS_TABLE_START] = sText_PkmnProtectedItself2,",active_reference
local:src/battle_message.c:sText_PkmnBuffetedBySandstorm,sText_PkmnBuffetedBySandstorm,BATTLE_SYSTEM,src/battle_message.c,609,gBattleStringsTable,pointer_table_entry,,left_or_dynamic,pending_call_flow_mapping,"[STRINGID_PKMNBUFFETEDBYSANDSTORM - BATTLESTRINGS_TABLE_START] = sText_PkmnBuffetedBySandstorm,",active_reference
local:src/battle_message.c:sText_PkmnPeltedByHail,sText_PkmnPeltedByHail,BATTLE_SYSTEM,src/battle_message.c,610,gBattleStringsTable,pointer_table_entry,,left_or_dynamic,pending_call_flow_mapping,"[STRINGID_PKMNPELTEDBYHAIL - BATTLESTRINGS_TABLE_START] = sText_PkmnPeltedByHail,",active_reference
local:src/battle_message.c:sText_PkmnSeeded,sText_PkmnSeeded,BATTLE_SYSTEM,src/battle_message.c,611,gBattleStringsTable,pointer_table_entry,,left_or_dynamic,pending_call_flow_mapping,"[STRINGID_PKMNSEEDED - BATTLESTRINGS_TABLE_START] = sText_PkmnSeeded,",active_reference
local:src/battle_message.c:sText_PkmnEvadedAttack,sText_PkmnEvadedAttack,BATTLE_SYSTEM,src/battle_message.c,612,gBattleStringsTable,pointer_table_entry,,left_or_dynamic,pending_call_flow_mapping,"[STRINGID_PKMNEVADEDATTACK - BATTLESTRINGS_TABLE_START] = sText_PkmnEvadedAttack,",active_reference
local:src/battle_message.c:sText_PkmnSappedByLeechSeed,sText_PkmnSappedByLeechSeed,BATTLE_SYSTEM,src/battle_message.c,613,gBattleStringsTable,pointer_table_entry,,left_or_dynamic,pending_call_flow_mapping,"[STRINGID_PKMNSAPPEDBYLEECHSEED - BATTLESTRINGS_TABLE_START] = sText_PkmnSappedByLeechSeed,",active_reference
local:src/battle_message.c:sText_PkmnFastAsleep,sText_PkmnFastAsleep,BATTLE_SYSTEM,src/battle_message.c,614,gBattleStringsTable,pointer_table_entry,,left_or_dynamic,pending_call_flow_mapping,"[STRINGID_PKMNFASTASLEEP - BATTLESTRINGS_TABLE_START] = sText_PkmnFastAsleep,",active_reference
local:src/battle_message.c:sText_PkmnWokeUp,sText_PkmnWokeUp,BATTLE_SYSTEM,src/battle_message.c,615,gBattleStringsTable,pointer_table_entry,,left_or_dynamic,pending_call_flow_mapping,"[STRINGID_PKMNWOKEUP - BATTLESTRINGS_TABLE_START] = sText_PkmnWokeUp,",active_reference
local:src/battle_message.c:sText_PkmnUproarKeptAwake,sText_PkmnUproarKeptAwake,BATTLE_SYSTEM,src/battle_message.c,616,gBattleStringsTable,pointer_table_entry,,left_or_dynamic,pending_call_flow_mapping,"[STRINGID_PKMNUPROARKEPTAWAKE - BATTLESTRINGS_TABLE_START] = sText_PkmnUproarKeptAwake,",active_reference
local:src/battle_message.c:sText_PkmnWokeUpInUproar,sText_PkmnWokeUpInUproar,BATTLE_SYSTEM,src/battle_message.c,617,gBattleStringsTable,pointer_table_entry,,left_or_dynamic,pending_call_flow_mapping,"[STRINGID_PKMNWOKEUPINUPROAR - BATTLESTRINGS_TABLE_START] = sText_PkmnWokeUpInUproar,",active_reference
local:src/battle_message.c:sText_PkmnCausedUproar,sText_PkmnCausedUproar,BATTLE_SYSTEM,src/battle_message.c,618,gBattleStringsTable,pointer_table_entry,,left_or_dynamic,pending_call_flow_mapping,"[STRINGID_PKMNCAUSEDUPROAR - BATTLESTRINGS_TABLE_START] = sText_PkmnCausedUproar,",active_reference
local:src/battle_message.c:sText_PkmnMakingUproar,sText_PkmnMakingUproar,BATTLE_SYSTEM,src/battle_message.c,619,gBattleStringsTable,pointer_table_entry,,left_or_dynamic,pending_call_flow_mapping,"[STRINGID_PKMNMAKINGUPROAR - BATTLESTRINGS_TABLE_START] = sText_PkmnMakingUproar,",active_reference
local:src/battle_message.c:sText_PkmnCalmedDown,sText_PkmnCalmedDown,BATTLE_SYSTEM,src/battle_message.c,620,gBattleStringsTable,pointer_table_entry,,left_or_dynamic,pending_call_flow_mapping,"[STRINGID_PKMNCALMEDDOWN - BATTLESTRINGS_TABLE_START] = sText_PkmnCalmedDown,",active_reference
local:src/battle_message.c:sText_PkmnCantSleepInUproar,sText_PkmnCantSleepInUproar,BATTLE_SYSTEM,src/battle_message.c,621,gBattleStringsTable,pointer_table_entry,,left_or_dynamic,pending_call_flow_mapping,"[STRINGID_PKMNCANTSLEEPINUPROAR - BATTLESTRINGS_TABLE_START] = sText_PkmnCantSleepInUproar,",active_reference
local:src/battle_message.c:sText_PkmnStockpiled,sText_PkmnStockpiled,BATTLE_SYSTEM,src/battle_message.c,622,gBattleStringsTable,pointer_table_entry,,left_or_dynamic,pending_call_flow_mapping,"[STRINGID_PKMNSTOCKPILED - BATTLESTRINGS_TABLE_START] = sText_PkmnStockpiled,",active_reference
local:src/battle_message.c:sText_PkmnCantStockpile,sText_PkmnCantStockpile,BATTLE_SYSTEM,src/battle_message.c,623,gBattleStringsTable,pointer_table_entry,,left_or_dynamic,pending_call_flow_mapping,"[STRINGID_PKMNCANTSTOCKPILE - BATTLESTRINGS_TABLE_START] = sText_PkmnCantStockpile,",active_reference
local:src/battle_message.c:sText_PkmnCantSleepInUproar2,sText_PkmnCantSleepInUproar2,BATTLE_SYSTEM,src/battle_message.c,624,gBattleStringsTable,pointer_table_entry,,left_or_dynamic,pending_call_flow_mapping,"[STRINGID_PKMNCANTSLEEPINUPROAR2 - BATTLESTRINGS_TABLE_START] = sText_PkmnCantSleepInUproar2,",active_reference
local:src/battle_message.c:sText_UproarKeptPkmnAwake,sText_UproarKeptPkmnAwake,BATTLE_SYSTEM,src/battle_message.c,625,gBattleStringsTable,pointer_table_entry,,left_or_dynamic,pending_call_flow_mapping,"[STRINGID_UPROARKEPTPKMNAWAKE - BATTLESTRINGS_TABLE_START] = sText_UproarKeptPkmnAwake,",active_reference
local:src/battle_message.c:sText_PkmnStayedAwakeUsing,sText_PkmnStayedAwakeUsing,BATTLE_SYSTEM,src/battle_message.c,626,gBattleStringsTable,pointer_table_entry,,left_or_dynamic,pending_call_flow_mapping,"[STRINGID_PKMNSTAYEDAWAKEUSING - BATTLESTRINGS_TABLE_START] = sText_PkmnStayedAwakeUsing,",active_reference
local:src/battle_message.c:sText_PkmnStoringEnergy,sText_PkmnStoringEnergy,BATTLE_SYSTEM,src/battle_message.c,627,gBattleStringsTable,pointer_table_entry,,left_or_dynamic,pending_call_flow_mapping,"[STRINGID_PKMNSTORINGENERGY - BATTLESTRINGS_TABLE_START] = sText_PkmnStoringEnergy,",active_reference
local:src/battle_message.c:sText_PkmnUnleashedEnergy,sText_PkmnUnleashedEnergy,BATTLE_SYSTEM,src/battle_message.c,628,gBattleStringsTable,pointer_table_entry,,left_or_dynamic,pending_call_flow_mapping,"[STRINGID_PKMNUNLEASHEDENERGY - BATTLESTRINGS_TABLE_START] = sText_PkmnUnleashedEnergy,",active_reference
local:src/battle_message.c:sText_PkmnFatigueConfusion,sText_PkmnFatigueConfusion,BATTLE_SYSTEM,src/battle_message.c,629,gBattleStringsTable,pointer_table_entry,,left_or_dynamic,pending_call_flow_mapping,"[STRINGID_PKMNFATIGUECONFUSION - BATTLESTRINGS_TABLE_START] = sText_PkmnFatigueConfusion,",active_reference
local:src/battle_message.c:sText_PlayerPickedUpMoney,sText_PlayerPickedUpMoney,BATTLE_SYSTEM,src/battle_message.c,630,gBattleStringsTable,pointer_table_entry,,left_or_dynamic,pending_call_flow_mapping,"[STRINGID_PLAYERPICKEDUPMONEY - BATTLESTRINGS_TABLE_START] = sText_PlayerPickedUpMoney,",active_reference
local:src/battle_message.c:sText_PkmnUnaffected,sText_PkmnUnaffected,BATTLE_SYSTEM,src/battle_message.c,631,gBattleStringsTable,pointer_table_entry,,left_or_dynamic,pending_call_flow_mapping,"[STRINGID_PKMNUNAFFECTED - BATTLESTRINGS_TABLE_START] = sText_PkmnUnaffected,",active_reference
local:src/battle_message.c:sText_PkmnTransformedInto,sText_PkmnTransformedInto,BATTLE_SYSTEM,src/battle_message.c,632,gBattleStringsTable,pointer_table_entry,,left_or_dynamic,pending_call_flow_mapping,"[STRINGID_PKMNTRANSFORMEDINTO - BATTLESTRINGS_TABLE_START] = sText_PkmnTransformedInto,",active_reference
local:src/battle_message.c:sText_PkmnMadeSubstitute,sText_PkmnMadeSubstitute,BATTLE_SYSTEM,src/battle_message.c,633,gBattleStringsTable,pointer_table_entry,,left_or_dynamic,pending_call_flow_mapping,"[STRINGID_PKMNMADESUBSTITUTE - BATTLESTRINGS_TABLE_START] = sText_PkmnMadeSubstitute,",active_reference
local:src/battle_message.c:sText_PkmnHasSubstitute,sText_PkmnHasSubstitute,BATTLE_SYSTEM,src/battle_message.c,634,gBattleStringsTable,pointer_table_entry,,left_or_dynamic,pending_call_flow_mapping,"[STRINGID_PKMNHASSUBSTITUTE - BATTLESTRINGS_TABLE_START] = sText_PkmnHasSubstitute,",active_reference
local:src/battle_message.c:sText_SubstituteDamaged,sText_SubstituteDamaged,BATTLE_SYSTEM,src/battle_message.c,635,gBattleStringsTable,pointer_table_entry,,left_or_dynamic,pending_call_flow_mapping,"[STRINGID_SUBSTITUTEDAMAGED - BATTLESTRINGS_TABLE_START] = sText_SubstituteDamaged,",active_reference
local:src/battle_message.c:sText_PkmnSubstituteFaded,sText_PkmnSubstituteFaded,BATTLE_SYSTEM,src/battle_message.c,636,gBattleStringsTable,pointer_table_entry,,left_or_dynamic,pending_call_flow_mapping,"[STRINGID_PKMNSUBSTITUTEFADED - BATTLESTRINGS_TABLE_START] = sText_PkmnSubstituteFaded,",active_reference
local:src/battle_message.c:sText_PkmnMustRecharge,sText_PkmnMustRecharge,BATTLE_SYSTEM,src/battle_message.c,637,gBattleStringsTable,pointer_table_entry,,left_or_dynamic,pending_call_flow_mapping,"[STRINGID_PKMNMUSTRECHARGE - BATTLESTRINGS_TABLE_START] = sText_PkmnMustRecharge,",active_reference
local:src/battle_message.c:sText_PkmnRageBuilding,sText_PkmnRageBuilding,BATTLE_SYSTEM,src/battle_message.c,638,gBattleStringsTable,pointer_table_entry,,left_or_dynamic,pending_call_flow_mapping,"[STRINGID_PKMNRAGEBUILDING - BATTLESTRINGS_TABLE_START] = sText_PkmnRageBuilding,",active_reference
local:src/battle_message.c:sText_PkmnMoveWasDisabled,sText_PkmnMoveWasDisabled,BATTLE_SYSTEM,src/battle_message.c,639,gBattleStringsTable,pointer_table_entry,,left_or_dynamic,pending_call_flow_mapping,"[STRINGID_PKMNMOVEWASDISABLED - BATTLESTRINGS_TABLE_START] = sText_PkmnMoveWasDisabled,",active_reference
local:src/battle_message.c:sText_PkmnMoveIsDisabled,sText_PkmnMoveIsDisabled,BATTLE_SYSTEM,src/battle_message.c,640,gBattleStringsTable,pointer_table_entry,,left_or_dynamic,pending_call_flow_mapping,"[STRINGID_PKMNMOVEISDISABLED - BATTLESTRINGS_TABLE_START] = sText_PkmnMoveIsDisabled,",active_reference
local:src/battle_message.c:sText_PkmnMoveDisabledNoMore,sText_PkmnMoveDisabledNoMore,BATTLE_SYSTEM,src/battle_message.c,641,gBattleStringsTable,pointer_table_entry,,left_or_dynamic,pending_call_flow_mapping,"[STRINGID_PKMNMOVEDISABLEDNOMORE - BATTLESTRINGS_TABLE_START] = sText_PkmnMoveDisabledNoMore,",active_reference
local:src/battle_message.c:sText_PkmnGotEncore,sText_PkmnGotEncore,BATTLE_SYSTEM,src/battle_message.c,642,gBattleStringsTable,pointer_table_entry,,left_or_dynamic,pending_call_flow_mapping,"[STRINGID_PKMNGOTENCORE - BATTLESTRINGS_TABLE_START] = sText_PkmnGotEncore,",active_reference
local:src/battle_message.c:sText_PkmnEncoreEnded,sText_PkmnEncoreEnded,BATTLE_SYSTEM,src/battle_message.c,643,gBattleStringsTable,pointer_table_entry,,left_or_dynamic,pending_call_flow_mapping,"[STRINGID_PKMNENCOREENDED - BATTLESTRINGS_TABLE_START] = sText_PkmnEncoreEnded,",active_reference
local:src/battle_message.c:sText_PkmnTookAim,sText_PkmnTookAim,BATTLE_SYSTEM,src/battle_message.c,644,gBattleStringsTable,pointer_table_entry,,left_or_dynamic,pending_call_flow_mapping,"[STRINGID_PKMNTOOKAIM - BATTLESTRINGS_TABLE_START] = sText_PkmnTookAim,",active_reference
local:src/battle_message.c:sText_PkmnSketchedMove,sText_PkmnSketchedMove,BATTLE_SYSTEM,src/battle_message.c,645,gBattleStringsTable,pointer_table_entry,,left_or_dynamic,pending_call_flow_mapping,"[STRINGID_PKMNSKETCHEDMOVE - BATTLESTRINGS_TABLE_START] = sText_PkmnSketchedMove,",active_reference
local:src/battle_message.c:sText_PkmnTryingToTakeFoe,sText_PkmnTryingToTakeFoe,BATTLE_SYSTEM,src/battle_message.c,646,gBattleStringsTable,pointer_table_entry,,left_or_dynamic,pending_call_flow_mapping,"[STRINGID_PKMNTRYINGTOTAKEFOE - BATTLESTRINGS_TABLE_START] = sText_PkmnTryingToTakeFoe,",active_reference
local:src/battle_message.c:sText_PkmnTookFoe,sText_PkmnTookFoe,BATTLE_SYSTEM,src/battle_message.c,647,gBattleStringsTable,pointer_table_entry,,left_or_dynamic,pending_call_flow_mapping,"[STRINGID_PKMNTOOKFOE - BATTLESTRINGS_TABLE_START] = sText_PkmnTookFoe,",active_reference
local:src/battle_message.c:sText_PkmnReducedPP,sText_PkmnReducedPP,BATTLE_SYSTEM,src/battle_message.c,648,gBattleStringsTable,pointer_table_entry,,left_or_dynamic,pending_call_flow_mapping,"[STRINGID_PKMNREDUCEDPP - BATTLESTRINGS_TABLE_START] = sText_PkmnReducedPP,",active_reference
local:src/battle_message.c:sText_PkmnStoleItem,sText_PkmnStoleItem,BATTLE_SYSTEM,src/battle_message.c,649,gBattleStringsTable,pointer_table_entry,,left_or_dynamic,pending_call_flow_mapping,"[STRINGID_PKMNSTOLEITEM - BATTLESTRINGS_TABLE_START] = sText_PkmnStoleItem,",active_reference
local:src/battle_message.c:sText_TargetCantEscapeNow,sText_TargetCantEscapeNow,BATTLE_SYSTEM,src/battle_message.c,650,gBattleStringsTable,pointer_table_entry,,left_or_dynamic,pending_call_flow_mapping,"[STRINGID_TARGETCANTESCAPENOW - BATTLESTRINGS_TABLE_START] = sText_TargetCantEscapeNow,",active_reference
local:src/battle_message.c:sText_PkmnFellIntoNightmare,sText_PkmnFellIntoNightmare,BATTLE_SYSTEM,src/battle_message.c,651,gBattleStringsTable,pointer_table_entry,,left_or_dynamic,pending_call_flow_mapping,"[STRINGID_PKMNFELLINTONIGHTMARE - BATTLESTRINGS_TABLE_START] = sText_PkmnFellIntoNightmare,",active_reference
local:src/battle_message.c:sText_PkmnLockedInNightmare,sText_PkmnLockedInNightmare,BATTLE_SYSTEM,src/battle_message.c,652,gBattleStringsTable,pointer_table_entry,,left_or_dynamic,pending_call_flow_mapping,"[STRINGID_PKMNLOCKEDINNIGHTMARE - BATTLESTRINGS_TABLE_START] = sText_PkmnLockedInNightmare,",active_reference
local:src/battle_message.c:sText_PkmnLaidCurse,sText_PkmnLaidCurse,BATTLE_SYSTEM,src/battle_message.c,653,gBattleStringsTable,pointer_table_entry,,left_or_dynamic,pending_call_flow_mapping,"[STRINGID_PKMNLAIDCURSE - BATTLESTRINGS_TABLE_START] = sText_PkmnLaidCurse,",active_reference
local:src/battle_message.c:sText_PkmnAfflictedByCurse,sText_PkmnAfflictedByCurse,BATTLE_SYSTEM,src/battle_message.c,654,gBattleStringsTable,pointer_table_entry,,left_or_dynamic,pending_call_flow_mapping,"[STRINGID_PKMNAFFLICTEDBYCURSE - BATTLESTRINGS_TABLE_START] = sText_PkmnAfflictedByCurse,",active_reference
local:src/battle_message.c:sText_SpikesScattered,sText_SpikesScattered,BATTLE_SYSTEM,src/battle_message.c,655,gBattleStringsTable,pointer_table_entry,,left_or_dynamic,pending_call_flow_mapping,"[STRINGID_SPIKESSCATTERED - BATTLESTRINGS_TABLE_START] = sText_SpikesScattered,",active_reference
local:src/battle_message.c:sText_PkmnHurtBySpikes,sText_PkmnHurtBySpikes,BATTLE_SYSTEM,src/battle_message.c,656,gBattleStringsTable,pointer_table_entry,,left_or_dynamic,pending_call_flow_mapping,"[STRINGID_PKMNHURTBYSPIKES - BATTLESTRINGS_TABLE_START] = sText_PkmnHurtBySpikes,",active_reference
local:src/battle_message.c:sText_PkmnIdentified,sText_PkmnIdentified,BATTLE_SYSTEM,src/battle_message.c,657,gBattleStringsTable,pointer_table_entry,,left_or_dynamic,pending_call_flow_mapping,"[STRINGID_PKMNIDENTIFIED - BATTLESTRINGS_TABLE_START] = sText_PkmnIdentified,",active_reference
local:src/battle_message.c:sText_PkmnPerishCountFell,sText_PkmnPerishCountFell,BATTLE_SYSTEM,src/battle_message.c,658,gBattleStringsTable,pointer_table_entry,,left_or_dynamic,pending_call_flow_mapping,"[STRINGID_PKMNPERISHCOUNTFELL - BATTLESTRINGS_TABLE_START] = sText_PkmnPerishCountFell,",active_reference
local:src/battle_message.c:sText_PkmnBracedItself,sText_PkmnBracedItself,BATTLE_SYSTEM,src/battle_message.c,659,gBattleStringsTable,pointer_table_entry,,left_or_dynamic,pending_call_flow_mapping,"[STRINGID_PKMNBRACEDITSELF - BATTLESTRINGS_TABLE_START] = sText_PkmnBracedItself,",active_reference
local:src/battle_message.c:sText_PkmnEnduredHit,sText_PkmnEnduredHit,BATTLE_SYSTEM,src/battle_message.c,660,gBattleStringsTable,pointer_table_entry,,left_or_dynamic,pending_call_flow_mapping,"[STRINGID_PKMNENDUREDHIT - BATTLESTRINGS_TABLE_START] = sText_PkmnEnduredHit,",active_reference
local:src/battle_message.c:sText_MagnitudeStrength,sText_MagnitudeStrength,BATTLE_SYSTEM,src/battle_message.c,661,gBattleStringsTable,pointer_table_entry,,left_or_dynamic,pending_call_flow_mapping,"[STRINGID_MAGNITUDESTRENGTH - BATTLESTRINGS_TABLE_START] = sText_MagnitudeStrength,",active_reference
local:src/battle_message.c:sText_PkmnCutHPMaxedAttack,sText_PkmnCutHPMaxedAttack,BATTLE_SYSTEM,src/battle_message.c,662,gBattleStringsTable,pointer_table_entry,,left_or_dynamic,pending_call_flow_mapping,"[STRINGID_PKMNCUTHPMAXEDATTACK - BATTLESTRINGS_TABLE_START] = sText_PkmnCutHPMaxedAttack,",active_reference
local:src/battle_message.c:sText_PkmnCopiedStatChanges,sText_PkmnCopiedStatChanges,BATTLE_SYSTEM,src/battle_message.c,663,gBattleStringsTable,pointer_table_entry,,left_or_dynamic,pending_call_flow_mapping,"[STRINGID_PKMNCOPIEDSTATCHANGES - BATTLESTRINGS_TABLE_START] = sText_PkmnCopiedStatChanges,",active_reference
local:src/battle_message.c:sText_PkmnGotFree,sText_PkmnGotFree,BATTLE_SYSTEM,src/battle_message.c,664,gBattleStringsTable,pointer_table_entry,,left_or_dynamic,pending_call_flow_mapping,"[STRINGID_PKMNGOTFREE - BATTLESTRINGS_TABLE_START] = sText_PkmnGotFree,",active_reference
local:src/battle_message.c:sText_PkmnShedLeechSeed,sText_PkmnShedLeechSeed,BATTLE_SYSTEM,src/battle_message.c,665,gBattleStringsTable,pointer_table_entry,,left_or_dynamic,pending_call_flow_mapping,"[STRINGID_PKMNSHEDLEECHSEED - BATTLESTRINGS_TABLE_START] = sText_PkmnShedLeechSeed,",active_reference
local:src/battle_message.c:sText_PkmnBlewAwaySpikes,sText_PkmnBlewAwaySpikes,BATTLE_SYSTEM,src/battle_message.c,666,gBattleStringsTable,pointer_table_entry,,left_or_dynamic,pending_call_flow_mapping,"[STRINGID_PKMNBLEWAWAYSPIKES - BATTLESTRINGS_TABLE_START] = sText_PkmnBlewAwaySpikes,",active_reference
local:src/battle_message.c:sText_PkmnFledFromBattle,sText_PkmnFledFromBattle,BATTLE_SYSTEM,src/battle_message.c,667,gBattleStringsTable,pointer_table_entry,,left_or_dynamic,pending_call_flow_mapping,"[STRINGID_PKMNFLEDFROMBATTLE - BATTLESTRINGS_TABLE_START] = sText_PkmnFledFromBattle,",active_reference
local:src/battle_message.c:sText_PkmnForesawAttack,sText_PkmnForesawAttack,BATTLE_SYSTEM,src/battle_message.c,668,gBattleStringsTable,pointer_table_entry,,left_or_dynamic,pending_call_flow_mapping,"[STRINGID_PKMNFORESAWATTACK - BATTLESTRINGS_TABLE_START] = sText_PkmnForesawAttack,",active_reference
local:src/battle_message.c:sText_PkmnTookAttack,sText_PkmnTookAttack,BATTLE_SYSTEM,src/battle_message.c,669,gBattleStringsTable,pointer_table_entry,,left_or_dynamic,pending_call_flow_mapping,"[STRINGID_PKMNTOOKATTACK - BATTLESTRINGS_TABLE_START] = sText_PkmnTookAttack,",active_reference
local:src/battle_message.c:sText_PkmnAttack,sText_PkmnAttack,BATTLE_SYSTEM,src/battle_message.c,670,gBattleStringsTable,pointer_table_entry,,left_or_dynamic,pending_call_flow_mapping,"[STRINGID_PKMNATTACK - BATTLESTRINGS_TABLE_START] = sText_PkmnAttack,",active_reference
local:src/battle_message.c:sText_PkmnCenterAttention,sText_PkmnCenterAttention,BATTLE_SYSTEM,src/battle_message.c,671,gBattleStringsTable,pointer_table_entry,,left_or_dynamic,pending_call_flow_mapping,"[STRINGID_PKMNCENTERATTENTION - BATTLESTRINGS_TABLE_START] = sText_PkmnCenterAttention,",active_reference
local:src/battle_message.c:sText_PkmnChargingPower,sText_PkmnChargingPower,BATTLE_SYSTEM,src/battle_message.c,672,gBattleStringsTable,pointer_table_entry,,left_or_dynamic,pending_call_flow_mapping,"[STRINGID_PKMNCHARGINGPOWER - BATTLESTRINGS_TABLE_START] = sText_PkmnChargingPower,",active_reference
local:src/battle_message.c:sText_NaturePowerTurnedInto,sText_NaturePowerTurnedInto,BATTLE_SYSTEM,src/battle_message.c,673,gBattleStringsTable,pointer_table_entry,,left_or_dynamic,pending_call_flow_mapping,"[STRINGID_NATUREPOWERTURNEDINTO - BATTLESTRINGS_TABLE_START] = sText_NaturePowerTurnedInto,",active_reference
local:src/battle_message.c:sText_PkmnStatusNormal,sText_PkmnStatusNormal,BATTLE_SYSTEM,src/battle_message.c,674,gBattleStringsTable,pointer_table_entry,,left_or_dynamic,pending_call_flow_mapping,"[STRINGID_PKMNSTATUSNORMAL - BATTLESTRINGS_TABLE_START] = sText_PkmnStatusNormal,",active_reference
local:src/battle_message.c:sText_PkmnHasNoMovesLeft,sText_PkmnHasNoMovesLeft,BATTLE_SYSTEM,src/battle_message.c,675,gBattleStringsTable,pointer_table_entry,,left_or_dynamic,pending_call_flow_mapping,"[STRINGID_PKMNHASNOMOVESLEFT - BATTLESTRINGS_TABLE_START] = sText_PkmnHasNoMovesLeft,",active_reference
local:src/battle_message.c:sText_PkmnSubjectedToTorment,sText_PkmnSubjectedToTorment,BATTLE_SYSTEM,src/battle_message.c,676,gBattleStringsTable,pointer_table_entry,,left_or_dynamic,pending_call_flow_mapping,"[STRINGID_PKMNSUBJECTEDTOTORMENT - BATTLESTRINGS_TABLE_START] = sText_PkmnSubjectedToTorment,",active_reference
local:src/battle_message.c:sText_PkmnCantUseMoveTorment,sText_PkmnCantUseMoveTorment,BATTLE_SYSTEM,src/battle_message.c,677,gBattleStringsTable,pointer_table_entry,,left_or_dynamic,pending_call_flow_mapping,"[STRINGID_PKMNCANTUSEMOVETORMENT - BATTLESTRINGS_TABLE_START] = sText_PkmnCantUseMoveTorment,",active_reference
local:src/battle_message.c:sText_PkmnTighteningFocus,sText_PkmnTighteningFocus,BATTLE_SYSTEM,src/battle_message.c,678,gBattleStringsTable,pointer_table_entry,,left_or_dynamic,pending_call_flow_mapping,"[STRINGID_PKMNTIGHTENINGFOCUS - BATTLESTRINGS_TABLE_START] = sText_PkmnTighteningFocus,",active_reference
local:src/battle_message.c:sText_PkmnFellForTaunt,sText_PkmnFellForTaunt,BATTLE_SYSTEM,src/battle_message.c,679,gBattleStringsTable,pointer_table_entry,,left_or_dynamic,pending_call_flow_mapping,"[STRINGID_PKMNFELLFORTAUNT - BATTLESTRINGS_TABLE_START] = sText_PkmnFellForTaunt,",active_reference
local:src/battle_message.c:sText_PkmnCantUseMoveTaunt,sText_PkmnCantUseMoveTaunt,BATTLE_SYSTEM,src/battle_message.c,680,gBattleStringsTable,pointer_table_entry,,left_or_dynamic,pending_call_flow_mapping,"[STRINGID_PKMNCANTUSEMOVETAUNT - BATTLESTRINGS_TABLE_START] = sText_PkmnCantUseMoveTaunt,",active_reference
local:src/battle_message.c:sText_PkmnReadyToHelp,sText_PkmnReadyToHelp,BATTLE_SYSTEM,src/battle_message.c,681,gBattleStringsTable,pointer_table_entry,,left_or_dynamic,pending_call_flow_mapping,"[STRINGID_PKMNREADYTOHELP - BATTLESTRINGS_TABLE_START] = sText_PkmnReadyToHelp,",active_reference
local:src/battle_message.c:sText_PkmnSwitchedItems,sText_PkmnSwitchedItems,BATTLE_SYSTEM,src/battle_message.c,682,gBattleStringsTable,pointer_table_entry,,left_or_dynamic,pending_call_flow_mapping,"[STRINGID_PKMNSWITCHEDITEMS - BATTLESTRINGS_TABLE_START] = sText_PkmnSwitchedItems,",active_reference
local:src/battle_message.c:sText_PkmnCopiedFoe,sText_PkmnCopiedFoe,BATTLE_SYSTEM,src/battle_message.c,683,gBattleStringsTable,pointer_table_entry,,left_or_dynamic,pending_call_flow_mapping,"[STRINGID_PKMNCOPIEDFOE - BATTLESTRINGS_TABLE_START] = sText_PkmnCopiedFoe,",active_reference
local:src/battle_message.c:sText_PkmnMadeWish,sText_PkmnMadeWish,BATTLE_SYSTEM,src/battle_message.c,684,gBattleStringsTable,pointer_table_entry,,left_or_dynamic,pending_call_flow_mapping,"[STRINGID_PKMNMADEWISH - BATTLESTRINGS_TABLE_START] = sText_PkmnMadeWish,",active_reference
local:src/battle_message.c:sText_PkmnWishCameTrue,sText_PkmnWishCameTrue,BATTLE_SYSTEM,src/battle_message.c,685,gBattleStringsTable,pointer_table_entry,,left_or_dynamic,pending_call_flow_mapping,"[STRINGID_PKMNWISHCAMETRUE - BATTLESTRINGS_TABLE_START] = sText_PkmnWishCameTrue,",active_reference
local:src/battle_message.c:sText_PkmnPlantedRoots,sText_PkmnPlantedRoots,BATTLE_SYSTEM,src/battle_message.c,686,gBattleStringsTable,pointer_table_entry,,left_or_dynamic,pending_call_flow_mapping,"[STRINGID_PKMNPLANTEDROOTS - BATTLESTRINGS_TABLE_START] = sText_PkmnPlantedRoots,",active_reference
local:src/battle_message.c:sText_PkmnAbsorbedNutrients,sText_PkmnAbsorbedNutrients,BATTLE_SYSTEM,src/battle_message.c,687,gBattleStringsTable,pointer_table_entry,,left_or_dynamic,pending_call_flow_mapping,"[STRINGID_PKMNABSORBEDNUTRIENTS - BATTLESTRINGS_TABLE_START] = sText_PkmnAbsorbedNutrients,",active_reference
local:src/battle_message.c:sText_PkmnAnchoredItself,sText_PkmnAnchoredItself,BATTLE_SYSTEM,src/battle_message.c,688,gBattleStringsTable,pointer_table_entry,,left_or_dynamic,pending_call_flow_mapping,"[STRINGID_PKMNANCHOREDITSELF - BATTLESTRINGS_TABLE_START] = sText_PkmnAnchoredItself,",active_reference
local:src/battle_message.c:sText_PkmnWasMadeDrowsy,sText_PkmnWasMadeDrowsy,BATTLE_SYSTEM,src/battle_message.c,689,gBattleStringsTable,pointer_table_entry,,left_or_dynamic,pending_call_flow_mapping,"[STRINGID_PKMNWASMADEDROWSY - BATTLESTRINGS_TABLE_START] = sText_PkmnWasMadeDrowsy,",active_reference
local:src/battle_message.c:sText_PkmnKnockedOff,sText_PkmnKnockedOff,BATTLE_SYSTEM,src/battle_message.c,690,gBattleStringsTable,pointer_table_entry,,left_or_dynamic,pending_call_flow_mapping,"[STRINGID_PKMNKNOCKEDOFF - BATTLESTRINGS_TABLE_START] = sText_PkmnKnockedOff,",active_reference
local:src/battle_message.c:sText_PkmnSwappedAbilities,sText_PkmnSwappedAbilities,BATTLE_SYSTEM,src/battle_message.c,691,gBattleStringsTable,pointer_table_entry,,left_or_dynamic,pending_call_flow_mapping,"[STRINGID_PKMNSWAPPEDABILITIES - BATTLESTRINGS_TABLE_START] = sText_PkmnSwappedAbilities,",active_reference
local:src/battle_message.c:sText_PkmnSealedOpponentMove,sText_PkmnSealedOpponentMove,BATTLE_SYSTEM,src/battle_message.c,692,gBattleStringsTable,pointer_table_entry,,left_or_dynamic,pending_call_flow_mapping,"[STRINGID_PKMNSEALEDOPPONENTMOVE - BATTLESTRINGS_TABLE_START] = sText_PkmnSealedOpponentMove,",active_reference
local:src/battle_message.c:sText_PkmnCantUseMoveSealed,sText_PkmnCantUseMoveSealed,BATTLE_SYSTEM,src/battle_message.c,693,gBattleStringsTable,pointer_table_entry,,left_or_dynamic,pending_call_flow_mapping,"[STRINGID_PKMNCANTUSEMOVESEALED - BATTLESTRINGS_TABLE_START] = sText_PkmnCantUseMoveSealed,",active_reference
local:src/battle_message.c:sText_PkmnWantsGrudge,sText_PkmnWantsGrudge,BATTLE_SYSTEM,src/battle_message.c,694,gBattleStringsTable,pointer_table_entry,,left_or_dynamic,pending_call_flow_mapping,"[STRINGID_PKMNWANTSGRUDGE - BATTLESTRINGS_TABLE_START] = sText_PkmnWantsGrudge,",active_reference
local:src/battle_message.c:sText_PkmnLostPPGrudge,sText_PkmnLostPPGrudge,BATTLE_SYSTEM,src/battle_message.c,695,gBattleStringsTable,pointer_table_entry,,left_or_dynamic,pending_call_flow_mapping,"[STRINGID_PKMNLOSTPPGRUDGE - BATTLESTRINGS_TABLE_START] = sText_PkmnLostPPGrudge,",active_reference
local:src/battle_message.c:sText_PkmnShroudedItself,sText_PkmnShroudedItself,BATTLE_SYSTEM,src/battle_message.c,696,gBattleStringsTable,pointer_table_entry,,left_or_dynamic,pending_call_flow_mapping,"[STRINGID_PKMNSHROUDEDITSELF - BATTLESTRINGS_TABLE_START] = sText_PkmnShroudedItself,",active_reference
local:src/battle_message.c:sText_PkmnMoveBounced,sText_PkmnMoveBounced,BATTLE_SYSTEM,src/battle_message.c,697,gBattleStringsTable,pointer_table_entry,,left_or_dynamic,pending_call_flow_mapping,"[STRINGID_PKMNMOVEBOUNCED - BATTLESTRINGS_TABLE_START] = sText_PkmnMoveBounced,",active_reference
local:src/battle_message.c:sText_PkmnWaitsForTarget,sText_PkmnWaitsForTarget,BATTLE_SYSTEM,src/battle_message.c,698,gBattleStringsTable,pointer_table_entry,,left_or_dynamic,pending_call_flow_mapping,"[STRINGID_PKMNWAITSFORTARGET - BATTLESTRINGS_TABLE_START] = sText_PkmnWaitsForTarget,",active_reference
local:src/battle_message.c:sText_PkmnSnatchedMove,sText_PkmnSnatchedMove,BATTLE_SYSTEM,src/battle_message.c,699,gBattleStringsTable,pointer_table_entry,,left_or_dynamic,pending_call_flow_mapping,"[STRINGID_PKMNSNATCHEDMOVE - BATTLESTRINGS_TABLE_START] = sText_PkmnSnatchedMove,",active_reference
local:src/battle_message.c:sText_PkmnMadeItRain,sText_PkmnMadeItRain,BATTLE_SYSTEM,src/battle_message.c,700,gBattleStringsTable,pointer_table_entry,,left_or_dynamic,pending_call_flow_mapping,"[STRINGID_PKMNMADEITRAIN - BATTLESTRINGS_TABLE_START] = sText_PkmnMadeItRain,",active_reference
local:src/battle_message.c:sText_PkmnRaisedSpeed,sText_PkmnRaisedSpeed,BATTLE_SYSTEM,src/battle_message.c,701,gBattleStringsTable,pointer_table_entry,,left_or_dynamic,pending_call_flow_mapping,"[STRINGID_PKMNRAISEDSPEED - BATTLESTRINGS_TABLE_START] = sText_PkmnRaisedSpeed,",active_reference
local:src/battle_message.c:sText_PkmnProtectedBy,sText_PkmnProtectedBy,BATTLE_SYSTEM,src/battle_message.c,702,gBattleStringsTable,pointer_table_entry,,left_or_dynamic,pending_call_flow_mapping,"[STRINGID_PKMNPROTECTEDBY - BATTLESTRINGS_TABLE_START] = sText_PkmnProtectedBy,",active_reference
local:src/battle_message.c:sText_PkmnPreventsUsage,sText_PkmnPreventsUsage,BATTLE_SYSTEM,src/battle_message.c,703,gBattleStringsTable,pointer_table_entry,,left_or_dynamic,pending_call_flow_mapping,"[STRINGID_PKMNPREVENTSUSAGE - BATTLESTRINGS_TABLE_START] = sText_PkmnPreventsUsage,",active_reference
local:src/battle_message.c:sText_PkmnRestoredHPUsing,sText_PkmnRestoredHPUsing,BATTLE_SYSTEM,src/battle_message.c,704,gBattleStringsTable,pointer_table_entry,,left_or_dynamic,pending_call_flow_mapping,"[STRINGID_PKMNRESTOREDHPUSING - BATTLESTRINGS_TABLE_START] = sText_PkmnRestoredHPUsing,",active_reference
local:src/battle_message.c:sText_PkmnChangedTypeWith,sText_PkmnChangedTypeWith,BATTLE_SYSTEM,src/battle_message.c,705,gBattleStringsTable,pointer_table_entry,,left_or_dynamic,pending_call_flow_mapping,"[STRINGID_PKMNCHANGEDTYPEWITH - BATTLESTRINGS_TABLE_START] = sText_PkmnChangedTypeWith,",active_reference
local:src/battle_message.c:sText_PkmnPreventsParalysisWith,sText_PkmnPreventsParalysisWith,BATTLE_SYSTEM,src/battle_message.c,706,gBattleStringsTable,pointer_table_entry,,left_or_dynamic,pending_call_flow_mapping,"[STRINGID_PKMNPREVENTSPARALYSISWITH - BATTLESTRINGS_TABLE_START] = sText_PkmnPreventsParalysisWith,",active_reference
local:src/battle_message.c:sText_PkmnPreventsRomanceWith,sText_PkmnPreventsRomanceWith,BATTLE_SYSTEM,src/battle_message.c,707,gBattleStringsTable,pointer_table_entry,,left_or_dynamic,pending_call_flow_mapping,"[STRINGID_PKMNPREVENTSROMANCEWITH - BATTLESTRINGS_TABLE_START] = sText_PkmnPreventsRomanceWith,",active_reference
local:src/battle_message.c:sText_PkmnPreventsPoisoningWith,sText_PkmnPreventsPoisoningWith,BATTLE_SYSTEM,src/battle_message.c,708,gBattleStringsTable,pointer_table_entry,,left_or_dynamic,pending_call_flow_mapping,"[STRINGID_PKMNPREVENTSPOISONINGWITH - BATTLESTRINGS_TABLE_START] = sText_PkmnPreventsPoisoningWith,",active_reference
local:src/battle_message.c:sText_PkmnPreventsConfusionWith,sText_PkmnPreventsConfusionWith,BATTLE_SYSTEM,src/battle_message.c,709,gBattleStringsTable,pointer_table_entry,,left_or_dynamic,pending_call_flow_mapping,"[STRINGID_PKMNPREVENTSCONFUSIONWITH - BATTLESTRINGS_TABLE_START] = sText_PkmnPreventsConfusionWith,",active_reference
local:src/battle_message.c:sText_PkmnRaisedFirePowerWith,sText_PkmnRaisedFirePowerWith,BATTLE_SYSTEM,src/battle_message.c,710,gBattleStringsTable,pointer_table_entry,,left_or_dynamic,pending_call_flow_mapping,"[STRINGID_PKMNRAISEDFIREPOWERWITH - BATTLESTRINGS_TABLE_START] = sText_PkmnRaisedFirePowerWith,",active_reference
local:src/battle_message.c:sText_PkmnAnchorsItselfWith,sText_PkmnAnchorsItselfWith,BATTLE_SYSTEM,src/battle_message.c,711,gBattleStringsTable,pointer_table_entry,,left_or_dynamic,pending_call_flow_mapping,"[STRINGID_PKMNANCHORSITSELFWITH - BATTLESTRINGS_TABLE_START] = sText_PkmnAnchorsItselfWith,",active_reference
local:src/battle_message.c:sText_PkmnCutsAttackWith,sText_PkmnCutsAttackWith,BATTLE_SYSTEM,src/battle_message.c,712,gBattleStringsTable,pointer_table_entry,,left_or_dynamic,pending_call_flow_mapping,"[STRINGID_PKMNCUTSATTACKWITH - BATTLESTRINGS_TABLE_START] = sText_PkmnCutsAttackWith,",active_reference
local:src/battle_message.c:sText_PkmnPreventsStatLossWith,sText_PkmnPreventsStatLossWith,BATTLE_SYSTEM,src/battle_message.c,713,gBattleStringsTable,pointer_table_entry,,left_or_dynamic,pending_call_flow_mapping,"[STRINGID_PKMNPREVENTSSTATLOSSWITH - BATTLESTRINGS_TABLE_START] = sText_PkmnPreventsStatLossWith,",active_reference
local:src/battle_message.c:sText_PkmnHurtsWith,sText_PkmnHurtsWith,BATTLE_SYSTEM,src/battle_message.c,714,gBattleStringsTable,pointer_table_entry,,left_or_dynamic,pending_call_flow_mapping,"[STRINGID_PKMNHURTSWITH - BATTLESTRINGS_TABLE_START] = sText_PkmnHurtsWith,",active_reference
local:src/battle_message.c:sText_PkmnTraced,sText_PkmnTraced,BATTLE_SYSTEM,src/battle_message.c,715,gBattleStringsTable,pointer_table_entry,,left_or_dynamic,pending_call_flow_mapping,"[STRINGID_PKMNTRACED - BATTLESTRINGS_TABLE_START] = sText_PkmnTraced,",active_reference
local:src/battle_message.c:sText_StatSharply,sText_StatSharply,BATTLE_SYSTEM,src/battle_message.c,716,gBattleStringsTable,pointer_table_entry,,left_or_dynamic,pending_call_flow_mapping,"[STRINGID_STATSHARPLY - BATTLESTRINGS_TABLE_START] = sText_StatSharply,",active_reference
global:gText_StatRose,gText_StatRose,BATTLE_SYSTEM,src/battle_message.c,717,gBattleStringsTable,pointer_table_entry,,left_or_dynamic,pending_call_flow_mapping,"[STRINGID_STATROSE - BATTLESTRINGS_TABLE_START] = gText_StatRose,",active_reference
local:src/battle_message.c:sText_StatHarshly,sText_StatHarshly,BATTLE_SYSTEM,src/battle_message.c,718,gBattleStringsTable,pointer_table_entry,,left_or_dynamic,pending_call_flow_mapping,"[STRINGID_STATHARSHLY - BATTLESTRINGS_TABLE_START] = sText_StatHarshly,",active_reference
local:src/battle_message.c:sText_StatFell,sText_StatFell,BATTLE_SYSTEM,src/battle_message.c,719,gBattleStringsTable,pointer_table_entry,,left_or_dynamic,pending_call_flow_mapping,"[STRINGID_STATFELL - BATTLESTRINGS_TABLE_START] = sText_StatFell,",active_reference
local:src/battle_message.c:sText_AttackersStatRose,sText_AttackersStatRose,BATTLE_SYSTEM,src/battle_message.c,720,gBattleStringsTable,pointer_table_entry,,left_or_dynamic,pending_call_flow_mapping,"[STRINGID_ATTACKERSSTATROSE - BATTLESTRINGS_TABLE_START] = sText_AttackersStatRose,",active_reference
global:gText_DefendersStatRose,gText_DefendersStatRose,BATTLE_SYSTEM,src/battle_message.c,721,gBattleStringsTable,pointer_table_entry,,left_or_dynamic,pending_call_flow_mapping,"[STRINGID_DEFENDERSSTATROSE - BATTLESTRINGS_TABLE_START] = gText_DefendersStatRose,",active_reference
local:src/battle_message.c:sText_AttackersStatFell,sText_AttackersStatFell,BATTLE_SYSTEM,src/battle_message.c,722,gBattleStringsTable,pointer_table_entry,,left_or_dynamic,pending_call_flow_mapping,"[STRINGID_ATTACKERSSTATFELL - BATTLESTRINGS_TABLE_START] = sText_AttackersStatFell,",active_reference
local:src/battle_message.c:sText_DefendersStatFell,sText_DefendersStatFell,BATTLE_SYSTEM,src/battle_message.c,723,gBattleStringsTable,pointer_table_entry,,left_or_dynamic,pending_call_flow_mapping,"[STRINGID_DEFENDERSSTATFELL - BATTLESTRINGS_TABLE_START] = sText_DefendersStatFell,",active_reference
local:src/battle_message.c:sText_CriticalHit,sText_CriticalHit,BATTLE_SYSTEM,src/battle_message.c,724,gBattleStringsTable,pointer_table_entry,,left_or_dynamic,pending_call_flow_mapping,"[STRINGID_CRITICALHIT - BATTLESTRINGS_TABLE_START] = sText_CriticalHit,",active_reference
local:src/battle_message.c:sText_OneHitKO,sText_OneHitKO,BATTLE_SYSTEM,src/battle_message.c,725,gBattleStringsTable,pointer_table_entry,,left_or_dynamic,pending_call_flow_mapping,"[STRINGID_ONEHITKO - BATTLESTRINGS_TABLE_START] = sText_OneHitKO,",active_reference
local:src/battle_message.c:sText_123Poof,sText_123Poof,BATTLE_SYSTEM,src/battle_message.c,726,gBattleStringsTable,pointer_table_entry,,left_or_dynamic,pending_call_flow_mapping,"[STRINGID_123POOF - BATTLESTRINGS_TABLE_START] = sText_123Poof,",active_reference
local:src/battle_message.c:sText_AndEllipsis,sText_AndEllipsis,BATTLE_SYSTEM,src/battle_message.c,727,gBattleStringsTable,pointer_table_entry,,left_or_dynamic,pending_call_flow_mapping,"[STRINGID_ANDELLIPSIS - BATTLESTRINGS_TABLE_START] = sText_AndEllipsis,",active_reference
local:src/battle_message.c:sText_NotVeryEffective,sText_NotVeryEffective,BATTLE_SYSTEM,src/battle_message.c,728,gBattleStringsTable,pointer_table_entry,,left_or_dynamic,pending_call_flow_mapping,"[STRINGID_NOTVERYEFFECTIVE - BATTLESTRINGS_TABLE_START] = sText_NotVeryEffective,",active_reference
local:src/battle_message.c:sText_SuperEffective,sText_SuperEffective,BATTLE_SYSTEM,src/battle_message.c,729,gBattleStringsTable,pointer_table_entry,,left_or_dynamic,pending_call_flow_mapping,"[STRINGID_SUPEREFFECTIVE - BATTLESTRINGS_TABLE_START] = sText_SuperEffective,",active_reference
local:src/battle_message.c:sText_GotAwaySafely,sText_GotAwaySafely,BATTLE_SYSTEM,src/battle_message.c,730,gBattleStringsTable,pointer_table_entry,,left_or_dynamic,pending_call_flow_mapping,"[STRINGID_GOTAWAYSAFELY - BATTLESTRINGS_TABLE_START] = sText_GotAwaySafely,",active_reference
local:src/battle_message.c:sText_WildPkmnFled,sText_WildPkmnFled,BATTLE_SYSTEM,src/battle_message.c,731,gBattleStringsTable,pointer_table_entry,,left_or_dynamic,pending_call_flow_mapping,"[STRINGID_WILDPKMNFLED - BATTLESTRINGS_TABLE_START] = sText_WildPkmnFled,",active_reference
local:src/battle_message.c:sText_NoRunningFromTrainers,sText_NoRunningFromTrainers,BATTLE_SYSTEM,src/battle_message.c,732,gBattleStringsTable,pointer_table_entry,,left_or_dynamic,pending_call_flow_mapping,"[STRINGID_NORUNNINGFROMTRAINERS - BATTLESTRINGS_TABLE_START] = sText_NoRunningFromTrainers,",active_reference
local:src/battle_message.c:sText_CantEscape,sText_CantEscape,BATTLE_SYSTEM,src/battle_message.c,733,gBattleStringsTable,pointer_table_entry,,left_or_dynamic,pending_call_flow_mapping,"[STRINGID_CANTESCAPE - BATTLESTRINGS_TABLE_START] = sText_CantEscape,",active_reference
local:src/battle_message.c:sText_DontLeaveBirch,sText_DontLeaveBirch,BATTLE_SYSTEM,src/battle_message.c,734,gBattleStringsTable,pointer_table_entry,,left_or_dynamic,pending_call_flow_mapping,"[STRINGID_DONTLEAVEBIRCH - BATTLESTRINGS_TABLE_START] = sText_DontLeaveBirch,",active_reference
local:src/battle_message.c:sText_ButNothingHappened,sText_ButNothingHappened,BATTLE_SYSTEM,src/battle_message.c,735,gBattleStringsTable,pointer_table_entry,,left_or_dynamic,pending_call_flow_mapping,"[STRINGID_BUTNOTHINGHAPPENED - BATTLESTRINGS_TABLE_START] = sText_ButNothingHappened,",active_reference
local:src/battle_message.c:sText_ButItFailed,sText_ButItFailed,BATTLE_SYSTEM,src/battle_message.c,736,gBattleStringsTable,pointer_table_entry,,left_or_dynamic,pending_call_flow_mapping,"[STRINGID_BUTITFAILED - BATTLESTRINGS_TABLE_START] = sText_ButItFailed,",active_reference
local:src/battle_message.c:sText_ItHurtConfusion,sText_ItHurtConfusion,BATTLE_SYSTEM,src/battle_message.c,737,gBattleStringsTable,pointer_table_entry,,left_or_dynamic,pending_call_flow_mapping,"[STRINGID_ITHURTCONFUSION - BATTLESTRINGS_TABLE_START] = sText_ItHurtConfusion,",active_reference
local:src/battle_message.c:sText_MirrorMoveFailed,sText_MirrorMoveFailed,BATTLE_SYSTEM,src/battle_message.c,738,gBattleStringsTable,pointer_table_entry,,left_or_dynamic,pending_call_flow_mapping,"[STRINGID_MIRRORMOVEFAILED - BATTLESTRINGS_TABLE_START] = sText_MirrorMoveFailed,",active_reference
local:src/battle_message.c:sText_StartedToRain,sText_StartedToRain,BATTLE_SYSTEM,src/battle_message.c,739,gBattleStringsTable,pointer_table_entry,,left_or_dynamic,pending_call_flow_mapping,"[STRINGID_STARTEDTORAIN - BATTLESTRINGS_TABLE_START] = sText_StartedToRain,",active_reference
local:src/battle_message.c:sText_DownpourStarted,sText_DownpourStarted,BATTLE_SYSTEM,src/battle_message.c,740,gBattleStringsTable,pointer_table_entry,,left_or_dynamic,pending_call_flow_mapping,"[STRINGID_DOWNPOURSTARTED - BATTLESTRINGS_TABLE_START] = sText_DownpourStarted,",active_reference
local:src/battle_message.c:sText_RainContinues,sText_RainContinues,BATTLE_SYSTEM,src/battle_message.c,741,gBattleStringsTable,pointer_table_entry,,left_or_dynamic,pending_call_flow_mapping,"[STRINGID_RAINCONTINUES - BATTLESTRINGS_TABLE_START] = sText_RainContinues,",active_reference
local:src/battle_message.c:sText_DownpourContinues,sText_DownpourContinues,BATTLE_SYSTEM,src/battle_message.c,742,gBattleStringsTable,pointer_table_entry,,left_or_dynamic,pending_call_flow_mapping,"[STRINGID_DOWNPOURCONTINUES - BATTLESTRINGS_TABLE_START] = sText_DownpourContinues,",active_reference
local:src/battle_message.c:sText_RainStopped,sText_RainStopped,BATTLE_SYSTEM,src/battle_message.c,743,gBattleStringsTable,pointer_table_entry,,left_or_dynamic,pending_call_flow_mapping,"[STRINGID_RAINSTOPPED - BATTLESTRINGS_TABLE_START] = sText_RainStopped,",active_reference
local:src/battle_message.c:sText_SandstormBrewed,sText_SandstormBrewed,BATTLE_SYSTEM,src/battle_message.c,744,gBattleStringsTable,pointer_table_entry,,left_or_dynamic,pending_call_flow_mapping,"[STRINGID_SANDSTORMBREWED - BATTLESTRINGS_TABLE_START] = sText_SandstormBrewed,",active_reference
local:src/battle_message.c:sText_SandstormRages,sText_SandstormRages,BATTLE_SYSTEM,src/battle_message.c,745,gBattleStringsTable,pointer_table_entry,,left_or_dynamic,pending_call_flow_mapping,"[STRINGID_SANDSTORMRAGES - BATTLESTRINGS_TABLE_START] = sText_SandstormRages,",active_reference
local:src/battle_message.c:sText_SandstormSubsided,sText_SandstormSubsided,BATTLE_SYSTEM,src/battle_message.c,746,gBattleStringsTable,pointer_table_entry,,left_or_dynamic,pending_call_flow_mapping,"[STRINGID_SANDSTORMSUBSIDED - BATTLESTRINGS_TABLE_START] = sText_SandstormSubsided,",active_reference
local:src/battle_message.c:sText_SunlightGotBright,sText_SunlightGotBright,BATTLE_SYSTEM,src/battle_message.c,747,gBattleStringsTable,pointer_table_entry,,left_or_dynamic,pending_call_flow_mapping,"[STRINGID_SUNLIGHTGOTBRIGHT - BATTLESTRINGS_TABLE_START] = sText_SunlightGotBright,",active_reference
local:src/battle_message.c:sText_SunlightStrong,sText_SunlightStrong,BATTLE_SYSTEM,src/battle_message.c,748,gBattleStringsTable,pointer_table_entry,,left_or_dynamic,pending_call_flow_mapping,"[STRINGID_SUNLIGHTSTRONG - BATTLESTRINGS_TABLE_START] = sText_SunlightStrong,",active_reference
local:src/battle_message.c:sText_SunlightFaded,sText_SunlightFaded,BATTLE_SYSTEM,src/battle_message.c,749,gBattleStringsTable,pointer_table_entry,,left_or_dynamic,pending_call_flow_mapping,"[STRINGID_SUNLIGHTFADED - BATTLESTRINGS_TABLE_START] = sText_SunlightFaded,",active_reference
local:src/battle_message.c:sText_StartedHail,sText_StartedHail,BATTLE_SYSTEM,src/battle_message.c,750,gBattleStringsTable,pointer_table_entry,,left_or_dynamic,pending_call_flow_mapping,"[STRINGID_STARTEDHAIL - BATTLESTRINGS_TABLE_START] = sText_StartedHail,",active_reference
local:src/battle_message.c:sText_HailContinues,sText_HailContinues,BATTLE_SYSTEM,src/battle_message.c,751,gBattleStringsTable,pointer_table_entry,,left_or_dynamic,pending_call_flow_mapping,"[STRINGID_HAILCONTINUES - BATTLESTRINGS_TABLE_START] = sText_HailContinues,",active_reference
local:src/battle_message.c:sText_HailStopped,sText_HailStopped,BATTLE_SYSTEM,src/battle_message.c,752,gBattleStringsTable,pointer_table_entry,,left_or_dynamic,pending_call_flow_mapping,"[STRINGID_HAILSTOPPED - BATTLESTRINGS_TABLE_START] = sText_HailStopped,",active_reference
local:src/battle_message.c:sText_FailedToSpitUp,sText_FailedToSpitUp,BATTLE_SYSTEM,src/battle_message.c,753,gBattleStringsTable,pointer_table_entry,,left_or_dynamic,pending_call_flow_mapping,"[STRINGID_FAILEDTOSPITUP - BATTLESTRINGS_TABLE_START] = sText_FailedToSpitUp,",active_reference
local:src/battle_message.c:sText_FailedToSwallow,sText_FailedToSwallow,BATTLE_SYSTEM,src/battle_message.c,754,gBattleStringsTable,pointer_table_entry,,left_or_dynamic,pending_call_flow_mapping,"[STRINGID_FAILEDTOSWALLOW - BATTLESTRINGS_TABLE_START] = sText_FailedToSwallow,",active_reference
local:src/battle_message.c:sText_WindBecameHeatWave,sText_WindBecameHeatWave,BATTLE_SYSTEM,src/battle_message.c,755,gBattleStringsTable,pointer_table_entry,,left_or_dynamic,pending_call_flow_mapping,"[STRINGID_WINDBECAMEHEATWAVE - BATTLESTRINGS_TABLE_START] = sText_WindBecameHeatWave,",active_reference
local:src/battle_message.c:sText_StatChangesGone,sText_StatChangesGone,BATTLE_SYSTEM,src/battle_message.c,756,gBattleStringsTable,pointer_table_entry,,left_or_dynamic,pending_call_flow_mapping,"[STRINGID_STATCHANGESGONE - BATTLESTRINGS_TABLE_START] = sText_StatChangesGone,",active_reference
local:src/battle_message.c:sText_CoinsScattered,sText_CoinsScattered,BATTLE_SYSTEM,src/battle_message.c,757,gBattleStringsTable,pointer_table_entry,,left_or_dynamic,pending_call_flow_mapping,"[STRINGID_COINSSCATTERED - BATTLESTRINGS_TABLE_START] = sText_CoinsScattered,",active_reference
local:src/battle_message.c:sText_TooWeakForSubstitute,sText_TooWeakForSubstitute,BATTLE_SYSTEM,src/battle_message.c,758,gBattleStringsTable,pointer_table_entry,,left_or_dynamic,pending_call_flow_mapping,"[STRINGID_TOOWEAKFORSUBSTITUTE - BATTLESTRINGS_TABLE_START] = sText_TooWeakForSubstitute,",active_reference
local:src/battle_message.c:sText_SharedPain,sText_SharedPain,BATTLE_SYSTEM,src/battle_message.c,759,gBattleStringsTable,pointer_table_entry,,left_or_dynamic,pending_call_flow_mapping,"[STRINGID_SHAREDPAIN - BATTLESTRINGS_TABLE_START] = sText_SharedPain,",active_reference
local:src/battle_message.c:sText_BellChimed,sText_BellChimed,BATTLE_SYSTEM,src/battle_message.c,760,gBattleStringsTable,pointer_table_entry,,left_or_dynamic,pending_call_flow_mapping,"[STRINGID_BELLCHIMED - BATTLESTRINGS_TABLE_START] = sText_BellChimed,",active_reference
local:src/battle_message.c:sText_FaintInThree,sText_FaintInThree,BATTLE_SYSTEM,src/battle_message.c,761,gBattleStringsTable,pointer_table_entry,,left_or_dynamic,pending_call_flow_mapping,"[STRINGID_FAINTINTHREE - BATTLESTRINGS_TABLE_START] = sText_FaintInThree,",active_reference
local:src/battle_message.c:sText_NoPPLeft,sText_NoPPLeft,BATTLE_SYSTEM,src/battle_message.c,762,gBattleStringsTable,pointer_table_entry,,left_or_dynamic,pending_call_flow_mapping,"[STRINGID_NOPPLEFT - BATTLESTRINGS_TABLE_START] = sText_NoPPLeft,",active_reference
local:src/battle_message.c:sText_ButNoPPLeft,sText_ButNoPPLeft,BATTLE_SYSTEM,src/battle_message.c,763,gBattleStringsTable,pointer_table_entry,,left_or_dynamic,pending_call_flow_mapping,"[STRINGID_BUTNOPPLEFT - BATTLESTRINGS_TABLE_START] = sText_ButNoPPLeft,",active_reference
local:src/battle_message.c:sText_PlayerUsedItem,sText_PlayerUsedItem,BATTLE_SYSTEM,src/battle_message.c,764,gBattleStringsTable,pointer_table_entry,,left_or_dynamic,pending_call_flow_mapping,"[STRINGID_PLAYERUSEDITEM - BATTLESTRINGS_TABLE_START] = sText_PlayerUsedItem,",active_reference
local:src/battle_message.c:sText_WallyUsedItem,sText_WallyUsedItem,BATTLE_SYSTEM,src/battle_message.c,765,gBattleStringsTable,pointer_table_entry,,left_or_dynamic,pending_call_flow_mapping,"[STRINGID_WALLYUSEDITEM - BATTLESTRINGS_TABLE_START] = sText_WallyUsedItem,",active_reference
local:src/battle_message.c:sText_TrainerBlockedBall,sText_TrainerBlockedBall,BATTLE_SYSTEM,src/battle_message.c,766,gBattleStringsTable,pointer_table_entry,,left_or_dynamic,pending_call_flow_mapping,"[STRINGID_TRAINERBLOCKEDBALL - BATTLESTRINGS_TABLE_START] = sText_TrainerBlockedBall,",active_reference
local:src/battle_message.c:sText_DontBeAThief,sText_DontBeAThief,BATTLE_SYSTEM,src/battle_message.c,767,gBattleStringsTable,pointer_table_entry,,left_or_dynamic,pending_call_flow_mapping,"[STRINGID_DONTBEATHIEF - BATTLESTRINGS_TABLE_START] = sText_DontBeAThief,",active_reference
local:src/battle_message.c:sText_ItDodgedBall,sText_ItDodgedBall,BATTLE_SYSTEM,src/battle_message.c,768,gBattleStringsTable,pointer_table_entry,,left_or_dynamic,pending_call_flow_mapping,"[STRINGID_ITDODGEDBALL - BATTLESTRINGS_TABLE_START] = sText_ItDodgedBall,",active_reference
local:src/battle_message.c:sText_YouMissedPkmn,sText_YouMissedPkmn,BATTLE_SYSTEM,src/battle_message.c,769,gBattleStringsTable,pointer_table_entry,,left_or_dynamic,pending_call_flow_mapping,"[STRINGID_YOUMISSEDPKMN - BATTLESTRINGS_TABLE_START] = sText_YouMissedPkmn,",active_reference
local:src/battle_message.c:sText_PkmnBrokeFree,sText_PkmnBrokeFree,BATTLE_SYSTEM,src/battle_message.c,770,gBattleStringsTable,pointer_table_entry,,left_or_dynamic,pending_call_flow_mapping,"[STRINGID_PKMNBROKEFREE - BATTLESTRINGS_TABLE_START] = sText_PkmnBrokeFree,",active_reference
local:src/battle_message.c:sText_ItAppearedCaught,sText_ItAppearedCaught,BATTLE_SYSTEM,src/battle_message.c,771,gBattleStringsTable,pointer_table_entry,,left_or_dynamic,pending_call_flow_mapping,"[STRINGID_ITAPPEAREDCAUGHT - BATTLESTRINGS_TABLE_START] = sText_ItAppearedCaught,",active_reference
local:src/battle_message.c:sText_AarghAlmostHadIt,sText_AarghAlmostHadIt,BATTLE_SYSTEM,src/battle_message.c,772,gBattleStringsTable,pointer_table_entry,,left_or_dynamic,pending_call_flow_mapping,"[STRINGID_AARGHALMOSTHADIT - BATTLESTRINGS_TABLE_START] = sText_AarghAlmostHadIt,",active_reference
local:src/battle_message.c:sText_ShootSoClose,sText_ShootSoClose,BATTLE_SYSTEM,src/battle_message.c,773,gBattleStringsTable,pointer_table_entry,,left_or_dynamic,pending_call_flow_mapping,"[STRINGID_SHOOTSOCLOSE - BATTLESTRINGS_TABLE_START] = sText_ShootSoClose,",active_reference
local:src/battle_message.c:sText_GotchaPkmnCaughtPlayer,sText_GotchaPkmnCaughtPlayer,BATTLE_SYSTEM,src/battle_message.c,774,gBattleStringsTable,pointer_table_entry,,left_or_dynamic,pending_call_flow_mapping,"[STRINGID_GOTCHAPKMNCAUGHTPLAYER - BATTLESTRINGS_TABLE_START] = sText_GotchaPkmnCaughtPlayer,",active_reference
local:src/battle_message.c:sText_GotchaPkmnCaughtWally,sText_GotchaPkmnCaughtWally,BATTLE_SYSTEM,src/battle_message.c,775,gBattleStringsTable,pointer_table_entry,,left_or_dynamic,pending_call_flow_mapping,"[STRINGID_GOTCHAPKMNCAUGHTWALLY - BATTLESTRINGS_TABLE_START] = sText_GotchaPkmnCaughtWally,",active_reference
local:src/battle_message.c:sText_GiveNicknameCaptured,sText_GiveNicknameCaptured,BATTLE_SYSTEM,src/battle_message.c,776,gBattleStringsTable,pointer_table_entry,,left_or_dynamic,pending_call_flow_mapping,"[STRINGID_GIVENICKNAMECAPTURED - BATTLESTRINGS_TABLE_START] = sText_GiveNicknameCaptured,",active_reference
local:src/battle_message.c:sText_PkmnSentToPC,sText_PkmnSentToPC,BATTLE_SYSTEM,src/battle_message.c,777,gBattleStringsTable,pointer_table_entry,,left_or_dynamic,pending_call_flow_mapping,"[STRINGID_PKMNSENTTOPC - BATTLESTRINGS_TABLE_START] = sText_PkmnSentToPC,",active_reference
local:src/battle_message.c:sText_PkmnDataAddedToDex,sText_PkmnDataAddedToDex,BATTLE_SYSTEM,src/battle_message.c,778,gBattleStringsTable,pointer_table_entry,,left_or_dynamic,pending_call_flow_mapping,"[STRINGID_PKMNDATAADDEDTODEX - BATTLESTRINGS_TABLE_START] = sText_PkmnDataAddedToDex,",active_reference
local:src/battle_message.c:sText_ItIsRaining,sText_ItIsRaining,BATTLE_SYSTEM,src/battle_message.c,779,gBattleStringsTable,pointer_table_entry,,left_or_dynamic,pending_call_flow_mapping,"[STRINGID_ITISRAINING - BATTLESTRINGS_TABLE_START] = sText_ItIsRaining,",active_reference
local:src/battle_message.c:sText_SandstormIsRaging,sText_SandstormIsRaging,BATTLE_SYSTEM,src/battle_message.c,780,gBattleStringsTable,pointer_table_entry,,left_or_dynamic,pending_call_flow_mapping,"[STRINGID_SANDSTORMISRAGING - BATTLESTRINGS_TABLE_START] = sText_SandstormIsRaging,",active_reference
local:src/battle_message.c:sText_CantEscape2,sText_CantEscape2,BATTLE_SYSTEM,src/battle_message.c,781,gBattleStringsTable,pointer_table_entry,,left_or_dynamic,pending_call_flow_mapping,"[STRINGID_CANTESCAPE2 - BATTLESTRINGS_TABLE_START] = sText_CantEscape2,",active_reference
local:src/battle_message.c:sText_PkmnIgnoresAsleep,sText_PkmnIgnoresAsleep,BATTLE_SYSTEM,src/battle_message.c,782,gBattleStringsTable,pointer_table_entry,,left_or_dynamic,pending_call_flow_mapping,"[STRINGID_PKMNIGNORESASLEEP - BATTLESTRINGS_TABLE_START] = sText_PkmnIgnoresAsleep,",active_reference
local:src/battle_message.c:sText_PkmnIgnoredOrders,sText_PkmnIgnoredOrders,BATTLE_SYSTEM,src/battle_message.c,783,gBattleStringsTable,pointer_table_entry,,left_or_dynamic,pending_call_flow_mapping,"[STRINGID_PKMNIGNOREDORDERS - BATTLESTRINGS_TABLE_START] = sText_PkmnIgnoredOrders,",active_reference
local:src/battle_message.c:sText_PkmnBeganToNap,sText_PkmnBeganToNap,BATTLE_SYSTEM,src/battle_message.c,784,gBattleStringsTable,pointer_table_entry,,left_or_dynamic,pending_call_flow_mapping,"[STRINGID_PKMNBEGANTONAP - BATTLESTRINGS_TABLE_START] = sText_PkmnBeganToNap,",active_reference
local:src/battle_message.c:sText_PkmnLoafing,sText_PkmnLoafing,BATTLE_SYSTEM,src/battle_message.c,785,gBattleStringsTable,pointer_table_entry,,left_or_dynamic,pending_call_flow_mapping,"[STRINGID_PKMNLOAFING - BATTLESTRINGS_TABLE_START] = sText_PkmnLoafing,",active_reference
local:src/battle_message.c:sText_PkmnWontObey,sText_PkmnWontObey,BATTLE_SYSTEM,src/battle_message.c,786,gBattleStringsTable,pointer_table_entry,,left_or_dynamic,pending_call_flow_mapping,"[STRINGID_PKMNWONTOBEY - BATTLESTRINGS_TABLE_START] = sText_PkmnWontObey,",active_reference
local:src/battle_message.c:sText_PkmnTurnedAway,sText_PkmnTurnedAway,BATTLE_SYSTEM,src/battle_message.c,787,gBattleStringsTable,pointer_table_entry,,left_or_dynamic,pending_call_flow_mapping,"[STRINGID_PKMNTURNEDAWAY - BATTLESTRINGS_TABLE_START] = sText_PkmnTurnedAway,",active_reference
local:src/battle_message.c:sText_PkmnPretendNotNotice,sText_PkmnPretendNotNotice,BATTLE_SYSTEM,src/battle_message.c,788,gBattleStringsTable,pointer_table_entry,,left_or_dynamic,pending_call_flow_mapping,"[STRINGID_PKMNPRETENDNOTNOTICE - BATTLESTRINGS_TABLE_START] = sText_PkmnPretendNotNotice,",active_reference
local:src/battle_message.c:sText_EnemyAboutToSwitchPkmn,sText_EnemyAboutToSwitchPkmn,BATTLE_SYSTEM,src/battle_message.c,789,gBattleStringsTable,pointer_table_entry,,left_or_dynamic,pending_call_flow_mapping,"[STRINGID_ENEMYABOUTTOSWITCHPKMN - BATTLESTRINGS_TABLE_START] = sText_EnemyAboutToSwitchPkmn,",active_reference
local:src/battle_message.c:sText_CreptCloser,sText_CreptCloser,BATTLE_SYSTEM,src/battle_message.c,790,gBattleStringsTable,pointer_table_entry,,left_or_dynamic,pending_call_flow_mapping,"[STRINGID_CREPTCLOSER - BATTLESTRINGS_TABLE_START] = sText_CreptCloser,",active_reference
local:src/battle_message.c:sText_CantGetCloser,sText_CantGetCloser,BATTLE_SYSTEM,src/battle_message.c,791,gBattleStringsTable,pointer_table_entry,,left_or_dynamic,pending_call_flow_mapping,"[STRINGID_CANTGETCLOSER - BATTLESTRINGS_TABLE_START] = sText_CantGetCloser,",active_reference
local:src/battle_message.c:sText_PkmnWatchingCarefully,sText_PkmnWatchingCarefully,BATTLE_SYSTEM,src/battle_message.c,792,gBattleStringsTable,pointer_table_entry,,left_or_dynamic,pending_call_flow_mapping,"[STRINGID_PKMNWATCHINGCAREFULLY - BATTLESTRINGS_TABLE_START] = sText_PkmnWatchingCarefully,",active_reference
local:src/battle_message.c:sText_PkmnCuriousAboutX,sText_PkmnCuriousAboutX,BATTLE_SYSTEM,src/battle_message.c,793,gBattleStringsTable,pointer_table_entry,,left_or_dynamic,pending_call_flow_mapping,"[STRINGID_PKMNCURIOUSABOUTX - BATTLESTRINGS_TABLE_START] = sText_PkmnCuriousAboutX,",active_reference
local:src/battle_message.c:sText_PkmnEnthralledByX,sText_PkmnEnthralledByX,BATTLE_SYSTEM,src/battle_message.c,794,gBattleStringsTable,pointer_table_entry,,left_or_dynamic,pending_call_flow_mapping,"[STRINGID_PKMNENTHRALLEDBYX - BATTLESTRINGS_TABLE_START] = sText_PkmnEnthralledByX,",active_reference
local:src/battle_message.c:sText_PkmnIgnoredX,sText_PkmnIgnoredX,BATTLE_SYSTEM,src/battle_message.c,795,gBattleStringsTable,pointer_table_entry,,left_or_dynamic,pending_call_flow_mapping,"[STRINGID_PKMNIGNOREDX - BATTLESTRINGS_TABLE_START] = sText_PkmnIgnoredX,",active_reference
local:src/battle_message.c:sText_ThrewPokeblockAtPkmn,sText_ThrewPokeblockAtPkmn,BATTLE_SYSTEM,src/battle_message.c,796,gBattleStringsTable,pointer_table_entry,,left_or_dynamic,pending_call_flow_mapping,"[STRINGID_THREWPOKEBLOCKATPKMN - BATTLESTRINGS_TABLE_START] = sText_ThrewPokeblockAtPkmn,",active_reference
local:src/battle_message.c:sText_OutOfSafariBalls,sText_OutOfSafariBalls,BATTLE_SYSTEM,src/battle_message.c,797,gBattleStringsTable,pointer_table_entry,,left_or_dynamic,pending_call_flow_mapping,"[STRINGID_OUTOFSAFARIBALLS - BATTLESTRINGS_TABLE_START] = sText_OutOfSafariBalls,",active_reference
local:src/battle_message.c:sText_PkmnsItemCuredParalysis,sText_PkmnsItemCuredParalysis,BATTLE_SYSTEM,src/battle_message.c,798,gBattleStringsTable,pointer_table_entry,,left_or_dynamic,pending_call_flow_mapping,"[STRINGID_PKMNSITEMCUREDPARALYSIS - BATTLESTRINGS_TABLE_START] = sText_PkmnsItemCuredParalysis,",active_reference
local:src/battle_message.c:sText_PkmnsItemCuredPoison,sText_PkmnsItemCuredPoison,BATTLE_SYSTEM,src/battle_message.c,799,gBattleStringsTable,pointer_table_entry,,left_or_dynamic,pending_call_flow_mapping,"[STRINGID_PKMNSITEMCUREDPOISON - BATTLESTRINGS_TABLE_START] = sText_PkmnsItemCuredPoison,",active_reference
local:src/battle_message.c:sText_PkmnsItemHealedBurn,sText_PkmnsItemHealedBurn,BATTLE_SYSTEM,src/battle_message.c,800,gBattleStringsTable,pointer_table_entry,,left_or_dynamic,pending_call_flow_mapping,"[STRINGID_PKMNSITEMHEALEDBURN - BATTLESTRINGS_TABLE_START] = sText_PkmnsItemHealedBurn,",active_reference
local:src/battle_message.c:sText_PkmnsItemDefrostedIt,sText_PkmnsItemDefrostedIt,BATTLE_SYSTEM,src/battle_message.c,801,gBattleStringsTable,pointer_table_entry,,left_or_dynamic,pending_call_flow_mapping,"[STRINGID_PKMNSITEMDEFROSTEDIT - BATTLESTRINGS_TABLE_START] = sText_PkmnsItemDefrostedIt,",active_reference
local:src/battle_message.c:sText_PkmnsItemWokeIt,sText_PkmnsItemWokeIt,BATTLE_SYSTEM,src/battle_message.c,802,gBattleStringsTable,pointer_table_entry,,left_or_dynamic,pending_call_flow_mapping,"[STRINGID_PKMNSITEMWOKEIT - BATTLESTRINGS_TABLE_START] = sText_PkmnsItemWokeIt,",active_reference
local:src/battle_message.c:sText_PkmnsItemSnappedOut,sText_PkmnsItemSnappedOut,BATTLE_SYSTEM,src/battle_message.c,803,gBattleStringsTable,pointer_table_entry,,left_or_dynamic,pending_call_flow_mapping,"[STRINGID_PKMNSITEMSNAPPEDOUT - BATTLESTRINGS_TABLE_START] = sText_PkmnsItemSnappedOut,",active_reference
local:src/battle_message.c:sText_PkmnsItemCuredProblem,sText_PkmnsItemCuredProblem,BATTLE_SYSTEM,src/battle_message.c,804,gBattleStringsTable,pointer_table_entry,,left_or_dynamic,pending_call_flow_mapping,"[STRINGID_PKMNSITEMCUREDPROBLEM - BATTLESTRINGS_TABLE_START] = sText_PkmnsItemCuredProblem,",active_reference
local:src/battle_message.c:sText_PkmnsItemRestoredHealth,sText_PkmnsItemRestoredHealth,BATTLE_SYSTEM,src/battle_message.c,805,gBattleStringsTable,pointer_table_entry,,left_or_dynamic,pending_call_flow_mapping,"[STRINGID_PKMNSITEMRESTOREDHEALTH - BATTLESTRINGS_TABLE_START] = sText_PkmnsItemRestoredHealth,",active_reference
local:src/battle_message.c:sText_PkmnsItemRestoredPP,sText_PkmnsItemRestoredPP,BATTLE_SYSTEM,src/battle_message.c,806,gBattleStringsTable,pointer_table_entry,,left_or_dynamic,pending_call_flow_mapping,"[STRINGID_PKMNSITEMRESTOREDPP - BATTLESTRINGS_TABLE_START] = sText_PkmnsItemRestoredPP,",active_reference
local:src/battle_message.c:sText_PkmnsItemRestoredStatus,sText_PkmnsItemRestoredStatus,BATTLE_SYSTEM,src/battle_message.c,807,gBattleStringsTable,pointer_table_entry,,left_or_dynamic,pending_call_flow_mapping,"[STRINGID_PKMNSITEMRESTOREDSTATUS - BATTLESTRINGS_TABLE_START] = sText_PkmnsItemRestoredStatus,",active_reference
local:src/battle_message.c:sText_PkmnsItemRestoredHPALittle,sText_PkmnsItemRestoredHPALittle,BATTLE_SYSTEM,src/battle_message.c,808,gBattleStringsTable,pointer_table_entry,,left_or_dynamic,pending_call_flow_mapping,"[STRINGID_PKMNSITEMRESTOREDHPALITTLE - BATTLESTRINGS_TABLE_START] = sText_PkmnsItemRestoredHPALittle,",active_reference
local:src/battle_message.c:sText_ItemAllowsOnlyYMove,sText_ItemAllowsOnlyYMove,BATTLE_SYSTEM,src/battle_message.c,809,gBattleStringsTable,pointer_table_entry,,left_or_dynamic,pending_call_flow_mapping,"[STRINGID_ITEMALLOWSONLYYMOVE - BATTLESTRINGS_TABLE_START] = sText_ItemAllowsOnlyYMove,",active_reference
local:src/battle_message.c:sText_PkmnHungOnWithX,sText_PkmnHungOnWithX,BATTLE_SYSTEM,src/battle_message.c,810,gBattleStringsTable,pointer_table_entry,,left_or_dynamic,pending_call_flow_mapping,"[STRINGID_PKMNHUNGONWITHX - BATTLESTRINGS_TABLE_START] = sText_PkmnHungOnWithX,",active_reference
global:gText_EmptyString3,gText_EmptyString3,BATTLE_SYSTEM,src/battle_message.c,811,gBattleStringsTable,pointer_table_entry,,left_or_dynamic,pending_call_flow_mapping,"[STRINGID_EMPTYSTRING3 - BATTLESTRINGS_TABLE_START] = gText_EmptyString3,",active_reference
local:src/battle_message.c:sText_PkmnsXPreventsBurns,sText_PkmnsXPreventsBurns,BATTLE_SYSTEM,src/battle_message.c,812,gBattleStringsTable,pointer_table_entry,,left_or_dynamic,pending_call_flow_mapping,"[STRINGID_PKMNSXPREVENTSBURNS - BATTLESTRINGS_TABLE_START] = sText_PkmnsXPreventsBurns,",active_reference
local:src/battle_message.c:sText_PkmnsXBlocksY,sText_PkmnsXBlocksY,BATTLE_SYSTEM,src/battle_message.c,813,gBattleStringsTable,pointer_table_entry,,left_or_dynamic,pending_call_flow_mapping,"[STRINGID_PKMNSXBLOCKSY - BATTLESTRINGS_TABLE_START] = sText_PkmnsXBlocksY,",active_reference
local:src/battle_message.c:sText_PkmnsXRestoredHPALittle2,sText_PkmnsXRestoredHPALittle2,BATTLE_SYSTEM,src/battle_message.c,814,gBattleStringsTable,pointer_table_entry,,left_or_dynamic,pending_call_flow_mapping,"[STRINGID_PKMNSXRESTOREDHPALITTLE2 - BATTLESTRINGS_TABLE_START] = sText_PkmnsXRestoredHPALittle2,",active_reference
local:src/battle_message.c:sText_PkmnsXWhippedUpSandstorm,sText_PkmnsXWhippedUpSandstorm,BATTLE_SYSTEM,src/battle_message.c,815,gBattleStringsTable,pointer_table_entry,,left_or_dynamic,pending_call_flow_mapping,"[STRINGID_PKMNSXWHIPPEDUPSANDSTORM - BATTLESTRINGS_TABLE_START] = sText_PkmnsXWhippedUpSandstorm,",active_reference
local:src/battle_message.c:sText_PkmnsXPreventsYLoss,sText_PkmnsXPreventsYLoss,BATTLE_SYSTEM,src/battle_message.c,816,gBattleStringsTable,pointer_table_entry,,left_or_dynamic,pending_call_flow_mapping,"[STRINGID_PKMNSXPREVENTSYLOSS - BATTLESTRINGS_TABLE_START] = sText_PkmnsXPreventsYLoss,",active_reference
local:src/battle_message.c:sText_PkmnsXInfatuatedY,sText_PkmnsXInfatuatedY,BATTLE_SYSTEM,src/battle_message.c,817,gBattleStringsTable,pointer_table_entry,,left_or_dynamic,pending_call_flow_mapping,"[STRINGID_PKMNSXINFATUATEDY - BATTLESTRINGS_TABLE_START] = sText_PkmnsXInfatuatedY,",active_reference
local:src/battle_message.c:sText_PkmnsXMadeYIneffective,sText_PkmnsXMadeYIneffective,BATTLE_SYSTEM,src/battle_message.c,818,gBattleStringsTable,pointer_table_entry,,left_or_dynamic,pending_call_flow_mapping,"[STRINGID_PKMNSXMADEYINEFFECTIVE - BATTLESTRINGS_TABLE_START] = sText_PkmnsXMadeYIneffective,",active_reference
local:src/battle_message.c:sText_PkmnsXCuredYProblem,sText_PkmnsXCuredYProblem,BATTLE_SYSTEM,src/battle_message.c,819,gBattleStringsTable,pointer_table_entry,,left_or_dynamic,pending_call_flow_mapping,"[STRINGID_PKMNSXCUREDYPROBLEM - BATTLESTRINGS_TABLE_START] = sText_PkmnsXCuredYProblem,",active_reference
local:src/battle_message.c:sText_ItSuckedLiquidOoze,sText_ItSuckedLiquidOoze,BATTLE_SYSTEM,src/battle_message.c,820,gBattleStringsTable,pointer_table_entry,,left_or_dynamic,pending_call_flow_mapping,"[STRINGID_ITSUCKEDLIQUIDOOZE - BATTLESTRINGS_TABLE_START] = sText_ItSuckedLiquidOoze,",active_reference
local:src/battle_message.c:sText_PkmnTransformed,sText_PkmnTransformed,BATTLE_SYSTEM,src/battle_message.c,821,gBattleStringsTable,pointer_table_entry,,left_or_dynamic,pending_call_flow_mapping,"[STRINGID_PKMNTRANSFORMED - BATTLESTRINGS_TABLE_START] = sText_PkmnTransformed,",active_reference
local:src/battle_message.c:sText_ElectricityWeakened,sText_ElectricityWeakened,BATTLE_SYSTEM,src/battle_message.c,822,gBattleStringsTable,pointer_table_entry,,left_or_dynamic,pending_call_flow_mapping,"[STRINGID_ELECTRICITYWEAKENED - BATTLESTRINGS_TABLE_START] = sText_ElectricityWeakened,",active_reference
local:src/battle_message.c:sText_FireWeakened,sText_FireWeakened,BATTLE_SYSTEM,src/battle_message.c,823,gBattleStringsTable,pointer_table_entry,,left_or_dynamic,pending_call_flow_mapping,"[STRINGID_FIREWEAKENED - BATTLESTRINGS_TABLE_START] = sText_FireWeakened,",active_reference
local:src/battle_message.c:sText_PkmnHidUnderwater,sText_PkmnHidUnderwater,BATTLE_SYSTEM,src/battle_message.c,824,gBattleStringsTable,pointer_table_entry,,left_or_dynamic,pending_call_flow_mapping,"[STRINGID_PKMNHIDUNDERWATER - BATTLESTRINGS_TABLE_START] = sText_PkmnHidUnderwater,",active_reference
local:src/battle_message.c:sText_PkmnSprangUp,sText_PkmnSprangUp,BATTLE_SYSTEM,src/battle_message.c,825,gBattleStringsTable,pointer_table_entry,,left_or_dynamic,pending_call_flow_mapping,"[STRINGID_PKMNSPRANGUP - BATTLESTRINGS_TABLE_START] = sText_PkmnSprangUp,",active_reference
local:src/battle_message.c:sText_HMMovesCantBeForgotten,sText_HMMovesCantBeForgotten,BATTLE_SYSTEM,src/battle_message.c,826,gBattleStringsTable,pointer_table_entry,,left_or_dynamic,pending_call_flow_mapping,"[STRINGID_HMMOVESCANTBEFORGOTTEN - BATTLESTRINGS_TABLE_START] = sText_HMMovesCantBeForgotten,",active_reference
local:src/battle_message.c:sText_XFoundOneY,sText_XFoundOneY,BATTLE_SYSTEM,src/battle_message.c,827,gBattleStringsTable,pointer_table_entry,,left_or_dynamic,pending_call_flow_mapping,"[STRINGID_XFOUNDONEY - BATTLESTRINGS_TABLE_START] = sText_XFoundOneY,",active_reference
local:src/battle_message.c:sText_PlayerDefeatedLinkTrainerTrainer1,sText_PlayerDefeatedLinkTrainerTrainer1,BATTLE_SYSTEM,src/battle_message.c,828,gBattleStringsTable,pointer_table_entry,,left_or_dynamic,pending_call_flow_mapping,"[STRINGID_PLAYERDEFEATEDTRAINER1 - BATTLESTRINGS_TABLE_START] = sText_PlayerDefeatedLinkTrainerTrainer1,",active_reference
local:src/battle_message.c:sText_SoothingAroma,sText_SoothingAroma,BATTLE_SYSTEM,src/battle_message.c,829,gBattleStringsTable,pointer_table_entry,,left_or_dynamic,pending_call_flow_mapping,"[STRINGID_SOOTHINGAROMA - BATTLESTRINGS_TABLE_START] = sText_SoothingAroma,",active_reference
local:src/battle_message.c:sText_ItemsCantBeUsedNow,sText_ItemsCantBeUsedNow,BATTLE_SYSTEM,src/battle_message.c,830,gBattleStringsTable,pointer_table_entry,,left_or_dynamic,pending_call_flow_mapping,"[STRINGID_ITEMSCANTBEUSEDNOW - BATTLESTRINGS_TABLE_START] = sText_ItemsCantBeUsedNow,",active_reference
local:src/battle_message.c:sText_ForXCommaYZ,sText_ForXCommaYZ,BATTLE_SYSTEM,src/battle_message.c,831,gBattleStringsTable,pointer_table_entry,,left_or_dynamic,pending_call_flow_mapping,"[STRINGID_FORXCOMMAYZ - BATTLESTRINGS_TABLE_START] = sText_ForXCommaYZ,",active_reference
local:src/battle_message.c:sText_UsingItemTheStatOfPkmnRose,sText_UsingItemTheStatOfPkmnRose,BATTLE_SYSTEM,src/battle_message.c,832,gBattleStringsTable,pointer_table_entry,,left_or_dynamic,pending_call_flow_mapping,"[STRINGID_USINGITEMSTATOFPKMNROSE - BATTLESTRINGS_TABLE_START] = sText_UsingItemTheStatOfPkmnRose,",active_reference
local:src/battle_message.c:sText_PkmnUsedXToGetPumped,sText_PkmnUsedXToGetPumped,BATTLE_SYSTEM,src/battle_message.c,833,gBattleStringsTable,pointer_table_entry,,left_or_dynamic,pending_call_flow_mapping,"[STRINGID_PKMNUSEDXTOGETPUMPED - BATTLESTRINGS_TABLE_START] = sText_PkmnUsedXToGetPumped,",active_reference
local:src/battle_message.c:sText_PkmnsXMadeYUseless,sText_PkmnsXMadeYUseless,BATTLE_SYSTEM,src/battle_message.c,834,gBattleStringsTable,pointer_table_entry,,left_or_dynamic,pending_call_flow_mapping,"[STRINGID_PKMNSXMADEYUSELESS - BATTLESTRINGS_TABLE_START] = sText_PkmnsXMadeYUseless,",active_reference
local:src/battle_message.c:sText_PkmnTrappedBySandTomb,sText_PkmnTrappedBySandTomb,BATTLE_SYSTEM,src/battle_message.c,835,gBattleStringsTable,pointer_table_entry,,left_or_dynamic,pending_call_flow_mapping,"[STRINGID_PKMNTRAPPEDBYSANDTOMB - BATTLESTRINGS_TABLE_START] = sText_PkmnTrappedBySandTomb,",active_reference
local:src/battle_message.c:sText_EmptyString4,sText_EmptyString4,BATTLE_SYSTEM,src/battle_message.c,836,gBattleStringsTable,pointer_table_entry,,left_or_dynamic,pending_call_flow_mapping,"[STRINGID_EMPTYSTRING4 - BATTLESTRINGS_TABLE_START] = sText_EmptyString4,",active_reference
local:src/battle_message.c:sText_ABoosted,sText_ABoosted,BATTLE_SYSTEM,src/battle_message.c,837,gBattleStringsTable,pointer_table_entry,,left_or_dynamic,pending_call_flow_mapping,"[STRINGID_ABOOSTED - BATTLESTRINGS_TABLE_START] = sText_ABoosted,",active_reference
local:src/battle_message.c:sText_PkmnsXIntensifiedSun,sText_PkmnsXIntensifiedSun,BATTLE_SYSTEM,src/battle_message.c,838,gBattleStringsTable,pointer_table_entry,,left_or_dynamic,pending_call_flow_mapping,"[STRINGID_PKMNSXINTENSIFIEDSUN - BATTLESTRINGS_TABLE_START] = sText_PkmnsXIntensifiedSun,",active_reference
local:src/battle_message.c:sText_PkmnMakesGroundMiss,sText_PkmnMakesGroundMiss,BATTLE_SYSTEM,src/battle_message.c,839,gBattleStringsTable,pointer_table_entry,,left_or_dynamic,pending_call_flow_mapping,"[STRINGID_PKMNMAKESGROUNDMISS - BATTLESTRINGS_TABLE_START] = sText_PkmnMakesGroundMiss,",active_reference
local:src/battle_message.c:sText_YouThrowABallNowRight,sText_YouThrowABallNowRight,BATTLE_SYSTEM,src/battle_message.c,840,gBattleStringsTable,pointer_table_entry,,left_or_dynamic,pending_call_flow_mapping,"[STRINGID_YOUTHROWABALLNOWRIGHT - BATTLESTRINGS_TABLE_START] = sText_YouThrowABallNowRight,",active_reference
local:src/battle_message.c:sText_PkmnsXTookAttack,sText_PkmnsXTookAttack,BATTLE_SYSTEM,src/battle_message.c,841,gBattleStringsTable,pointer_table_entry,,left_or_dynamic,pending_call_flow_mapping,"[STRINGID_PKMNSXTOOKATTACK - BATTLESTRINGS_TABLE_START] = sText_PkmnsXTookAttack,",active_reference
local:src/battle_message.c:sText_PkmnChoseXAsDestiny,sText_PkmnChoseXAsDestiny,BATTLE_SYSTEM,src/battle_message.c,842,gBattleStringsTable,pointer_table_entry,,left_or_dynamic,pending_call_flow_mapping,"[STRINGID_PKMNCHOSEXASDESTINY - BATTLESTRINGS_TABLE_START] = sText_PkmnChoseXAsDestiny,",active_reference
local:src/battle_message.c:sText_PkmnLostFocus,sText_PkmnLostFocus,BATTLE_SYSTEM,src/battle_message.c,843,gBattleStringsTable,pointer_table_entry,,left_or_dynamic,pending_call_flow_mapping,"[STRINGID_PKMNLOSTFOCUS - BATTLESTRINGS_TABLE_START] = sText_PkmnLostFocus,",active_reference
local:src/battle_message.c:sText_UseNextPkmn,sText_UseNextPkmn,BATTLE_SYSTEM,src/battle_message.c,844,gBattleStringsTable,pointer_table_entry,,left_or_dynamic,pending_call_flow_mapping,"[STRINGID_USENEXTPKMN - BATTLESTRINGS_TABLE_START] = sText_UseNextPkmn,",active_reference
local:src/battle_message.c:sText_PkmnFledUsingIts,sText_PkmnFledUsingIts,BATTLE_SYSTEM,src/battle_message.c,845,gBattleStringsTable,pointer_table_entry,,left_or_dynamic,pending_call_flow_mapping,"[STRINGID_PKMNFLEDUSINGITS - BATTLESTRINGS_TABLE_START] = sText_PkmnFledUsingIts,",active_reference
local:src/battle_message.c:sText_PkmnFledUsing,sText_PkmnFledUsing,BATTLE_SYSTEM,src/battle_message.c,846,gBattleStringsTable,pointer_table_entry,,left_or_dynamic,pending_call_flow_mapping,"[STRINGID_PKMNFLEDUSING - BATTLESTRINGS_TABLE_START] = sText_PkmnFledUsing,",active_reference
local:src/battle_message.c:sText_PkmnWasDraggedOut,sText_PkmnWasDraggedOut,BATTLE_SYSTEM,src/battle_message.c,847,gBattleStringsTable,pointer_table_entry,,left_or_dynamic,pending_call_flow_mapping,"[STRINGID_PKMNWASDRAGGEDOUT - BATTLESTRINGS_TABLE_START] = sText_PkmnWasDraggedOut,",active_reference
local:src/battle_message.c:sText_PreventedFromWorking,sText_PreventedFromWorking,BATTLE_SYSTEM,src/battle_message.c,848,gBattleStringsTable,pointer_table_entry,,left_or_dynamic,pending_call_flow_mapping,"[STRINGID_PREVENTEDFROMWORKING - BATTLESTRINGS_TABLE_START] = sText_PreventedFromWorking,",active_reference
local:src/battle_message.c:sText_PkmnsItemNormalizedStatus,sText_PkmnsItemNormalizedStatus,BATTLE_SYSTEM,src/battle_message.c,849,gBattleStringsTable,pointer_table_entry,,left_or_dynamic,pending_call_flow_mapping,"[STRINGID_PKMNSITEMNORMALIZEDSTATUS - BATTLESTRINGS_TABLE_START] = sText_PkmnsItemNormalizedStatus,",active_reference
local:src/battle_message.c:sText_Trainer1UsedItem,sText_Trainer1UsedItem,BATTLE_SYSTEM,src/battle_message.c,850,gBattleStringsTable,pointer_table_entry,,left_or_dynamic,pending_call_flow_mapping,"[STRINGID_TRAINER1USEDITEM - BATTLESTRINGS_TABLE_START] = sText_Trainer1UsedItem,",active_reference
local:src/battle_message.c:sText_BoxIsFull,sText_BoxIsFull,BATTLE_SYSTEM,src/battle_message.c,851,gBattleStringsTable,pointer_table_entry,,left_or_dynamic,pending_call_flow_mapping,"[STRINGID_BOXISFULL - BATTLESTRINGS_TABLE_START] = sText_BoxIsFull,",active_reference
local:src/battle_message.c:sText_PkmnAvoidedAttack,sText_PkmnAvoidedAttack,BATTLE_SYSTEM,src/battle_message.c,852,gBattleStringsTable,pointer_table_entry,,left_or_dynamic,pending_call_flow_mapping,"[STRINGID_PKMNAVOIDEDATTACK - BATTLESTRINGS_TABLE_START] = sText_PkmnAvoidedAttack,",active_reference
local:src/battle_message.c:sText_PkmnsXMadeItIneffective,sText_PkmnsXMadeItIneffective,BATTLE_SYSTEM,src/battle_message.c,853,gBattleStringsTable,pointer_table_entry,,left_or_dynamic,pending_call_flow_mapping,"[STRINGID_PKMNSXMADEITINEFFECTIVE - BATTLESTRINGS_TABLE_START] = sText_PkmnsXMadeItIneffective,",active_reference
local:src/battle_message.c:sText_PkmnsXPreventsFlinching,sText_PkmnsXPreventsFlinching,BATTLE_SYSTEM,src/battle_message.c,854,gBattleStringsTable,pointer_table_entry,,left_or_dynamic,pending_call_flow_mapping,"[STRINGID_PKMNSXPREVENTSFLINCHING - BATTLESTRINGS_TABLE_START] = sText_PkmnsXPreventsFlinching,",active_reference
local:src/battle_message.c:sText_PkmnAlreadyHasBurn,sText_PkmnAlreadyHasBurn,BATTLE_SYSTEM,src/battle_message.c,855,gBattleStringsTable,pointer_table_entry,,left_or_dynamic,pending_call_flow_mapping,"[STRINGID_PKMNALREADYHASBURN - BATTLESTRINGS_TABLE_START] = sText_PkmnAlreadyHasBurn,",active_reference
local:src/battle_message.c:sText_StatsWontDecrease2,sText_StatsWontDecrease2,BATTLE_SYSTEM,src/battle_message.c,856,gBattleStringsTable,pointer_table_entry,,left_or_dynamic,pending_call_flow_mapping,"[STRINGID_STATSWONTDECREASE2 - BATTLESTRINGS_TABLE_START] = sText_StatsWontDecrease2,",active_reference
local:src/battle_message.c:sText_PkmnsXBlocksY2,sText_PkmnsXBlocksY2,BATTLE_SYSTEM,src/battle_message.c,857,gBattleStringsTable,pointer_table_entry,,left_or_dynamic,pending_call_flow_mapping,"[STRINGID_PKMNSXBLOCKSY2 - BATTLESTRINGS_TABLE_START] = sText_PkmnsXBlocksY2,",active_reference
local:src/battle_message.c:sText_PkmnsXWoreOff,sText_PkmnsXWoreOff,BATTLE_SYSTEM,src/battle_message.c,858,gBattleStringsTable,pointer_table_entry,,left_or_dynamic,pending_call_flow_mapping,"[STRINGID_PKMNSXWOREOFF - BATTLESTRINGS_TABLE_START] = sText_PkmnsXWoreOff,",active_reference
local:src/battle_message.c:sText_PkmnRaisedDefALittle,sText_PkmnRaisedDefALittle,BATTLE_SYSTEM,src/battle_message.c,859,gBattleStringsTable,pointer_table_entry,,left_or_dynamic,pending_call_flow_mapping,"[STRINGID_PKMNRAISEDDEFALITTLE - BATTLESTRINGS_TABLE_START] = sText_PkmnRaisedDefALittle,",active_reference
local:src/battle_message.c:sText_PkmnRaisedSpDefALittle,sText_PkmnRaisedSpDefALittle,BATTLE_SYSTEM,src/battle_message.c,860,gBattleStringsTable,pointer_table_entry,,left_or_dynamic,pending_call_flow_mapping,"[STRINGID_PKMNRAISEDSPDEFALITTLE - BATTLESTRINGS_TABLE_START] = sText_PkmnRaisedSpDefALittle,",active_reference
local:src/battle_message.c:sText_TheWallShattered,sText_TheWallShattered,BATTLE_SYSTEM,src/battle_message.c,861,gBattleStringsTable,pointer_table_entry,,left_or_dynamic,pending_call_flow_mapping,"[STRINGID_THEWALLSHATTERED - BATTLESTRINGS_TABLE_START] = sText_TheWallShattered,",active_reference
local:src/battle_message.c:sText_PkmnsXPreventsYsZ,sText_PkmnsXPreventsYsZ,BATTLE_SYSTEM,src/battle_message.c,862,gBattleStringsTable,pointer_table_entry,,left_or_dynamic,pending_call_flow_mapping,"[STRINGID_PKMNSXPREVENTSYSZ - BATTLESTRINGS_TABLE_START] = sText_PkmnsXPreventsYsZ,",active_reference
local:src/battle_message.c:sText_PkmnsXCuredItsYProblem,sText_PkmnsXCuredItsYProblem,BATTLE_SYSTEM,src/battle_message.c,863,gBattleStringsTable,pointer_table_entry,,left_or_dynamic,pending_call_flow_mapping,"[STRINGID_PKMNSXCUREDITSYPROBLEM - BATTLESTRINGS_TABLE_START] = sText_PkmnsXCuredItsYProblem,",active_reference
local:src/battle_message.c:sText_AttackerCantEscape,sText_AttackerCantEscape,BATTLE_SYSTEM,src/battle_message.c,864,gBattleStringsTable,pointer_table_entry,,left_or_dynamic,pending_call_flow_mapping,"[STRINGID_ATTACKERCANTESCAPE - BATTLESTRINGS_TABLE_START] = sText_AttackerCantEscape,",active_reference
local:src/battle_message.c:sText_PkmnObtainedX,sText_PkmnObtainedX,BATTLE_SYSTEM,src/battle_message.c,865,gBattleStringsTable,pointer_table_entry,,left_or_dynamic,pending_call_flow_mapping,"[STRINGID_PKMNOBTAINEDX - BATTLESTRINGS_TABLE_START] = sText_PkmnObtainedX,",active_reference
local:src/battle_message.c:sText_PkmnObtainedX2,sText_PkmnObtainedX2,BATTLE_SYSTEM,src/battle_message.c,866,gBattleStringsTable,pointer_table_entry,,left_or_dynamic,pending_call_flow_mapping,"[STRINGID_PKMNOBTAINEDX2 - BATTLESTRINGS_TABLE_START] = sText_PkmnObtainedX2,",active_reference
local:src/battle_message.c:sText_PkmnObtainedXYObtainedZ,sText_PkmnObtainedXYObtainedZ,BATTLE_SYSTEM,src/battle_message.c,867,gBattleStringsTable,pointer_table_entry,,left_or_dynamic,pending_call_flow_mapping,"[STRINGID_PKMNOBTAINEDXYOBTAINEDZ - BATTLESTRINGS_TABLE_START] = sText_PkmnObtainedXYObtainedZ,",active_reference
local:src/battle_message.c:sText_ButNoEffect,sText_ButNoEffect,BATTLE_SYSTEM,src/battle_message.c,868,gBattleStringsTable,pointer_table_entry,,left_or_dynamic,pending_call_flow_mapping,"[STRINGID_BUTNOEFFECT - BATTLESTRINGS_TABLE_START] = sText_ButNoEffect,",active_reference
local:src/battle_message.c:sText_PkmnsXHadNoEffectOnY,sText_PkmnsXHadNoEffectOnY,BATTLE_SYSTEM,src/battle_message.c,869,gBattleStringsTable,pointer_table_entry,,left_or_dynamic,pending_call_flow_mapping,"[STRINGID_PKMNSXHADNOEFFECTONY - BATTLESTRINGS_TABLE_START] = sText_PkmnsXHadNoEffectOnY,",active_reference
local:src/battle_message.c:sText_TwoInGameTrainersDefeated,sText_TwoInGameTrainersDefeated,BATTLE_SYSTEM,src/battle_message.c,870,gBattleStringsTable,pointer_table_entry,,left_or_dynamic,pending_call_flow_mapping,"[STRINGID_TWOENEMIESDEFEATED - BATTLESTRINGS_TABLE_START] = sText_TwoInGameTrainersDefeated,",active_reference
local:src/battle_message.c:sText_Trainer2LoseText,sText_Trainer2LoseText,BATTLE_SYSTEM,src/battle_message.c,871,gBattleStringsTable,pointer_table_entry,,left_or_dynamic,pending_call_flow_mapping,"[STRINGID_TRAINER2LOSETEXT - BATTLESTRINGS_TABLE_START] = sText_Trainer2LoseText,",active_reference
local:src/battle_message.c:sText_PkmnIncapableOfPower,sText_PkmnIncapableOfPower,BATTLE_SYSTEM,src/battle_message.c,872,gBattleStringsTable,pointer_table_entry,,left_or_dynamic,pending_call_flow_mapping,"[STRINGID_PKMNINCAPABLEOFPOWER - BATTLESTRINGS_TABLE_START] = sText_PkmnIncapableOfPower,",active_reference
local:src/battle_message.c:sText_GlintAppearsInEye,sText_GlintAppearsInEye,BATTLE_SYSTEM,src/battle_message.c,873,gBattleStringsTable,pointer_table_entry,,left_or_dynamic,pending_call_flow_mapping,"[STRINGID_GLINTAPPEARSINEYE - BATTLESTRINGS_TABLE_START] = sText_GlintAppearsInEye,",active_reference
local:src/battle_message.c:sText_PkmnGettingIntoPosition,sText_PkmnGettingIntoPosition,BATTLE_SYSTEM,src/battle_message.c,874,gBattleStringsTable,pointer_table_entry,,left_or_dynamic,pending_call_flow_mapping,"[STRINGID_PKMNGETTINGINTOPOSITION - BATTLESTRINGS_TABLE_START] = sText_PkmnGettingIntoPosition,",active_reference
local:src/battle_message.c:sText_PkmnBeganGrowlingDeeply,sText_PkmnBeganGrowlingDeeply,BATTLE_SYSTEM,src/battle_message.c,875,gBattleStringsTable,pointer_table_entry,,left_or_dynamic,pending_call_flow_mapping,"[STRINGID_PKMNBEGANGROWLINGDEEPLY - BATTLESTRINGS_TABLE_START] = sText_PkmnBeganGrowlingDeeply,",active_reference
local:src/battle_message.c:sText_PkmnEagerForMore,sText_PkmnEagerForMore,BATTLE_SYSTEM,src/battle_message.c,876,gBattleStringsTable,pointer_table_entry,,left_or_dynamic,pending_call_flow_mapping,"[STRINGID_PKMNEAGERFORMORE - BATTLESTRINGS_TABLE_START] = sText_PkmnEagerForMore,",active_reference
local:src/battle_message.c:sText_DefeatedOpponentByReferee,sText_DefeatedOpponentByReferee,BATTLE_SYSTEM,src/battle_message.c,877,gBattleStringsTable,pointer_table_entry,,left_or_dynamic,pending_call_flow_mapping,"[STRINGID_DEFEATEDOPPONENTBYREFEREE - BATTLESTRINGS_TABLE_START] = sText_DefeatedOpponentByReferee,",active_reference
local:src/battle_message.c:sText_LostToOpponentByReferee,sText_LostToOpponentByReferee,BATTLE_SYSTEM,src/battle_message.c,878,gBattleStringsTable,pointer_table_entry,,left_or_dynamic,pending_call_flow_mapping,"[STRINGID_LOSTTOOPPONENTBYREFEREE - BATTLESTRINGS_TABLE_START] = sText_LostToOpponentByReferee,",active_reference
local:src/battle_message.c:sText_TiedOpponentByReferee,sText_TiedOpponentByReferee,BATTLE_SYSTEM,src/battle_message.c,879,gBattleStringsTable,pointer_table_entry,,left_or_dynamic,pending_call_flow_mapping,"[STRINGID_TIEDOPPONENTBYREFEREE - BATTLESTRINGS_TABLE_START] = sText_TiedOpponentByReferee,",active_reference
local:src/battle_message.c:sText_QuestionForfeitMatch,sText_QuestionForfeitMatch,BATTLE_SYSTEM,src/battle_message.c,880,gBattleStringsTable,pointer_table_entry,,left_or_dynamic,pending_call_flow_mapping,"[STRINGID_QUESTIONFORFEITMATCH - BATTLESTRINGS_TABLE_START] = sText_QuestionForfeitMatch,",active_reference
local:src/battle_message.c:sText_ForfeitedMatch,sText_ForfeitedMatch,BATTLE_SYSTEM,src/battle_message.c,881,gBattleStringsTable,pointer_table_entry,,left_or_dynamic,pending_call_flow_mapping,"[STRINGID_FORFEITEDMATCH - BATTLESTRINGS_TABLE_START] = sText_ForfeitedMatch,",active_reference
local:src/battle_message.c:sText_Trainer1WinText,sText_Trainer1WinText,BATTLE_SYSTEM,src/battle_message.c,886,gBattleStringsTable,pointer_table_entry,,left_or_dynamic,pending_call_flow_mapping,"[STRINGID_TRAINER1WINTEXT - BATTLESTRINGS_TABLE_START] = sText_Trainer1WinText,",active_reference
local:src/battle_message.c:sText_Trainer2WinText,sText_Trainer2WinText,BATTLE_SYSTEM,src/battle_message.c,887,gBattleStringsTable,pointer_table_entry,,left_or_dynamic,pending_call_flow_mapping,"[STRINGID_TRAINER2WINTEXT - BATTLESTRINGS_TABLE_START] = sText_Trainer2WinText,",active_reference
local:src/battle_message.c:sText_TwoTrainersWantToBattle,sText_TwoTrainersWantToBattle,BATTLE_SYSTEM,src/battle_message.c,1993,STRINGID_INTROMSG,dynamic_handler_reference,,left_or_dynamic,pending_call_flow_mapping,stringPtr = sText_TwoTrainersWantToBattle;,active_reference
local:src/battle_message.c:sText_TwoLinkTrainersWantToBattlePause,sText_TwoLinkTrainersWantToBattlePause,BATTLE_SYSTEM,src/battle_message.c,1998,STRINGID_INTROMSG,dynamic_handler_reference,,left_or_dynamic,pending_call_flow_mapping,stringPtr = sText_TwoLinkTrainersWantToBattlePause;,active_reference
local:src/battle_message.c:sText_TwoLinkTrainersWantToBattle,sText_TwoLinkTrainersWantToBattle,BATTLE_SYSTEM,src/battle_message.c,2000,STRINGID_INTROMSG,dynamic_handler_reference,,left_or_dynamic,pending_call_flow_mapping,stringPtr = sText_TwoLinkTrainersWantToBattle;,active_reference
local:src/battle_message.c:sText_Trainer1WantsToBattle,sText_Trainer1WantsToBattle,BATTLE_SYSTEM,src/battle_message.c,2005,STRINGID_INTROMSG,dynamic_handler_reference,,left_or_dynamic,pending_call_flow_mapping,stringPtr = sText_Trainer1WantsToBattle;,active_reference
local:src/battle_message.c:sText_LinkTrainerWantsToBattlePause,sText_LinkTrainerWantsToBattlePause,BATTLE_SYSTEM,src/battle_message.c,2007,STRINGID_INTROMSG,dynamic_handler_reference,,left_or_dynamic,pending_call_flow_mapping,stringPtr = sText_LinkTrainerWantsToBattlePause;,active_reference
local:src/battle_message.c:sText_LinkTrainerWantsToBattle,sText_LinkTrainerWantsToBattle,BATTLE_SYSTEM,src/battle_message.c,2009,STRINGID_INTROMSG,dynamic_handler_reference,,left_or_dynamic,pending_call_flow_mapping,stringPtr = sText_LinkTrainerWantsToBattle;,active_reference
local:src/battle_message.c:sText_TwoTrainersWantToBattle,sText_TwoTrainersWantToBattle,BATTLE_SYSTEM,src/battle_message.c,2015,STRINGID_INTROMSG,dynamic_handler_reference,,left_or_dynamic,pending_call_flow_mapping,stringPtr = sText_TwoTrainersWantToBattle;,active_reference
local:src/battle_message.c:sText_TwoTrainersWantToBattle,sText_TwoTrainersWantToBattle,BATTLE_SYSTEM,src/battle_message.c,2017,STRINGID_INTROMSG,dynamic_handler_reference,,left_or_dynamic,pending_call_flow_mapping,stringPtr = sText_TwoTrainersWantToBattle;,active_reference
local:src/battle_message.c:sText_Trainer1WantsToBattle,sText_Trainer1WantsToBattle,BATTLE_SYSTEM,src/battle_message.c,2019,STRINGID_INTROMSG,dynamic_handler_reference,,left_or_dynamic,pending_call_flow_mapping,stringPtr = sText_Trainer1WantsToBattle;,active_reference
local:src/battle_message.c:sText_LegendaryPkmnAppeared,sText_LegendaryPkmnAppeared,BATTLE_SYSTEM,src/battle_message.c,2025,STRINGID_INTROMSG,dynamic_handler_reference,,left_or_dynamic,pending_call_flow_mapping,stringPtr = sText_LegendaryPkmnAppeared;,active_reference
local:src/battle_message.c:sText_TwoWildPkmnAppeared,sText_TwoWildPkmnAppeared,BATTLE_SYSTEM,src/battle_message.c,2027,STRINGID_INTROMSG,dynamic_handler_reference,,left_or_dynamic,pending_call_flow_mapping,stringPtr = sText_TwoWildPkmnAppeared;,active_reference
local:src/battle_message.c:sText_WildPkmnAppearedPause,sText_WildPkmnAppearedPause,BATTLE_SYSTEM,src/battle_message.c,2029,STRINGID_INTROMSG,dynamic_handler_reference,,left_or_dynamic,pending_call_flow_mapping,stringPtr = sText_WildPkmnAppearedPause;,active_reference
local:src/battle_message.c:sText_WildPkmnAppeared,sText_WildPkmnAppeared,BATTLE_SYSTEM,src/battle_message.c,2031,STRINGID_INTROMSG,dynamic_handler_reference,,left_or_dynamic,pending_call_flow_mapping,stringPtr = sText_WildPkmnAppeared;,active_reference
local:src/battle_message.c:sText_InGamePartnerSentOutZGoN,sText_InGamePartnerSentOutZGoN,BATTLE_SYSTEM,src/battle_message.c,2040,STRINGID_INTROSENDOUT,dynamic_handler_reference,,left_or_dynamic,pending_call_flow_mapping,stringPtr = sText_InGamePartnerSentOutZGoN;,active_reference
local:src/battle_message.c:sText_GoTwoPkmn,sText_GoTwoPkmn,BATTLE_SYSTEM,src/battle_message.c,2042,STRINGID_INTROSENDOUT,dynamic_handler_reference,,left_or_dynamic,pending_call_flow_mapping,stringPtr = sText_GoTwoPkmn;,active_reference
local:src/battle_message.c:sText_LinkPartnerSentOutPkmnGoPkmn,sText_LinkPartnerSentOutPkmnGoPkmn,BATTLE_SYSTEM,src/battle_message.c,2044,STRINGID_INTROSENDOUT,dynamic_handler_reference,,left_or_dynamic,pending_call_flow_mapping,stringPtr = sText_LinkPartnerSentOutPkmnGoPkmn;,active_reference
local:src/battle_message.c:sText_GoTwoPkmn,sText_GoTwoPkmn,BATTLE_SYSTEM,src/battle_message.c,2046,STRINGID_INTROSENDOUT,dynamic_handler_reference,,left_or_dynamic,pending_call_flow_mapping,stringPtr = sText_GoTwoPkmn;,active_reference
local:src/battle_message.c:sText_GoPkmn,sText_GoPkmn,BATTLE_SYSTEM,src/battle_message.c,2050,STRINGID_INTROSENDOUT,dynamic_handler_reference,,left_or_dynamic,pending_call_flow_mapping,stringPtr = sText_GoPkmn;,active_reference
local:src/battle_message.c:sText_TwoTrainersSentPkmn,sText_TwoTrainersSentPkmn,BATTLE_SYSTEM,src/battle_message.c,2058,STRINGID_INTROSENDOUT,dynamic_handler_reference,,left_or_dynamic,pending_call_flow_mapping,stringPtr = sText_TwoTrainersSentPkmn;,active_reference
local:src/battle_message.c:sText_TwoTrainersSentPkmn,sText_TwoTrainersSentPkmn,BATTLE_SYSTEM,src/battle_message.c,2060,STRINGID_INTROSENDOUT,dynamic_handler_reference,,left_or_dynamic,pending_call_flow_mapping,stringPtr = sText_TwoTrainersSentPkmn;,active_reference
local:src/battle_message.c:sText_TwoLinkTrainersSentOutPkmn,sText_TwoLinkTrainersSentOutPkmn,BATTLE_SYSTEM,src/battle_message.c,2062,STRINGID_INTROSENDOUT,dynamic_handler_reference,,left_or_dynamic,pending_call_flow_mapping,stringPtr = sText_TwoLinkTrainersSentOutPkmn;,active_reference
local:src/battle_message.c:sText_LinkTrainerSentOutTwoPkmn,sText_LinkTrainerSentOutTwoPkmn,BATTLE_SYSTEM,src/battle_message.c,2064,STRINGID_INTROSENDOUT,dynamic_handler_reference,,left_or_dynamic,pending_call_flow_mapping,stringPtr = sText_LinkTrainerSentOutTwoPkmn;,active_reference
local:src/battle_message.c:sText_Trainer1SentOutTwoPkmn,sText_Trainer1SentOutTwoPkmn,BATTLE_SYSTEM,src/battle_message.c,2066,STRINGID_INTROSENDOUT,dynamic_handler_reference,,left_or_dynamic,pending_call_flow_mapping,stringPtr = sText_Trainer1SentOutTwoPkmn;,active_reference
local:src/battle_message.c:sText_Trainer1SentOutPkmn,sText_Trainer1SentOutPkmn,BATTLE_SYSTEM,src/battle_message.c,2071,STRINGID_INTROSENDOUT,dynamic_handler_reference,,left_or_dynamic,pending_call_flow_mapping,stringPtr = sText_Trainer1SentOutPkmn;,active_reference
local:src/battle_message.c:sText_Trainer1SentOutPkmn,sText_Trainer1SentOutPkmn,BATTLE_SYSTEM,src/battle_message.c,2073,STRINGID_INTROSENDOUT,dynamic_handler_reference,,left_or_dynamic,pending_call_flow_mapping,stringPtr = sText_Trainer1SentOutPkmn;,active_reference
local:src/battle_message.c:sText_LinkTrainerSentOutPkmn,sText_LinkTrainerSentOutPkmn,BATTLE_SYSTEM,src/battle_message.c,2075,STRINGID_INTROSENDOUT,dynamic_handler_reference,,left_or_dynamic,pending_call_flow_mapping,stringPtr = sText_LinkTrainerSentOutPkmn;,active_reference
local:src/battle_message.c:sText_PkmnThatsEnough,sText_PkmnThatsEnough,BATTLE_SYSTEM,src/battle_message.c,2083,STRINGID_RETURNMON,dynamic_handler_reference,,left_or_dynamic,pending_call_flow_mapping,stringPtr = sText_PkmnThatsEnough;,active_reference
local:src/battle_message.c:sText_PkmnComeBack,sText_PkmnComeBack,BATTLE_SYSTEM,src/battle_message.c,2085,STRINGID_RETURNMON,dynamic_handler_reference,,left_or_dynamic,pending_call_flow_mapping,stringPtr = sText_PkmnComeBack;,active_reference
local:src/battle_message.c:sText_PkmnOkComeBack,sText_PkmnOkComeBack,BATTLE_SYSTEM,src/battle_message.c,2087,STRINGID_RETURNMON,dynamic_handler_reference,,left_or_dynamic,pending_call_flow_mapping,stringPtr = sText_PkmnOkComeBack;,active_reference
local:src/battle_message.c:sText_PkmnGoodComeBack,sText_PkmnGoodComeBack,BATTLE_SYSTEM,src/battle_message.c,2089,STRINGID_RETURNMON,dynamic_handler_reference,,left_or_dynamic,pending_call_flow_mapping,stringPtr = sText_PkmnGoodComeBack;,active_reference
local:src/battle_message.c:sText_LinkTrainer2WithdrewPkmn,sText_LinkTrainer2WithdrewPkmn,BATTLE_SYSTEM,src/battle_message.c,2096,STRINGID_RETURNMON,dynamic_handler_reference,,left_or_dynamic,pending_call_flow_mapping,stringPtr = sText_LinkTrainer2WithdrewPkmn;,active_reference
local:src/battle_message.c:sText_LinkTrainer1WithdrewPkmn,sText_LinkTrainer1WithdrewPkmn,BATTLE_SYSTEM,src/battle_message.c,2098,STRINGID_RETURNMON,dynamic_handler_reference,,left_or_dynamic,pending_call_flow_mapping,stringPtr = sText_LinkTrainer1WithdrewPkmn;,active_reference
local:src/battle_message.c:sText_Trainer1WithdrewPkmn,sText_Trainer1WithdrewPkmn,BATTLE_SYSTEM,src/battle_message.c,2102,STRINGID_RETURNMON,dynamic_handler_reference,,left_or_dynamic,pending_call_flow_mapping,stringPtr = sText_Trainer1WithdrewPkmn;,active_reference
local:src/battle_message.c:sText_GoPkmn2,sText_GoPkmn2,BATTLE_SYSTEM,src/battle_message.c,2110,STRINGID_SWITCHINMON,dynamic_handler_reference,,left_or_dynamic,pending_call_flow_mapping,stringPtr = sText_GoPkmn2;,active_reference
local:src/battle_message.c:sText_DoItPkmn,sText_DoItPkmn,BATTLE_SYSTEM,src/battle_message.c,2112,STRINGID_SWITCHINMON,dynamic_handler_reference,,left_or_dynamic,pending_call_flow_mapping,stringPtr = sText_DoItPkmn;,active_reference
local:src/battle_message.c:sText_GoForItPkmn,sText_GoForItPkmn,BATTLE_SYSTEM,src/battle_message.c,2114,STRINGID_SWITCHINMON,dynamic_handler_reference,,left_or_dynamic,pending_call_flow_mapping,stringPtr = sText_GoForItPkmn;,active_reference
local:src/battle_message.c:sText_YourFoesWeakGetEmPkmn,sText_YourFoesWeakGetEmPkmn,BATTLE_SYSTEM,src/battle_message.c,2116,STRINGID_SWITCHINMON,dynamic_handler_reference,,left_or_dynamic,pending_call_flow_mapping,stringPtr = sText_YourFoesWeakGetEmPkmn;,active_reference
local:src/battle_message.c:sText_Trainer1SentOutPkmn2,sText_Trainer1SentOutPkmn2,BATTLE_SYSTEM,src/battle_message.c,2125,STRINGID_SWITCHINMON,dynamic_handler_reference,,left_or_dynamic,pending_call_flow_mapping,stringPtr = sText_Trainer1SentOutPkmn2;,active_reference
local:src/battle_message.c:sText_Trainer2SentOutPkmn,sText_Trainer2SentOutPkmn,BATTLE_SYSTEM,src/battle_message.c,2127,STRINGID_SWITCHINMON,dynamic_handler_reference,,left_or_dynamic,pending_call_flow_mapping,stringPtr = sText_Trainer2SentOutPkmn;,active_reference
local:src/battle_message.c:sText_LinkTrainerMultiSentOutPkmn,sText_LinkTrainerMultiSentOutPkmn,BATTLE_SYSTEM,src/battle_message.c,2132,STRINGID_SWITCHINMON,dynamic_handler_reference,,left_or_dynamic,pending_call_flow_mapping,stringPtr = sText_LinkTrainerMultiSentOutPkmn;,active_reference
local:src/battle_message.c:sText_Trainer1SentOutPkmn2,sText_Trainer1SentOutPkmn2,BATTLE_SYSTEM,src/battle_message.c,2134,STRINGID_SWITCHINMON,dynamic_handler_reference,,left_or_dynamic,pending_call_flow_mapping,stringPtr = sText_Trainer1SentOutPkmn2;,active_reference
local:src/battle_message.c:sText_LinkTrainerSentOutPkmn2,sText_LinkTrainerSentOutPkmn2,BATTLE_SYSTEM,src/battle_message.c,2136,STRINGID_SWITCHINMON,dynamic_handler_reference,,left_or_dynamic,pending_call_flow_mapping,stringPtr = sText_LinkTrainerSentOutPkmn2;,active_reference
local:src/battle_message.c:sText_Trainer1SentOutPkmn2,sText_Trainer1SentOutPkmn2,BATTLE_SYSTEM,src/battle_message.c,2144,STRINGID_SWITCHINMON,dynamic_handler_reference,,left_or_dynamic,pending_call_flow_mapping,stringPtr = sText_Trainer1SentOutPkmn2;,active_reference
local:src/battle_message.c:sText_Trainer2SentOutPkmn,sText_Trainer2SentOutPkmn,BATTLE_SYSTEM,src/battle_message.c,2146,STRINGID_SWITCHINMON,dynamic_handler_reference,,left_or_dynamic,pending_call_flow_mapping,stringPtr = sText_Trainer2SentOutPkmn;,active_reference
local:src/battle_message.c:sText_Trainer1SentOutPkmn2,sText_Trainer1SentOutPkmn2,BATTLE_SYSTEM,src/battle_message.c,2150,STRINGID_SWITCHINMON,dynamic_handler_reference,,left_or_dynamic,pending_call_flow_mapping,stringPtr = sText_Trainer1SentOutPkmn2;,active_reference
local:src/battle_message.c:sText_AttackerUsedX,sText_AttackerUsedX,BATTLE_SYSTEM,src/battle_message.c,2164,STRINGID_USEDMOVE,dynamic_handler_reference,,left_or_dynamic,pending_call_flow_mapping,stringPtr = sText_AttackerUsedX;,active_reference
local:src/battle_message.c:sText_GotAwaySafely,sText_GotAwaySafely,BATTLE_SYSTEM,src/battle_message.c,2174,STRINGID_BATTLEEND,dynamic_handler_reference,,left_or_dynamic,pending_call_flow_mapping,stringPtr = sText_GotAwaySafely;,active_reference
local:src/battle_message.c:sText_TwoWildFled,sText_TwoWildFled,BATTLE_SYSTEM,src/battle_message.c,2176,STRINGID_BATTLEEND,dynamic_handler_reference,,left_or_dynamic,pending_call_flow_mapping,stringPtr = sText_TwoWildFled;,active_reference
local:src/battle_message.c:sText_WildFled,sText_WildFled,BATTLE_SYSTEM,src/battle_message.c,2178,STRINGID_BATTLEEND,dynamic_handler_reference,,left_or_dynamic,pending_call_flow_mapping,stringPtr = sText_WildFled;,active_reference
local:src/battle_message.c:sText_TwoInGameTrainersDefeated,sText_TwoInGameTrainersDefeated,BATTLE_SYSTEM,src/battle_message.c,2191,STRINGID_BATTLEEND,dynamic_handler_reference,,left_or_dynamic,pending_call_flow_mapping,stringPtr = sText_TwoInGameTrainersDefeated;,active_reference
local:src/battle_message.c:sText_TwoLinkTrainersDefeated,sText_TwoLinkTrainersDefeated,BATTLE_SYSTEM,src/battle_message.c,2193,STRINGID_BATTLEEND,dynamic_handler_reference,,left_or_dynamic,pending_call_flow_mapping,stringPtr = sText_TwoLinkTrainersDefeated;,active_reference
local:src/battle_message.c:sText_PlayerLostToTwo,sText_PlayerLostToTwo,BATTLE_SYSTEM,src/battle_message.c,2196,STRINGID_BATTLEEND,dynamic_handler_reference,,left_or_dynamic,pending_call_flow_mapping,stringPtr = sText_PlayerLostToTwo;,active_reference
local:src/battle_message.c:sText_PlayerBattledToDrawVsTwo,sText_PlayerBattledToDrawVsTwo,BATTLE_SYSTEM,src/battle_message.c,2199,STRINGID_BATTLEEND,dynamic_handler_reference,,left_or_dynamic,pending_call_flow_mapping,stringPtr = sText_PlayerBattledToDrawVsTwo;,active_reference
local:src/battle_message.c:sText_PlayerDefeatedLinkTrainerTrainer1,sText_PlayerDefeatedLinkTrainerTrainer1,BATTLE_SYSTEM,src/battle_message.c,2208,STRINGID_BATTLEEND,dynamic_handler_reference,,left_or_dynamic,pending_call_flow_mapping,stringPtr = sText_PlayerDefeatedLinkTrainerTrainer1;,active_reference
local:src/battle_message.c:sText_PlayerLostAgainstTrainer1,sText_PlayerLostAgainstTrainer1,BATTLE_SYSTEM,src/battle_message.c,2211,STRINGID_BATTLEEND,dynamic_handler_reference,,left_or_dynamic,pending_call_flow_mapping,stringPtr = sText_PlayerLostAgainstTrainer1;,active_reference
local:src/battle_message.c:sText_PlayerBattledToDrawTrainer1,sText_PlayerBattledToDrawTrainer1,BATTLE_SYSTEM,src/battle_message.c,2214,STRINGID_BATTLEEND,dynamic_handler_reference,,left_or_dynamic,pending_call_flow_mapping,stringPtr = sText_PlayerBattledToDrawTrainer1;,active_reference
local:src/battle_message.c:sText_PlayerDefeatedLinkTrainer,sText_PlayerDefeatedLinkTrainer,BATTLE_SYSTEM,src/battle_message.c,2223,STRINGID_BATTLEEND,dynamic_handler_reference,,left_or_dynamic,pending_call_flow_mapping,stringPtr = sText_PlayerDefeatedLinkTrainer;,active_reference
local:src/battle_message.c:sText_PlayerLostAgainstLinkTrainer,sText_PlayerLostAgainstLinkTrainer,BATTLE_SYSTEM,src/battle_message.c,2226,STRINGID_BATTLEEND,dynamic_handler_reference,,left_or_dynamic,pending_call_flow_mapping,stringPtr = sText_PlayerLostAgainstLinkTrainer;,active_reference
local:src/battle_message.c:sText_PlayerBattledToDrawLinkTrainer,sText_PlayerBattledToDrawLinkTrainer,BATTLE_SYSTEM,src/battle_message.c,2229,STRINGID_BATTLEEND,dynamic_handler_reference,,left_or_dynamic,pending_call_flow_mapping,stringPtr = sText_PlayerBattledToDrawLinkTrainer;,active_reference
local:src/battle_message.c:sText_SpaceIs,sText_SpaceIs,BATTLE_SYSTEM,src/battle_message.c,2898,ChooseTypeOfMoveUsedString,usedmove_helper_reference,,left_or_dynamic,pending_call_flow_mapping,"StringCopy(textBuff, sText_SpaceIs); // is",active_reference
local:src/battle_message.c:sText_ApostropheS,sText_ApostropheS,BATTLE_SYSTEM,src/battle_message.c,2900,ChooseTypeOfMoveUsedString,usedmove_helper_reference,,left_or_dynamic,pending_call_flow_mapping,"StringCopy(textBuff, sText_ApostropheS); // 's",active_reference
local:src/battle_message.c:sText_ExclamationMark,sText_ExclamationMark,BATTLE_SYSTEM,src/battle_message.c,2941,ChooseTypeOfMoveUsedString,usedmove_helper_reference,,left_or_dynamic,pending_call_flow_mapping,"StringCopy(dst, sText_ExclamationMark);",active_reference
local:src/battle_message.c:sText_ExclamationMark2,sText_ExclamationMark2,BATTLE_SYSTEM,src/battle_message.c,2944,ChooseTypeOfMoveUsedString,usedmove_helper_reference,,left_or_dynamic,pending_call_flow_mapping,"StringCopy(dst, sText_ExclamationMark2);",active_reference
local:src/battle_message.c:sText_ExclamationMark3,sText_ExclamationMark3,BATTLE_SYSTEM,src/battle_message.c,2947,ChooseTypeOfMoveUsedString,usedmove_helper_reference,,left_or_dynamic,pending_call_flow_mapping,"StringCopy(dst, sText_ExclamationMark3);",active_reference
local:src/battle_message.c:sText_ExclamationMark4,sText_ExclamationMark4,BATTLE_SYSTEM,src/battle_message.c,2950,ChooseTypeOfMoveUsedString,usedmove_helper_reference,,left_or_dynamic,pending_call_flow_mapping,"StringCopy(dst, sText_ExclamationMark4);",active_reference
local:src/battle_message.c:sText_ExclamationMark5,sText_ExclamationMark5,BATTLE_SYSTEM,src/battle_message.c,2953,ChooseTypeOfMoveUsedString,usedmove_helper_reference,,left_or_dynamic,pending_call_flow_mapping,"StringCopy(dst, sText_ExclamationMark5);",active_reference
inline:src/battle_message.c:sATypeMove_Table:0,sATypeMove_Table[0],BATTLE_SYSTEM,src/battle_message.c,1330,sATypeMove_Table,inline_table_entry,,left_or_dynamic,pending_call_flow_mapping,"[TYPE_NORMAL]   = _(""a NORMAL move""),",active_reference
inline:src/battle_message.c:sATypeMove_Table:1,sATypeMove_Table[1],BATTLE_SYSTEM,src/battle_message.c,1331,sATypeMove_Table,inline_table_entry,,left_or_dynamic,pending_call_flow_mapping,"[TYPE_FIGHTING] = _(""a FIGHTING move""),",active_reference
inline:src/battle_message.c:sATypeMove_Table:2,sATypeMove_Table[2],BATTLE_SYSTEM,src/battle_message.c,1332,sATypeMove_Table,inline_table_entry,,left_or_dynamic,pending_call_flow_mapping,"[TYPE_FLYING]   = _(""a FLYING move""),",active_reference
inline:src/battle_message.c:sATypeMove_Table:3,sATypeMove_Table[3],BATTLE_SYSTEM,src/battle_message.c,1333,sATypeMove_Table,inline_table_entry,,left_or_dynamic,pending_call_flow_mapping,"[TYPE_POISON]   = _(""a POISON move""),",active_reference
inline:src/battle_message.c:sATypeMove_Table:4,sATypeMove_Table[4],BATTLE_SYSTEM,src/battle_message.c,1334,sATypeMove_Table,inline_table_entry,,left_or_dynamic,pending_call_flow_mapping,"[TYPE_GROUND]   = _(""a GROUND move""),",active_reference
inline:src/battle_message.c:sATypeMove_Table:5,sATypeMove_Table[5],BATTLE_SYSTEM,src/battle_message.c,1335,sATypeMove_Table,inline_table_entry,,left_or_dynamic,pending_call_flow_mapping,"[TYPE_ROCK]     = _(""a ROCK move""),",active_reference
inline:src/battle_message.c:sATypeMove_Table:6,sATypeMove_Table[6],BATTLE_SYSTEM,src/battle_message.c,1336,sATypeMove_Table,inline_table_entry,,left_or_dynamic,pending_call_flow_mapping,"[TYPE_BUG]      = _(""a BUG move""),",active_reference
inline:src/battle_message.c:sATypeMove_Table:7,sATypeMove_Table[7],BATTLE_SYSTEM,src/battle_message.c,1337,sATypeMove_Table,inline_table_entry,,left_or_dynamic,pending_call_flow_mapping,"[TYPE_GHOST]    = _(""a GHOST move""),",active_reference
inline:src/battle_message.c:sATypeMove_Table:8,sATypeMove_Table[8],BATTLE_SYSTEM,src/battle_message.c,1338,sATypeMove_Table,inline_table_entry,,left_or_dynamic,pending_call_flow_mapping,"[TYPE_STEEL]    = _(""a STEEL move""),",active_reference
inline:src/battle_message.c:sATypeMove_Table:9,sATypeMove_Table[9],BATTLE_SYSTEM,src/battle_message.c,1339,sATypeMove_Table,inline_table_entry,,left_or_dynamic,pending_call_flow_mapping,"[TYPE_MYSTERY]  = _(""a ??? move""),",active_reference
inline:src/battle_message.c:sATypeMove_Table:10,sATypeMove_Table[10],BATTLE_SYSTEM,src/battle_message.c,1340,sATypeMove_Table,inline_table_entry,,left_or_dynamic,pending_call_flow_mapping,"[TYPE_FIRE]     = _(""a FIRE move""),",active_reference
inline:src/battle_message.c:sATypeMove_Table:11,sATypeMove_Table[11],BATTLE_SYSTEM,src/battle_message.c,1341,sATypeMove_Table,inline_table_entry,,left_or_dynamic,pending_call_flow_mapping,"[TYPE_WATER]    = _(""a WATER move""),",active_reference
inline:src/battle_message.c:sATypeMove_Table:12,sATypeMove_Table[12],BATTLE_SYSTEM,src/battle_message.c,1342,sATypeMove_Table,inline_table_entry,,left_or_dynamic,pending_call_flow_mapping,"[TYPE_GRASS]    = _(""a GRASS move""),",active_reference
inline:src/battle_message.c:sATypeMove_Table:13,sATypeMove_Table[13],BATTLE_SYSTEM,src/battle_message.c,1343,sATypeMove_Table,inline_table_entry,,left_or_dynamic,pending_call_flow_mapping,"[TYPE_ELECTRIC] = _(""an ELECTRIC move""),",active_reference
inline:src/battle_message.c:sATypeMove_Table:14,sATypeMove_Table[14],BATTLE_SYSTEM,src/battle_message.c,1344,sATypeMove_Table,inline_table_entry,,left_or_dynamic,pending_call_flow_mapping,"[TYPE_PSYCHIC]  = _(""a PSYCHIC move""),",active_reference
inline:src/battle_message.c:sATypeMove_Table:15,sATypeMove_Table[15],BATTLE_SYSTEM,src/battle_message.c,1345,sATypeMove_Table,inline_table_entry,,left_or_dynamic,pending_call_flow_mapping,"[TYPE_ICE]      = _(""an ICE move""),",active_reference
inline:src/battle_message.c:sATypeMove_Table:16,sATypeMove_Table[16],BATTLE_SYSTEM,src/battle_message.c,1346,sATypeMove_Table,inline_table_entry,,left_or_dynamic,pending_call_flow_mapping,"[TYPE_DRAGON]   = _(""a DRAGON move""),",active_reference
inline:src/battle_message.c:sATypeMove_Table:17,sATypeMove_Table[17],BATTLE_SYSTEM,src/battle_message.c,1347,sATypeMove_Table,inline_table_entry,,left_or_dynamic,pending_call_flow_mapping,"[TYPE_DARK]     = _(""a DARK move"")",active_reference
