ui_key,symbol,ui_area,usage_file,usage_line,function_or_scope,context_kind,font_direct,alignment_direct,window_and_position_status,source_context,usage_status
global:gText_Cancel2,gText_Cancel2,BAG,src/item_menu.c,271,GLOBAL,menu_action_or_table,,left_or_dynamic,direct_line_only_pending_call_flow_mapping,"[ACTION_CANCEL]            = {gText_Cancel2,      {ItemMenu_Cancel}},",active_reference
global:gText_EmptyString2,gText_EmptyString2,BAG,src/item_menu.c,281,GLOBAL,menu_action_or_table,,left_or_dynamic,direct_line_only_pending_call_flow_mapping,"[ACTION_DUMMY]             = {gText_EmptyString2, {NULL}}",active_reference
global:gText_CloseBag,gText_CloseBag,BAG,src/item_menu.c,875,LoadBagItemListBuffers,symbol_reference,,left_or_dynamic,direct_line_only_pending_call_flow_mapping,"StringCopy(sListBuffer2->name[i], gText_CloseBag);",active_reference
global:gText_NumberItem_HM,gText_NumberItem_HM,BAG,src/item_menu.c,906,GetItemNameFromPocket,placeholder_expansion,,left_or_dynamic,direct_line_only_pending_call_flow_mapping,"StringExpandPlaceholders(dest, gText_NumberItem_HM);",active_reference
global:gText_NumberItem_TMBerry,gText_NumberItem_TMBerry,BAG,src/item_menu.c,912,GetItemNameFromPocket,placeholder_expansion,,left_or_dynamic,direct_line_only_pending_call_flow_mapping,"StringExpandPlaceholders(dest, gText_NumberItem_TMBerry);",active_reference
global:gText_NumberItem_TMBerry,gText_NumberItem_TMBerry,BAG,src/item_menu.c,918,GetItemNameFromPocket,placeholder_expansion,,left_or_dynamic,direct_line_only_pending_call_flow_mapping,"StringExpandPlaceholders(dest, gText_NumberItem_TMBerry);",active_reference
global:gText_xVar1,gText_xVar1,BAG,src/item_menu.c,974,BagMenu_ItemPrintCallback,placeholder_expansion,,left_or_dynamic,direct_line_only_pending_call_flow_mapping,"StringExpandPlaceholders(gStringVar4, gText_xVar1);",active_reference
global:gText_xVar1,gText_xVar1,BAG,src/item_menu.c,982,BagMenu_ItemPrintCallback,placeholder_expansion,,left_or_dynamic,direct_line_only_pending_call_flow_mapping,"StringExpandPlaceholders(gStringVar4, gText_xVar1);",active_reference
global:gText_ReturnToVar1,gText_ReturnToVar1,BAG,src/item_menu.c,1006,PrintItemDescription,placeholder_expansion,,left_or_dynamic,direct_line_only_pending_call_flow_mapping,"StringExpandPlaceholders(gStringVar4, gText_ReturnToVar1);",active_reference
global:gText_SelectorArrow2,gText_SelectorArrow2,BAG,src/item_menu.c,1023,BagMenu_PrintCursorAtPos,symbol_reference,FONT_NORMAL,left_or_dynamic,direct_line_only_pending_call_flow_mapping,"BagMenu_Print(WIN_ITEM_LIST, FONT_NORMAL, gText_SelectorArrow2, 0, y, 0, 0, 0, colorIndex);",active_reference
global:gText_xVar1,gText_xVar1,BAG,src/item_menu.c,1196,PrintItemQuantity,placeholder_expansion,,left_or_dynamic,direct_line_only_pending_call_flow_mapping,"StringExpandPlaceholders(gStringVar4, gText_xVar1);",active_reference
global:gText_xVar1,gText_xVar1,BAG,src/item_menu.c,1205,PrintItemSoldAmount,placeholder_expansion,,left_or_dynamic,direct_line_only_pending_call_flow_mapping,"StringExpandPlaceholders(gStringVar4, gText_xVar1);",active_reference
global:gText_MoveVar1Where,gText_MoveVar1Where,BAG,src/item_menu.c,1438,StartItemSwap,placeholder_expansion,,left_or_dynamic,direct_line_only_pending_call_flow_mapping,"StringExpandPlaceholders(gStringVar4, gText_MoveVar1Where);",active_reference
global:gText_Var1IsSelected,gText_Var1IsSelected,BAG,src/item_menu.c,1653,OpenContextMenu,placeholder_expansion,,left_or_dynamic,direct_line_only_pending_call_flow_mapping,"StringExpandPlaceholders(gStringVar4, gText_Var1IsSelected);",active_reference
global:gText_TossHowManyVar1s,gText_TossHowManyVar1s,BAG,src/item_menu.c,1819,ItemMenu_Toss,placeholder_expansion,,left_or_dynamic,direct_line_only_pending_call_flow_mapping,"StringExpandPlaceholders(gStringVar4, gText_TossHowManyVar1s);",active_reference
global:gText_ConfirmTossItems,gText_ConfirmTossItems,BAG,src/item_menu.c,1833,AskTossItems,placeholder_expansion,,left_or_dynamic,direct_line_only_pending_call_flow_mapping,"StringExpandPlaceholders(gStringVar4, gText_ConfirmTossItems);",active_reference
global:gText_ThrewAwayVar2Var1s,gText_ThrewAwayVar2Var1s,BAG,src/item_menu.c,1876,ConfirmToss,placeholder_expansion,,left_or_dynamic,direct_line_only_pending_call_flow_mapping,"StringExpandPlaceholders(gStringVar4, gText_ThrewAwayVar2Var1s);",active_reference
global:gText_CantWriteMail,gText_CantWriteMail,BAG,src/item_menu.c,1926,ItemMenu_Give,symbol_reference,FONT_NORMAL,left_or_dynamic,direct_line_only_pending_call_flow_mapping,"DisplayItemMessage(taskId, FONT_NORMAL, gText_CantWriteMail, HandleErrorMessage);",active_reference
global:gText_NoPokemon,gText_NoPokemon,BAG,src/item_menu.c,1948,PrintThereIsNoPokemon,symbol_reference,FONT_NORMAL,left_or_dynamic,direct_line_only_pending_call_flow_mapping,"DisplayItemMessage(taskId, FONT_NORMAL, gText_NoPokemon, HandleErrorMessage);",active_reference
global:gText_Var1CantBeHeld,gText_Var1CantBeHeld,BAG,src/item_menu.c,1954,PrintItemCantBeHeld,placeholder_expansion,,left_or_dynamic,direct_line_only_pending_call_flow_mapping,"StringExpandPlaceholders(gStringVar4, gText_Var1CantBeHeld);",active_reference
global:gText_CantWriteMail,gText_CantWriteMail,BAG,src/item_menu.c,2003,Task_ItemContext_GiveToParty,symbol_reference,FONT_NORMAL,left_or_dynamic,direct_line_only_pending_call_flow_mapping,"DisplayItemMessage(taskId, FONT_NORMAL, gText_CantWriteMail, HandleErrorMessage);",active_reference
global:gText_Var1CantBeHeldHere,gText_Var1CantBeHeldHere,BAG,src/item_menu.c,2008,Task_ItemContext_GiveToParty,placeholder_expansion,,left_or_dynamic,direct_line_only_pending_call_flow_mapping,"StringExpandPlaceholders(gStringVar4, gText_Var1CantBeHeldHere);",active_reference
global:gText_CantWriteMail,gText_CantWriteMail,BAG,src/item_menu.c,2025,Task_ItemContext_GiveToPC,symbol_reference,FONT_NORMAL,left_or_dynamic,direct_line_only_pending_call_flow_mapping,"DisplayItemMessage(taskId, FONT_NORMAL, gText_CantWriteMail, HandleErrorMessage);",active_reference
global:gText_CantBuyKeyItem,gText_CantBuyKeyItem,BAG,src/item_menu.c,2073,Task_ItemContext_Sell,placeholder_expansion,,left_or_dynamic,direct_line_only_pending_call_flow_mapping,"StringExpandPlaceholders(gStringVar4, gText_CantBuyKeyItem);",active_reference
global:gText_HowManyToSell,gText_HowManyToSell,BAG,src/item_menu.c,2087,Task_ItemContext_Sell,placeholder_expansion,,left_or_dynamic,direct_line_only_pending_call_flow_mapping,"StringExpandPlaceholders(gStringVar4, gText_HowManyToSell);",active_reference
global:gText_ICanPayVar1,gText_ICanPayVar1,BAG,src/item_menu.c,2098,DisplaySellItemPriceAndConfirm,placeholder_expansion,,left_or_dynamic,direct_line_only_pending_call_flow_mapping,"StringExpandPlaceholders(gStringVar4, gText_ICanPayVar1);",active_reference
global:gText_TurnedOverVar1ForVar2,gText_TurnedOverVar1ForVar2,BAG,src/item_menu.c,2158,ConfirmSell,placeholder_expansion,,left_or_dynamic,direct_line_only_pending_call_flow_mapping,"StringExpandPlaceholders(gStringVar4, gText_TurnedOverVar1ForVar2);",active_reference
global:gText_DepositHowManyVar1,gText_DepositHowManyVar1,BAG,src/item_menu.c,2203,Task_ItemContext_Deposit,placeholder_expansion,,left_or_dynamic,direct_line_only_pending_call_flow_mapping,"StringExpandPlaceholders(gStringVar4, gText_DepositHowManyVar1);",active_reference
global:gText_CantStoreImportantItems,gText_CantStoreImportantItems,BAG,src/item_menu.c,2243,TryDepositItem,symbol_reference,FONT_NORMAL,left_or_dynamic,direct_line_only_pending_call_flow_mapping,"BagMenu_Print(WIN_DESCRIPTION, FONT_NORMAL, gText_CantStoreImportantItems, 3, 1, 0, 0, 0, COLORID_NORMAL);",active_reference
global:gText_DepositedVar2Var1s,gText_DepositedVar2Var1s,BAG,src/item_menu.c,2251,TryDepositItem,placeholder_expansion,,left_or_dynamic,direct_line_only_pending_call_flow_mapping,"StringExpandPlaceholders(gStringVar4, gText_DepositedVar2Var1s);",active_reference
global:gText_NoRoomForItems,gText_NoRoomForItems,BAG,src/item_menu.c,2258,TryDepositItem,symbol_reference,FONT_NORMAL,left_or_dynamic,direct_line_only_pending_call_flow_mapping,"BagMenu_Print(WIN_DESCRIPTION, FONT_NORMAL, gText_NoRoomForItems, 3, 1, 0, 0, 0, COLORID_NORMAL);",active_reference
global:gText_ThreeDashes,gText_ThreeDashes,BAG,src/item_menu.c,2558,PrintTMHMMoveData,symbol_reference,FONT_NORMAL,left_or_dynamic,direct_line_only_pending_call_flow_mapping,"BagMenu_Print(WIN_TMHM_INFO, FONT_NORMAL, gText_ThreeDashes, 7, i * 12, 0, 0, TEXT_SKIP_DRAW, COLORID_TMHM_INFO);",active_reference
global:gText_ThreeDashes,gText_ThreeDashes,BAG,src/item_menu.c,2569,PrintTMHMMoveData,symbol_reference,,left_or_dynamic,direct_line_only_pending_call_flow_mapping,text = gText_ThreeDashes;,active_reference
global:gText_ThreeDashes,gText_ThreeDashes,BAG,src/item_menu.c,2581,PrintTMHMMoveData,symbol_reference,,left_or_dynamic,direct_line_only_pending_call_flow_mapping,text = gText_ThreeDashes;,active_reference
global:gText_DadsAdvice,gText_DadsAdvice,BAG,src/item_use.c,150,DisplayCannotUseItemMessage,symbol_reference,,left_or_dynamic,direct_line_only_pending_call_flow_mapping,"DisplayItemMessageInBattlePyramid(taskId, gText_DadsAdvice, Task_CloseBattlePyramidBagMessage);",active_reference
global:gText_DadsAdvice,gText_DadsAdvice,BAG,src/item_use.c,160,DisplayDadsAdviceCannotUseItemMessage,symbol_reference,,left_or_dynamic,direct_line_only_pending_call_flow_mapping,"DisplayCannotUseItemMessage(taskId, isUsingRegisteredKeyItemOnField, gText_DadsAdvice);",active_reference
global:gText_CantDismountBike,gText_CantDismountBike,BAG,src/item_use.c,165,DisplayCannotDismountBikeMessage,symbol_reference,,left_or_dynamic,direct_line_only_pending_call_flow_mapping,"DisplayCannotUseItemMessage(taskId, isUsingRegisteredKeyItemOnField, gText_CantDismountBike);",active_reference
global:gText_ItemFinderNothing,gText_ItemFinderNothing,BAG,src/item_use.c,295,ItemUseOnFieldCB_Itemfinder,symbol_reference,,left_or_dynamic,direct_line_only_pending_call_flow_mapping,"DisplayItemMessageOnField(taskId, gText_ItemFinderNothing, Task_CloseItemfinderMessage);",active_reference
global:gText_ItemFinderNearby,gText_ItemFinderNearby,BAG,src/item_use.c,580,Task_HiddenItemNearby,symbol_reference,,left_or_dynamic,direct_line_only_pending_call_flow_mapping,"DisplayItemMessageOnField(taskId, gText_ItemFinderNearby, Task_CloseItemfinderMessage);",active_reference
global:gText_ItemFinderOnTop,gText_ItemFinderOnTop,BAG,src/item_use.c,597,Task_StandingOnHiddenItem,symbol_reference,,left_or_dynamic,direct_line_only_pending_call_flow_mapping,"DisplayItemMessageOnField(taskId, gText_ItemFinderOnTop, Task_CloseItemfinderMessage);",active_reference
global:gText_CoinCase,gText_CoinCase,BAG,src/item_use.c,646,ItemUseOutOfBattle_CoinCase,placeholder_expansion,,left_or_dynamic,direct_line_only_pending_call_flow_mapping,"StringExpandPlaceholders(gStringVar4, gText_CoinCase);",active_reference
global:gText_PowderQty,gText_PowderQty,BAG,src/item_use.c,661,ItemUseOutOfBattle_PowderJar,placeholder_expansion,,left_or_dynamic,direct_line_only_pending_call_flow_mapping,"StringExpandPlaceholders(gStringVar4, gText_PowderQty);",active_reference
global:gText_BootedUpHM,gText_BootedUpHM,BAG,src/item_use.c,781,ItemUseOutOfBattle_TMHM,symbol_reference,FONT_NORMAL,left_or_dynamic,direct_line_only_pending_call_flow_mapping,"DisplayItemMessage(taskId, FONT_NORMAL, gText_BootedUpHM, BootUpSoundTMHM); // HM",active_reference
global:gText_BootedUpTM,gText_BootedUpTM,BAG,src/item_use.c,783,ItemUseOutOfBattle_TMHM,symbol_reference,FONT_NORMAL,left_or_dynamic,direct_line_only_pending_call_flow_mapping,"DisplayItemMessage(taskId, FONT_NORMAL, gText_BootedUpTM, BootUpSoundTMHM); // TM",active_reference
global:gText_TMHMContainedVar1,gText_TMHMContainedVar1,BAG,src/item_use.c,797,Task_ShowTMHMContainedMessage,placeholder_expansion,,left_or_dynamic,direct_line_only_pending_call_flow_mapping,"StringExpandPlaceholders(gStringVar4, gText_TMHMContainedVar1);",active_reference
global:gText_PlayerUsedVar2,gText_PlayerUsedVar2,BAG,src/item_use.c,817,RemoveUsedItem,placeholder_expansion,,left_or_dynamic,direct_line_only_pending_call_flow_mapping,"StringExpandPlaceholders(gStringVar4, gText_PlayerUsedVar2);",active_reference
global:gText_RepelEffectsLingered,gText_RepelEffectsLingered,BAG,src/item_use.c,835,ItemUseOutOfBattle_Repel,symbol_reference,FONT_NORMAL,left_or_dynamic,direct_line_only_pending_call_flow_mapping,"DisplayItemMessage(taskId, FONT_NORMAL, gText_RepelEffectsLingered, CloseItemMessage);",active_reference
global:gText_RepelEffectsLingered,gText_RepelEffectsLingered,BAG,src/item_use.c,837,ItemUseOutOfBattle_Repel,symbol_reference,,left_or_dynamic,direct_line_only_pending_call_flow_mapping,"DisplayItemMessageInBattlePyramid(taskId, gText_RepelEffectsLingered, Task_CloseBattlePyramidBagMessage);",active_reference
global:gText_UsedVar2WildLured,gText_UsedVar2WildLured,BAG,src/item_use.c,884,ItemUseOutOfBattle_BlackWhiteFlute,placeholder_expansion,,left_or_dynamic,direct_line_only_pending_call_flow_mapping,"StringExpandPlaceholders(gStringVar4, gText_UsedVar2WildLured);",active_reference
global:gText_UsedVar2WildRepelled,gText_UsedVar2WildRepelled,BAG,src/item_use.c,890,ItemUseOutOfBattle_BlackWhiteFlute,placeholder_expansion,,left_or_dynamic,direct_line_only_pending_call_flow_mapping,"StringExpandPlaceholders(gStringVar4, gText_UsedVar2WildRepelled);",active_reference
global:gText_BoxFull,gText_BoxFull,BAG,src/item_use.c,950,ItemUseInBattle_PokeBall,symbol_reference,FONT_NORMAL,left_or_dynamic,direct_line_only_pending_call_flow_mapping,"DisplayItemMessage(taskId, FONT_NORMAL, gText_BoxFull, CloseItemMessage);",active_reference
global:gText_BoxFull,gText_BoxFull,BAG,src/item_use.c,954,ItemUseInBattle_PokeBall,symbol_reference,,left_or_dynamic,direct_line_only_pending_call_flow_mapping,"DisplayItemMessageInBattlePyramid(taskId, gText_BoxFull, Task_CloseBattlePyramidBagMessage);",active_reference
global:gText_WontHaveEffect,gText_WontHaveEffect,BAG,src/item_use.c,990,ItemUseInBattle_StatIncrease,symbol_reference,FONT_NORMAL,left_or_dynamic,direct_line_only_pending_call_flow_mapping,"DisplayItemMessage(taskId, FONT_NORMAL, gText_WontHaveEffect, CloseItemMessage);",active_reference
global:gText_WontHaveEffect,gText_WontHaveEffect,BAG,src/item_use.c,992,ItemUseInBattle_StatIncrease,symbol_reference,,left_or_dynamic,direct_line_only_pending_call_flow_mapping,"DisplayItemMessageInBattlePyramid(taskId, gText_WontHaveEffect, Task_CloseBattlePyramidBagMessage);",active_reference
global:gText_BattleSwitchWhich,gText_BattleSwitchWhich,BATTLE_UI,src/battle_controller_player.c,611,HandleInputChooseMove,symbol_reference,,left_or_dynamic,direct_line_only_pending_call_flow_mapping,"BattlePutTextOnWindow(gText_BattleSwitchWhich, B_WIN_SWITCH_PROMPT);",active_reference
global:gText_MoveInterfacePP,gText_MoveInterfacePP,BATTLE_UI,src/battle_controller_player.c,1475,MoveSelectionDisplayPPString,symbol_reference,,left_or_dynamic,direct_line_only_pending_call_flow_mapping,"StringCopy(gDisplayedStringBattle, gText_MoveInterfacePP);",active_reference
global:gText_MoveInterfaceType,gText_MoveInterfaceType,BATTLE_UI,src/battle_controller_player.c,1501,MoveSelectionDisplayMoveType,symbol_reference,,left_or_dynamic,direct_line_only_pending_call_flow_mapping,"txtPtr = StringCopy(gDisplayedStringBattle, gText_MoveInterfaceType);",active_reference
global:gText_LinkStandby,gText_LinkStandby,BATTLE_UI,src/battle_controller_player.c,1578,PrintLinkStandbyMsg,symbol_reference,,left_or_dynamic,direct_line_only_pending_call_flow_mapping,"BattlePutTextOnWindow(gText_LinkStandby, B_WIN_MSG);",active_reference
global:gText_BattleMenu,gText_BattleMenu,BATTLE_UI,src/battle_controller_player.c,2581,PlayerHandleChooseAction,symbol_reference,,left_or_dynamic,direct_line_only_pending_call_flow_mapping,"BattlePutTextOnWindow(gText_BattleMenu, B_WIN_ACTION_MENU);",active_reference
global:gText_WhatWillPkmnDo,gText_WhatWillPkmnDo,BATTLE_UI,src/battle_controller_player.c,2587,PlayerHandleChooseAction,placeholder_expansion,,left_or_dynamic,direct_line_only_pending_call_flow_mapping,BattleStringExpandPlaceholdersToDisplayedString(gText_WhatWillPkmnDo);,active_reference
global:gText_BattleYesNoChoice,gText_BattleYesNoChoice,BATTLE_UI,src/battle_controller_player.c,2596,PlayerHandleYesNoBox,symbol_reference,,left_or_dynamic,direct_line_only_pending_call_flow_mapping,"BattlePutTextOnWindow(gText_BattleYesNoChoice, B_WIN_YESNO);",active_reference
global:gText_SafariZoneMenu,gText_SafariZoneMenu,BATTLE_UI,src/battle_controller_safari.c,454,SafariHandleChooseAction,symbol_reference,,left_or_dynamic,direct_line_only_pending_call_flow_mapping,"BattlePutTextOnWindow(gText_SafariZoneMenu, B_WIN_ACTION_MENU);",active_reference
global:gText_WhatWillPkmnDo2,gText_WhatWillPkmnDo2,BATTLE_UI,src/battle_controller_safari.c,460,SafariHandleChooseAction,placeholder_expansion,,left_or_dynamic,direct_line_only_pending_call_flow_mapping,BattleStringExpandPlaceholdersToDisplayedString(gText_WhatWillPkmnDo2);,active_reference
global:gText_Slash,gText_Slash,BATTLE_UI,src/battle_interface.c,1272,UpdateHpTextInHealthboxInDoubles,symbol_reference,,left_or_dynamic,direct_line_only_pending_call_flow_mapping,"StringCopy(txtPtr, gText_Slash);",active_reference
global:gText_HealthboxNickname,gText_HealthboxNickname,BATTLE_UI,src/battle_interface.c,1921,UpdateNickInHealthbox,symbol_reference,,left_or_dynamic,direct_line_only_pending_call_flow_mapping,"StringCopy(gDisplayedStringBattle, gText_HealthboxNickname);",active_reference
global:gText_HealthboxGender_None,gText_HealthboxGender_None,BATTLE_UI,src/battle_interface.c,1937,UpdateNickInHealthbox,symbol_reference,,left_or_dynamic,direct_line_only_pending_call_flow_mapping,"StringCopy(ptr, gText_HealthboxGender_None);",active_reference
global:gText_HealthboxGender_Male,gText_HealthboxGender_Male,BATTLE_UI,src/battle_interface.c,1941,UpdateNickInHealthbox,symbol_reference,,left_or_dynamic,direct_line_only_pending_call_flow_mapping,"StringCopy(ptr, gText_HealthboxGender_Male);",active_reference
global:gText_HealthboxGender_Female,gText_HealthboxGender_Female,BATTLE_UI,src/battle_interface.c,1945,UpdateNickInHealthbox,symbol_reference,,left_or_dynamic,direct_line_only_pending_call_flow_mapping,"StringCopy(ptr, gText_HealthboxGender_Female);",active_reference
global:gText_SafariBalls,gText_SafariBalls,BATTLE_UI,src/battle_interface.c,2139,UpdateSafariBallsTextOnHealthbox,direct_text_printer,,left_or_dynamic,direct_line_only_pending_call_flow_mapping,"windowTileData = AddTextPrinterAndCreateWindowOnHealthbox(gText_SafariBalls, 0, 3, 2, &windowId);",active_reference
global:gText_SafariBallLeft,gText_SafariBallLeft,BATTLE_UI,src/battle_interface.c,2153,UpdateLeftNoOfBallsTextOnHealthbox,symbol_reference,,left_or_dynamic,direct_line_only_pending_call_flow_mapping,"txtPtr = StringCopy(text, gText_SafariBallLeft);",active_reference
global:gText_BirchBoy,gText_BirchBoy,MAIN_MENU,src/main_menu.c,456,GLOBAL,menu_action_or_table,,left_or_dynamic,direct_line_only_pending_call_flow_mapping,"{gText_BirchBoy, {NULL}},",active_reference
global:gText_BirchGirl,gText_BirchGirl,MAIN_MENU,src/main_menu.c,457,GLOBAL,menu_action_or_table,,left_or_dynamic,direct_line_only_pending_call_flow_mapping,"{gText_BirchGirl, {NULL}}",active_reference
global:gText_DefaultNameStu,gText_DefaultNameStu,MAIN_MENU,src/main_menu.c,461,GLOBAL,symbol_reference,,left_or_dynamic,direct_line_only_pending_call_flow_mapping,"gText_DefaultNameStu,",active_reference
global:gText_DefaultNameMilton,gText_DefaultNameMilton,MAIN_MENU,src/main_menu.c,462,GLOBAL,symbol_reference,,left_or_dynamic,direct_line_only_pending_call_flow_mapping,"gText_DefaultNameMilton,",active_reference
global:gText_DefaultNameTom,gText_DefaultNameTom,MAIN_MENU,src/main_menu.c,463,GLOBAL,symbol_reference,,left_or_dynamic,direct_line_only_pending_call_flow_mapping,"gText_DefaultNameTom,",active_reference
global:gText_DefaultNameKenny,gText_DefaultNameKenny,MAIN_MENU,src/main_menu.c,464,GLOBAL,symbol_reference,,left_or_dynamic,direct_line_only_pending_call_flow_mapping,"gText_DefaultNameKenny,",active_reference
global:gText_DefaultNameReid,gText_DefaultNameReid,MAIN_MENU,src/main_menu.c,465,GLOBAL,symbol_reference,,left_or_dynamic,direct_line_only_pending_call_flow_mapping,"gText_DefaultNameReid,",active_reference
global:gText_DefaultNameJude,gText_DefaultNameJude,MAIN_MENU,src/main_menu.c,466,GLOBAL,symbol_reference,,left_or_dynamic,direct_line_only_pending_call_flow_mapping,"gText_DefaultNameJude,",active_reference
global:gText_DefaultNameJaxson,gText_DefaultNameJaxson,MAIN_MENU,src/main_menu.c,467,GLOBAL,symbol_reference,,left_or_dynamic,direct_line_only_pending_call_flow_mapping,"gText_DefaultNameJaxson,",active_reference
global:gText_DefaultNameEaston,gText_DefaultNameEaston,MAIN_MENU,src/main_menu.c,468,GLOBAL,symbol_reference,,left_or_dynamic,direct_line_only_pending_call_flow_mapping,"gText_DefaultNameEaston,",active_reference
global:gText_DefaultNameWalker,gText_DefaultNameWalker,MAIN_MENU,src/main_menu.c,469,GLOBAL,symbol_reference,,left_or_dynamic,direct_line_only_pending_call_flow_mapping,"gText_DefaultNameWalker,",active_reference
global:gText_DefaultNameTeru,gText_DefaultNameTeru,MAIN_MENU,src/main_menu.c,470,GLOBAL,symbol_reference,,left_or_dynamic,direct_line_only_pending_call_flow_mapping,"gText_DefaultNameTeru,",active_reference
global:gText_DefaultNameJohnny,gText_DefaultNameJohnny,MAIN_MENU,src/main_menu.c,471,GLOBAL,symbol_reference,,left_or_dynamic,direct_line_only_pending_call_flow_mapping,"gText_DefaultNameJohnny,",active_reference
global:gText_DefaultNameBrett,gText_DefaultNameBrett,MAIN_MENU,src/main_menu.c,472,GLOBAL,symbol_reference,,left_or_dynamic,direct_line_only_pending_call_flow_mapping,"gText_DefaultNameBrett,",active_reference
global:gText_DefaultNameSeth,gText_DefaultNameSeth,MAIN_MENU,src/main_menu.c,473,GLOBAL,symbol_reference,,left_or_dynamic,direct_line_only_pending_call_flow_mapping,"gText_DefaultNameSeth,",active_reference
global:gText_DefaultNameTerry,gText_DefaultNameTerry,MAIN_MENU,src/main_menu.c,474,GLOBAL,symbol_reference,,left_or_dynamic,direct_line_only_pending_call_flow_mapping,"gText_DefaultNameTerry,",active_reference
global:gText_DefaultNameCasey,gText_DefaultNameCasey,MAIN_MENU,src/main_menu.c,475,GLOBAL,symbol_reference,,left_or_dynamic,direct_line_only_pending_call_flow_mapping,"gText_DefaultNameCasey,",active_reference
global:gText_DefaultNameDarren,gText_DefaultNameDarren,MAIN_MENU,src/main_menu.c,476,GLOBAL,symbol_reference,,left_or_dynamic,direct_line_only_pending_call_flow_mapping,"gText_DefaultNameDarren,",active_reference
global:gText_DefaultNameLandon,gText_DefaultNameLandon,MAIN_MENU,src/main_menu.c,477,GLOBAL,symbol_reference,,left_or_dynamic,direct_line_only_pending_call_flow_mapping,"gText_DefaultNameLandon,",active_reference
global:gText_DefaultNameCollin,gText_DefaultNameCollin,MAIN_MENU,src/main_menu.c,478,GLOBAL,symbol_reference,,left_or_dynamic,direct_line_only_pending_call_flow_mapping,"gText_DefaultNameCollin,",active_reference
global:gText_DefaultNameStanley,gText_DefaultNameStanley,MAIN_MENU,src/main_menu.c,479,GLOBAL,symbol_reference,,left_or_dynamic,direct_line_only_pending_call_flow_mapping,"gText_DefaultNameStanley,",active_reference
global:gText_DefaultNameQuincy,gText_DefaultNameQuincy,MAIN_MENU,src/main_menu.c,480,GLOBAL,symbol_reference,,left_or_dynamic,direct_line_only_pending_call_flow_mapping,gText_DefaultNameQuincy,active_reference
global:gText_DefaultNameKimmy,gText_DefaultNameKimmy,MAIN_MENU,src/main_menu.c,484,GLOBAL,symbol_reference,,left_or_dynamic,direct_line_only_pending_call_flow_mapping,"gText_DefaultNameKimmy,",active_reference
global:gText_DefaultNameTiara,gText_DefaultNameTiara,MAIN_MENU,src/main_menu.c,485,GLOBAL,symbol_reference,,left_or_dynamic,direct_line_only_pending_call_flow_mapping,"gText_DefaultNameTiara,",active_reference
global:gText_DefaultNameBella,gText_DefaultNameBella,MAIN_MENU,src/main_menu.c,486,GLOBAL,symbol_reference,,left_or_dynamic,direct_line_only_pending_call_flow_mapping,"gText_DefaultNameBella,",active_reference
global:gText_DefaultNameJayla,gText_DefaultNameJayla,MAIN_MENU,src/main_menu.c,487,GLOBAL,symbol_reference,,left_or_dynamic,direct_line_only_pending_call_flow_mapping,"gText_DefaultNameJayla,",active_reference
global:gText_DefaultNameAllie,gText_DefaultNameAllie,MAIN_MENU,src/main_menu.c,488,GLOBAL,symbol_reference,,left_or_dynamic,direct_line_only_pending_call_flow_mapping,"gText_DefaultNameAllie,",active_reference
global:gText_DefaultNameLianna,gText_DefaultNameLianna,MAIN_MENU,src/main_menu.c,489,GLOBAL,symbol_reference,,left_or_dynamic,direct_line_only_pending_call_flow_mapping,"gText_DefaultNameLianna,",active_reference
global:gText_DefaultNameSara,gText_DefaultNameSara,MAIN_MENU,src/main_menu.c,490,GLOBAL,symbol_reference,,left_or_dynamic,direct_line_only_pending_call_flow_mapping,"gText_DefaultNameSara,",active_reference
global:gText_DefaultNameMonica,gText_DefaultNameMonica,MAIN_MENU,src/main_menu.c,491,GLOBAL,symbol_reference,,left_or_dynamic,direct_line_only_pending_call_flow_mapping,"gText_DefaultNameMonica,",active_reference
global:gText_DefaultNameCamila,gText_DefaultNameCamila,MAIN_MENU,src/main_menu.c,492,GLOBAL,symbol_reference,,left_or_dynamic,direct_line_only_pending_call_flow_mapping,"gText_DefaultNameCamila,",active_reference
global:gText_DefaultNameAubree,gText_DefaultNameAubree,MAIN_MENU,src/main_menu.c,493,GLOBAL,symbol_reference,,left_or_dynamic,direct_line_only_pending_call_flow_mapping,"gText_DefaultNameAubree,",active_reference
global:gText_DefaultNameRuthie,gText_DefaultNameRuthie,MAIN_MENU,src/main_menu.c,494,GLOBAL,symbol_reference,,left_or_dynamic,direct_line_only_pending_call_flow_mapping,"gText_DefaultNameRuthie,",active_reference
global:gText_DefaultNameHazel,gText_DefaultNameHazel,MAIN_MENU,src/main_menu.c,495,GLOBAL,symbol_reference,,left_or_dynamic,direct_line_only_pending_call_flow_mapping,"gText_DefaultNameHazel,",active_reference
global:gText_DefaultNameNadine,gText_DefaultNameNadine,MAIN_MENU,src/main_menu.c,496,GLOBAL,symbol_reference,,left_or_dynamic,direct_line_only_pending_call_flow_mapping,"gText_DefaultNameNadine,",active_reference
global:gText_DefaultNameTanja,gText_DefaultNameTanja,MAIN_MENU,src/main_menu.c,497,GLOBAL,symbol_reference,,left_or_dynamic,direct_line_only_pending_call_flow_mapping,"gText_DefaultNameTanja,",active_reference
global:gText_DefaultNameYasmin,gText_DefaultNameYasmin,MAIN_MENU,src/main_menu.c,498,GLOBAL,symbol_reference,,left_or_dynamic,direct_line_only_pending_call_flow_mapping,"gText_DefaultNameYasmin,",active_reference
global:gText_DefaultNameNicola,gText_DefaultNameNicola,MAIN_MENU,src/main_menu.c,499,GLOBAL,symbol_reference,,left_or_dynamic,direct_line_only_pending_call_flow_mapping,"gText_DefaultNameNicola,",active_reference
global:gText_DefaultNameLillie,gText_DefaultNameLillie,MAIN_MENU,src/main_menu.c,500,GLOBAL,symbol_reference,,left_or_dynamic,direct_line_only_pending_call_flow_mapping,"gText_DefaultNameLillie,",active_reference
global:gText_DefaultNameTerra,gText_DefaultNameTerra,MAIN_MENU,src/main_menu.c,501,GLOBAL,symbol_reference,,left_or_dynamic,direct_line_only_pending_call_flow_mapping,"gText_DefaultNameTerra,",active_reference
global:gText_DefaultNameLucy,gText_DefaultNameLucy,MAIN_MENU,src/main_menu.c,502,GLOBAL,symbol_reference,,left_or_dynamic,direct_line_only_pending_call_flow_mapping,"gText_DefaultNameLucy,",active_reference
global:gText_DefaultNameHalie,gText_DefaultNameHalie,MAIN_MENU,src/main_menu.c,503,GLOBAL,symbol_reference,,left_or_dynamic,direct_line_only_pending_call_flow_mapping,gText_DefaultNameHalie,active_reference
global:gText_SaveFileErased,gText_SaveFileErased,MAIN_MENU,src/main_menu.c,650,Task_MainMenuCheckSaveFile,symbol_reference,,left_or_dynamic,direct_line_only_pending_call_flow_mapping,CreateMainMenuErrorWindow(gText_SaveFileErased);,active_reference
global:gText_SaveFileCorrupted,gText_SaveFileCorrupted,MAIN_MENU,src/main_menu.c,655,Task_MainMenuCheckSaveFile,symbol_reference,,left_or_dynamic,direct_line_only_pending_call_flow_mapping,CreateMainMenuErrorWindow(gText_SaveFileCorrupted);,active_reference
global:gText_BatteryRunDry,gText_BatteryRunDry,MAIN_MENU,src/main_menu.c,723,Task_MainMenuCheckBattery,symbol_reference,,left_or_dynamic,direct_line_only_pending_call_flow_mapping,CreateMainMenuErrorWindow(gText_BatteryRunDry);,active_reference
global:gText_MainMenuNewGame,gText_MainMenuNewGame,MAIN_MENU,src/main_menu.c,786,Task_DisplayMainMenu,direct_text_printer,FONT_NORMAL,left_or_dynamic,direct_line_only_pending_call_flow_mapping,"AddTextPrinterParameterized3(0, FONT_NORMAL, 0, 1, sTextColor_Headers, TEXT_SKIP_DRAW, gText_MainMenuNewGame);",active_reference
global:gText_MainMenuOption,gText_MainMenuOption,MAIN_MENU,src/main_menu.c,787,Task_DisplayMainMenu,direct_text_printer,FONT_NORMAL,left_or_dynamic,direct_line_only_pending_call_flow_mapping,"AddTextPrinterParameterized3(1, FONT_NORMAL, 0, 1, sTextColor_Headers, TEXT_SKIP_DRAW, gText_MainMenuOption);",active_reference
global:gText_MainMenuContinue,gText_MainMenuContinue,MAIN_MENU,src/main_menu.c,799,Task_DisplayMainMenu,direct_text_printer,FONT_NORMAL,left_or_dynamic,direct_line_only_pending_call_flow_mapping,"AddTextPrinterParameterized3(2, FONT_NORMAL, 0, 1, sTextColor_Headers, TEXT_SKIP_DRAW, gText_MainMenuContinue);",active_reference
global:gText_MainMenuNewGame,gText_MainMenuNewGame,MAIN_MENU,src/main_menu.c,800,Task_DisplayMainMenu,direct_text_printer,FONT_NORMAL,left_or_dynamic,direct_line_only_pending_call_flow_mapping,"AddTextPrinterParameterized3(3, FONT_NORMAL, 0, 1, sTextColor_Headers, TEXT_SKIP_DRAW, gText_MainMenuNewGame);",active_reference
global:gText_MainMenuOption,gText_MainMenuOption,MAIN_MENU,src/main_menu.c,801,Task_DisplayMainMenu,direct_text_printer,FONT_NORMAL,left_or_dynamic,direct_line_only_pending_call_flow_mapping,"AddTextPrinterParameterized3(4, FONT_NORMAL, 0, 1, sTextColor_Headers, TEXT_SKIP_DRAW, gText_MainMenuOption);",active_reference
global:gText_MainMenuContinue,gText_MainMenuContinue,MAIN_MENU,src/main_menu.c,818,Task_DisplayMainMenu,direct_text_printer,FONT_NORMAL,left_or_dynamic,direct_line_only_pending_call_flow_mapping,"AddTextPrinterParameterized3(2, FONT_NORMAL, 0, 1, sTextColor_Headers, TEXT_SKIP_DRAW, gText_MainMenuContinue);",active_reference
global:gText_MainMenuNewGame,gText_MainMenuNewGame,MAIN_MENU,src/main_menu.c,819,Task_DisplayMainMenu,direct_text_printer,FONT_NORMAL,left_or_dynamic,direct_line_only_pending_call_flow_mapping,"AddTextPrinterParameterized3(3, FONT_NORMAL, 0, 1, sTextColor_Headers, TEXT_SKIP_DRAW, gText_MainMenuNewGame);",active_reference
global:gText_MainMenuMysteryGift,gText_MainMenuMysteryGift,MAIN_MENU,src/main_menu.c,820,Task_DisplayMainMenu,direct_text_printer,FONT_NORMAL,left_or_dynamic,direct_line_only_pending_call_flow_mapping,"AddTextPrinterParameterized3(4, FONT_NORMAL, 0, 1, sTextColor_Headers, TEXT_SKIP_DRAW, gText_MainMenuMysteryGift);",active_reference
global:gText_MainMenuOption,gText_MainMenuOption,MAIN_MENU,src/main_menu.c,821,Task_DisplayMainMenu,direct_text_printer,FONT_NORMAL,left_or_dynamic,direct_line_only_pending_call_flow_mapping,"AddTextPrinterParameterized3(5, FONT_NORMAL, 0, 1, sTextColor_Headers, TEXT_SKIP_DRAW, gText_MainMenuOption);",active_reference
global:gText_MainMenuContinue,gText_MainMenuContinue,MAIN_MENU,src/main_menu.c,842,Task_DisplayMainMenu,direct_text_printer,FONT_NORMAL,left_or_dynamic,direct_line_only_pending_call_flow_mapping,"AddTextPrinterParameterized3(2, FONT_NORMAL, 0, 1, sTextColor_Headers, TEXT_SKIP_DRAW, gText_MainMenuContinue);",active_reference
global:gText_MainMenuNewGame,gText_MainMenuNewGame,MAIN_MENU,src/main_menu.c,843,Task_DisplayMainMenu,direct_text_printer,FONT_NORMAL,left_or_dynamic,direct_line_only_pending_call_flow_mapping,"AddTextPrinterParameterized3(3, FONT_NORMAL, 0, 1, sTextColor_Headers, TEXT_SKIP_DRAW, gText_MainMenuNewGame);",active_reference
global:gText_MainMenuMysteryGift2,gText_MainMenuMysteryGift2,MAIN_MENU,src/main_menu.c,844,Task_DisplayMainMenu,direct_text_printer,FONT_NORMAL,left_or_dynamic,direct_line_only_pending_call_flow_mapping,"AddTextPrinterParameterized3(4, FONT_NORMAL, 0, 1, sTextColor_Headers, TEXT_SKIP_DRAW, gText_MainMenuMysteryGift2);",active_reference
global:gText_MainMenuMysteryEvents,gText_MainMenuMysteryEvents,MAIN_MENU,src/main_menu.c,845,Task_DisplayMainMenu,direct_text_printer,FONT_NORMAL,left_or_dynamic,direct_line_only_pending_call_flow_mapping,"AddTextPrinterParameterized3(5, FONT_NORMAL, 0, 1, sTextColor_Headers, TEXT_SKIP_DRAW, gText_MainMenuMysteryEvents);",active_reference
global:gText_MainMenuOption,gText_MainMenuOption,MAIN_MENU,src/main_menu.c,846,Task_DisplayMainMenu,direct_text_printer,FONT_NORMAL,left_or_dynamic,direct_line_only_pending_call_flow_mapping,"AddTextPrinterParameterized3(6, FONT_NORMAL, 0, 1, sTextColor_Headers, TEXT_SKIP_DRAW, gText_MainMenuOption);",active_reference
global:gText_WirelessNotConnected,gText_WirelessNotConnected,MAIN_MENU,src/main_menu.c,1131,Task_DisplayMainMenuInvalidActionError,symbol_reference,,left_or_dynamic,direct_line_only_pending_call_flow_mapping,CreateMainMenuErrorWindow(gText_WirelessNotConnected);,active_reference
global:gText_MysteryGiftCantUse,gText_MysteryGiftCantUse,MAIN_MENU,src/main_menu.c,1134,Task_DisplayMainMenuInvalidActionError,symbol_reference,,left_or_dynamic,direct_line_only_pending_call_flow_mapping,CreateMainMenuErrorWindow(gText_MysteryGiftCantUse);,active_reference
global:gText_MysteryEventsCantUse,gText_MysteryEventsCantUse,MAIN_MENU,src/main_menu.c,1137,Task_DisplayMainMenuInvalidActionError,symbol_reference,,left_or_dynamic,direct_line_only_pending_call_flow_mapping,CreateMainMenuErrorWindow(gText_MysteryEventsCantUse);,active_reference
global:gText_Birch_Welcome,gText_Birch_Welcome,MAIN_MENU,src/main_menu.c,1338,Task_NewGameBirchSpeech_WaitForSpriteFadeInWelcome,placeholder_expansion,,left_or_dynamic,direct_line_only_pending_call_flow_mapping,"StringExpandPlaceholders(gStringVar4, gText_Birch_Welcome);",active_reference
global:gText_ThisIsAPokemon,gText_ThisIsAPokemon,MAIN_MENU,src/main_menu.c,1350,Task_NewGameBirchSpeech_ThisIsAPokemon,placeholder_expansion,,left_or_dynamic,direct_line_only_pending_call_flow_mapping,"StringExpandPlaceholders(gStringVar4, gText_ThisIsAPokemon);",active_reference
global:gText_Birch_MainSpeech,gText_Birch_MainSpeech,MAIN_MENU,src/main_menu.c,1360,Task_NewGameBirchSpeech_MainSpeech,placeholder_expansion,,left_or_dynamic,direct_line_only_pending_call_flow_mapping,"StringExpandPlaceholders(gStringVar4, gText_Birch_MainSpeech);",active_reference
global:gText_Birch_AndYouAre,gText_Birch_AndYouAre,MAIN_MENU,src/main_menu.c,1415,Task_NewGameBirchSpeech_AndYouAre,placeholder_expansion,,left_or_dynamic,direct_line_only_pending_call_flow_mapping,"StringExpandPlaceholders(gStringVar4, gText_Birch_AndYouAre);",active_reference
global:gText_Birch_BoyOrGirl,gText_Birch_BoyOrGirl,MAIN_MENU,src/main_menu.c,1487,Task_NewGameBirchSpeech_BoyOrGirl,placeholder_expansion,FONT_NORMAL via AddTextPrinterForMessage,left,mapped_to_BIRCH_MESSAGE_BOX_216px,"StringExpandPlaceholders(gStringVar4, gText_Birch_BoyOrGirl);",active_reference
global:gText_Birch_WhatsYourName,gText_Birch_WhatsYourName,MAIN_MENU,src/main_menu.c,1577,Task_NewGameBirchSpeech_WhatsYourName,placeholder_expansion,,left_or_dynamic,direct_line_only_pending_call_flow_mapping,"StringExpandPlaceholders(gStringVar4, gText_Birch_WhatsYourName);",active_reference
global:gText_Birch_SoItsPlayer,gText_Birch_SoItsPlayer,MAIN_MENU,src/main_menu.c,1612,Task_NewGameBirchSpeech_SoItsPlayerName,placeholder_expansion,,left_or_dynamic,direct_line_only_pending_call_flow_mapping,"StringExpandPlaceholders(gStringVar4, gText_Birch_SoItsPlayer);",active_reference
global:gText_Birch_YourePlayer,gText_Birch_YourePlayer,MAIN_MENU,src/main_menu.c,1678,Task_NewGameBirchSpeech_ReshowBirchLotad,placeholder_expansion,,left_or_dynamic,direct_line_only_pending_call_flow_mapping,"StringExpandPlaceholders(gStringVar4, gText_Birch_YourePlayer);",active_reference
global:gText_Birch_AreYouReady,gText_Birch_AreYouReady,MAIN_MENU,src/main_menu.c,1726,Task_NewGameBirchSpeech_AreYouReady,placeholder_expansion,,left_or_dynamic,direct_line_only_pending_call_flow_mapping,"StringExpandPlaceholders(gStringVar4, gText_Birch_AreYouReady);",active_reference
global:gText_ContinueMenuPlayer,gText_ContinueMenuPlayer,MAIN_MENU,src/main_menu.c,2137,MainMenu_FormatSavegamePlayer,placeholder_expansion,,left_or_dynamic,direct_line_only_pending_call_flow_mapping,"StringExpandPlaceholders(gStringVar4, gText_ContinueMenuPlayer);",active_reference
global:gText_ContinueMenuTime,gText_ContinueMenuTime,MAIN_MENU,src/main_menu.c,2147,MainMenu_FormatSavegameTime,placeholder_expansion,,left_or_dynamic,direct_line_only_pending_call_flow_mapping,"StringExpandPlaceholders(gStringVar4, gText_ContinueMenuTime);",active_reference
global:gText_ContinueMenuPokedex,gText_ContinueMenuPokedex,MAIN_MENU,src/main_menu.c,2166,MainMenu_FormatSavegamePokedex,placeholder_expansion,,left_or_dynamic,direct_line_only_pending_call_flow_mapping,"StringExpandPlaceholders(gStringVar4, gText_ContinueMenuPokedex);",active_reference
global:gText_ContinueMenuBadges,gText_ContinueMenuBadges,MAIN_MENU,src/main_menu.c,2184,MainMenu_FormatSavegameBadges,placeholder_expansion,,left_or_dynamic,direct_line_only_pending_call_flow_mapping,"StringExpandPlaceholders(gStringVar4, gText_ContinueMenuBadges);",active_reference
global:gText_PkmnTransferredSomeonesPC,gText_PkmnTransferredSomeonesPC,MAIN_MENU,src/naming_screen.c,192,GLOBAL,symbol_reference,,left_or_dynamic,direct_line_only_pending_call_flow_mapping,"gText_PkmnTransferredSomeonesPC,",active_reference
global:gText_PkmnTransferredLanettesPC,gText_PkmnTransferredLanettesPC,MAIN_MENU,src/naming_screen.c,193,GLOBAL,symbol_reference,,left_or_dynamic,direct_line_only_pending_call_flow_mapping,"gText_PkmnTransferredLanettesPC,",active_reference
global:gText_PkmnTransferredSomeonesPCBoxFull,gText_PkmnTransferredSomeonesPCBoxFull,MAIN_MENU,src/naming_screen.c,194,GLOBAL,symbol_reference,,left_or_dynamic,direct_line_only_pending_call_flow_mapping,"gText_PkmnTransferredSomeonesPCBoxFull,",active_reference
global:gText_PkmnTransferredLanettesPCBoxFull,gText_PkmnTransferredLanettesPCBoxFull,MAIN_MENU,src/naming_screen.c,195,GLOBAL,symbol_reference,,left_or_dynamic,direct_line_only_pending_call_flow_mapping,gText_PkmnTransferredLanettesPCBoxFull,active_reference
global:gText_MaleSymbol,gText_MaleSymbol,MAIN_MENU,src/naming_screen.c,1766,DrawGenderIcon,symbol_reference,,left_or_dynamic,direct_line_only_pending_call_flow_mapping,"StringCopy(text, gText_MaleSymbol);",active_reference
global:gText_FemaleSymbol,gText_FemaleSymbol,MAIN_MENU,src/naming_screen.c,1771,DrawGenderIcon,symbol_reference,,left_or_dynamic,direct_line_only_pending_call_flow_mapping,"StringCopy(text, gText_FemaleSymbol);",active_reference
global:gText_ExpandedPlaceholder_Empty,gText_ExpandedPlaceholder_Empty,MAIN_MENU,src/naming_screen.c,1911,DrawTextEntry,symbol_reference,,left_or_dynamic,direct_line_only_pending_call_flow_mapping,temp[1] = gText_ExpandedPlaceholder_Empty[0];,active_reference
global:gText_MoveOkBack,gText_MoveOkBack,MAIN_MENU,src/naming_screen.c,2003,PrintControls,direct_text_printer,FONT_SMALL,left_or_dynamic,direct_line_only_pending_call_flow_mapping,"AddTextPrinterParameterized3(sNamingScreen->windows[WIN_BANNER], FONT_SMALL, 2, 1, color, 0, gText_MoveOkBack);",active_reference
local:src/naming_screen.c:sText_AlphabetUpperLower,sText_AlphabetUpperLower,MAIN_MENU,src/naming_screen.c,2053,IsWideLetter,symbol_reference,,left_or_dynamic,direct_line_only_pending_call_flow_mapping,for (i = 0; sText_AlphabetUpperLower[i] != EOS; i++),active_reference
local:src/naming_screen.c:sText_AlphabetUpperLower,sText_AlphabetUpperLower,MAIN_MENU,src/naming_screen.c,2055,IsWideLetter,symbol_reference,,left_or_dynamic,direct_line_only_pending_call_flow_mapping,if (character == sText_AlphabetUpperLower[i]),active_reference
global:gText_YourName,gText_YourName,MAIN_MENU,src/naming_screen.c,2095,GLOBAL,symbol_reference,,left_or_dynamic,direct_line_only_pending_call_flow_mapping,".title = gText_YourName,",active_reference
global:gText_BoxName,gText_BoxName,MAIN_MENU,src/naming_screen.c,2106,GLOBAL,symbol_reference,,left_or_dynamic,direct_line_only_pending_call_flow_mapping,".title = gText_BoxName,",active_reference
global:gText_PkmnsNickname,gText_PkmnsNickname,MAIN_MENU,src/naming_screen.c,2117,GLOBAL,symbol_reference,,left_or_dynamic,direct_line_only_pending_call_flow_mapping,".title = gText_PkmnsNickname,",active_reference
global:gText_TellHimTheWords,gText_TellHimTheWords,MAIN_MENU,src/naming_screen.c,2128,GLOBAL,symbol_reference,,left_or_dynamic,direct_line_only_pending_call_flow_mapping,".title = gText_TellHimTheWords,",active_reference
global:gText_NamingScreenKeyboard_abcdef,gText_NamingScreenKeyboard_abcdef,MAIN_MENU,src/naming_screen.c,2537,GLOBAL,symbol_reference,,left_or_dynamic,direct_line_only_pending_call_flow_mapping,"gText_NamingScreenKeyboard_abcdef,",active_reference
global:gText_NamingScreenKeyboard_ghijkl,gText_NamingScreenKeyboard_ghijkl,MAIN_MENU,src/naming_screen.c,2538,GLOBAL,symbol_reference,,left_or_dynamic,direct_line_only_pending_call_flow_mapping,"gText_NamingScreenKeyboard_ghijkl,",active_reference
global:gText_NamingScreenKeyboard_mnopqrs,gText_NamingScreenKeyboard_mnopqrs,MAIN_MENU,src/naming_screen.c,2539,GLOBAL,symbol_reference,,left_or_dynamic,direct_line_only_pending_call_flow_mapping,"gText_NamingScreenKeyboard_mnopqrs,",active_reference
global:gText_NamingScreenKeyboard_tuvwxyz,gText_NamingScreenKeyboard_tuvwxyz,MAIN_MENU,src/naming_screen.c,2540,GLOBAL,symbol_reference,,left_or_dynamic,direct_line_only_pending_call_flow_mapping,gText_NamingScreenKeyboard_tuvwxyz,active_reference
global:gText_NamingScreenKeyboard_ABCDEF,gText_NamingScreenKeyboard_ABCDEF,MAIN_MENU,src/naming_screen.c,2544,GLOBAL,symbol_reference,,left_or_dynamic,direct_line_only_pending_call_flow_mapping,"gText_NamingScreenKeyboard_ABCDEF,",active_reference
global:gText_NamingScreenKeyboard_GHIJKL,gText_NamingScreenKeyboard_GHIJKL,MAIN_MENU,src/naming_screen.c,2545,GLOBAL,symbol_reference,,left_or_dynamic,direct_line_only_pending_call_flow_mapping,"gText_NamingScreenKeyboard_GHIJKL,",active_reference
global:gText_NamingScreenKeyboard_MNOPQRS,gText_NamingScreenKeyboard_MNOPQRS,MAIN_MENU,src/naming_screen.c,2546,GLOBAL,symbol_reference,,left_or_dynamic,direct_line_only_pending_call_flow_mapping,"gText_NamingScreenKeyboard_MNOPQRS,",active_reference
global:gText_NamingScreenKeyboard_TUVWXYZ,gText_NamingScreenKeyboard_TUVWXYZ,MAIN_MENU,src/naming_screen.c,2547,GLOBAL,symbol_reference,,left_or_dynamic,direct_line_only_pending_call_flow_mapping,gText_NamingScreenKeyboard_TUVWXYZ,active_reference
global:gText_NamingScreenKeyboard_01234,gText_NamingScreenKeyboard_01234,MAIN_MENU,src/naming_screen.c,2551,GLOBAL,symbol_reference,,left_or_dynamic,direct_line_only_pending_call_flow_mapping,"gText_NamingScreenKeyboard_01234,",active_reference
global:gText_NamingScreenKeyboard_56789,gText_NamingScreenKeyboard_56789,MAIN_MENU,src/naming_screen.c,2552,GLOBAL,symbol_reference,,left_or_dynamic,direct_line_only_pending_call_flow_mapping,"gText_NamingScreenKeyboard_56789,",active_reference
global:gText_NamingScreenKeyboard_Symbols1,gText_NamingScreenKeyboard_Symbols1,MAIN_MENU,src/naming_screen.c,2553,GLOBAL,symbol_reference,,left_or_dynamic,direct_line_only_pending_call_flow_mapping,"gText_NamingScreenKeyboard_Symbols1,",active_reference
global:gText_NamingScreenKeyboard_Symbols2,gText_NamingScreenKeyboard_Symbols2,MAIN_MENU,src/naming_screen.c,2554,GLOBAL,symbol_reference,,left_or_dynamic,direct_line_only_pending_call_flow_mapping,gText_NamingScreenKeyboard_Symbols2,active_reference
global:gText_MoveRelearnerPkmnLearnedMove,gText_MoveRelearnerPkmnLearnedMove,MOVE_UI,src/move_relearner.c,525,DoMoveRelearnerMain,symbol_reference,FONT_NORMAL,left,verified_RELEARNERWIN_MSG_22x4_x0_y1_176px,PrintMessageWithPlaceholders(gText_MoveRelearnerPkmnLearnedMove);,active_reference
global:gText_MoveRelearnerPkmnTryingToLearnMove,gText_MoveRelearnerPkmnTryingToLearnMove,MOVE_UI,src/move_relearner.c,577,DoMoveRelearnerMain,symbol_reference,FONT_NORMAL,left,verified_RELEARNERWIN_MSG_22x4_x0_y1_176px,PrintMessageWithPlaceholders(gText_MoveRelearnerPkmnTryingToLearnMove);,active_reference
global:gText_MoveRelearnerWhichMoveToForget,gText_MoveRelearnerWhichMoveToForget,MOVE_UI,src/move_relearner.c,593,DoMoveRelearnerMain,symbol_reference,FONT_NORMAL,left,verified_RELEARNERWIN_MSG_22x4_x0_y1_176px,PrintMessageWithPlaceholders(gText_MoveRelearnerWhichMoveToForget);,active_reference
global:gText_MoveRelearnerStopTryingToTeachMove,gText_MoveRelearnerStopTryingToTeachMove,MOVE_UI,src/move_relearner.c,604,DoMoveRelearnerMain,symbol_reference,FONT_NORMAL,left,verified_RELEARNERWIN_MSG_22x4_x0_y1_176px,PrintMessageWithPlaceholders(gText_MoveRelearnerStopTryingToTeachMove);,active_reference
global:gText_MoveRelearnerAndPoof,gText_MoveRelearnerAndPoof,MOVE_UI,src/move_relearner.c,714,DoMoveRelearnerMain,symbol_reference,FONT_NORMAL,left,verified_RELEARNERWIN_MSG_22x4_x0_y1_176px,PrintMessageWithPlaceholders(gText_MoveRelearnerAndPoof);,active_reference
global:gText_MoveRelearnerPkmnForgotMoveAndLearnedNew,gText_MoveRelearnerPkmnForgotMoveAndLearnedNew,MOVE_UI,src/move_relearner.c,723,DoMoveRelearnerMain,symbol_reference,FONT_NORMAL,left,verified_RELEARNERWIN_MSG_22x4_x0_y1_176px,PrintMessageWithPlaceholders(gText_MoveRelearnerPkmnForgotMoveAndLearnedNew);,active_reference
global:gText_TeachWhichMoveToPkmn,gText_TeachWhichMoveToPkmn,MOVE_UI,src/move_relearner.c,772,HideHeartSpritesAndShowTeachMoveText,placeholder_expansion,FONT_NORMAL,left,verified_RELEARNERWIN_MSG_22x4_x0_y1_176px,"StringExpandPlaceholders(gStringVar4, gText_TeachWhichMoveToPkmn);",active_reference
global:gText_MoveRelearnerGiveUp,gText_MoveRelearnerGiveUp,MOVE_UI,src/move_relearner.c,811,HandleInput,placeholder_expansion,FONT_NORMAL,left,verified_RELEARNERWIN_MSG_22x4_x0_y1_176px,"StringExpandPlaceholders(gStringVar4, gText_MoveRelearnerGiveUp);",active_reference
global:gText_MoveRelearnerTeachMoveConfirm,gText_MoveRelearnerTeachMoveConfirm,MOVE_UI,src/move_relearner.c,819,HandleInput,placeholder_expansion,FONT_NORMAL,left,verified_RELEARNERWIN_MSG_22x4_x0_y1_176px,"StringExpandPlaceholders(gStringVar4, gText_MoveRelearnerTeachMoveConfirm);",active_reference
global:gText_TeachWhichMoveToPkmn,gText_TeachWhichMoveToPkmn,MOVE_UI,src/move_relearner.c,840,ShowTeachMoveText,placeholder_expansion,FONT_NORMAL,left,verified_RELEARNERWIN_MSG_22x4_x0_y1_176px,"StringExpandPlaceholders(gStringVar4, gText_TeachWhichMoveToPkmn);",active_reference
global:gText_Cancel,gText_Cancel,MOVE_UI,src/move_relearner.c,913,CreateLearnableMovesList,symbol_reference,,left_or_dynamic,direct_line_only_pending_call_flow_mapping,sMoveRelearnerStruct->menuItems[sMoveRelearnerStruct->numMenuChoices].name = gText_Cancel;,active_reference
global:gText_TextSpeed,gText_TextSpeed,OPTION_MENU,src/option_menu.c,81,GLOBAL,symbol_reference,,left_or_dynamic,direct_line_only_pending_call_flow_mapping,"[MENUITEM_TEXTSPEED]   = gText_TextSpeed,",active_reference
global:gText_BattleScene,gText_BattleScene,OPTION_MENU,src/option_menu.c,82,GLOBAL,symbol_reference,,left_or_dynamic,direct_line_only_pending_call_flow_mapping,"[MENUITEM_BATTLESCENE] = gText_BattleScene,",active_reference
global:gText_BattleStyle,gText_BattleStyle,OPTION_MENU,src/option_menu.c,83,GLOBAL,symbol_reference,,left_or_dynamic,direct_line_only_pending_call_flow_mapping,"[MENUITEM_BATTLESTYLE] = gText_BattleStyle,",active_reference
global:gText_Sound,gText_Sound,OPTION_MENU,src/option_menu.c,84,GLOBAL,symbol_reference,,left_or_dynamic,direct_line_only_pending_call_flow_mapping,"[MENUITEM_SOUND]       = gText_Sound,",active_reference
global:gText_ButtonMode,gText_ButtonMode,OPTION_MENU,src/option_menu.c,85,GLOBAL,symbol_reference,,left_or_dynamic,direct_line_only_pending_call_flow_mapping,"[MENUITEM_BUTTONMODE]  = gText_ButtonMode,",active_reference
global:gText_Frame,gText_Frame,OPTION_MENU,src/option_menu.c,86,GLOBAL,symbol_reference,,left_or_dynamic,direct_line_only_pending_call_flow_mapping,"[MENUITEM_FRAMETYPE]   = gText_Frame,",active_reference
global:gText_OptionMenuCancel,gText_OptionMenuCancel,OPTION_MENU,src/option_menu.c,87,GLOBAL,symbol_reference,,left_or_dynamic,direct_line_only_pending_call_flow_mapping,"[MENUITEM_CANCEL]      = gText_OptionMenuCancel,",active_reference
global:gText_TextSpeedSlow,gText_TextSpeedSlow,OPTION_MENU,src/option_menu.c,431,TextSpeed_DrawChoices,symbol_reference,,left_or_dynamic,direct_line_only_pending_call_flow_mapping,"DrawOptionMenuChoice(gText_TextSpeedSlow, 104, YPOS_TEXTSPEED, styles[0]);",active_reference
global:gText_TextSpeedSlow,gText_TextSpeedSlow,OPTION_MENU,src/option_menu.c,433,TextSpeed_DrawChoices,symbol_reference,FONT_NORMAL,left_or_dynamic,direct_line_only_pending_call_flow_mapping,"widthSlow = GetStringWidth(FONT_NORMAL, gText_TextSpeedSlow, 0);",active_reference
global:gText_TextSpeedMid,gText_TextSpeedMid,OPTION_MENU,src/option_menu.c,434,TextSpeed_DrawChoices,symbol_reference,FONT_NORMAL,left_or_dynamic,direct_line_only_pending_call_flow_mapping,"widthMid = GetStringWidth(FONT_NORMAL, gText_TextSpeedMid, 0);",active_reference
global:gText_TextSpeedFast,gText_TextSpeedFast,OPTION_MENU,src/option_menu.c,435,TextSpeed_DrawChoices,symbol_reference,FONT_NORMAL,left_or_dynamic,direct_line_only_pending_call_flow_mapping,"widthFast = GetStringWidth(FONT_NORMAL, gText_TextSpeedFast, 0);",active_reference
global:gText_TextSpeedMid,gText_TextSpeedMid,OPTION_MENU,src/option_menu.c,439,TextSpeed_DrawChoices,symbol_reference,,left_or_dynamic,direct_line_only_pending_call_flow_mapping,"DrawOptionMenuChoice(gText_TextSpeedMid, xMid, YPOS_TEXTSPEED, styles[1]);",active_reference
global:gText_TextSpeedFast,gText_TextSpeedFast,OPTION_MENU,src/option_menu.c,441,TextSpeed_DrawChoices,right_aligned,FONT_NORMAL,right,direct_line_only_pending_call_flow_mapping,"DrawOptionMenuChoice(gText_TextSpeedFast, GetStringRightAlignXOffset(FONT_NORMAL, gText_TextSpeedFast, 198), YPOS_TEXTSPEED, styles[2]);",active_reference
global:gText_TextSpeedFast,gText_TextSpeedFast,OPTION_MENU,src/option_menu.c,441,TextSpeed_DrawChoices,right_aligned,FONT_NORMAL,right,direct_line_only_pending_call_flow_mapping,"DrawOptionMenuChoice(gText_TextSpeedFast, GetStringRightAlignXOffset(FONT_NORMAL, gText_TextSpeedFast, 198), YPOS_TEXTSPEED, styles[2]);",active_reference
global:gText_BattleSceneOn,gText_BattleSceneOn,OPTION_MENU,src/option_menu.c,463,BattleScene_DrawChoices,symbol_reference,,left_or_dynamic,direct_line_only_pending_call_flow_mapping,"DrawOptionMenuChoice(gText_BattleSceneOn, 104, YPOS_BATTLESCENE, styles[0]);",active_reference
global:gText_BattleSceneOff,gText_BattleSceneOff,OPTION_MENU,src/option_menu.c,464,BattleScene_DrawChoices,right_aligned,FONT_NORMAL,right,direct_line_only_pending_call_flow_mapping,"DrawOptionMenuChoice(gText_BattleSceneOff, GetStringRightAlignXOffset(FONT_NORMAL, gText_BattleSceneOff, 198), YPOS_BATTLESCENE, styles[1]);",active_reference
global:gText_BattleSceneOff,gText_BattleSceneOff,OPTION_MENU,src/option_menu.c,464,BattleScene_DrawChoices,right_aligned,FONT_NORMAL,right,direct_line_only_pending_call_flow_mapping,"DrawOptionMenuChoice(gText_BattleSceneOff, GetStringRightAlignXOffset(FONT_NORMAL, gText_BattleSceneOff, 198), YPOS_BATTLESCENE, styles[1]);",active_reference
global:gText_BattleStyleShift,gText_BattleStyleShift,OPTION_MENU,src/option_menu.c,486,BattleStyle_DrawChoices,symbol_reference,,left_or_dynamic,direct_line_only_pending_call_flow_mapping,"DrawOptionMenuChoice(gText_BattleStyleShift, 104, YPOS_BATTLESTYLE, styles[0]);",active_reference
global:gText_BattleStyleSet,gText_BattleStyleSet,OPTION_MENU,src/option_menu.c,487,BattleStyle_DrawChoices,right_aligned,FONT_NORMAL,right,direct_line_only_pending_call_flow_mapping,"DrawOptionMenuChoice(gText_BattleStyleSet, GetStringRightAlignXOffset(FONT_NORMAL, gText_BattleStyleSet, 198), YPOS_BATTLESTYLE, styles[1]);",active_reference
global:gText_BattleStyleSet,gText_BattleStyleSet,OPTION_MENU,src/option_menu.c,487,BattleStyle_DrawChoices,right_aligned,FONT_NORMAL,right,direct_line_only_pending_call_flow_mapping,"DrawOptionMenuChoice(gText_BattleStyleSet, GetStringRightAlignXOffset(FONT_NORMAL, gText_BattleStyleSet, 198), YPOS_BATTLESTYLE, styles[1]);",active_reference
global:gText_SoundMono,gText_SoundMono,OPTION_MENU,src/option_menu.c,510,Sound_DrawChoices,symbol_reference,,left_or_dynamic,direct_line_only_pending_call_flow_mapping,"DrawOptionMenuChoice(gText_SoundMono, 104, YPOS_SOUND, styles[0]);",active_reference
global:gText_SoundStereo,gText_SoundStereo,OPTION_MENU,src/option_menu.c,511,Sound_DrawChoices,right_aligned,FONT_NORMAL,right,direct_line_only_pending_call_flow_mapping,"DrawOptionMenuChoice(gText_SoundStereo, GetStringRightAlignXOffset(FONT_NORMAL, gText_SoundStereo, 198), YPOS_SOUND, styles[1]);",active_reference
global:gText_SoundStereo,gText_SoundStereo,OPTION_MENU,src/option_menu.c,511,Sound_DrawChoices,right_aligned,FONT_NORMAL,right,direct_line_only_pending_call_flow_mapping,"DrawOptionMenuChoice(gText_SoundStereo, GetStringRightAlignXOffset(FONT_NORMAL, gText_SoundStereo, 198), YPOS_SOUND, styles[1]);",active_reference
global:gText_FrameTypeNumber,gText_FrameTypeNumber,OPTION_MENU,src/option_menu.c,547,FrameType_DrawChoices,symbol_reference,,left_or_dynamic,direct_line_only_pending_call_flow_mapping,for (i = 0; gText_FrameTypeNumber[i] != EOS && i <= 5; i++),active_reference
global:gText_FrameTypeNumber,gText_FrameTypeNumber,OPTION_MENU,src/option_menu.c,548,FrameType_DrawChoices,symbol_reference,,left_or_dynamic,direct_line_only_pending_call_flow_mapping,text[i] = gText_FrameTypeNumber[i];,active_reference
global:gText_FrameType,gText_FrameType,OPTION_MENU,src/option_menu.c,568,FrameType_DrawChoices,symbol_reference,,left_or_dynamic,direct_line_only_pending_call_flow_mapping,"DrawOptionMenuChoice(gText_FrameType, 104, YPOS_FRAMETYPE, 0);",active_reference
global:gText_ButtonTypeNormal,gText_ButtonTypeNormal,OPTION_MENU,src/option_menu.c,605,ButtonMode_DrawChoices,symbol_reference,,left_or_dynamic,direct_line_only_pending_call_flow_mapping,"DrawOptionMenuChoice(gText_ButtonTypeNormal, 104, YPOS_BUTTONMODE, styles[0]);",active_reference
global:gText_ButtonTypeNormal,gText_ButtonTypeNormal,OPTION_MENU,src/option_menu.c,607,ButtonMode_DrawChoices,symbol_reference,FONT_NORMAL,left_or_dynamic,direct_line_only_pending_call_flow_mapping,"widthNormal = GetStringWidth(FONT_NORMAL, gText_ButtonTypeNormal, 0);",active_reference
global:gText_ButtonTypeLR,gText_ButtonTypeLR,OPTION_MENU,src/option_menu.c,608,ButtonMode_DrawChoices,symbol_reference,FONT_NORMAL,left_or_dynamic,direct_line_only_pending_call_flow_mapping,"widthLR = GetStringWidth(FONT_NORMAL, gText_ButtonTypeLR, 0);",active_reference
global:gText_ButtonTypeLEqualsA,gText_ButtonTypeLEqualsA,OPTION_MENU,src/option_menu.c,609,ButtonMode_DrawChoices,symbol_reference,FONT_NORMAL,left_or_dynamic,direct_line_only_pending_call_flow_mapping,"widthLA = GetStringWidth(FONT_NORMAL, gText_ButtonTypeLEqualsA, 0);",active_reference
global:gText_ButtonTypeLR,gText_ButtonTypeLR,OPTION_MENU,src/option_menu.c,613,ButtonMode_DrawChoices,symbol_reference,,left_or_dynamic,direct_line_only_pending_call_flow_mapping,"DrawOptionMenuChoice(gText_ButtonTypeLR, xLR, YPOS_BUTTONMODE, styles[1]);",active_reference
global:gText_ButtonTypeLEqualsA,gText_ButtonTypeLEqualsA,OPTION_MENU,src/option_menu.c,615,ButtonMode_DrawChoices,right_aligned,FONT_NORMAL,right,direct_line_only_pending_call_flow_mapping,"DrawOptionMenuChoice(gText_ButtonTypeLEqualsA, GetStringRightAlignXOffset(FONT_NORMAL, gText_ButtonTypeLEqualsA, 198), YPOS_BUTTONMODE, styles[2]);",active_reference
global:gText_ButtonTypeLEqualsA,gText_ButtonTypeLEqualsA,OPTION_MENU,src/option_menu.c,615,ButtonMode_DrawChoices,right_aligned,FONT_NORMAL,right,direct_line_only_pending_call_flow_mapping,"DrawOptionMenuChoice(gText_ButtonTypeLEqualsA, GetStringRightAlignXOffset(FONT_NORMAL, gText_ButtonTypeLEqualsA, 198), YPOS_BUTTONMODE, styles[2]);",active_reference
global:gText_Option,gText_Option,OPTION_MENU,src/option_menu.c,621,DrawHeaderText,direct_text_printer,FONT_NORMAL,left_or_dynamic,direct_line_only_pending_call_flow_mapping,"AddTextPrinterParameterized(WIN_HEADER, FONT_NORMAL, gText_Option, 8, 1, TEXT_SKIP_DRAW, NULL);",active_reference
global:gText_ChoosePokemon,gText_ChoosePokemon,PARTY_MENU,src/data/party_menu.h,600,GLOBAL,symbol_reference,,left_or_dynamic,direct_line_only_pending_call_flow_mapping,"[PARTY_MSG_CHOOSE_MON]             = gText_ChoosePokemon,",active_reference
global:gText_ChoosePokemonCancel,gText_ChoosePokemonCancel,PARTY_MENU,src/data/party_menu.h,601,GLOBAL,symbol_reference,,left_or_dynamic,direct_line_only_pending_call_flow_mapping,"[PARTY_MSG_CHOOSE_MON_OR_CANCEL]   = gText_ChoosePokemonCancel,",active_reference
global:gText_ChoosePokemonConfirm,gText_ChoosePokemonConfirm,PARTY_MENU,src/data/party_menu.h,602,GLOBAL,symbol_reference,,left_or_dynamic,direct_line_only_pending_call_flow_mapping,"[PARTY_MSG_CHOOSE_MON_AND_CONFIRM] = gText_ChoosePokemonConfirm,",active_reference
global:gText_MoveToWhere,gText_MoveToWhere,PARTY_MENU,src/data/party_menu.h,603,GLOBAL,symbol_reference,,left_or_dynamic,direct_line_only_pending_call_flow_mapping,"[PARTY_MSG_MOVE_TO_WHERE]          = gText_MoveToWhere,",active_reference
global:gText_TeachWhichPokemon,gText_TeachWhichPokemon,PARTY_MENU,src/data/party_menu.h,604,GLOBAL,symbol_reference,,left_or_dynamic,direct_line_only_pending_call_flow_mapping,"[PARTY_MSG_TEACH_WHICH_MON]        = gText_TeachWhichPokemon,",active_reference
global:gText_UseOnWhichPokemon,gText_UseOnWhichPokemon,PARTY_MENU,src/data/party_menu.h,605,GLOBAL,symbol_reference,,left_or_dynamic,direct_line_only_pending_call_flow_mapping,"[PARTY_MSG_USE_ON_WHICH_MON]       = gText_UseOnWhichPokemon,",active_reference
global:gText_GiveToWhichPokemon,gText_GiveToWhichPokemon,PARTY_MENU,src/data/party_menu.h,606,GLOBAL,symbol_reference,,left_or_dynamic,direct_line_only_pending_call_flow_mapping,"[PARTY_MSG_GIVE_TO_WHICH_MON]      = gText_GiveToWhichPokemon,",active_reference
global:gText_NothingToCut,gText_NothingToCut,PARTY_MENU,src/data/party_menu.h,607,GLOBAL,symbol_reference,,left_or_dynamic,direct_line_only_pending_call_flow_mapping,"[PARTY_MSG_NOTHING_TO_CUT]         = gText_NothingToCut,",active_reference
global:gText_CantSurfHere,gText_CantSurfHere,PARTY_MENU,src/data/party_menu.h,608,GLOBAL,symbol_reference,,left_or_dynamic,direct_line_only_pending_call_flow_mapping,"[PARTY_MSG_CANT_SURF_HERE]         = gText_CantSurfHere,",active_reference
global:gText_AlreadySurfing,gText_AlreadySurfing,PARTY_MENU,src/data/party_menu.h,609,GLOBAL,symbol_reference,,left_or_dynamic,direct_line_only_pending_call_flow_mapping,"[PARTY_MSG_ALREADY_SURFING]        = gText_AlreadySurfing,",active_reference
global:gText_CurrentIsTooFast,gText_CurrentIsTooFast,PARTY_MENU,src/data/party_menu.h,610,GLOBAL,symbol_reference,,left_or_dynamic,direct_line_only_pending_call_flow_mapping,"[PARTY_MSG_CURRENT_TOO_FAST]       = gText_CurrentIsTooFast,",active_reference
global:gText_EnjoyCycling,gText_EnjoyCycling,PARTY_MENU,src/data/party_menu.h,611,GLOBAL,symbol_reference,,left_or_dynamic,direct_line_only_pending_call_flow_mapping,"[PARTY_MSG_ENJOY_CYCLING]          = gText_EnjoyCycling,",active_reference
global:gText_InUseAlready_PM,gText_InUseAlready_PM,PARTY_MENU,src/data/party_menu.h,612,GLOBAL,symbol_reference,,left_or_dynamic,direct_line_only_pending_call_flow_mapping,"[PARTY_MSG_ALREADY_IN_USE]         = gText_InUseAlready_PM,",active_reference
global:gText_CantUseHere,gText_CantUseHere,PARTY_MENU,src/data/party_menu.h,613,GLOBAL,symbol_reference,,left_or_dynamic,direct_line_only_pending_call_flow_mapping,"[PARTY_MSG_CANT_USE_HERE]          = gText_CantUseHere,",active_reference
global:gText_NoPokemonForBattle,gText_NoPokemonForBattle,PARTY_MENU,src/data/party_menu.h,614,GLOBAL,symbol_reference,,left_or_dynamic,direct_line_only_pending_call_flow_mapping,"[PARTY_MSG_NO_MON_FOR_BATTLE]      = gText_NoPokemonForBattle,",active_reference
global:gText_ChoosePokemon2,gText_ChoosePokemon2,PARTY_MENU,src/data/party_menu.h,615,GLOBAL,symbol_reference,,left_or_dynamic,direct_line_only_pending_call_flow_mapping,"[PARTY_MSG_CHOOSE_MON_2]           = gText_ChoosePokemon2,",active_reference
global:gText_NotEnoughHp,gText_NotEnoughHp,PARTY_MENU,src/data/party_menu.h,616,GLOBAL,symbol_reference,,left_or_dynamic,direct_line_only_pending_call_flow_mapping,"[PARTY_MSG_NOT_ENOUGH_HP]          = gText_NotEnoughHp,",active_reference
global:gText_PokemonAreNeeded,gText_PokemonAreNeeded,PARTY_MENU,src/data/party_menu.h,617,GLOBAL,symbol_reference,,left_or_dynamic,direct_line_only_pending_call_flow_mapping,"[PARTY_MSG_X_MONS_ARE_NEEDED]      = gText_PokemonAreNeeded,",active_reference
global:gText_PokemonCantBeSame,gText_PokemonCantBeSame,PARTY_MENU,src/data/party_menu.h,618,GLOBAL,symbol_reference,,left_or_dynamic,direct_line_only_pending_call_flow_mapping,"[PARTY_MSG_MONS_CANT_BE_SAME]      = gText_PokemonCantBeSame,",active_reference
global:gText_NoIdenticalHoldItems,gText_NoIdenticalHoldItems,PARTY_MENU,src/data/party_menu.h,619,GLOBAL,symbol_reference,,left_or_dynamic,direct_line_only_pending_call_flow_mapping,"[PARTY_MSG_NO_SAME_HOLD_ITEMS]     = gText_NoIdenticalHoldItems,",active_reference
global:gText_EmptyString2,gText_EmptyString2,PARTY_MENU,src/data/party_menu.h,620,GLOBAL,symbol_reference,,left_or_dynamic,direct_line_only_pending_call_flow_mapping,"[PARTY_MSG_UNUSED]                 = gText_EmptyString2,",active_reference
global:gText_DoWhatWithPokemon,gText_DoWhatWithPokemon,PARTY_MENU,src/data/party_menu.h,621,GLOBAL,symbol_reference,,left_or_dynamic,direct_line_only_pending_call_flow_mapping,"[PARTY_MSG_DO_WHAT_WITH_MON]       = gText_DoWhatWithPokemon,",active_reference
global:gText_RestoreWhichMove,gText_RestoreWhichMove,PARTY_MENU,src/data/party_menu.h,622,GLOBAL,symbol_reference,,left_or_dynamic,direct_line_only_pending_call_flow_mapping,"[PARTY_MSG_RESTORE_WHICH_MOVE]     = gText_RestoreWhichMove,",active_reference
global:gText_BoostPP,gText_BoostPP,PARTY_MENU,src/data/party_menu.h,623,GLOBAL,symbol_reference,,left_or_dynamic,direct_line_only_pending_call_flow_mapping,"[PARTY_MSG_BOOST_PP_WHICH_MOVE]    = gText_BoostPP,",active_reference
global:gText_DoWhatWithItem,gText_DoWhatWithItem,PARTY_MENU,src/data/party_menu.h,624,GLOBAL,symbol_reference,,left_or_dynamic,direct_line_only_pending_call_flow_mapping,"[PARTY_MSG_DO_WHAT_WITH_ITEM]      = gText_DoWhatWithItem,",active_reference
global:gText_DoWhatWithMail,gText_DoWhatWithMail,PARTY_MENU,src/data/party_menu.h,625,GLOBAL,symbol_reference,,left_or_dynamic,direct_line_only_pending_call_flow_mapping,"[PARTY_MSG_DO_WHAT_WITH_MAIL]      = gText_DoWhatWithMail,",active_reference
global:gText_AlreadyHoldingOne,gText_AlreadyHoldingOne,PARTY_MENU,src/data/party_menu.h,626,GLOBAL,symbol_reference,,left_or_dynamic,direct_line_only_pending_call_flow_mapping,"[PARTY_MSG_ALREADY_HOLDING_ONE]    = gText_AlreadyHoldingOne,",active_reference
global:gText_NoUse,gText_NoUse,PARTY_MENU,src/data/party_menu.h,631,GLOBAL,symbol_reference,,left_or_dynamic,direct_line_only_pending_call_flow_mapping,"[PARTYBOX_DESC_NO_USE]     = gText_NoUse,",active_reference
global:gText_Able,gText_Able,PARTY_MENU,src/data/party_menu.h,632,GLOBAL,symbol_reference,,left_or_dynamic,direct_line_only_pending_call_flow_mapping,"[PARTYBOX_DESC_ABLE_3]     = gText_Able,",active_reference
global:gText_First_PM,gText_First_PM,PARTY_MENU,src/data/party_menu.h,633,GLOBAL,symbol_reference,,left_or_dynamic,direct_line_only_pending_call_flow_mapping,"[PARTYBOX_DESC_FIRST]      = gText_First_PM,",active_reference
global:gText_Second_PM,gText_Second_PM,PARTY_MENU,src/data/party_menu.h,634,GLOBAL,symbol_reference,,left_or_dynamic,direct_line_only_pending_call_flow_mapping,"[PARTYBOX_DESC_SECOND]     = gText_Second_PM,",active_reference
global:gText_Third_PM,gText_Third_PM,PARTY_MENU,src/data/party_menu.h,635,GLOBAL,symbol_reference,,left_or_dynamic,direct_line_only_pending_call_flow_mapping,"[PARTYBOX_DESC_THIRD]      = gText_Third_PM,",active_reference
global:gText_Fourth,gText_Fourth,PARTY_MENU,src/data/party_menu.h,636,GLOBAL,symbol_reference,,left_or_dynamic,direct_line_only_pending_call_flow_mapping,"[PARTYBOX_DESC_FOURTH]     = gText_Fourth,",active_reference
global:gText_Able2,gText_Able2,PARTY_MENU,src/data/party_menu.h,637,GLOBAL,symbol_reference,,left_or_dynamic,direct_line_only_pending_call_flow_mapping,"[PARTYBOX_DESC_ABLE]       = gText_Able2,",active_reference
global:gText_NotAble,gText_NotAble,PARTY_MENU,src/data/party_menu.h,638,GLOBAL,symbol_reference,,left_or_dynamic,direct_line_only_pending_call_flow_mapping,"[PARTYBOX_DESC_NOT_ABLE]   = gText_NotAble,",active_reference
global:gText_Able3,gText_Able3,PARTY_MENU,src/data/party_menu.h,639,GLOBAL,symbol_reference,,left_or_dynamic,direct_line_only_pending_call_flow_mapping,"[PARTYBOX_DESC_ABLE_2]     = gText_Able3,",active_reference
global:gText_NotAble2,gText_NotAble2,PARTY_MENU,src/data/party_menu.h,640,GLOBAL,symbol_reference,,left_or_dynamic,direct_line_only_pending_call_flow_mapping,"[PARTYBOX_DESC_NOT_ABLE_2] = gText_NotAble2,",active_reference
global:gText_Learned,gText_Learned,PARTY_MENU,src/data/party_menu.h,641,GLOBAL,symbol_reference,,left_or_dynamic,direct_line_only_pending_call_flow_mapping,"[PARTYBOX_DESC_LEARNED]    = gText_Learned,",active_reference
global:gText_Have,gText_Have,PARTY_MENU,src/data/party_menu.h,642,GLOBAL,symbol_reference,,left_or_dynamic,direct_line_only_pending_call_flow_mapping,"[PARTYBOX_DESC_HAVE]       = gText_Have,",active_reference
global:gText_DontHave,gText_DontHave,PARTY_MENU,src/data/party_menu.h,643,GLOBAL,symbol_reference,,left_or_dynamic,direct_line_only_pending_call_flow_mapping,"[PARTYBOX_DESC_DONT_HAVE]  = gText_DontHave,",active_reference
global:gText_Summary5,gText_Summary5,PARTY_MENU,src/data/party_menu.h,660,GLOBAL,menu_action_or_table,,left_or_dynamic,direct_line_only_pending_call_flow_mapping,"[MENU_SUMMARY] = {gText_Summary5, CursorCb_Summary},",active_reference
global:gText_Switch2,gText_Switch2,PARTY_MENU,src/data/party_menu.h,661,GLOBAL,menu_action_or_table,,left_or_dynamic,direct_line_only_pending_call_flow_mapping,"[MENU_SWITCH] = {gText_Switch2, CursorCb_Switch},",active_reference
global:gText_Cancel2,gText_Cancel2,PARTY_MENU,src/data/party_menu.h,662,GLOBAL,menu_action_or_table,,left_or_dynamic,direct_line_only_pending_call_flow_mapping,"[MENU_CANCEL1] = {gText_Cancel2, CursorCb_Cancel1},",active_reference
global:gText_Item,gText_Item,PARTY_MENU,src/data/party_menu.h,663,GLOBAL,menu_action_or_table,,left_or_dynamic,direct_line_only_pending_call_flow_mapping,"[MENU_ITEM] = {gText_Item, CursorCb_Item},",active_reference
global:gText_Take,gText_Take,PARTY_MENU,src/data/party_menu.h,665,GLOBAL,menu_action_or_table,,left_or_dynamic,direct_line_only_pending_call_flow_mapping,"[MENU_TAKE_ITEM] = {gText_Take, CursorCb_TakeItem},",active_reference
global:gText_Mail,gText_Mail,PARTY_MENU,src/data/party_menu.h,666,GLOBAL,menu_action_or_table,,left_or_dynamic,direct_line_only_pending_call_flow_mapping,"[MENU_MAIL] = {gText_Mail, CursorCb_Mail},",active_reference
global:gText_Take2,gText_Take2,PARTY_MENU,src/data/party_menu.h,667,GLOBAL,menu_action_or_table,,left_or_dynamic,direct_line_only_pending_call_flow_mapping,"[MENU_TAKE_MAIL] = {gText_Take2, CursorCb_TakeMail},",active_reference
global:gText_Read2,gText_Read2,PARTY_MENU,src/data/party_menu.h,668,GLOBAL,menu_action_or_table,,left_or_dynamic,direct_line_only_pending_call_flow_mapping,"[MENU_READ] = {gText_Read2, CursorCb_Read},",active_reference
global:gText_Cancel2,gText_Cancel2,PARTY_MENU,src/data/party_menu.h,669,GLOBAL,menu_action_or_table,,left_or_dynamic,direct_line_only_pending_call_flow_mapping,"[MENU_CANCEL2] = {gText_Cancel2, CursorCb_Cancel2},",active_reference
global:gText_Shift,gText_Shift,PARTY_MENU,src/data/party_menu.h,670,GLOBAL,menu_action_or_table,,left_or_dynamic,direct_line_only_pending_call_flow_mapping,"[MENU_SHIFT] = {gText_Shift, CursorCb_SendMon},",active_reference
global:gText_SendOut,gText_SendOut,PARTY_MENU,src/data/party_menu.h,671,GLOBAL,menu_action_or_table,,left_or_dynamic,direct_line_only_pending_call_flow_mapping,"[MENU_SEND_OUT] = {gText_SendOut, CursorCb_SendMon},",active_reference
global:gText_Enter,gText_Enter,PARTY_MENU,src/data/party_menu.h,672,GLOBAL,menu_action_or_table,,left_or_dynamic,direct_line_only_pending_call_flow_mapping,"[MENU_ENTER] = {gText_Enter, CursorCb_Enter},",active_reference
global:gText_NoEntry,gText_NoEntry,PARTY_MENU,src/data/party_menu.h,673,GLOBAL,menu_action_or_table,,left_or_dynamic,direct_line_only_pending_call_flow_mapping,"[MENU_NO_ENTRY] = {gText_NoEntry, CursorCb_NoEntry},",active_reference
global:gText_Store,gText_Store,PARTY_MENU,src/data/party_menu.h,674,GLOBAL,menu_action_or_table,,left_or_dynamic,direct_line_only_pending_call_flow_mapping,"[MENU_STORE] = {gText_Store, CursorCb_Store},",active_reference
global:gText_Register,gText_Register,PARTY_MENU,src/data/party_menu.h,675,GLOBAL,menu_action_or_table,,left_or_dynamic,direct_line_only_pending_call_flow_mapping,"[MENU_REGISTER] = {gText_Register, CursorCb_Register},",active_reference
global:gText_Trade4,gText_Trade4,PARTY_MENU,src/data/party_menu.h,676,GLOBAL,menu_action_or_table,,left_or_dynamic,direct_line_only_pending_call_flow_mapping,"[MENU_TRADE1] = {gText_Trade4, CursorCb_Trade1},",active_reference
global:gText_Trade4,gText_Trade4,PARTY_MENU,src/data/party_menu.h,677,GLOBAL,menu_action_or_table,,left_or_dynamic,direct_line_only_pending_call_flow_mapping,"[MENU_TRADE2] = {gText_Trade4, CursorCb_Trade2},",active_reference
global:gText_NotPkmnOtherTrainerWants,gText_NotPkmnOtherTrainerWants,PARTY_MENU,src/data/party_menu.h,790,GLOBAL,symbol_reference,,left_or_dynamic,direct_line_only_pending_call_flow_mapping,"[UR_TRADE_MSG_NOT_MON_PARTNER_WANTS - 1]       = gText_NotPkmnOtherTrainerWants,",active_reference
global:gText_ThatIsntAnEgg,gText_ThatIsntAnEgg,PARTY_MENU,src/data/party_menu.h,791,GLOBAL,symbol_reference,,left_or_dynamic,direct_line_only_pending_call_flow_mapping,"[UR_TRADE_MSG_NOT_EGG - 1]                     = gText_ThatIsntAnEgg,",active_reference
global:gText_PkmnCantBeTradedNow,gText_PkmnCantBeTradedNow,PARTY_MENU,src/data/party_menu.h,792,GLOBAL,symbol_reference,,left_or_dynamic,direct_line_only_pending_call_flow_mapping,"[UR_TRADE_MSG_MON_CANT_BE_TRADED_1 - 1]        = gText_PkmnCantBeTradedNow,",active_reference
global:gText_PkmnCantBeTradedNow,gText_PkmnCantBeTradedNow,PARTY_MENU,src/data/party_menu.h,793,GLOBAL,symbol_reference,,left_or_dynamic,direct_line_only_pending_call_flow_mapping,"[UR_TRADE_MSG_MON_CANT_BE_TRADED_2 - 1]        = gText_PkmnCantBeTradedNow,",active_reference
global:gText_OtherTrainersPkmnCantBeTraded,gText_OtherTrainersPkmnCantBeTraded,PARTY_MENU,src/data/party_menu.h,794,GLOBAL,symbol_reference,,left_or_dynamic,direct_line_only_pending_call_flow_mapping,"[UR_TRADE_MSG_PARTNERS_MON_CANT_BE_TRADED - 1] = gText_OtherTrainersPkmnCantBeTraded,",active_reference
global:gText_EggCantBeTradedNow,gText_EggCantBeTradedNow,PARTY_MENU,src/data/party_menu.h,795,GLOBAL,symbol_reference,,left_or_dynamic,direct_line_only_pending_call_flow_mapping,"[UR_TRADE_MSG_EGG_CANT_BE_TRADED -1]           = gText_EggCantBeTradedNow,",active_reference
global:gText_OtherTrainerCantAcceptPkmn,gText_OtherTrainerCantAcceptPkmn,PARTY_MENU,src/data/party_menu.h,796,GLOBAL,symbol_reference,,left_or_dynamic,direct_line_only_pending_call_flow_mapping,"[UR_TRADE_MSG_PARTNER_CANT_ACCEPT_MON - 1]     = gText_OtherTrainerCantAcceptPkmn,",active_reference
global:gText_CantTradeWithTrainer,gText_CantTradeWithTrainer,PARTY_MENU,src/data/party_menu.h,797,GLOBAL,symbol_reference,,left_or_dynamic,direct_line_only_pending_call_flow_mapping,"[UR_TRADE_MSG_CANT_TRADE_WITH_PARTNER_1 - 1]   = gText_CantTradeWithTrainer,",active_reference
global:gText_CantTradeWithTrainer,gText_CantTradeWithTrainer,PARTY_MENU,src/data/party_menu.h,798,GLOBAL,symbol_reference,,left_or_dynamic,direct_line_only_pending_call_flow_mapping,"[UR_TRADE_MSG_CANT_TRADE_WITH_PARTNER_2 - 1]   = gText_CantTradeWithTrainer,",active_reference
global:gText_HP4,gText_HP4,PARTY_MENU,src/data/party_menu.h,1112,GLOBAL,symbol_reference,,left_or_dynamic,direct_line_only_pending_call_flow_mapping,"gText_HP4,",active_reference
global:gText_Attack3,gText_Attack3,PARTY_MENU,src/data/party_menu.h,1113,GLOBAL,symbol_reference,,left_or_dynamic,direct_line_only_pending_call_flow_mapping,"gText_Attack3,",active_reference
global:gText_Defense3,gText_Defense3,PARTY_MENU,src/data/party_menu.h,1114,GLOBAL,symbol_reference,,left_or_dynamic,direct_line_only_pending_call_flow_mapping,"gText_Defense3,",active_reference
global:gText_SpAtk4,gText_SpAtk4,PARTY_MENU,src/data/party_menu.h,1115,GLOBAL,symbol_reference,,left_or_dynamic,direct_line_only_pending_call_flow_mapping,"gText_SpAtk4,",active_reference
global:gText_SpDef4,gText_SpDef4,PARTY_MENU,src/data/party_menu.h,1116,GLOBAL,symbol_reference,,left_or_dynamic,direct_line_only_pending_call_flow_mapping,"gText_SpDef4,",active_reference
global:gText_Speed2,gText_Speed2,PARTY_MENU,src/data/party_menu.h,1117,GLOBAL,symbol_reference,,left_or_dynamic,direct_line_only_pending_call_flow_mapping,gText_Speed2,active_reference
global:gText_CancelParticipation,gText_CancelParticipation,PARTY_MENU,src/party_menu.c,1413,DisplayCancelChooseMonYesNo,symbol_reference,,left_or_dynamic,direct_line_only_pending_call_flow_mapping,stringPtr = gText_CancelParticipation;,active_reference
global:gText_PkmnWasGivenItem,gText_PkmnWasGivenItem,PARTY_MENU,src/party_menu.c,1767,DisplayGaveHeldItemMessage,placeholder_expansion,,left_or_dynamic,direct_line_only_pending_call_flow_mapping,"StringExpandPlaceholders(gStringVar4, gText_PkmnWasGivenItem);",active_reference
global:gText_ReceivedItemFromPkmn,gText_ReceivedItemFromPkmn,PARTY_MENU,src/party_menu.c,1776,DisplayTookHeldItemMessage,placeholder_expansion,,left_or_dynamic,direct_line_only_pending_call_flow_mapping,"StringExpandPlaceholders(gStringVar4, gText_ReceivedItemFromPkmn);",active_reference
global:gText_PkmnAlreadyHoldingItemSwitch,gText_PkmnAlreadyHoldingItemSwitch,PARTY_MENU,src/party_menu.c,1785,DisplayAlreadyHoldingItemSwitchMessage,placeholder_expansion,,left_or_dynamic,direct_line_only_pending_call_flow_mapping,"StringExpandPlaceholders(gStringVar4, gText_PkmnAlreadyHoldingItemSwitch);",active_reference
global:gText_SwitchedPkmnItem,gText_SwitchedPkmnItem,PARTY_MENU,src/party_menu.c,1794,DisplaySwitchedHeldItemMessage,placeholder_expansion,,left_or_dynamic,direct_line_only_pending_call_flow_mapping,"StringExpandPlaceholders(gStringVar4, gText_SwitchedPkmnItem);",active_reference
global:gText_BagFullCouldNotRemoveItem,gText_BagFullCouldNotRemoveItem,PARTY_MENU,src/party_menu.c,1829,BufferBagFullCantTakeItemMessage,placeholder_expansion,,left_or_dynamic,direct_line_only_pending_call_flow_mapping,"StringExpandPlaceholders(gStringVar4, gText_BagFullCouldNotRemoveItem);",active_reference
global:gText_PkmnCantParticipate,gText_PkmnCantParticipate,PARTY_MENU,src/party_menu.c,1994,TryEnterMonForMinigame,symbol_reference,,left_or_dynamic,direct_line_only_pending_call_flow_mapping,"DisplayPartyMenuMessage(gText_PkmnCantParticipate, FALSE);",active_reference
global:gText_CancelParticipation,gText_CancelParticipation,PARTY_MENU,src/party_menu.c,2002,CancelParticipationPrompt,symbol_reference,,left_or_dynamic,direct_line_only_pending_call_flow_mapping,"DisplayPartyMenuMessage(gText_CancelParticipation, TRUE);",active_reference
global:gText_Cancel,gText_Cancel,PARTY_MENU,src/party_menu.c,2131,CreateCancelConfirmWindows,center_aligned,FONT_SMALL,center,direct_line_only_pending_call_flow_mapping,"mainOffset = GetStringCenterAlignXOffset(FONT_SMALL, gText_Cancel, 48);",active_reference
global:gText_Cancel,gText_Cancel,PARTY_MENU,src/party_menu.c,2132,CreateCancelConfirmWindows,direct_text_printer,FONT_SMALL,left_or_dynamic,direct_line_only_pending_call_flow_mapping,"AddTextPrinterParameterized3(cancelWindowId, FONT_SMALL, mainOffset + offset, 1, sFontColorTable[0], TEXT_SKIP_DRAW, gText_Cancel);",active_reference
global:gText_Cancel2,gText_Cancel2,PARTY_MENU,src/party_menu.c,2136,CreateCancelConfirmWindows,center_aligned,FONT_SMALL,center,direct_line_only_pending_call_flow_mapping,"mainOffset = GetStringCenterAlignXOffset(FONT_SMALL, gText_Cancel2, 48);",active_reference
global:gText_Cancel2,gText_Cancel2,PARTY_MENU,src/party_menu.c,2137,CreateCancelConfirmWindows,direct_text_printer,FONT_SMALL,left_or_dynamic,direct_line_only_pending_call_flow_mapping,"AddTextPrinterParameterized3(cancelWindowId, FONT_SMALL, mainOffset + offset, 1, sFontColorTable[0], TEXT_SKIP_DRAW, gText_Cancel2);",active_reference
global:gText_LevelSymbol,gText_LevelSymbol,PARTY_MENU,src/party_menu.c,2318,DisplayPartyPokemonLevel,symbol_reference,,left_or_dynamic,direct_line_only_pending_call_flow_mapping,"StringCopy(gStringVar1, gText_LevelSymbol);",active_reference
global:gText_MaleSymbol,gText_MaleSymbol,PARTY_MENU,src/party_menu.c,2346,DisplayPartyPokemonGender,symbol_reference,,left_or_dynamic,direct_line_only_pending_call_flow_mapping,"DisplayPartyPokemonBarDetail(menuBox->windowId, gText_MaleSymbol, 2, &menuBox->infoRects->dimensions[8]);",active_reference
global:gText_FemaleSymbol,gText_FemaleSymbol,PARTY_MENU,src/party_menu.c,2351,DisplayPartyPokemonGender,symbol_reference,,left_or_dynamic,direct_line_only_pending_call_flow_mapping,"DisplayPartyPokemonBarDetail(menuBox->windowId, gText_FemaleSymbol, 2, &menuBox->infoRects->dimensions[8]);",active_reference
global:gText_Slash,gText_Slash,PARTY_MENU,src/party_menu.c,2391,DisplayPartyPokemonMaxHP,symbol_reference,,left_or_dynamic,direct_line_only_pending_call_flow_mapping,"StringCopy(gStringVar1, gText_Slash);",active_reference
global:gText_PkmnNotHolding,gText_PkmnNotHolding,PARTY_MENU,src/party_menu.c,2721,CreateSelectionWindow,placeholder_expansion,,left_or_dynamic,direct_line_only_pending_call_flow_mapping,"StringExpandPlaceholders(gStringVar4, gText_PkmnNotHolding);",active_reference
global:gText_PkmnNotHolding,gText_PkmnNotHolding,PARTY_MENU,src/party_menu.c,3285,CursorCb_TakeItem,placeholder_expansion,,left_or_dynamic,direct_line_only_pending_call_flow_mapping,"StringExpandPlaceholders(gStringVar4, gText_PkmnNotHolding);",active_reference
global:gText_PkmnNotHolding,gText_PkmnNotHolding,PARTY_MENU,src/party_menu.c,3311,CursorCb_Toss,placeholder_expansion,,left_or_dynamic,direct_line_only_pending_call_flow_mapping,"StringExpandPlaceholders(gStringVar4, gText_PkmnNotHolding);",active_reference
global:gText_ThrowAwayItem,gText_ThrowAwayItem,PARTY_MENU,src/party_menu.c,3318,CursorCb_Toss,placeholder_expansion,,left_or_dynamic,direct_line_only_pending_call_flow_mapping,"StringExpandPlaceholders(gStringVar4, gText_ThrowAwayItem);",active_reference
global:gText_ItemThrownAway,gText_ItemThrownAway,PARTY_MENU,src/party_menu.c,3341,Task_HandleTossHeldItemYesNoInput,placeholder_expansion,,left_or_dynamic,direct_line_only_pending_call_flow_mapping,"StringExpandPlaceholders(gStringVar4, gText_ItemThrownAway);",active_reference
global:gText_SendMailToPC,gText_SendMailToPC,PARTY_MENU,src/party_menu.c,3404,CursorCb_TakeMail,symbol_reference,,left_or_dynamic,direct_line_only_pending_call_flow_mapping,"DisplayPartyMenuMessage(gText_SendMailToPC, TRUE);",active_reference
global:gText_MailSentToPC,gText_MailSentToPC,PARTY_MENU,src/party_menu.c,3424,Task_HandleSendMailToPCYesNoInput,symbol_reference,,left_or_dynamic,direct_line_only_pending_call_flow_mapping,"DisplayPartyMenuMessage(gText_MailSentToPC, FALSE);",active_reference
global:gText_PCMailboxFull,gText_PCMailboxFull,PARTY_MENU,src/party_menu.c,3429,Task_HandleSendMailToPCYesNoInput,symbol_reference,,left_or_dynamic,direct_line_only_pending_call_flow_mapping,"DisplayPartyMenuMessage(gText_PCMailboxFull, FALSE);",active_reference
global:gText_MailMessageWillBeLost,gText_MailMessageWillBeLost,PARTY_MENU,src/party_menu.c,3437,Task_HandleSendMailToPCYesNoInput,symbol_reference,,left_or_dynamic,direct_line_only_pending_call_flow_mapping,"DisplayPartyMenuMessage(gText_MailMessageWillBeLost, TRUE);",active_reference
global:gText_MailTakenFromPkmn,gText_MailTakenFromPkmn,PARTY_MENU,src/party_menu.c,3463,Task_HandleLoseMailMessageYesNoInput,symbol_reference,,left_or_dynamic,direct_line_only_pending_call_flow_mapping,"DisplayPartyMenuMessage(gText_MailTakenFromPkmn, FALSE);",active_reference
global:gText_NoMoreThanVar1Pkmn,gText_NoMoreThanVar1Pkmn,PARTY_MENU,src/party_menu.c,3545,CursorCb_Enter,placeholder_expansion,,left_or_dynamic,direct_line_only_pending_call_flow_mapping,"StringExpandPlaceholders(gStringVar4, gText_NoMoreThanVar1Pkmn);",active_reference
global:gText_PkmnCantBeTradedNow,gText_PkmnCantBeTradedNow,PARTY_MENU,src/party_menu.c,3603,CursorCb_Register,placeholder_expansion,,left_or_dynamic,direct_line_only_pending_call_flow_mapping,"StringExpandPlaceholders(gStringVar4, gText_PkmnCantBeTradedNow);",active_reference
global:gText_EggCantBeTradedNow,gText_EggCantBeTradedNow,PARTY_MENU,src/party_menu.c,3606,CursorCb_Register,placeholder_expansion,,left_or_dynamic,direct_line_only_pending_call_flow_mapping,"StringExpandPlaceholders(gStringVar4, gText_EggCantBeTradedNow);",active_reference
global:gText_PauseUntilPress,gText_PauseUntilPress,PARTY_MENU,src/party_menu.c,3616,CursorCb_Register,symbol_reference,,left_or_dynamic,direct_line_only_pending_call_flow_mapping,"StringAppend(gStringVar4, gText_PauseUntilPress);",active_reference
global:gText_PauseUntilPress,gText_PauseUntilPress,PARTY_MENU,src/party_menu.c,3634,CursorCb_Trade1,symbol_reference,,left_or_dynamic,direct_line_only_pending_call_flow_mapping,"StringAppend(gStringVar4, gText_PauseUntilPress);",active_reference
global:gText_OnlyPkmnForBattle,gText_OnlyPkmnForBattle,PARTY_MENU,src/party_menu.c,3654,CursorCb_Trade2,placeholder_expansion,,left_or_dynamic,direct_line_only_pending_call_flow_mapping,"StringExpandPlaceholders(gStringVar4, gText_OnlyPkmnForBattle);",active_reference
global:gText_PkmnCantBeTradedNow,gText_PkmnCantBeTradedNow,PARTY_MENU,src/party_menu.c,3657,CursorCb_Trade2,placeholder_expansion,,left_or_dynamic,direct_line_only_pending_call_flow_mapping,"StringExpandPlaceholders(gStringVar4, gText_PkmnCantBeTradedNow);",active_reference
global:gText_EggCantBeTradedNow,gText_EggCantBeTradedNow,PARTY_MENU,src/party_menu.c,3660,CursorCb_Trade2,placeholder_expansion,,left_or_dynamic,direct_line_only_pending_call_flow_mapping,"StringExpandPlaceholders(gStringVar4, gText_EggCantBeTradedNow);",active_reference
global:gText_PauseUntilPress,gText_PauseUntilPress,PARTY_MENU,src/party_menu.c,3671,CursorCb_Trade2,symbol_reference,,left_or_dynamic,direct_line_only_pending_call_flow_mapping,"StringAppend(gStringVar4, gText_PauseUntilPress);",active_reference
global:gText_CantUseUntilNewBadge,gText_CantUseUntilNewBadge,PARTY_MENU,src/party_menu.c,3727,CursorCb_FieldMove,symbol_reference,,left_or_dynamic,direct_line_only_pending_call_flow_mapping,"DisplayPartyMenuMessage(gText_CantUseUntilNewBadge, TRUE);",active_reference
global:gText_ReturnToHealingSpot,gText_ReturnToHealingSpot,PARTY_MENU,src/party_menu.c,3741,CursorCb_FieldMove,placeholder_expansion,,left_or_dynamic,direct_line_only_pending_call_flow_mapping,"StringExpandPlaceholders(gStringVar4, gText_ReturnToHealingSpot);",active_reference
global:gText_EscapeFromHere,gText_EscapeFromHere,PARTY_MENU,src/party_menu.c,3748,CursorCb_FieldMove,placeholder_expansion,,left_or_dynamic,direct_line_only_pending_call_flow_mapping,"StringExpandPlaceholders(gStringVar4, gText_EscapeFromHere);",active_reference
global:gText_PkmnCuredOfPoison,gText_PkmnCuredOfPoison,PARTY_MENU,src/party_menu.c,4314,GetMedicineItemEffectMessage,placeholder_expansion,,left_or_dynamic,direct_line_only_pending_call_flow_mapping,"StringExpandPlaceholders(gStringVar4, gText_PkmnCuredOfPoison);",active_reference
global:gText_PkmnWokeUp2,gText_PkmnWokeUp2,PARTY_MENU,src/party_menu.c,4317,GetMedicineItemEffectMessage,placeholder_expansion,,left_or_dynamic,direct_line_only_pending_call_flow_mapping,"StringExpandPlaceholders(gStringVar4, gText_PkmnWokeUp2);",active_reference
global:gText_PkmnBurnHealed,gText_PkmnBurnHealed,PARTY_MENU,src/party_menu.c,4320,GetMedicineItemEffectMessage,placeholder_expansion,,left_or_dynamic,direct_line_only_pending_call_flow_mapping,"StringExpandPlaceholders(gStringVar4, gText_PkmnBurnHealed);",active_reference
global:gText_PkmnThawedOut,gText_PkmnThawedOut,PARTY_MENU,src/party_menu.c,4323,GetMedicineItemEffectMessage,placeholder_expansion,,left_or_dynamic,direct_line_only_pending_call_flow_mapping,"StringExpandPlaceholders(gStringVar4, gText_PkmnThawedOut);",active_reference
global:gText_PkmnCuredOfParalysis,gText_PkmnCuredOfParalysis,PARTY_MENU,src/party_menu.c,4326,GetMedicineItemEffectMessage,placeholder_expansion,,left_or_dynamic,direct_line_only_pending_call_flow_mapping,"StringExpandPlaceholders(gStringVar4, gText_PkmnCuredOfParalysis);",active_reference
global:gText_PkmnSnappedOutOfConfusion,gText_PkmnSnappedOutOfConfusion,PARTY_MENU,src/party_menu.c,4329,GetMedicineItemEffectMessage,placeholder_expansion,,left_or_dynamic,direct_line_only_pending_call_flow_mapping,"StringExpandPlaceholders(gStringVar4, gText_PkmnSnappedOutOfConfusion);",active_reference
global:gText_PkmnGotOverInfatuation,gText_PkmnGotOverInfatuation,PARTY_MENU,src/party_menu.c,4332,GetMedicineItemEffectMessage,placeholder_expansion,,left_or_dynamic,direct_line_only_pending_call_flow_mapping,"StringExpandPlaceholders(gStringVar4, gText_PkmnGotOverInfatuation);",active_reference
global:gText_PkmnBecameHealthy,gText_PkmnBecameHealthy,PARTY_MENU,src/party_menu.c,4335,GetMedicineItemEffectMessage,placeholder_expansion,,left_or_dynamic,direct_line_only_pending_call_flow_mapping,"StringExpandPlaceholders(gStringVar4, gText_PkmnBecameHealthy);",active_reference
global:gText_HP3,gText_HP3,PARTY_MENU,src/party_menu.c,4338,GetMedicineItemEffectMessage,symbol_reference,,left_or_dynamic,direct_line_only_pending_call_flow_mapping,"StringCopy(gStringVar2, gText_HP3);",active_reference
global:gText_PkmnBaseVar2StatIncreased,gText_PkmnBaseVar2StatIncreased,PARTY_MENU,src/party_menu.c,4339,GetMedicineItemEffectMessage,placeholder_expansion,,left_or_dynamic,direct_line_only_pending_call_flow_mapping,"StringExpandPlaceholders(gStringVar4, gText_PkmnBaseVar2StatIncreased);",active_reference
global:gText_Attack3,gText_Attack3,PARTY_MENU,src/party_menu.c,4342,GetMedicineItemEffectMessage,symbol_reference,,left_or_dynamic,direct_line_only_pending_call_flow_mapping,"StringCopy(gStringVar2, gText_Attack3);",active_reference
global:gText_PkmnBaseVar2StatIncreased,gText_PkmnBaseVar2StatIncreased,PARTY_MENU,src/party_menu.c,4343,GetMedicineItemEffectMessage,placeholder_expansion,,left_or_dynamic,direct_line_only_pending_call_flow_mapping,"StringExpandPlaceholders(gStringVar4, gText_PkmnBaseVar2StatIncreased);",active_reference
global:gText_Defense3,gText_Defense3,PARTY_MENU,src/party_menu.c,4346,GetMedicineItemEffectMessage,symbol_reference,,left_or_dynamic,direct_line_only_pending_call_flow_mapping,"StringCopy(gStringVar2, gText_Defense3);",active_reference
global:gText_PkmnBaseVar2StatIncreased,gText_PkmnBaseVar2StatIncreased,PARTY_MENU,src/party_menu.c,4347,GetMedicineItemEffectMessage,placeholder_expansion,,left_or_dynamic,direct_line_only_pending_call_flow_mapping,"StringExpandPlaceholders(gStringVar4, gText_PkmnBaseVar2StatIncreased);",active_reference
global:gText_Speed2,gText_Speed2,PARTY_MENU,src/party_menu.c,4350,GetMedicineItemEffectMessage,symbol_reference,,left_or_dynamic,direct_line_only_pending_call_flow_mapping,"StringCopy(gStringVar2, gText_Speed2);",active_reference
global:gText_PkmnBaseVar2StatIncreased,gText_PkmnBaseVar2StatIncreased,PARTY_MENU,src/party_menu.c,4351,GetMedicineItemEffectMessage,placeholder_expansion,,left_or_dynamic,direct_line_only_pending_call_flow_mapping,"StringExpandPlaceholders(gStringVar4, gText_PkmnBaseVar2StatIncreased);",active_reference
global:gText_SpAtk3,gText_SpAtk3,PARTY_MENU,src/party_menu.c,4354,GetMedicineItemEffectMessage,symbol_reference,,left_or_dynamic,direct_line_only_pending_call_flow_mapping,"StringCopy(gStringVar2, gText_SpAtk3);",active_reference
global:gText_PkmnBaseVar2StatIncreased,gText_PkmnBaseVar2StatIncreased,PARTY_MENU,src/party_menu.c,4355,GetMedicineItemEffectMessage,placeholder_expansion,,left_or_dynamic,direct_line_only_pending_call_flow_mapping,"StringExpandPlaceholders(gStringVar4, gText_PkmnBaseVar2StatIncreased);",active_reference
global:gText_SpDef3,gText_SpDef3,PARTY_MENU,src/party_menu.c,4358,GetMedicineItemEffectMessage,symbol_reference,,left_or_dynamic,direct_line_only_pending_call_flow_mapping,"StringCopy(gStringVar2, gText_SpDef3);",active_reference
global:gText_PkmnBaseVar2StatIncreased,gText_PkmnBaseVar2StatIncreased,PARTY_MENU,src/party_menu.c,4359,GetMedicineItemEffectMessage,placeholder_expansion,,left_or_dynamic,direct_line_only_pending_call_flow_mapping,"StringExpandPlaceholders(gStringVar4, gText_PkmnBaseVar2StatIncreased);",active_reference
global:gText_MovesPPIncreased,gText_MovesPPIncreased,PARTY_MENU,src/party_menu.c,4363,GetMedicineItemEffectMessage,placeholder_expansion,,left_or_dynamic,direct_line_only_pending_call_flow_mapping,"StringExpandPlaceholders(gStringVar4, gText_MovesPPIncreased);",active_reference
global:gText_PPWasRestored,gText_PPWasRestored,PARTY_MENU,src/party_menu.c,4366,GetMedicineItemEffectMessage,placeholder_expansion,,left_or_dynamic,direct_line_only_pending_call_flow_mapping,"StringExpandPlaceholders(gStringVar4, gText_PPWasRestored);",active_reference
global:gText_WontHaveEffect,gText_WontHaveEffect,PARTY_MENU,src/party_menu.c,4369,GetMedicineItemEffectMessage,placeholder_expansion,,left_or_dynamic,direct_line_only_pending_call_flow_mapping,"StringExpandPlaceholders(gStringVar4, gText_WontHaveEffect);",active_reference
global:gText_WontHaveEffect,gText_WontHaveEffect,PARTY_MENU,src/party_menu.c,4423,ItemUseCB_Medicine,symbol_reference,,left_or_dynamic,direct_line_only_pending_call_flow_mapping,"DisplayPartyMenuMessage(gText_WontHaveEffect, TRUE);",active_reference
global:gText_PkmnHPRestoredByVar2,gText_PkmnHPRestoredByVar2,PARTY_MENU,src/party_menu.c,4465,Task_DisplayHPRestoredMessage,placeholder_expansion,,left_or_dynamic,direct_line_only_pending_call_flow_mapping,"StringExpandPlaceholders(gStringVar4, gText_PkmnHPRestoredByVar2);",active_reference
global:gText_WontHaveEffect,gText_WontHaveEffect,PARTY_MENU,src/party_menu.c,4497,ItemUseCB_ReduceEV,symbol_reference,,left_or_dynamic,direct_line_only_pending_call_flow_mapping,"DisplayPartyMenuMessage(gText_WontHaveEffect, TRUE);",active_reference
global:gText_PkmnFriendlyBaseVar2Fell,gText_PkmnFriendlyBaseVar2Fell,PARTY_MENU,src/party_menu.c,4511,ItemUseCB_ReduceEV,placeholder_expansion,,left_or_dynamic,direct_line_only_pending_call_flow_mapping,"StringExpandPlaceholders(gStringVar4, gText_PkmnFriendlyBaseVar2Fell);",active_reference
global:gText_PkmnFriendlyBaseVar2CantFall,gText_PkmnFriendlyBaseVar2CantFall,PARTY_MENU,src/party_menu.c,4513,ItemUseCB_ReduceEV,placeholder_expansion,,left_or_dynamic,direct_line_only_pending_call_flow_mapping,"StringExpandPlaceholders(gStringVar4, gText_PkmnFriendlyBaseVar2CantFall);",active_reference
global:gText_PkmnAdoresBaseVar2Fell,gText_PkmnAdoresBaseVar2Fell,PARTY_MENU,src/party_menu.c,4517,ItemUseCB_ReduceEV,placeholder_expansion,,left_or_dynamic,direct_line_only_pending_call_flow_mapping,"StringExpandPlaceholders(gStringVar4, gText_PkmnAdoresBaseVar2Fell);",active_reference
global:gText_HP3,gText_HP3,PARTY_MENU,src/party_menu.c,4552,ItemEffectToStatString,symbol_reference,,left_or_dynamic,direct_line_only_pending_call_flow_mapping,"StringCopy(dest, gText_HP3);",active_reference
global:gText_Attack3,gText_Attack3,PARTY_MENU,src/party_menu.c,4555,ItemEffectToStatString,symbol_reference,,left_or_dynamic,direct_line_only_pending_call_flow_mapping,"StringCopy(dest, gText_Attack3);",active_reference
global:gText_Defense3,gText_Defense3,PARTY_MENU,src/party_menu.c,4558,ItemEffectToStatString,symbol_reference,,left_or_dynamic,direct_line_only_pending_call_flow_mapping,"StringCopy(dest, gText_Defense3);",active_reference
global:gText_Speed2,gText_Speed2,PARTY_MENU,src/party_menu.c,4561,ItemEffectToStatString,symbol_reference,,left_or_dynamic,direct_line_only_pending_call_flow_mapping,"StringCopy(dest, gText_Speed2);",active_reference
global:gText_SpAtk3,gText_SpAtk3,PARTY_MENU,src/party_menu.c,4564,ItemEffectToStatString,symbol_reference,,left_or_dynamic,direct_line_only_pending_call_flow_mapping,"StringCopy(dest, gText_SpAtk3);",active_reference
global:gText_SpDef3,gText_SpDef3,PARTY_MENU,src/party_menu.c,4567,ItemEffectToStatString,symbol_reference,,left_or_dynamic,direct_line_only_pending_call_flow_mapping,"StringCopy(dest, gText_SpDef3);",active_reference
global:gText_WontHaveEffect,gText_WontHaveEffect,PARTY_MENU,src/party_menu.c,4661,TryUsePPItem,symbol_reference,,left_or_dynamic,direct_line_only_pending_call_flow_mapping,"DisplayPartyMenuMessage(gText_WontHaveEffect, TRUE);",active_reference
global:gText_PkmnCantLearnMove,gText_PkmnCantLearnMove,PARTY_MENU,src/party_menu.c,4751,ItemUseCB_TMHM,symbol_reference,,left_or_dynamic,direct_line_only_pending_call_flow_mapping,"DisplayLearnMoveMessageAndClose(taskId, gText_PkmnCantLearnMove);",active_reference
global:gText_PkmnAlreadyKnows,gText_PkmnAlreadyKnows,PARTY_MENU,src/party_menu.c,4754,ItemUseCB_TMHM,symbol_reference,,left_or_dynamic,direct_line_only_pending_call_flow_mapping,"DisplayLearnMoveMessageAndClose(taskId, gText_PkmnAlreadyKnows);",active_reference
global:gText_PkmnNeedsToReplaceMove,gText_PkmnNeedsToReplaceMove,PARTY_MENU,src/party_menu.c,4764,ItemUseCB_TMHM,symbol_reference,,left_or_dynamic,direct_line_only_pending_call_flow_mapping,DisplayLearnMoveMessage(gText_PkmnNeedsToReplaceMove);,active_reference
global:gText_PkmnLearnedMove3,gText_PkmnLearnedMove3,PARTY_MENU,src/party_menu.c,4783,Task_LearnedMove,placeholder_expansion,,left_or_dynamic,direct_line_only_pending_call_flow_mapping,"StringExpandPlaceholders(gStringVar4, gText_PkmnLearnedMove3);",active_reference
global:gText_WhichMoveToForget,gText_WhichMoveToForget,PARTY_MENU,src/party_menu.c,4829,Task_HandleReplaceMoveYesNoInput,symbol_reference,,left_or_dynamic,direct_line_only_pending_call_flow_mapping,"DisplayPartyMenuMessage(gText_WhichMoveToForget, TRUE);",active_reference
global:gText_12PoofForgotMove,gText_12PoofForgotMove,PARTY_MENU,src/party_menu.c,4878,DisplayPartyMenuForgotMoveMessage,symbol_reference,,left_or_dynamic,direct_line_only_pending_call_flow_mapping,DisplayLearnMoveMessage(gText_12PoofForgotMove);,active_reference
global:gText_StopLearningMove2,gText_StopLearningMove2,PARTY_MENU,src/party_menu.c,4900,StopLearningMovePrompt,placeholder_expansion,,left_or_dynamic,direct_line_only_pending_call_flow_mapping,"StringExpandPlaceholders(gStringVar4, gText_StopLearningMove2);",active_reference
global:gText_MoveNotLearned,gText_MoveNotLearned,PARTY_MENU,src/party_menu.c,4924,Task_HandleStopLearningMoveYesNoInput,placeholder_expansion,,left_or_dynamic,direct_line_only_pending_call_flow_mapping,"StringExpandPlaceholders(gStringVar4, gText_MoveNotLearned);",active_reference
global:gText_PkmnNeedsToReplaceMove,gText_PkmnNeedsToReplaceMove,PARTY_MENU,src/party_menu.c,4943,Task_HandleStopLearningMoveYesNoInput,symbol_reference,,left_or_dynamic,direct_line_only_pending_call_flow_mapping,DisplayLearnMoveMessage(gText_PkmnNeedsToReplaceMove);,active_reference
global:gText_WontHaveEffect,gText_WontHaveEffect,PARTY_MENU,src/party_menu.c,4977,ItemUseCB_RareCandy,symbol_reference,,left_or_dynamic,direct_line_only_pending_call_flow_mapping,"DisplayPartyMenuMessage(gText_WontHaveEffect, TRUE);",active_reference
global:gText_PkmnElevatedToLvVar2,gText_PkmnElevatedToLvVar2,PARTY_MENU,src/party_menu.c,4989,ItemUseCB_RareCandy,placeholder_expansion,,left_or_dynamic,direct_line_only_pending_call_flow_mapping,"StringExpandPlaceholders(gStringVar4, gText_PkmnElevatedToLvVar2);",active_reference
global:gText_PkmnNeedsToReplaceMove,gText_PkmnNeedsToReplaceMove,PARTY_MENU,src/party_menu.c,5117,DisplayMonNeedsToReplaceMove,placeholder_expansion,,left_or_dynamic,direct_line_only_pending_call_flow_mapping,"StringExpandPlaceholders(gStringVar4, gText_PkmnNeedsToReplaceMove);",active_reference
global:gText_PkmnLearnedMove3,gText_PkmnLearnedMove3,PARTY_MENU,src/party_menu.c,5128,DisplayMonLearnedMove,placeholder_expansion,,left_or_dynamic,direct_line_only_pending_call_flow_mapping,"StringExpandPlaceholders(gStringVar4, gText_PkmnLearnedMove3);",active_reference
global:gText_WontHaveEffect,gText_WontHaveEffect,PARTY_MENU,src/party_menu.c,5201,Task_SacredAshLoop,symbol_reference,,left_or_dynamic,direct_line_only_pending_call_flow_mapping,"DisplayPartyMenuMessage(gText_WontHaveEffect, TRUE);",active_reference
global:gText_PkmnHPRestoredByVar2,gText_PkmnHPRestoredByVar2,PARTY_MENU,src/party_menu.c,5222,Task_SacredAshDisplayHPRestored,placeholder_expansion,,left_or_dynamic,direct_line_only_pending_call_flow_mapping,"StringExpandPlaceholders(gStringVar4, gText_PkmnHPRestoredByVar2);",active_reference
global:gText_WontHaveEffect,gText_WontHaveEffect,PARTY_MENU,src/party_menu.c,5239,ItemUseCB_EvolutionStone,symbol_reference,,left_or_dynamic,direct_line_only_pending_call_flow_mapping,"DisplayPartyMenuMessage(gText_WontHaveEffect, TRUE);",active_reference
global:gText_PkmnCantLearnMove,gText_PkmnCantLearnMove,PARTY_MENU,src/party_menu.c,5334,TryTutorSelectedMon,symbol_reference,,left_or_dynamic,direct_line_only_pending_call_flow_mapping,"DisplayLearnMoveMessageAndClose(taskId, gText_PkmnCantLearnMove);",active_reference
global:gText_PkmnAlreadyKnows,gText_PkmnAlreadyKnows,PARTY_MENU,src/party_menu.c,5337,TryTutorSelectedMon,symbol_reference,,left_or_dynamic,direct_line_only_pending_call_flow_mapping,"DisplayLearnMoveMessageAndClose(taskId, gText_PkmnAlreadyKnows);",active_reference
global:gText_PkmnNeedsToReplaceMove,gText_PkmnNeedsToReplaceMove,PARTY_MENU,src/party_menu.c,5347,TryTutorSelectedMon,symbol_reference,,left_or_dynamic,direct_line_only_pending_call_flow_mapping,DisplayLearnMoveMessage(gText_PkmnNeedsToReplaceMove);,active_reference
global:gText_RemoveMailBeforeItem,gText_RemoveMailBeforeItem,PARTY_MENU,src/party_menu.c,5517,DisplayItemMustBeRemovedFirstMessage,symbol_reference,,left_or_dynamic,direct_line_only_pending_call_flow_mapping,"DisplayPartyMenuMessage(gText_RemoveMailBeforeItem, TRUE);",active_reference
global:gText_PkmnHoldingItemCantHoldMail,gText_PkmnHoldingItemCantHoldMail,PARTY_MENU,src/party_menu.c,5554,TryGiveMailToSelectedMon,symbol_reference,,left_or_dynamic,direct_line_only_pending_call_flow_mapping,"DisplayPartyMenuMessage(gText_PkmnHoldingItemCantHoldMail, TRUE);",active_reference
global:gText_MailTransferredFromMailbox,gText_MailTransferredFromMailbox,PARTY_MENU,src/party_menu.c,5560,TryGiveMailToSelectedMon,symbol_reference,,left_or_dynamic,direct_line_only_pending_call_flow_mapping,"DisplayPartyMenuMessage(gText_MailTransferredFromMailbox, TRUE);",active_reference
global:gText_CancelBattle,gText_CancelBattle,PARTY_MENU,src/party_menu.c,5743,GLOBAL,symbol_reference,,left_or_dynamic,direct_line_only_pending_call_flow_mapping,return gText_CancelBattle;,active_reference
global:gText_ReturnToWaitingRoom,gText_ReturnToWaitingRoom,PARTY_MENU,src/party_menu.c,5745,GLOBAL,symbol_reference,,left_or_dynamic,direct_line_only_pending_call_flow_mapping,return gText_ReturnToWaitingRoom;,active_reference
global:gText_CancelChallenge,gText_CancelChallenge,PARTY_MENU,src/party_menu.c,5747,GLOBAL,symbol_reference,,left_or_dynamic,direct_line_only_pending_call_flow_mapping,return gText_CancelChallenge;,active_reference
global:gText_CantSwitchWithAlly,gText_CantSwitchWithAlly,PARTY_MENU,src/party_menu.c,5810,TrySwitchInPokemon,placeholder_expansion,,left_or_dynamic,direct_line_only_pending_call_flow_mapping,"StringExpandPlaceholders(gStringVar4, gText_CantSwitchWithAlly);",active_reference
global:gText_PkmnHasNoEnergy,gText_PkmnHasNoEnergy,PARTY_MENU,src/party_menu.c,5816,TrySwitchInPokemon,placeholder_expansion,,left_or_dynamic,direct_line_only_pending_call_flow_mapping,"StringExpandPlaceholders(gStringVar4, gText_PkmnHasNoEnergy);",active_reference
global:gText_PkmnAlreadyInBattle,gText_PkmnAlreadyInBattle,PARTY_MENU,src/party_menu.c,5824,TrySwitchInPokemon,placeholder_expansion,,left_or_dynamic,direct_line_only_pending_call_flow_mapping,"StringExpandPlaceholders(gStringVar4, gText_PkmnAlreadyInBattle);",active_reference
global:gText_EggCantBattle,gText_EggCantBattle,PARTY_MENU,src/party_menu.c,5830,TrySwitchInPokemon,placeholder_expansion,,left_or_dynamic,direct_line_only_pending_call_flow_mapping,"StringExpandPlaceholders(gStringVar4, gText_EggCantBattle);",active_reference
global:gText_PkmnAlreadySelected,gText_PkmnAlreadySelected,PARTY_MENU,src/party_menu.c,5836,TrySwitchInPokemon,placeholder_expansion,,left_or_dynamic,direct_line_only_pending_call_flow_mapping,"StringExpandPlaceholders(gStringVar4, gText_PkmnAlreadySelected);",active_reference
global:gText_PkmnCantSwitchOut,gText_PkmnCantSwitchOut,PARTY_MENU,src/party_menu.c,5848,TrySwitchInPokemon,placeholder_expansion,,left_or_dynamic,direct_line_only_pending_call_flow_mapping,"StringExpandPlaceholders(gStringVar4, gText_PkmnCantSwitchOut);",active_reference
global:gText_TakeOutItemsFromPC,gText_TakeOutItemsFromPC,PC_STORAGE,src/player_pc.c,186,GLOBAL,symbol_reference,,left_or_dynamic,direct_line_only_pending_call_flow_mapping,"[MENU_WITHDRAW] = gText_TakeOutItemsFromPC,",active_reference
global:gText_StoreItemsInPC,gText_StoreItemsInPC,PC_STORAGE,src/player_pc.c,187,GLOBAL,symbol_reference,,left_or_dynamic,direct_line_only_pending_call_flow_mapping,"[MENU_DEPOSIT]  = gText_StoreItemsInPC,",active_reference
global:gText_ThrowAwayItemsInPC,gText_ThrowAwayItemsInPC,PC_STORAGE,src/player_pc.c,188,GLOBAL,symbol_reference,,left_or_dynamic,direct_line_only_pending_call_flow_mapping,"[MENU_TOSS]     = gText_ThrowAwayItemsInPC,",active_reference
global:gText_GoBackPrevMenu,gText_GoBackPrevMenu,PC_STORAGE,src/player_pc.c,189,GLOBAL,symbol_reference,,left_or_dynamic,direct_line_only_pending_call_flow_mapping,"[MENU_EXIT]     = gText_GoBackPrevMenu,",active_reference
global:gText_ItemStorage,gText_ItemStorage,PC_STORAGE,src/player_pc.c,194,GLOBAL,menu_action_or_table,,left_or_dynamic,direct_line_only_pending_call_flow_mapping,"[MENU_ITEMSTORAGE] = { gText_ItemStorage, {PlayerPC_ItemStorage} },",active_reference
global:gText_Mailbox,gText_Mailbox,PC_STORAGE,src/player_pc.c,195,GLOBAL,menu_action_or_table,,left_or_dynamic,direct_line_only_pending_call_flow_mapping,"[MENU_MAILBOX]     = { gText_Mailbox,     {PlayerPC_Mailbox} },",active_reference
global:gText_Decoration,gText_Decoration,PC_STORAGE,src/player_pc.c,196,GLOBAL,menu_action_or_table,,left_or_dynamic,direct_line_only_pending_call_flow_mapping,"[MENU_DECORATION]  = { gText_Decoration,  {PlayerPC_Decoration} },",active_reference
global:gText_TurnOff,gText_TurnOff,PC_STORAGE,src/player_pc.c,197,GLOBAL,menu_action_or_table,,left_or_dynamic,direct_line_only_pending_call_flow_mapping,"[MENU_TURNOFF]     = { gText_TurnOff,     {PlayerPC_TurnOff} }",active_reference
global:gText_WithdrawItem,gText_WithdrawItem,PC_STORAGE,src/player_pc.c,219,GLOBAL,menu_action_or_table,,left_or_dynamic,direct_line_only_pending_call_flow_mapping,"[MENU_WITHDRAW] = { gText_WithdrawItem, {ItemStorage_Withdraw} },",active_reference
global:gText_DepositItem,gText_DepositItem,PC_STORAGE,src/player_pc.c,220,GLOBAL,menu_action_or_table,,left_or_dynamic,direct_line_only_pending_call_flow_mapping,"[MENU_DEPOSIT]  = { gText_DepositItem,  {ItemStorage_Deposit} },",active_reference
global:gText_TossItem,gText_TossItem,PC_STORAGE,src/player_pc.c,221,GLOBAL,menu_action_or_table,,left_or_dynamic,direct_line_only_pending_call_flow_mapping,"[MENU_TOSS]     = { gText_TossItem,     {ItemStorage_Toss} },",active_reference
global:gText_Cancel,gText_Cancel,PC_STORAGE,src/player_pc.c,222,GLOBAL,menu_action_or_table,,left_or_dynamic,direct_line_only_pending_call_flow_mapping,"[MENU_EXIT]     = { gText_Cancel,       {ItemStorage_Exit} }",active_reference
global:gText_Read,gText_Read,PC_STORAGE,src/player_pc.c,233,GLOBAL,menu_action_or_table,,left_or_dynamic,direct_line_only_pending_call_flow_mapping,"{ gText_Read,      {Mailbox_DoMailRead} },",active_reference
global:gText_MoveToBag,gText_MoveToBag,PC_STORAGE,src/player_pc.c,234,GLOBAL,menu_action_or_table,,left_or_dynamic,direct_line_only_pending_call_flow_mapping,"{ gText_MoveToBag, {Mailbox_MoveToBag} },",active_reference
global:gText_Give2,gText_Give2,PC_STORAGE,src/player_pc.c,235,GLOBAL,menu_action_or_table,,left_or_dynamic,direct_line_only_pending_call_flow_mapping,"{ gText_Give2,     {Mailbox_Give} },",active_reference
global:gText_Cancel2,gText_Cancel2,PC_STORAGE,src/player_pc.c,236,GLOBAL,menu_action_or_table,,left_or_dynamic,direct_line_only_pending_call_flow_mapping,"{ gText_Cancel2,   {Mailbox_Cancel} }",active_reference
global:gText_WhatWouldYouLike,gText_WhatWouldYouLike,PC_STORAGE,src/player_pc.c,377,BedroomPC,symbol_reference,,left_or_dynamic,direct_line_only_pending_call_flow_mapping,"DisplayItemMessageOnField(CreateTask(TaskDummy, 0), gText_WhatWouldYouLike, InitPlayerPCMenu);",active_reference
global:gText_WhatWouldYouLike,gText_WhatWouldYouLike,PC_STORAGE,src/player_pc.c,384,PlayerPC,symbol_reference,,left_or_dynamic,direct_line_only_pending_call_flow_mapping,"DisplayItemMessageOnField(CreateTask(TaskDummy, 0), gText_WhatWouldYouLike, InitPlayerPCMenu);",active_reference
global:gText_WhatWouldYouLike,gText_WhatWouldYouLike,PC_STORAGE,src/player_pc.c,448,ReshowPlayerPC,symbol_reference,,left_or_dynamic,direct_line_only_pending_call_flow_mapping,"DisplayItemMessageOnField(var, gText_WhatWouldYouLike, InitPlayerPCMenu);",active_reference
global:gText_NoMailHere,gText_NoMailHere,PC_STORAGE,src/player_pc.c,464,PlayerPC_Mailbox,symbol_reference,,left_or_dynamic,direct_line_only_pending_call_flow_mapping,"DisplayItemMessageOnField(taskId, gText_NoMailHere, ReshowPlayerPC);",active_reference
global:gText_NoMailHere,gText_NoMailHere,PC_STORAGE,src/player_pc.c,482,PlayerPC_Mailbox,symbol_reference,,left_or_dynamic,direct_line_only_pending_call_flow_mapping,"DisplayItemMessageOnField(taskId, gText_NoMailHere, ReshowPlayerPC);",active_reference
global:gText_NoItems,gText_NoItems,PC_STORAGE,src/player_pc.c,604,ItemStorage_Withdraw,symbol_reference,,left_or_dynamic,direct_line_only_pending_call_flow_mapping,"DisplayItemMessageOnField(taskId, gText_NoItems, PlayerPC_ItemStorage);",active_reference
global:gText_NoItems,gText_NoItems,PC_STORAGE,src/player_pc.c,622,ItemStorage_Toss,symbol_reference,,left_or_dynamic,direct_line_only_pending_call_flow_mapping,"DisplayItemMessageOnField(taskId, gText_NoItems, PlayerPC_ItemStorage);",active_reference
global:gText_Mailbox,gText_Mailbox,PC_STORAGE,src/player_pc.c,699,Mailbox_DrawMailboxMenu,direct_text_printer,FONT_NORMAL,center,direct_line_only_pending_call_flow_mapping,"AddTextPrinterParameterized(windowId, FONT_NORMAL, gText_Mailbox, GetStringCenterAlignXOffset(FONT_NORMAL, gText_Mailbox, 0x40), 1, 0, NULL);",active_reference
global:gText_Mailbox,gText_Mailbox,PC_STORAGE,src/player_pc.c,699,Mailbox_DrawMailboxMenu,direct_text_printer,FONT_NORMAL,center,direct_line_only_pending_call_flow_mapping,"AddTextPrinterParameterized(windowId, FONT_NORMAL, gText_Mailbox, GetStringCenterAlignXOffset(FONT_NORMAL, gText_Mailbox, 0x40), 1, 0, NULL);",active_reference
global:gText_WhatToDoWithVar1sMail,gText_WhatToDoWithVar1sMail,PC_STORAGE,src/player_pc.c,741,Mailbox_PrintWhatToDoWithPlayerMailText,placeholder_expansion,,left_or_dynamic,direct_line_only_pending_call_flow_mapping,"StringExpandPlaceholders(gStringVar4, gText_WhatToDoWithVar1sMail);",active_reference
global:gText_MessageWillBeLost,gText_MessageWillBeLost,PC_STORAGE,src/player_pc.c,829,Mailbox_MoveToBag,symbol_reference,,left_or_dynamic,direct_line_only_pending_call_flow_mapping,"DisplayItemMessageOnField(taskId, gText_MessageWillBeLost, Mailbox_AskConfirmMoveToBag);",active_reference
global:gText_BagIsFull,gText_BagIsFull,PC_STORAGE,src/player_pc.c,861,Mailbox_DoMailMoveToBag,symbol_reference,,left_or_dynamic,direct_line_only_pending_call_flow_mapping,"DisplayItemMessageOnField(taskId, gText_BagIsFull, Mailbox_Cancel);",active_reference
global:gText_MailToBagMessageErased,gText_MailToBagMessageErased,PC_STORAGE,src/player_pc.c,865,Mailbox_DoMailMoveToBag,symbol_reference,,left_or_dynamic,direct_line_only_pending_call_flow_mapping,"DisplayItemMessageOnField(taskId, gText_MailToBagMessageErased, Mailbox_Cancel);",active_reference
global:gText_NoPokemon,gText_NoPokemon,PC_STORAGE,src/player_pc.c,932,Mailbox_NoPokemonForMail,symbol_reference,,left_or_dynamic,direct_line_only_pending_call_flow_mapping,"DisplayItemMessageOnField(taskId, gText_NoPokemon, Mailbox_Cancel);",active_reference
global:gText_Cancel2,gText_Cancel2,PC_STORAGE,src/player_pc.c,998,ItemStorage_RefreshListMenu,symbol_reference,,left_or_dynamic,direct_line_only_pending_call_flow_mapping,"StringCopy(&sItemStorageMenu->itemNames[i][0], gText_Cancel2);",active_reference
global:gText_xVar1,gText_xVar1,PC_STORAGE,src/player_pc.c,1042,ItemStorage_PrintMenuItem,placeholder_expansion,,left_or_dynamic,direct_line_only_pending_call_flow_mapping,"StringExpandPlaceholders(gStringVar4, gText_xVar1);",active_reference
global:gText_SelectorArrow2,gText_SelectorArrow2,PC_STORAGE,src/player_pc.c,1092,ItemStorage_DrawSwapArrow,direct_text_printer,FONT_NORMAL,left_or_dynamic,direct_line_only_pending_call_flow_mapping,"AddTextPrinterParameterized4(windowId, FONT_NORMAL, 0, y, 0, 0, sSwapArrowTextColors, speed, gText_SelectorArrow2);",active_reference
global:gText_TossItem,gText_TossItem,PC_STORAGE,src/player_pc.c,1149,ItemStorage_CreateListMenu,symbol_reference,,left_or_dynamic,direct_line_only_pending_call_flow_mapping,text = gText_TossItem;,active_reference
global:gText_WithdrawItem,gText_WithdrawItem,PC_STORAGE,src/player_pc.c,1151,ItemStorage_CreateListMenu,symbol_reference,,left_or_dynamic,direct_line_only_pending_call_flow_mapping,text = gText_WithdrawItem;,active_reference
global:gText_GoBackPrevMenu,gText_GoBackPrevMenu,PC_STORAGE,src/player_pc.c,1171,GLOBAL,symbol_reference,,left_or_dynamic,direct_line_only_pending_call_flow_mapping,string = gText_GoBackPrevMenu;,active_reference
global:gText_WithdrawHowManyItems,gText_WithdrawHowManyItems,PC_STORAGE,src/player_pc.c,1174,GLOBAL,symbol_reference,,left_or_dynamic,direct_line_only_pending_call_flow_mapping,string = gText_WithdrawHowManyItems;,active_reference
global:gText_WithdrawXItems,gText_WithdrawXItems,PC_STORAGE,src/player_pc.c,1177,GLOBAL,symbol_reference,,left_or_dynamic,direct_line_only_pending_call_flow_mapping,string = gText_WithdrawXItems;,active_reference
global:gText_TossHowManyVar1s,gText_TossHowManyVar1s,PC_STORAGE,src/player_pc.c,1180,GLOBAL,symbol_reference,,left_or_dynamic,direct_line_only_pending_call_flow_mapping,string = gText_TossHowManyVar1s;,active_reference
global:gText_ThrewAwayVar2Var1s,gText_ThrewAwayVar2Var1s,PC_STORAGE,src/player_pc.c,1183,GLOBAL,symbol_reference,,left_or_dynamic,direct_line_only_pending_call_flow_mapping,string = gText_ThrewAwayVar2Var1s;,active_reference
global:gText_NoRoomInBag,gText_NoRoomInBag,PC_STORAGE,src/player_pc.c,1186,GLOBAL,symbol_reference,,left_or_dynamic,direct_line_only_pending_call_flow_mapping,string = gText_NoRoomInBag;,active_reference
global:gText_TooImportantToToss,gText_TooImportantToToss,PC_STORAGE,src/player_pc.c,1189,GLOBAL,symbol_reference,,left_or_dynamic,direct_line_only_pending_call_flow_mapping,string = gText_TooImportantToToss;,active_reference
global:gText_ConfirmTossItems,gText_ConfirmTossItems,PC_STORAGE,src/player_pc.c,1192,GLOBAL,symbol_reference,,left_or_dynamic,direct_line_only_pending_call_flow_mapping,string = gText_ConfirmTossItems;,active_reference
global:gText_MoveVar1Where,gText_MoveVar1Where,PC_STORAGE,src/player_pc.c,1195,GLOBAL,symbol_reference,,left_or_dynamic,direct_line_only_pending_call_flow_mapping,string = gText_MoveVar1Where;,active_reference
global:gText_xVar1,gText_xVar1,PC_STORAGE,src/player_pc.c,1347,ItemStorage_PrintItemQuantity,placeholder_expansion,,left_or_dynamic,direct_line_only_pending_call_flow_mapping,"StringExpandPlaceholders(gStringVar4, gText_xVar1);",active_reference
global:gText_WithdrawMonDescription,gText_WithdrawMonDescription,PC_STORAGE,src/pokemon_storage_system.c,884,GLOBAL,menu_action_or_table,,left_or_dynamic,direct_line_only_pending_call_flow_mapping,"[OPTION_WITHDRAW]   = {gText_WithdrawPokemon, gText_WithdrawMonDescription},",active_reference
global:gText_WithdrawPokemon,gText_WithdrawPokemon,PC_STORAGE,src/pokemon_storage_system.c,884,GLOBAL,menu_action_or_table,,left_or_dynamic,direct_line_only_pending_call_flow_mapping,"[OPTION_WITHDRAW]   = {gText_WithdrawPokemon, gText_WithdrawMonDescription},",active_reference
global:gText_DepositMonDescription,gText_DepositMonDescription,PC_STORAGE,src/pokemon_storage_system.c,885,GLOBAL,menu_action_or_table,,left_or_dynamic,direct_line_only_pending_call_flow_mapping,"[OPTION_DEPOSIT]    = {gText_DepositPokemon,  gText_DepositMonDescription},",active_reference
global:gText_DepositPokemon,gText_DepositPokemon,PC_STORAGE,src/pokemon_storage_system.c,885,GLOBAL,menu_action_or_table,,left_or_dynamic,direct_line_only_pending_call_flow_mapping,"[OPTION_DEPOSIT]    = {gText_DepositPokemon,  gText_DepositMonDescription},",active_reference
global:gText_MoveMonDescription,gText_MoveMonDescription,PC_STORAGE,src/pokemon_storage_system.c,886,GLOBAL,menu_action_or_table,,left_or_dynamic,direct_line_only_pending_call_flow_mapping,"[OPTION_MOVE_MONS]  = {gText_MovePokemon,     gText_MoveMonDescription},",active_reference
global:gText_MovePokemon,gText_MovePokemon,PC_STORAGE,src/pokemon_storage_system.c,886,GLOBAL,menu_action_or_table,,left_or_dynamic,direct_line_only_pending_call_flow_mapping,"[OPTION_MOVE_MONS]  = {gText_MovePokemon,     gText_MoveMonDescription},",active_reference
global:gText_MoveItems,gText_MoveItems,PC_STORAGE,src/pokemon_storage_system.c,887,GLOBAL,menu_action_or_table,,left_or_dynamic,direct_line_only_pending_call_flow_mapping,"[OPTION_MOVE_ITEMS] = {gText_MoveItems,       gText_MoveItemsDescription},",active_reference
global:gText_MoveItemsDescription,gText_MoveItemsDescription,PC_STORAGE,src/pokemon_storage_system.c,887,GLOBAL,menu_action_or_table,,left_or_dynamic,direct_line_only_pending_call_flow_mapping,"[OPTION_MOVE_ITEMS] = {gText_MoveItems,       gText_MoveItemsDescription},",active_reference
global:gText_SeeYa,gText_SeeYa,PC_STORAGE,src/pokemon_storage_system.c,888,GLOBAL,menu_action_or_table,,left_or_dynamic,direct_line_only_pending_call_flow_mapping,"[OPTION_EXIT]       = {gText_SeeYa,           gText_SeeYaDescription}",active_reference
global:gText_SeeYaDescription,gText_SeeYaDescription,PC_STORAGE,src/pokemon_storage_system.c,888,GLOBAL,menu_action_or_table,,left_or_dynamic,direct_line_only_pending_call_flow_mapping,"[OPTION_EXIT]       = {gText_SeeYa,           gText_SeeYaDescription}",active_reference
global:gText_ExitFromBox,gText_ExitFromBox,PC_STORAGE,src/pokemon_storage_system.c,1067,GLOBAL,menu_action_or_table,,left_or_dynamic,direct_line_only_pending_call_flow_mapping,"[MSG_EXIT_BOX]             = {gText_ExitFromBox,             MSG_VAR_NONE},",active_reference
global:gText_WhatDoYouWantToDo,gText_WhatDoYouWantToDo,PC_STORAGE,src/pokemon_storage_system.c,1068,GLOBAL,menu_action_or_table,,left_or_dynamic,direct_line_only_pending_call_flow_mapping,"[MSG_WHAT_YOU_DO]          = {gText_WhatDoYouWantToDo,       MSG_VAR_NONE},",active_reference
global:gText_PleasePickATheme,gText_PleasePickATheme,PC_STORAGE,src/pokemon_storage_system.c,1069,GLOBAL,menu_action_or_table,,left_or_dynamic,direct_line_only_pending_call_flow_mapping,"[MSG_PICK_A_THEME]         = {gText_PleasePickATheme,        MSG_VAR_NONE},",active_reference
global:gText_PickTheWallpaper,gText_PickTheWallpaper,PC_STORAGE,src/pokemon_storage_system.c,1070,GLOBAL,menu_action_or_table,,left_or_dynamic,direct_line_only_pending_call_flow_mapping,"[MSG_PICK_A_WALLPAPER]     = {gText_PickTheWallpaper,        MSG_VAR_NONE},",active_reference
global:gText_PkmnIsSelected,gText_PkmnIsSelected,PC_STORAGE,src/pokemon_storage_system.c,1071,GLOBAL,menu_action_or_table,,left_or_dynamic,direct_line_only_pending_call_flow_mapping,"[MSG_IS_SELECTED]          = {gText_PkmnIsSelected,          MSG_VAR_MON_NAME_1},",active_reference
global:gText_JumpToWhichBox,gText_JumpToWhichBox,PC_STORAGE,src/pokemon_storage_system.c,1072,GLOBAL,menu_action_or_table,,left_or_dynamic,direct_line_only_pending_call_flow_mapping,"[MSG_JUMP_TO_WHICH_BOX]    = {gText_JumpToWhichBox,          MSG_VAR_NONE},",active_reference
global:gText_DepositInWhichBox,gText_DepositInWhichBox,PC_STORAGE,src/pokemon_storage_system.c,1073,GLOBAL,menu_action_or_table,,left_or_dynamic,direct_line_only_pending_call_flow_mapping,"[MSG_DEPOSIT_IN_WHICH_BOX] = {gText_DepositInWhichBox,       MSG_VAR_NONE},",active_reference
global:gText_PkmnWasDeposited,gText_PkmnWasDeposited,PC_STORAGE,src/pokemon_storage_system.c,1074,GLOBAL,menu_action_or_table,,left_or_dynamic,direct_line_only_pending_call_flow_mapping,"[MSG_WAS_DEPOSITED]        = {gText_PkmnWasDeposited,        MSG_VAR_MON_NAME_1},",active_reference
global:gText_BoxIsFull2,gText_BoxIsFull2,PC_STORAGE,src/pokemon_storage_system.c,1075,GLOBAL,menu_action_or_table,,left_or_dynamic,direct_line_only_pending_call_flow_mapping,"[MSG_BOX_IS_FULL]          = {gText_BoxIsFull2,              MSG_VAR_NONE},",active_reference
global:gText_ReleaseThisPokemon,gText_ReleaseThisPokemon,PC_STORAGE,src/pokemon_storage_system.c,1076,GLOBAL,menu_action_or_table,,left_or_dynamic,direct_line_only_pending_call_flow_mapping,"[MSG_RELEASE_POKE]         = {gText_ReleaseThisPokemon,      MSG_VAR_NONE},",active_reference
global:gText_PkmnWasReleased,gText_PkmnWasReleased,PC_STORAGE,src/pokemon_storage_system.c,1077,GLOBAL,menu_action_or_table,,left_or_dynamic,direct_line_only_pending_call_flow_mapping,"[MSG_WAS_RELEASED]         = {gText_PkmnWasReleased,         MSG_VAR_RELEASE_MON_1},",active_reference
global:gText_ByeByePkmn,gText_ByeByePkmn,PC_STORAGE,src/pokemon_storage_system.c,1078,GLOBAL,menu_action_or_table,,left_or_dynamic,direct_line_only_pending_call_flow_mapping,"[MSG_BYE_BYE]              = {gText_ByeByePkmn,              MSG_VAR_RELEASE_MON_3},",active_reference
global:gText_MarkYourPkmn,gText_MarkYourPkmn,PC_STORAGE,src/pokemon_storage_system.c,1079,GLOBAL,menu_action_or_table,,left_or_dynamic,direct_line_only_pending_call_flow_mapping,"[MSG_MARK_POKE]            = {gText_MarkYourPkmn,            MSG_VAR_NONE},",active_reference
global:gText_ThatsYourLastPkmn,gText_ThatsYourLastPkmn,PC_STORAGE,src/pokemon_storage_system.c,1080,GLOBAL,menu_action_or_table,,left_or_dynamic,direct_line_only_pending_call_flow_mapping,"[MSG_LAST_POKE]            = {gText_ThatsYourLastPkmn,       MSG_VAR_NONE},",active_reference
global:gText_YourPartysFull,gText_YourPartysFull,PC_STORAGE,src/pokemon_storage_system.c,1081,GLOBAL,menu_action_or_table,,left_or_dynamic,direct_line_only_pending_call_flow_mapping,"[MSG_PARTY_FULL]           = {gText_YourPartysFull,          MSG_VAR_NONE},",active_reference
global:gText_YoureHoldingAPkmn,gText_YoureHoldingAPkmn,PC_STORAGE,src/pokemon_storage_system.c,1082,GLOBAL,menu_action_or_table,,left_or_dynamic,direct_line_only_pending_call_flow_mapping,"[MSG_HOLDING_POKE]         = {gText_YoureHoldingAPkmn,       MSG_VAR_NONE},",active_reference
global:gText_WhichOneWillYouTake,gText_WhichOneWillYouTake,PC_STORAGE,src/pokemon_storage_system.c,1083,GLOBAL,menu_action_or_table,,left_or_dynamic,direct_line_only_pending_call_flow_mapping,"[MSG_WHICH_ONE_WILL_TAKE]  = {gText_WhichOneWillYouTake,     MSG_VAR_NONE},",active_reference
global:gText_YouCantReleaseAnEgg,gText_YouCantReleaseAnEgg,PC_STORAGE,src/pokemon_storage_system.c,1084,GLOBAL,menu_action_or_table,,left_or_dynamic,direct_line_only_pending_call_flow_mapping,"[MSG_CANT_RELEASE_EGG]     = {gText_YouCantReleaseAnEgg,     MSG_VAR_NONE},",active_reference
global:gText_ContinueBoxOperations,gText_ContinueBoxOperations,PC_STORAGE,src/pokemon_storage_system.c,1085,GLOBAL,menu_action_or_table,,left_or_dynamic,direct_line_only_pending_call_flow_mapping,"[MSG_CONTINUE_BOX]         = {gText_ContinueBoxOperations,   MSG_VAR_NONE},",active_reference
global:gText_PkmnCameBack,gText_PkmnCameBack,PC_STORAGE,src/pokemon_storage_system.c,1086,GLOBAL,menu_action_or_table,,left_or_dynamic,direct_line_only_pending_call_flow_mapping,"[MSG_CAME_BACK]            = {gText_PkmnCameBack,            MSG_VAR_MON_NAME_1},",active_reference
global:gText_WasItWorriedAboutYou,gText_WasItWorriedAboutYou,PC_STORAGE,src/pokemon_storage_system.c,1087,GLOBAL,menu_action_or_table,,left_or_dynamic,direct_line_only_pending_call_flow_mapping,"[MSG_WORRIED]              = {gText_WasItWorriedAboutYou,    MSG_VAR_NONE},",active_reference
global:gText_FourEllipsesExclamation,gText_FourEllipsesExclamation,PC_STORAGE,src/pokemon_storage_system.c,1088,GLOBAL,menu_action_or_table,,left_or_dynamic,direct_line_only_pending_call_flow_mapping,"[MSG_SURPRISE]             = {gText_FourEllipsesExclamation, MSG_VAR_NONE},",active_reference
global:gText_PleaseRemoveTheMail,gText_PleaseRemoveTheMail,PC_STORAGE,src/pokemon_storage_system.c,1089,GLOBAL,menu_action_or_table,,left_or_dynamic,direct_line_only_pending_call_flow_mapping,"[MSG_PLEASE_REMOVE_MAIL]   = {gText_PleaseRemoveTheMail,     MSG_VAR_NONE},",active_reference
global:gText_PkmnIsSelected,gText_PkmnIsSelected,PC_STORAGE,src/pokemon_storage_system.c,1090,GLOBAL,menu_action_or_table,,left_or_dynamic,direct_line_only_pending_call_flow_mapping,"[MSG_IS_SELECTED2]         = {gText_PkmnIsSelected,          MSG_VAR_ITEM_NAME},",active_reference
global:gText_GiveToAPkmn,gText_GiveToAPkmn,PC_STORAGE,src/pokemon_storage_system.c,1091,GLOBAL,menu_action_or_table,,left_or_dynamic,direct_line_only_pending_call_flow_mapping,"[MSG_GIVE_TO_MON]          = {gText_GiveToAPkmn,             MSG_VAR_NONE},",active_reference
global:gText_PlacedItemInBag,gText_PlacedItemInBag,PC_STORAGE,src/pokemon_storage_system.c,1092,GLOBAL,menu_action_or_table,,left_or_dynamic,direct_line_only_pending_call_flow_mapping,"[MSG_PLACED_IN_BAG]        = {gText_PlacedItemInBag,         MSG_VAR_ITEM_NAME},",active_reference
global:gText_BagIsFull2,gText_BagIsFull2,PC_STORAGE,src/pokemon_storage_system.c,1093,GLOBAL,menu_action_or_table,,left_or_dynamic,direct_line_only_pending_call_flow_mapping,"[MSG_BAG_FULL]             = {gText_BagIsFull2,              MSG_VAR_NONE},",active_reference
global:gText_PutItemInBag,gText_PutItemInBag,PC_STORAGE,src/pokemon_storage_system.c,1094,GLOBAL,menu_action_or_table,,left_or_dynamic,direct_line_only_pending_call_flow_mapping,"[MSG_PUT_IN_BAG]           = {gText_PutItemInBag,            MSG_VAR_NONE},",active_reference
global:gText_ItemIsNowHeld,gText_ItemIsNowHeld,PC_STORAGE,src/pokemon_storage_system.c,1095,GLOBAL,menu_action_or_table,,left_or_dynamic,direct_line_only_pending_call_flow_mapping,"[MSG_ITEM_IS_HELD]         = {gText_ItemIsNowHeld,           MSG_VAR_ITEM_NAME},",active_reference
global:gText_ChangedToNewItem,gText_ChangedToNewItem,PC_STORAGE,src/pokemon_storage_system.c,1096,GLOBAL,menu_action_or_table,,left_or_dynamic,direct_line_only_pending_call_flow_mapping,"[MSG_CHANGED_TO_ITEM]      = {gText_ChangedToNewItem,        MSG_VAR_ITEM_NAME},",active_reference
global:gText_MailCantBeStored,gText_MailCantBeStored,PC_STORAGE,src/pokemon_storage_system.c,1097,GLOBAL,menu_action_or_table,,left_or_dynamic,direct_line_only_pending_call_flow_mapping,"[MSG_CANT_STORE_MAIL]      = {gText_MailCantBeStored,        MSG_VAR_NONE},",active_reference
global:gText_PartyFull,gText_PartyFull,PC_STORAGE,src/pokemon_storage_system.c,1589,Task_PCMainMenu,direct_text_printer,FONT_NORMAL,left_or_dynamic,direct_line_only_pending_call_flow_mapping,"AddTextPrinterParameterized2(0, FONT_NORMAL, gText_PartyFull, 0, NULL, TEXT_COLOR_DARK_GRAY, TEXT_COLOR_WHITE, TEXT_COLOR_LIGHT_GRAY);",active_reference
global:gText_JustOnePkmn,gText_JustOnePkmn,PC_STORAGE,src/pokemon_storage_system.c,1596,Task_PCMainMenu,direct_text_printer,FONT_NORMAL,left_or_dynamic,direct_line_only_pending_call_flow_mapping,"AddTextPrinterParameterized2(0, FONT_NORMAL, gText_JustOnePkmn, 0, NULL, TEXT_COLOR_DARK_GRAY, TEXT_COLOR_WHITE, TEXT_COLOR_LIGHT_GRAY);",active_reference
global:gText_Box,gText_Box,PC_STORAGE,src/pokemon_storage_system.c,1741,ResetPokemonStorageSystem,symbol_reference,,left_or_dynamic,direct_line_only_pending_call_flow_mapping,"u8 *dest = StringCopy(GetBoxNamePtr(boxId), gText_Box);",active_reference
local:src/pokemon_storage_system.c:sText_OutOf30,sText_OutOf30,PC_STORAGE,src/pokemon_storage_system.c,1944,ChooseBoxMenu_PrintInfo,symbol_reference,,left_or_dynamic,direct_line_only_pending_call_flow_mapping,"StringAppend(numBoxMonsText, sText_OutOf30);",active_reference
global:gText_EggNickname,gText_EggNickname,PC_STORAGE,src/pokemon_storage_system.c,6930,SetDisplayMonData,symbol_reference,,left_or_dynamic,direct_line_only_pending_call_flow_mapping,"StringCopyPadded(sStorage->displayMonNameText, gText_EggNickname, CHAR_SPACE, 8);",active_reference
global:gText_SearchForPkmnBasedOnParameters,gText_SearchForPkmnBasedOnParameters,POKEDEX,src/pokedex.c,1021,GLOBAL,symbol_reference,,left_or_dynamic,direct_line_only_pending_call_flow_mapping,".description = gText_SearchForPkmnBasedOnParameters,",active_reference
global:gText_SwitchPokedexListings,gText_SwitchPokedexListings,POKEDEX,src/pokedex.c,1028,GLOBAL,symbol_reference,,left_or_dynamic,direct_line_only_pending_call_flow_mapping,".description = gText_SwitchPokedexListings,",active_reference
global:gText_ReturnToPokedex,gText_ReturnToPokedex,POKEDEX,src/pokedex.c,1035,GLOBAL,symbol_reference,,left_or_dynamic,direct_line_only_pending_call_flow_mapping,".description = gText_ReturnToPokedex,",active_reference
global:gText_ListByFirstLetter,gText_ListByFirstLetter,POKEDEX,src/pokedex.c,1046,GLOBAL,symbol_reference,,left_or_dynamic,direct_line_only_pending_call_flow_mapping,".description = gText_ListByFirstLetter,",active_reference
global:gText_ListByBodyColor,gText_ListByBodyColor,POKEDEX,src/pokedex.c,1056,GLOBAL,symbol_reference,,left_or_dynamic,direct_line_only_pending_call_flow_mapping,".description = gText_ListByBodyColor,",active_reference
global:gText_ListByType,gText_ListByType,POKEDEX,src/pokedex.c,1066,GLOBAL,symbol_reference,,left_or_dynamic,direct_line_only_pending_call_flow_mapping,".description = gText_ListByType,",active_reference
global:gText_ListByType,gText_ListByType,POKEDEX,src/pokedex.c,1076,GLOBAL,symbol_reference,,left_or_dynamic,direct_line_only_pending_call_flow_mapping,".description = gText_ListByType,",active_reference
global:gText_SelectPokedexListingMode,gText_SelectPokedexListingMode,POKEDEX,src/pokedex.c,1086,GLOBAL,symbol_reference,,left_or_dynamic,direct_line_only_pending_call_flow_mapping,".description = gText_SelectPokedexListingMode,",active_reference
global:gText_SelectPokedexMode,gText_SelectPokedexMode,POKEDEX,src/pokedex.c,1096,GLOBAL,symbol_reference,,left_or_dynamic,direct_line_only_pending_call_flow_mapping,".description = gText_SelectPokedexMode,",active_reference
global:gText_ExecuteSearchSwitch,gText_ExecuteSearchSwitch,POKEDEX,src/pokedex.c,1106,GLOBAL,symbol_reference,,left_or_dynamic,direct_line_only_pending_call_flow_mapping,".description = gText_ExecuteSearchSwitch,",active_reference
global:gText_DexHoennDescription,gText_DexHoennDescription,POKEDEX,src/pokedex.c,1332,GLOBAL,menu_action_or_table,,left_or_dynamic,direct_line_only_pending_call_flow_mapping,"[DEX_MODE_HOENN]    = {gText_DexHoennDescription, gText_DexHoennTitle},",active_reference
global:gText_DexHoennTitle,gText_DexHoennTitle,POKEDEX,src/pokedex.c,1332,GLOBAL,menu_action_or_table,,left_or_dynamic,direct_line_only_pending_call_flow_mapping,"[DEX_MODE_HOENN]    = {gText_DexHoennDescription, gText_DexHoennTitle},",active_reference
global:gText_DexNatDescription,gText_DexNatDescription,POKEDEX,src/pokedex.c,1333,GLOBAL,menu_action_or_table,,left_or_dynamic,direct_line_only_pending_call_flow_mapping,"[DEX_MODE_NATIONAL] = {gText_DexNatDescription,   gText_DexNatTitle},",active_reference
global:gText_DexNatTitle,gText_DexNatTitle,POKEDEX,src/pokedex.c,1333,GLOBAL,menu_action_or_table,,left_or_dynamic,direct_line_only_pending_call_flow_mapping,"[DEX_MODE_NATIONAL] = {gText_DexNatDescription,   gText_DexNatTitle},",active_reference
global:gText_DexSortNumericalDescription,gText_DexSortNumericalDescription,POKEDEX,src/pokedex.c,1339,GLOBAL,menu_action_or_table,,left_or_dynamic,direct_line_only_pending_call_flow_mapping,"[ORDER_NUMERICAL]    = {gText_DexSortNumericalDescription, gText_DexSortNumericalTitle},",active_reference
global:gText_DexSortNumericalTitle,gText_DexSortNumericalTitle,POKEDEX,src/pokedex.c,1339,GLOBAL,menu_action_or_table,,left_or_dynamic,direct_line_only_pending_call_flow_mapping,"[ORDER_NUMERICAL]    = {gText_DexSortNumericalDescription, gText_DexSortNumericalTitle},",active_reference
global:gText_DexSortAtoZDescription,gText_DexSortAtoZDescription,POKEDEX,src/pokedex.c,1340,GLOBAL,menu_action_or_table,,left_or_dynamic,direct_line_only_pending_call_flow_mapping,"[ORDER_ALPHABETICAL] = {gText_DexSortAtoZDescription,      gText_DexSortAtoZTitle},",active_reference
global:gText_DexSortAtoZTitle,gText_DexSortAtoZTitle,POKEDEX,src/pokedex.c,1340,GLOBAL,menu_action_or_table,,left_or_dynamic,direct_line_only_pending_call_flow_mapping,"[ORDER_ALPHABETICAL] = {gText_DexSortAtoZDescription,      gText_DexSortAtoZTitle},",active_reference
global:gText_DexSortHeaviestDescription,gText_DexSortHeaviestDescription,POKEDEX,src/pokedex.c,1341,GLOBAL,menu_action_or_table,,left_or_dynamic,direct_line_only_pending_call_flow_mapping,"[ORDER_HEAVIEST]     = {gText_DexSortHeaviestDescription,  gText_DexSortHeaviestTitle},",active_reference
global:gText_DexSortHeaviestTitle,gText_DexSortHeaviestTitle,POKEDEX,src/pokedex.c,1341,GLOBAL,menu_action_or_table,,left_or_dynamic,direct_line_only_pending_call_flow_mapping,"[ORDER_HEAVIEST]     = {gText_DexSortHeaviestDescription,  gText_DexSortHeaviestTitle},",active_reference
global:gText_DexSortLightestDescription,gText_DexSortLightestDescription,POKEDEX,src/pokedex.c,1342,GLOBAL,menu_action_or_table,,left_or_dynamic,direct_line_only_pending_call_flow_mapping,"[ORDER_LIGHTEST]     = {gText_DexSortLightestDescription,  gText_DexSortLightestTitle},",active_reference
global:gText_DexSortLightestTitle,gText_DexSortLightestTitle,POKEDEX,src/pokedex.c,1342,GLOBAL,menu_action_or_table,,left_or_dynamic,direct_line_only_pending_call_flow_mapping,"[ORDER_LIGHTEST]     = {gText_DexSortLightestDescription,  gText_DexSortLightestTitle},",active_reference
global:gText_DexSortTallestDescription,gText_DexSortTallestDescription,POKEDEX,src/pokedex.c,1343,GLOBAL,menu_action_or_table,,left_or_dynamic,direct_line_only_pending_call_flow_mapping,"[ORDER_TALLEST]      = {gText_DexSortTallestDescription,   gText_DexSortTallestTitle},",active_reference
global:gText_DexSortTallestTitle,gText_DexSortTallestTitle,POKEDEX,src/pokedex.c,1343,GLOBAL,menu_action_or_table,,left_or_dynamic,direct_line_only_pending_call_flow_mapping,"[ORDER_TALLEST]      = {gText_DexSortTallestDescription,   gText_DexSortTallestTitle},",active_reference
global:gText_DexSortSmallestDescription,gText_DexSortSmallestDescription,POKEDEX,src/pokedex.c,1344,GLOBAL,menu_action_or_table,,left_or_dynamic,direct_line_only_pending_call_flow_mapping,"[ORDER_SMALLEST]     = {gText_DexSortSmallestDescription,  gText_DexSortSmallestTitle},",active_reference
global:gText_DexSortSmallestTitle,gText_DexSortSmallestTitle,POKEDEX,src/pokedex.c,1344,GLOBAL,menu_action_or_table,,left_or_dynamic,direct_line_only_pending_call_flow_mapping,"[ORDER_SMALLEST]     = {gText_DexSortSmallestDescription,  gText_DexSortSmallestTitle},",active_reference
global:gText_DexEmptyString,gText_DexEmptyString,POKEDEX,src/pokedex.c,1350,GLOBAL,menu_action_or_table,,left_or_dynamic,direct_line_only_pending_call_flow_mapping,"{gText_DexEmptyString, gText_DexSearchDontSpecify},",active_reference
global:gText_DexSearchDontSpecify,gText_DexSearchDontSpecify,POKEDEX,src/pokedex.c,1350,GLOBAL,menu_action_or_table,,left_or_dynamic,direct_line_only_pending_call_flow_mapping,"{gText_DexEmptyString, gText_DexSearchDontSpecify},",active_reference
global:gText_DexEmptyString,gText_DexEmptyString,POKEDEX,src/pokedex.c,1351,GLOBAL,menu_action_or_table,,left_or_dynamic,direct_line_only_pending_call_flow_mapping,"[NAME_ABC] = {gText_DexEmptyString, gText_DexSearchAlphaABC},",active_reference
global:gText_DexSearchAlphaABC,gText_DexSearchAlphaABC,POKEDEX,src/pokedex.c,1351,GLOBAL,menu_action_or_table,,left_or_dynamic,direct_line_only_pending_call_flow_mapping,"[NAME_ABC] = {gText_DexEmptyString, gText_DexSearchAlphaABC},",active_reference
global:gText_DexEmptyString,gText_DexEmptyString,POKEDEX,src/pokedex.c,1352,GLOBAL,menu_action_or_table,,left_or_dynamic,direct_line_only_pending_call_flow_mapping,"[NAME_DEF] = {gText_DexEmptyString, gText_DexSearchAlphaDEF},",active_reference
global:gText_DexSearchAlphaDEF,gText_DexSearchAlphaDEF,POKEDEX,src/pokedex.c,1352,GLOBAL,menu_action_or_table,,left_or_dynamic,direct_line_only_pending_call_flow_mapping,"[NAME_DEF] = {gText_DexEmptyString, gText_DexSearchAlphaDEF},",active_reference
global:gText_DexEmptyString,gText_DexEmptyString,POKEDEX,src/pokedex.c,1353,GLOBAL,menu_action_or_table,,left_or_dynamic,direct_line_only_pending_call_flow_mapping,"[NAME_GHI] = {gText_DexEmptyString, gText_DexSearchAlphaGHI},",active_reference
global:gText_DexSearchAlphaGHI,gText_DexSearchAlphaGHI,POKEDEX,src/pokedex.c,1353,GLOBAL,menu_action_or_table,,left_or_dynamic,direct_line_only_pending_call_flow_mapping,"[NAME_GHI] = {gText_DexEmptyString, gText_DexSearchAlphaGHI},",active_reference
global:gText_DexEmptyString,gText_DexEmptyString,POKEDEX,src/pokedex.c,1354,GLOBAL,menu_action_or_table,,left_or_dynamic,direct_line_only_pending_call_flow_mapping,"[NAME_JKL] = {gText_DexEmptyString, gText_DexSearchAlphaJKL},",active_reference
global:gText_DexSearchAlphaJKL,gText_DexSearchAlphaJKL,POKEDEX,src/pokedex.c,1354,GLOBAL,menu_action_or_table,,left_or_dynamic,direct_line_only_pending_call_flow_mapping,"[NAME_JKL] = {gText_DexEmptyString, gText_DexSearchAlphaJKL},",active_reference
global:gText_DexEmptyString,gText_DexEmptyString,POKEDEX,src/pokedex.c,1355,GLOBAL,menu_action_or_table,,left_or_dynamic,direct_line_only_pending_call_flow_mapping,"[NAME_MNO] = {gText_DexEmptyString, gText_DexSearchAlphaMNO},",active_reference
global:gText_DexSearchAlphaMNO,gText_DexSearchAlphaMNO,POKEDEX,src/pokedex.c,1355,GLOBAL,menu_action_or_table,,left_or_dynamic,direct_line_only_pending_call_flow_mapping,"[NAME_MNO] = {gText_DexEmptyString, gText_DexSearchAlphaMNO},",active_reference
global:gText_DexEmptyString,gText_DexEmptyString,POKEDEX,src/pokedex.c,1356,GLOBAL,menu_action_or_table,,left_or_dynamic,direct_line_only_pending_call_flow_mapping,"[NAME_PQR] = {gText_DexEmptyString, gText_DexSearchAlphaPQR},",active_reference
global:gText_DexSearchAlphaPQR,gText_DexSearchAlphaPQR,POKEDEX,src/pokedex.c,1356,GLOBAL,menu_action_or_table,,left_or_dynamic,direct_line_only_pending_call_flow_mapping,"[NAME_PQR] = {gText_DexEmptyString, gText_DexSearchAlphaPQR},",active_reference
global:gText_DexEmptyString,gText_DexEmptyString,POKEDEX,src/pokedex.c,1357,GLOBAL,menu_action_or_table,,left_or_dynamic,direct_line_only_pending_call_flow_mapping,"[NAME_STU] = {gText_DexEmptyString, gText_DexSearchAlphaSTU},",active_reference
global:gText_DexSearchAlphaSTU,gText_DexSearchAlphaSTU,POKEDEX,src/pokedex.c,1357,GLOBAL,menu_action_or_table,,left_or_dynamic,direct_line_only_pending_call_flow_mapping,"[NAME_STU] = {gText_DexEmptyString, gText_DexSearchAlphaSTU},",active_reference
global:gText_DexEmptyString,gText_DexEmptyString,POKEDEX,src/pokedex.c,1358,GLOBAL,menu_action_or_table,,left_or_dynamic,direct_line_only_pending_call_flow_mapping,"[NAME_VWX] = {gText_DexEmptyString, gText_DexSearchAlphaVWX},",active_reference
global:gText_DexSearchAlphaVWX,gText_DexSearchAlphaVWX,POKEDEX,src/pokedex.c,1358,GLOBAL,menu_action_or_table,,left_or_dynamic,direct_line_only_pending_call_flow_mapping,"[NAME_VWX] = {gText_DexEmptyString, gText_DexSearchAlphaVWX},",active_reference
global:gText_DexEmptyString,gText_DexEmptyString,POKEDEX,src/pokedex.c,1359,GLOBAL,menu_action_or_table,,left_or_dynamic,direct_line_only_pending_call_flow_mapping,"[NAME_YZ]  = {gText_DexEmptyString, gText_DexSearchAlphaYZ},",active_reference
global:gText_DexSearchAlphaYZ,gText_DexSearchAlphaYZ,POKEDEX,src/pokedex.c,1359,GLOBAL,menu_action_or_table,,left_or_dynamic,direct_line_only_pending_call_flow_mapping,"[NAME_YZ]  = {gText_DexEmptyString, gText_DexSearchAlphaYZ},",active_reference
global:gText_DexEmptyString,gText_DexEmptyString,POKEDEX,src/pokedex.c,1365,GLOBAL,menu_action_or_table,,left_or_dynamic,direct_line_only_pending_call_flow_mapping,"{gText_DexEmptyString, gText_DexSearchDontSpecify},",active_reference
global:gText_DexSearchDontSpecify,gText_DexSearchDontSpecify,POKEDEX,src/pokedex.c,1365,GLOBAL,menu_action_or_table,,left_or_dynamic,direct_line_only_pending_call_flow_mapping,"{gText_DexEmptyString, gText_DexSearchDontSpecify},",active_reference
global:gText_DexEmptyString,gText_DexEmptyString,POKEDEX,src/pokedex.c,1366,GLOBAL,menu_action_or_table,,left_or_dynamic,direct_line_only_pending_call_flow_mapping,"[BODY_COLOR_RED + 1]    = {gText_DexEmptyString, gText_DexSearchColorRed},",active_reference
global:gText_DexSearchColorRed,gText_DexSearchColorRed,POKEDEX,src/pokedex.c,1366,GLOBAL,menu_action_or_table,,left_or_dynamic,direct_line_only_pending_call_flow_mapping,"[BODY_COLOR_RED + 1]    = {gText_DexEmptyString, gText_DexSearchColorRed},",active_reference
global:gText_DexEmptyString,gText_DexEmptyString,POKEDEX,src/pokedex.c,1367,GLOBAL,menu_action_or_table,,left_or_dynamic,direct_line_only_pending_call_flow_mapping,"[BODY_COLOR_BLUE + 1]   = {gText_DexEmptyString, gText_DexSearchColorBlue},",active_reference
global:gText_DexSearchColorBlue,gText_DexSearchColorBlue,POKEDEX,src/pokedex.c,1367,GLOBAL,menu_action_or_table,,left_or_dynamic,direct_line_only_pending_call_flow_mapping,"[BODY_COLOR_BLUE + 1]   = {gText_DexEmptyString, gText_DexSearchColorBlue},",active_reference
global:gText_DexEmptyString,gText_DexEmptyString,POKEDEX,src/pokedex.c,1368,GLOBAL,menu_action_or_table,,left_or_dynamic,direct_line_only_pending_call_flow_mapping,"[BODY_COLOR_YELLOW + 1] = {gText_DexEmptyString, gText_DexSearchColorYellow},",active_reference
global:gText_DexSearchColorYellow,gText_DexSearchColorYellow,POKEDEX,src/pokedex.c,1368,GLOBAL,menu_action_or_table,,left_or_dynamic,direct_line_only_pending_call_flow_mapping,"[BODY_COLOR_YELLOW + 1] = {gText_DexEmptyString, gText_DexSearchColorYellow},",active_reference
global:gText_DexEmptyString,gText_DexEmptyString,POKEDEX,src/pokedex.c,1369,GLOBAL,menu_action_or_table,,left_or_dynamic,direct_line_only_pending_call_flow_mapping,"[BODY_COLOR_GREEN + 1]  = {gText_DexEmptyString, gText_DexSearchColorGreen},",active_reference
global:gText_DexSearchColorGreen,gText_DexSearchColorGreen,POKEDEX,src/pokedex.c,1369,GLOBAL,menu_action_or_table,,left_or_dynamic,direct_line_only_pending_call_flow_mapping,"[BODY_COLOR_GREEN + 1]  = {gText_DexEmptyString, gText_DexSearchColorGreen},",active_reference
global:gText_DexEmptyString,gText_DexEmptyString,POKEDEX,src/pokedex.c,1370,GLOBAL,menu_action_or_table,,left_or_dynamic,direct_line_only_pending_call_flow_mapping,"[BODY_COLOR_BLACK + 1]  = {gText_DexEmptyString, gText_DexSearchColorBlack},",active_reference
global:gText_DexSearchColorBlack,gText_DexSearchColorBlack,POKEDEX,src/pokedex.c,1370,GLOBAL,menu_action_or_table,,left_or_dynamic,direct_line_only_pending_call_flow_mapping,"[BODY_COLOR_BLACK + 1]  = {gText_DexEmptyString, gText_DexSearchColorBlack},",active_reference
global:gText_DexEmptyString,gText_DexEmptyString,POKEDEX,src/pokedex.c,1371,GLOBAL,menu_action_or_table,,left_or_dynamic,direct_line_only_pending_call_flow_mapping,"[BODY_COLOR_BROWN + 1]  = {gText_DexEmptyString, gText_DexSearchColorBrown},",active_reference
global:gText_DexSearchColorBrown,gText_DexSearchColorBrown,POKEDEX,src/pokedex.c,1371,GLOBAL,menu_action_or_table,,left_or_dynamic,direct_line_only_pending_call_flow_mapping,"[BODY_COLOR_BROWN + 1]  = {gText_DexEmptyString, gText_DexSearchColorBrown},",active_reference
global:gText_DexEmptyString,gText_DexEmptyString,POKEDEX,src/pokedex.c,1372,GLOBAL,menu_action_or_table,,left_or_dynamic,direct_line_only_pending_call_flow_mapping,"[BODY_COLOR_PURPLE + 1] = {gText_DexEmptyString, gText_DexSearchColorPurple},",active_reference
global:gText_DexSearchColorPurple,gText_DexSearchColorPurple,POKEDEX,src/pokedex.c,1372,GLOBAL,menu_action_or_table,,left_or_dynamic,direct_line_only_pending_call_flow_mapping,"[BODY_COLOR_PURPLE + 1] = {gText_DexEmptyString, gText_DexSearchColorPurple},",active_reference
global:gText_DexEmptyString,gText_DexEmptyString,POKEDEX,src/pokedex.c,1373,GLOBAL,menu_action_or_table,,left_or_dynamic,direct_line_only_pending_call_flow_mapping,"[BODY_COLOR_GRAY + 1]   = {gText_DexEmptyString, gText_DexSearchColorGray},",active_reference
global:gText_DexSearchColorGray,gText_DexSearchColorGray,POKEDEX,src/pokedex.c,1373,GLOBAL,menu_action_or_table,,left_or_dynamic,direct_line_only_pending_call_flow_mapping,"[BODY_COLOR_GRAY + 1]   = {gText_DexEmptyString, gText_DexSearchColorGray},",active_reference
global:gText_DexEmptyString,gText_DexEmptyString,POKEDEX,src/pokedex.c,1374,GLOBAL,menu_action_or_table,,left_or_dynamic,direct_line_only_pending_call_flow_mapping,"[BODY_COLOR_WHITE + 1]  = {gText_DexEmptyString, gText_DexSearchColorWhite},",active_reference
global:gText_DexSearchColorWhite,gText_DexSearchColorWhite,POKEDEX,src/pokedex.c,1374,GLOBAL,menu_action_or_table,,left_or_dynamic,direct_line_only_pending_call_flow_mapping,"[BODY_COLOR_WHITE + 1]  = {gText_DexEmptyString, gText_DexSearchColorWhite},",active_reference
global:gText_DexEmptyString,gText_DexEmptyString,POKEDEX,src/pokedex.c,1375,GLOBAL,menu_action_or_table,,left_or_dynamic,direct_line_only_pending_call_flow_mapping,"[BODY_COLOR_PINK + 1]   = {gText_DexEmptyString, gText_DexSearchColorPink},",active_reference
global:gText_DexSearchColorPink,gText_DexSearchColorPink,POKEDEX,src/pokedex.c,1375,GLOBAL,menu_action_or_table,,left_or_dynamic,direct_line_only_pending_call_flow_mapping,"[BODY_COLOR_PINK + 1]   = {gText_DexEmptyString, gText_DexSearchColorPink},",active_reference
global:gText_DexEmptyString,gText_DexEmptyString,POKEDEX,src/pokedex.c,1381,GLOBAL,menu_action_or_table,,left_or_dynamic,direct_line_only_pending_call_flow_mapping,"{gText_DexEmptyString, gText_DexSearchTypeNone},",active_reference
global:gText_DexSearchTypeNone,gText_DexSearchTypeNone,POKEDEX,src/pokedex.c,1381,GLOBAL,menu_action_or_table,,left_or_dynamic,direct_line_only_pending_call_flow_mapping,"{gText_DexEmptyString, gText_DexSearchTypeNone},",active_reference
global:gText_DexEmptyString,gText_DexEmptyString,POKEDEX,src/pokedex.c,1382,GLOBAL,menu_action_or_table,,left_or_dynamic,direct_line_only_pending_call_flow_mapping,"{gText_DexEmptyString, gTypeNames[TYPE_NORMAL]},",active_reference
global:gText_DexEmptyString,gText_DexEmptyString,POKEDEX,src/pokedex.c,1383,GLOBAL,menu_action_or_table,,left_or_dynamic,direct_line_only_pending_call_flow_mapping,"{gText_DexEmptyString, gTypeNames[TYPE_FIGHTING]},",active_reference
global:gText_DexEmptyString,gText_DexEmptyString,POKEDEX,src/pokedex.c,1384,GLOBAL,menu_action_or_table,,left_or_dynamic,direct_line_only_pending_call_flow_mapping,"{gText_DexEmptyString, gTypeNames[TYPE_FLYING]},",active_reference
global:gText_DexEmptyString,gText_DexEmptyString,POKEDEX,src/pokedex.c,1385,GLOBAL,menu_action_or_table,,left_or_dynamic,direct_line_only_pending_call_flow_mapping,"{gText_DexEmptyString, gTypeNames[TYPE_POISON]},",active_reference
global:gText_DexEmptyString,gText_DexEmptyString,POKEDEX,src/pokedex.c,1386,GLOBAL,menu_action_or_table,,left_or_dynamic,direct_line_only_pending_call_flow_mapping,"{gText_DexEmptyString, gTypeNames[TYPE_GROUND]},",active_reference
global:gText_DexEmptyString,gText_DexEmptyString,POKEDEX,src/pokedex.c,1387,GLOBAL,menu_action_or_table,,left_or_dynamic,direct_line_only_pending_call_flow_mapping,"{gText_DexEmptyString, gTypeNames[TYPE_ROCK]},",active_reference
global:gText_DexEmptyString,gText_DexEmptyString,POKEDEX,src/pokedex.c,1388,GLOBAL,menu_action_or_table,,left_or_dynamic,direct_line_only_pending_call_flow_mapping,"{gText_DexEmptyString, gTypeNames[TYPE_BUG]},",active_reference
global:gText_DexEmptyString,gText_DexEmptyString,POKEDEX,src/pokedex.c,1389,GLOBAL,menu_action_or_table,,left_or_dynamic,direct_line_only_pending_call_flow_mapping,"{gText_DexEmptyString, gTypeNames[TYPE_GHOST]},",active_reference
global:gText_DexEmptyString,gText_DexEmptyString,POKEDEX,src/pokedex.c,1390,GLOBAL,menu_action_or_table,,left_or_dynamic,direct_line_only_pending_call_flow_mapping,"{gText_DexEmptyString, gTypeNames[TYPE_STEEL]},",active_reference
global:gText_DexEmptyString,gText_DexEmptyString,POKEDEX,src/pokedex.c,1391,GLOBAL,menu_action_or_table,,left_or_dynamic,direct_line_only_pending_call_flow_mapping,"{gText_DexEmptyString, gTypeNames[TYPE_FIRE]},",active_reference
global:gText_DexEmptyString,gText_DexEmptyString,POKEDEX,src/pokedex.c,1392,GLOBAL,menu_action_or_table,,left_or_dynamic,direct_line_only_pending_call_flow_mapping,"{gText_DexEmptyString, gTypeNames[TYPE_WATER]},",active_reference
global:gText_DexEmptyString,gText_DexEmptyString,POKEDEX,src/pokedex.c,1393,GLOBAL,menu_action_or_table,,left_or_dynamic,direct_line_only_pending_call_flow_mapping,"{gText_DexEmptyString, gTypeNames[TYPE_GRASS]},",active_reference
global:gText_DexEmptyString,gText_DexEmptyString,POKEDEX,src/pokedex.c,1394,GLOBAL,menu_action_or_table,,left_or_dynamic,direct_line_only_pending_call_flow_mapping,"{gText_DexEmptyString, gTypeNames[TYPE_ELECTRIC]},",active_reference
global:gText_DexEmptyString,gText_DexEmptyString,POKEDEX,src/pokedex.c,1395,GLOBAL,menu_action_or_table,,left_or_dynamic,direct_line_only_pending_call_flow_mapping,"{gText_DexEmptyString, gTypeNames[TYPE_PSYCHIC]},",active_reference
global:gText_DexEmptyString,gText_DexEmptyString,POKEDEX,src/pokedex.c,1396,GLOBAL,menu_action_or_table,,left_or_dynamic,direct_line_only_pending_call_flow_mapping,"{gText_DexEmptyString, gTypeNames[TYPE_ICE]},",active_reference
global:gText_DexEmptyString,gText_DexEmptyString,POKEDEX,src/pokedex.c,1397,GLOBAL,menu_action_or_table,,left_or_dynamic,direct_line_only_pending_call_flow_mapping,"{gText_DexEmptyString, gTypeNames[TYPE_DRAGON]},",active_reference
global:gText_DexEmptyString,gText_DexEmptyString,POKEDEX,src/pokedex.c,1398,GLOBAL,menu_action_or_table,,left_or_dynamic,direct_line_only_pending_call_flow_mapping,"{gText_DexEmptyString, gTypeNames[TYPE_DARK]},",active_reference
local:src/pokedex.c:sText_No000,sText_No000,POKEDEX,src/pokedex.c,2428,CreateMonDexNum,symbol_reference,,left_or_dynamic,direct_line_only_pending_call_flow_mapping,"memcpy(text, sText_No000, ARRAY_COUNT(text));",active_reference
local:src/pokedex.c:sText_TenDashes,sText_TenDashes,POKEDEX,src/pokedex.c,2454,CreateMonName,symbol_reference,,left_or_dynamic,direct_line_only_pending_call_flow_mapping,str = sText_TenDashes;,active_reference
global:gText_CryOf,gText_CryOf,POKEDEX,src/pokedex.c,3571,Task_LoadCryScreen,symbol_reference,,left_or_dynamic,direct_line_only_pending_call_flow_mapping,"PrintInfoScreenText(gText_CryOf, 82, 33);",active_reference
global:gText_SizeComparedTo,gText_SizeComparedTo,POKEDEX,src/pokedex.c,3762,Task_LoadSizeScreen,symbol_reference,,left_or_dynamic,direct_line_only_pending_call_flow_mapping,"StringCopy(string, gText_SizeComparedTo);",active_reference
global:gText_PokedexRegistration,gText_PokedexRegistration,POKEDEX,src/pokedex.c,4112,PrintMonInfo,center_aligned,FONT_NORMAL,center,direct_line_only_pending_call_flow_mapping,"PrintInfoScreenText(gText_PokedexRegistration, GetStringCenterAlignXOffset(FONT_NORMAL, gText_PokedexRegistration, DISPLAY_WIDTH), 0);",active_reference
global:gText_PokedexRegistration,gText_PokedexRegistration,POKEDEX,src/pokedex.c,4112,PrintMonInfo,center_aligned,FONT_NORMAL,center,direct_line_only_pending_call_flow_mapping,"PrintInfoScreenText(gText_PokedexRegistration, GetStringCenterAlignXOffset(FONT_NORMAL, gText_PokedexRegistration, DISPLAY_WIDTH), 0);",active_reference
global:gText_NumberClear01,gText_NumberClear01,POKEDEX,src/pokedex.c,4117,PrintMonInfo,symbol_reference,,left_or_dynamic,direct_line_only_pending_call_flow_mapping,"ConvertIntToDecimalStringN(StringCopy(str, gText_NumberClear01), value, STR_CONV_MODE_LEADING_ZEROS, 3);",active_reference
local:src/pokedex.c:sText_TenDashes2,sText_TenDashes2,POKEDEX,src/pokedex.c,4123,PrintMonInfo,symbol_reference,,left_or_dynamic,direct_line_only_pending_call_flow_mapping,name = sText_TenDashes2;,active_reference
global:gText_5MarksPokemon,gText_5MarksPokemon,POKEDEX,src/pokedex.c,4132,PrintMonInfo,symbol_reference,,left_or_dynamic,direct_line_only_pending_call_flow_mapping,category = gText_5MarksPokemon;,active_reference
global:gText_HTHeight,gText_HTHeight,POKEDEX,src/pokedex.c,4135,PrintMonInfo,symbol_reference,,left_or_dynamic,direct_line_only_pending_call_flow_mapping,"PrintInfoScreenText(gText_HTHeight, 0x60, 0x39);",active_reference
global:gText_WTWeight,gText_WTWeight,POKEDEX,src/pokedex.c,4136,PrintMonInfo,symbol_reference,,left_or_dynamic,direct_line_only_pending_call_flow_mapping,"PrintInfoScreenText(gText_WTWeight, 0x60, 0x49);",active_reference
global:gText_UnkHeight,gText_UnkHeight,POKEDEX,src/pokedex.c,4144,PrintMonInfo,symbol_reference,,left_or_dynamic,direct_line_only_pending_call_flow_mapping,"PrintInfoScreenText(gText_UnkHeight, 0x81, 0x39);",active_reference
global:gText_UnkWeight,gText_UnkWeight,POKEDEX,src/pokedex.c,4145,PrintMonInfo,symbol_reference,,left_or_dynamic,direct_line_only_pending_call_flow_mapping,"PrintInfoScreenText(gText_UnkWeight, 0x81, 0x49);",active_reference
global:gText_SearchingPleaseWait,gText_SearchingPleaseWait,POKEDEX,src/pokedex.c,5035,Task_HandleSearchMenuInput,symbol_reference,,left_or_dynamic,direct_line_only_pending_call_flow_mapping,EraseAndPrintSearchTextBox(gText_SearchingPleaseWait);,active_reference
global:gText_SearchCompleted,gText_SearchCompleted,POKEDEX,src/pokedex.c,5103,Task_WaitAndCompleteSearch,symbol_reference,,left_or_dynamic,direct_line_only_pending_call_flow_mapping,EraseAndPrintSearchTextBox(gText_SearchCompleted);,active_reference
global:gText_NoMatchingPkmnWereFound,gText_NoMatchingPkmnWereFound,POKEDEX,src/pokedex.c,5108,Task_WaitAndCompleteSearch,symbol_reference,,left_or_dynamic,direct_line_only_pending_call_flow_mapping,EraseAndPrintSearchTextBox(gText_NoMatchingPkmnWereFound);,active_reference
global:gText_SelectorArrow,gText_SelectorArrow,POKEDEX,src/pokedex.c,5650,PrintSelectorArrow,symbol_reference,,left_or_dynamic,direct_line_only_pending_call_flow_mapping,"PrintSearchText(gText_SelectorArrow, 144, y * 16 + 9);",active_reference
global:gText_EggNickname,gText_EggNickname,POKENAV,src/pokenav_conditions.c,351,GLOBAL,symbol_reference,,left_or_dynamic,direct_line_only_pending_call_flow_mapping,"return StringCopyPadded(str, gText_EggNickname, CHAR_SPACE, POKEMON_NAME_LENGTH + 2);",active_reference
global:gText_InParty,gText_InParty,POKENAV,src/pokenav_conditions.c,442,CopyMonNameGenderLocation,symbol_reference,,left_or_dynamic,direct_line_only_pending_call_flow_mapping,"CopyStringLeftAlignedToConditionData(&menu->locationText[loadId][5], gText_InParty, BOX_NAME_LENGTH);",active_reference
global:gText_NumberIndex,gText_NumberIndex,POKENAV,src/pokenav_conditions_search_results.c,675,PrintSearchResultListMenuItems,symbol_reference,,left_or_dynamic,direct_line_only_pending_call_flow_mapping,"DynamicPlaceholderTextUtil_ExpandPlaceholders(gStringVar2, gText_NumberIndex);",active_reference
local:src/pokenav_conditions_search_results.c:sText_NoGenderSymbol,sText_NoGenderSymbol,POKENAV,src/pokenav_conditions_search_results.c,730,BufferSearchMonListItem,symbol_reference,,left_or_dynamic,direct_line_only_pending_call_flow_mapping,genderStr = sText_NoGenderSymbol;,active_reference
local:src/pokenav_conditions_search_results.c:sText_MaleSymbol,sText_MaleSymbol,POKENAV,src/pokenav_conditions_search_results.c,733,BufferSearchMonListItem,symbol_reference,,left_or_dynamic,direct_line_only_pending_call_flow_mapping,genderStr = sText_MaleSymbol;,active_reference
local:src/pokenav_conditions_search_results.c:sText_FemaleSymbol,sText_FemaleSymbol,POKENAV,src/pokenav_conditions_search_results.c,736,BufferSearchMonListItem,symbol_reference,,left_or_dynamic,direct_line_only_pending_call_flow_mapping,genderStr = sText_FemaleSymbol;,active_reference
global:gText_Pokenav_ClearButtonList,gText_Pokenav_ClearButtonList,POKENAV,src/pokenav_main_menu.c,89,GLOBAL,symbol_reference,,left_or_dynamic,direct_line_only_pending_call_flow_mapping,"[HELPBAR_NONE]                 = gText_Pokenav_ClearButtonList,",active_reference
global:gText_PokenavMap_ZoomedOutButtons,gText_PokenavMap_ZoomedOutButtons,POKENAV,src/pokenav_main_menu.c,90,GLOBAL,symbol_reference,,left_or_dynamic,direct_line_only_pending_call_flow_mapping,"[HELPBAR_MAP_ZOOMED_OUT]       = gText_PokenavMap_ZoomedOutButtons,",active_reference
global:gText_PokenavMap_ZoomedInButtons,gText_PokenavMap_ZoomedInButtons,POKENAV,src/pokenav_main_menu.c,91,GLOBAL,symbol_reference,,left_or_dynamic,direct_line_only_pending_call_flow_mapping,"[HELPBAR_MAP_ZOOMED_IN]        = gText_PokenavMap_ZoomedInButtons,",active_reference
global:gText_PokenavCondition_MonListButtons,gText_PokenavCondition_MonListButtons,POKENAV,src/pokenav_main_menu.c,92,GLOBAL,symbol_reference,,left_or_dynamic,direct_line_only_pending_call_flow_mapping,"[HELPBAR_CONDITION_MON_LIST]   = gText_PokenavCondition_MonListButtons,",active_reference
global:gText_PokenavCondition_MonStatusButtons,gText_PokenavCondition_MonStatusButtons,POKENAV,src/pokenav_main_menu.c,93,GLOBAL,symbol_reference,,left_or_dynamic,direct_line_only_pending_call_flow_mapping,"[HELPBAR_CONDITION_MON_STATUS] = gText_PokenavCondition_MonStatusButtons,",active_reference
global:gText_PokenavCondition_MarkingButtons,gText_PokenavCondition_MarkingButtons,POKENAV,src/pokenav_main_menu.c,94,GLOBAL,symbol_reference,,left_or_dynamic,direct_line_only_pending_call_flow_mapping,"[HELPBAR_CONDITION_MARKINGS]   = gText_PokenavCondition_MarkingButtons,",active_reference
global:gText_PokenavMatchCall_TrainerListButtons,gText_PokenavMatchCall_TrainerListButtons,POKENAV,src/pokenav_main_menu.c,95,GLOBAL,symbol_reference,,left_or_dynamic,direct_line_only_pending_call_flow_mapping,"[HELPBAR_MC_TRAINER_LIST]      = gText_PokenavMatchCall_TrainerListButtons,",active_reference
global:gText_PokenavMatchCall_CallMenuButtons,gText_PokenavMatchCall_CallMenuButtons,POKENAV,src/pokenav_main_menu.c,96,GLOBAL,symbol_reference,,left_or_dynamic,direct_line_only_pending_call_flow_mapping,"[HELPBAR_MC_CALL_MENU]         = gText_PokenavMatchCall_CallMenuButtons,",active_reference
global:gText_PokenavMatchCall_CheckTrainerButtons,gText_PokenavMatchCall_CheckTrainerButtons,POKENAV,src/pokenav_main_menu.c,97,GLOBAL,symbol_reference,,left_or_dynamic,direct_line_only_pending_call_flow_mapping,"[HELPBAR_MC_CHECK_PAGE]        = gText_PokenavMatchCall_CheckTrainerButtons,",active_reference
global:gText_PokenavRibbons_MonListButtons,gText_PokenavRibbons_MonListButtons,POKENAV,src/pokenav_main_menu.c,98,GLOBAL,symbol_reference,,left_or_dynamic,direct_line_only_pending_call_flow_mapping,"[HELPBAR_RIBBONS_MON_LIST]     = gText_PokenavRibbons_MonListButtons,",active_reference
global:gText_PokenavRibbons_RibbonListButtons,gText_PokenavRibbons_RibbonListButtons,POKENAV,src/pokenav_main_menu.c,99,GLOBAL,symbol_reference,,left_or_dynamic,direct_line_only_pending_call_flow_mapping,"[HELPBAR_RIBBONS_LIST]         = gText_PokenavRibbons_RibbonListButtons,",active_reference
global:gText_PokenavRibbons_RibbonCheckButtons,gText_PokenavRibbons_RibbonCheckButtons,POKENAV,src/pokenav_main_menu.c,100,GLOBAL,symbol_reference,,left_or_dynamic,direct_line_only_pending_call_flow_mapping,"[HELPBAR_RIBBONS_CHECK]        = gText_PokenavRibbons_RibbonCheckButtons,",active_reference
global:gText_Call,gText_Call,POKENAV,src/pokenav_match_call_gfx.c,202,GLOBAL,symbol_reference,,left_or_dynamic,direct_line_only_pending_call_flow_mapping,"[MATCH_CALL_OPTION_CALL]   = gText_Call,",active_reference
global:gText_Check,gText_Check,POKENAV,src/pokenav_match_call_gfx.c,203,GLOBAL,symbol_reference,,left_or_dynamic,direct_line_only_pending_call_flow_mapping,"[MATCH_CALL_OPTION_CHECK]  = gText_Check,",active_reference
global:gText_Cancel6,gText_Cancel6,POKENAV,src/pokenav_match_call_gfx.c,204,GLOBAL,symbol_reference,,left_or_dynamic,direct_line_only_pending_call_flow_mapping,[MATCH_CALL_OPTION_CANCEL] = gText_Cancel6,active_reference
global:gText_NumberRegistered,gText_NumberRegistered,POKENAV,src/pokenav_match_call_gfx.c,981,PrintNumberRegisteredLabel,symbol_reference,,left_or_dynamic,direct_line_only_pending_call_flow_mapping,"PrintMatchCallInfoLabel(windowId, gText_NumberRegistered, 0);",active_reference
global:gText_NumberOfBattles,gText_NumberOfBattles,POKENAV,src/pokenav_match_call_gfx.c,993,PrintNumberOfBattlesLabel,symbol_reference,,left_or_dynamic,direct_line_only_pending_call_flow_mapping,"PrintMatchCallInfoLabel(windowId, gText_NumberOfBattles, 2);",active_reference
global:gText_Unknown,gText_Unknown,POKENAV,src/pokenav_match_call_gfx.c,1029,PrintMatchCallLocation,symbol_reference,,left_or_dynamic,direct_line_only_pending_call_flow_mapping,"StringCopy(mapName, gText_Unknown);",active_reference
local:src/pokenav_match_call_gfx.c:sText_CallingDots,sText_CallingDots,POKENAV,src/pokenav_match_call_gfx.c,1119,PrintCallingDots,direct_text_printer,FONT_NORMAL,left_or_dynamic,direct_line_only_pending_call_flow_mapping,"AddTextPrinterParameterized(gfx->msgBoxWindowId, FONT_NORMAL, sText_CallingDots, 32, 1, 1, NULL);",active_reference
global:gText_TrainerCloseBy,gText_TrainerCloseBy,POKENAV,src/pokenav_match_call_gfx.c,1130,PrintTrainerIsCloseBy,direct_text_printer,FONT_NORMAL,left_or_dynamic,direct_line_only_pending_call_flow_mapping,"AddTextPrinterParameterized(gfx->msgBoxWindowId, FONT_NORMAL, gText_TrainerCloseBy, 0, 1, 1, NULL);",active_reference
global:gText_CallCantBeMadeHere,gText_CallCantBeMadeHere,POKENAV,src/pokenav_match_call_list.c,356,GLOBAL,symbol_reference,,left_or_dynamic,direct_line_only_pending_call_flow_mapping,return gText_CallCantBeMadeHere;,active_reference
local:src/pokenav_ribbons_list.c:sText_NoGenderSymbol,sText_NoGenderSymbol,POKENAV,src/pokenav_ribbons_list.c,728,BufferRibbonMonInfoText,symbol_reference,,left_or_dynamic,direct_line_only_pending_call_flow_mapping,genderStr = sText_NoGenderSymbol;,active_reference
local:src/pokenav_ribbons_list.c:sText_MaleSymbol,sText_MaleSymbol,POKENAV,src/pokenav_ribbons_list.c,731,BufferRibbonMonInfoText,symbol_reference,,left_or_dynamic,direct_line_only_pending_call_flow_mapping,genderStr = sText_MaleSymbol;,active_reference
local:src/pokenav_ribbons_list.c:sText_FemaleSymbol,sText_FemaleSymbol,POKENAV,src/pokenav_ribbons_list.c,734,BufferRibbonMonInfoText,symbol_reference,,left_or_dynamic,direct_line_only_pending_call_flow_mapping,genderStr = sText_FemaleSymbol;,active_reference
global:gText_RibbonsF700,gText_RibbonsF700,POKENAV,src/pokenav_ribbons_summary.c,811,PrintCurrentMonRibbonCount,symbol_reference,,left_or_dynamic,direct_line_only_pending_call_flow_mapping,"DynamicPlaceholderTextUtil_ExpandPlaceholders(gStringVar4, gText_RibbonsF700);",active_reference
local:src/pokenav_ribbons_summary.c:sText_MaleSymbol,sText_MaleSymbol,POKENAV,src/pokenav_ribbons_summary.c,885,PrintRibbbonsSummaryMonInfo,symbol_reference,,left_or_dynamic,direct_line_only_pending_call_flow_mapping,genderTxt = sText_MaleSymbol;,active_reference
local:src/pokenav_ribbons_summary.c:sText_FemaleSymbol,sText_FemaleSymbol,POKENAV,src/pokenav_ribbons_summary.c,888,PrintRibbbonsSummaryMonInfo,symbol_reference,,left_or_dynamic,direct_line_only_pending_call_flow_mapping,genderTxt = sText_FemaleSymbol;,active_reference
local:src/pokenav_ribbons_summary.c:sGenderlessIconString,sGenderlessIconString,POKENAV,src/pokenav_ribbons_summary.c,891,PrintRibbbonsSummaryMonInfo,symbol_reference,,left_or_dynamic,direct_line_only_pending_call_flow_mapping,genderTxt = sGenderlessIconString;,active_reference
global:gText_ShopBuy,gText_ShopBuy,SHOP,src/shop.c,167,GLOBAL,menu_action_or_table,,left_or_dynamic,direct_line_only_pending_call_flow_mapping,"{ gText_ShopBuy, {.void_u8=Task_HandleShopMenuBuy} },",active_reference
global:gText_ShopSell,gText_ShopSell,SHOP,src/shop.c,168,GLOBAL,menu_action_or_table,,left_or_dynamic,direct_line_only_pending_call_flow_mapping,"{ gText_ShopSell, {.void_u8=Task_HandleShopMenuSell} },",active_reference
global:gText_ShopQuit,gText_ShopQuit,SHOP,src/shop.c,169,GLOBAL,menu_action_or_table,,left_or_dynamic,direct_line_only_pending_call_flow_mapping,"{ gText_ShopQuit, {.void_u8=Task_HandleShopMenuQuit} }",active_reference
global:gText_ShopBuy,gText_ShopBuy,SHOP,src/shop.c,174,GLOBAL,menu_action_or_table,,left_or_dynamic,direct_line_only_pending_call_flow_mapping,"{ gText_ShopBuy, {.void_u8=Task_HandleShopMenuBuy} },",active_reference
global:gText_ShopQuit,gText_ShopQuit,SHOP,src/shop.c,175,GLOBAL,menu_action_or_table,,left_or_dynamic,direct_line_only_pending_call_flow_mapping,"{ gText_ShopQuit, {.void_u8=Task_HandleShopMenuQuit} }",active_reference
global:gText_CanIHelpWithAnythingElse,gText_CanIHelpWithAnythingElse,SHOP,src/shop.c,473,Task_ReturnToShopMenu,symbol_reference,,left_or_dynamic,direct_line_only_pending_call_flow_mapping,"DisplayItemMessageOnField(taskId, gText_CanIHelpWithAnythingElse, ShowShopMenuAfterExitingBuyOrSellMenu);",active_reference
global:gText_AnythingElseICanHelp,gText_AnythingElseICanHelp,SHOP,src/shop.c,475,Task_ReturnToShopMenu,symbol_reference,,left_or_dynamic,direct_line_only_pending_call_flow_mapping,"DisplayItemMessageOnField(taskId, gText_AnythingElseICanHelp, ShowShopMenuAfterExitingBuyOrSellMenu);",active_reference
global:gText_Cancel2,gText_Cancel2,SHOP,src/shop.c,565,BuyMenuBuildListMenuTemplate,symbol_reference,,left_or_dynamic,direct_line_only_pending_call_flow_mapping,"StringCopy(sItemNames[i], gText_Cancel2);",active_reference
global:gText_QuitShopping,gText_QuitShopping,SHOP,src/shop.c,613,BuyMenuPrintItemDescriptionAndShowItemIcon,symbol_reference,,left_or_dynamic,direct_line_only_pending_call_flow_mapping,description = gText_QuitShopping;,active_reference
global:gText_PokedollarVar1,gText_PokedollarVar1,SHOP,src/shop.c,643,BuyMenuPrintPriceInList,placeholder_expansion,,left_or_dynamic,direct_line_only_pending_call_flow_mapping,"StringExpandPlaceholders(gStringVar4, gText_PokedollarVar1);",active_reference
global:gText_SelectorArrow2,gText_SelectorArrow2,SHOP,src/shop.c,677,BuyMenuPrintCursor,symbol_reference,,left_or_dynamic,direct_line_only_pending_call_flow_mapping,"BuyMenuPrint(WIN_ITEM_LIST, gText_SelectorArrow2, 0, y, 0, colorSet);",active_reference
global:gText_YouDontHaveMoney,gText_YouDontHaveMoney,SHOP,src/shop.c,995,Task_BuyMenu,symbol_reference,,left_or_dynamic,direct_line_only_pending_call_flow_mapping,"BuyMenuDisplayMessage(taskId, gText_YouDontHaveMoney, BuyMenuReturnToItemList);",active_reference
global:gText_Var1CertainlyHowMany2,gText_Var1CertainlyHowMany2,SHOP,src/shop.c,1005,Task_BuyMenu,symbol_reference,,left_or_dynamic,direct_line_only_pending_call_flow_mapping,"BuyMenuDisplayMessage(taskId, gText_Var1CertainlyHowMany2, Task_BuyHowManyDialogueInit);",active_reference
global:gText_Var1CertainlyHowMany,gText_Var1CertainlyHowMany,SHOP,src/shop.c,1009,Task_BuyMenu,symbol_reference,,left_or_dynamic,direct_line_only_pending_call_flow_mapping,"BuyMenuDisplayMessage(taskId, gText_Var1CertainlyHowMany, Task_BuyHowManyDialogueInit);",active_reference
global:gText_Var1IsItThatllBeVar2,gText_Var1IsItThatllBeVar2,SHOP,src/shop.c,1018,Task_BuyMenu,placeholder_expansion,,left_or_dynamic,direct_line_only_pending_call_flow_mapping,"StringExpandPlaceholders(gStringVar4, gText_Var1IsItThatllBeVar2);",active_reference
global:gText_YouWantedVar1ThatllBeVar2,gText_YouWantedVar1ThatllBeVar2,SHOP,src/shop.c,1020,Task_BuyMenu,placeholder_expansion,,left_or_dynamic,direct_line_only_pending_call_flow_mapping,"StringExpandPlaceholders(gStringVar4, gText_YouWantedVar1ThatllBeVar2);",active_reference
global:gText_InBagVar1,gText_InBagVar1,SHOP,src/shop.c,1039,Task_BuyHowManyDialogueInit,placeholder_expansion,,left_or_dynamic,direct_line_only_pending_call_flow_mapping,"StringExpandPlaceholders(gStringVar4, gText_InBagVar1);",active_reference
global:gText_Var1AndYouWantedVar2,gText_Var1AndYouWantedVar2,SHOP,src/shop.c,1078,Task_BuyHowManyDialogueHandleInput,symbol_reference,,left_or_dynamic,direct_line_only_pending_call_flow_mapping,"BuyMenuDisplayMessage(taskId, gText_Var1AndYouWantedVar2, BuyMenuConfirmPurchase);",active_reference
global:gText_HereYouGoThankYou,gText_HereYouGoThankYou,SHOP,src/shop.c,1107,BuyMenuTryMakePurchase,symbol_reference,,left_or_dynamic,direct_line_only_pending_call_flow_mapping,"BuyMenuDisplayMessage(taskId, gText_HereYouGoThankYou, BuyMenuSubtractMoney);",active_reference
global:gText_NoMoreRoomForThis,gText_NoMoreRoomForThis,SHOP,src/shop.c,1112,BuyMenuTryMakePurchase,symbol_reference,,left_or_dynamic,direct_line_only_pending_call_flow_mapping,"BuyMenuDisplayMessage(taskId, gText_NoMoreRoomForThis, BuyMenuReturnToItemList);",active_reference
global:gText_ThankYouIllSendItHome,gText_ThankYouIllSendItHome,SHOP,src/shop.c,1120,BuyMenuTryMakePurchase,symbol_reference,,left_or_dynamic,direct_line_only_pending_call_flow_mapping,"BuyMenuDisplayMessage(taskId, gText_ThankYouIllSendItHome, BuyMenuSubtractMoney);",active_reference
global:gText_ThanksIllSendItHome,gText_ThanksIllSendItHome,SHOP,src/shop.c,1122,BuyMenuTryMakePurchase,symbol_reference,,left_or_dynamic,direct_line_only_pending_call_flow_mapping,"BuyMenuDisplayMessage(taskId, gText_ThanksIllSendItHome, BuyMenuSubtractMoney);",active_reference
global:gText_SpaceForVar1Full,gText_SpaceForVar1Full,SHOP,src/shop.c,1126,BuyMenuTryMakePurchase,symbol_reference,,left_or_dynamic,direct_line_only_pending_call_flow_mapping,"BuyMenuDisplayMessage(taskId, gText_SpaceForVar1Full, BuyMenuReturnToItemList);",active_reference
global:gText_ThrowInPremierBall,gText_ThrowInPremierBall,SHOP,src/shop.c,1154,Task_ReturnToItemListAfterItemPurchase,symbol_reference,,left_or_dynamic,direct_line_only_pending_call_flow_mapping,"BuyMenuDisplayMessage(taskId, gText_ThrowInPremierBall, BuyMenuReturnToItemList);",active_reference
global:gText_xVar1,gText_xVar1,SHOP,src/shop.c,1189,BuyMenuPrintItemQuantityAndPrice,placeholder_expansion,,left_or_dynamic,direct_line_only_pending_call_flow_mapping,"StringExpandPlaceholders(gStringVar4, gText_xVar1);",active_reference
global:gText_Floor1,gText_Floor1,START_SAVE,src/start_menu.c,152,GLOBAL,symbol_reference,,left_or_dynamic,direct_line_only_pending_call_flow_mapping,"gText_Floor1,",active_reference
global:gText_Floor2,gText_Floor2,START_SAVE,src/start_menu.c,153,GLOBAL,symbol_reference,,left_or_dynamic,direct_line_only_pending_call_flow_mapping,"gText_Floor2,",active_reference
global:gText_Floor3,gText_Floor3,START_SAVE,src/start_menu.c,154,GLOBAL,symbol_reference,,left_or_dynamic,direct_line_only_pending_call_flow_mapping,"gText_Floor3,",active_reference
global:gText_Floor4,gText_Floor4,START_SAVE,src/start_menu.c,155,GLOBAL,symbol_reference,,left_or_dynamic,direct_line_only_pending_call_flow_mapping,"gText_Floor4,",active_reference
global:gText_Floor5,gText_Floor5,START_SAVE,src/start_menu.c,156,GLOBAL,symbol_reference,,left_or_dynamic,direct_line_only_pending_call_flow_mapping,"gText_Floor5,",active_reference
global:gText_Floor6,gText_Floor6,START_SAVE,src/start_menu.c,157,GLOBAL,symbol_reference,,left_or_dynamic,direct_line_only_pending_call_flow_mapping,"gText_Floor6,",active_reference
global:gText_Floor7,gText_Floor7,START_SAVE,src/start_menu.c,158,GLOBAL,symbol_reference,,left_or_dynamic,direct_line_only_pending_call_flow_mapping,"gText_Floor7,",active_reference
global:gText_Peak,gText_Peak,START_SAVE,src/start_menu.c,159,GLOBAL,symbol_reference,,left_or_dynamic,direct_line_only_pending_call_flow_mapping,gText_Peak,active_reference
global:gText_MenuPokedex,gText_MenuPokedex,START_SAVE,src/start_menu.c,184,GLOBAL,menu_action_or_table,,left_or_dynamic,direct_line_only_pending_call_flow_mapping,"[MENU_ACTION_POKEDEX]         = {gText_MenuPokedex, {.u8_void = StartMenuPokedexCallback}},",active_reference
global:gText_MenuPokemon,gText_MenuPokemon,START_SAVE,src/start_menu.c,185,GLOBAL,menu_action_or_table,,left_or_dynamic,direct_line_only_pending_call_flow_mapping,"[MENU_ACTION_POKEMON]         = {gText_MenuPokemon, {.u8_void = StartMenuPokemonCallback}},",active_reference
global:gText_MenuBag,gText_MenuBag,START_SAVE,src/start_menu.c,186,GLOBAL,menu_action_or_table,,left_or_dynamic,direct_line_only_pending_call_flow_mapping,"[MENU_ACTION_BAG]             = {gText_MenuBag,     {.u8_void = StartMenuBagCallback}},",active_reference
global:gText_MenuPokenav,gText_MenuPokenav,START_SAVE,src/start_menu.c,187,GLOBAL,menu_action_or_table,,left_or_dynamic,direct_line_only_pending_call_flow_mapping,"[MENU_ACTION_POKENAV]         = {gText_MenuPokenav, {.u8_void = StartMenuPokeNavCallback}},",active_reference
global:gText_MenuPlayer,gText_MenuPlayer,START_SAVE,src/start_menu.c,188,GLOBAL,menu_action_or_table,,left_or_dynamic,direct_line_only_pending_call_flow_mapping,"[MENU_ACTION_PLAYER]          = {gText_MenuPlayer,  {.u8_void = StartMenuPlayerNameCallback}},",active_reference
global:gText_MenuSave,gText_MenuSave,START_SAVE,src/start_menu.c,189,GLOBAL,menu_action_or_table,,left_or_dynamic,direct_line_only_pending_call_flow_mapping,"[MENU_ACTION_SAVE]            = {gText_MenuSave,    {.u8_void = StartMenuSaveCallback}},",active_reference
global:gText_MenuOption,gText_MenuOption,START_SAVE,src/start_menu.c,190,GLOBAL,menu_action_or_table,,left_or_dynamic,direct_line_only_pending_call_flow_mapping,"[MENU_ACTION_OPTION]          = {gText_MenuOption,  {.u8_void = StartMenuOptionCallback}},",active_reference
global:gText_MenuExit,gText_MenuExit,START_SAVE,src/start_menu.c,191,GLOBAL,menu_action_or_table,,left_or_dynamic,direct_line_only_pending_call_flow_mapping,"[MENU_ACTION_EXIT]            = {gText_MenuExit,    {.u8_void = StartMenuExitCallback}},",active_reference
global:gText_MenuRetire,gText_MenuRetire,START_SAVE,src/start_menu.c,192,GLOBAL,menu_action_or_table,,left_or_dynamic,direct_line_only_pending_call_flow_mapping,"[MENU_ACTION_RETIRE_SAFARI]   = {gText_MenuRetire,  {.u8_void = StartMenuSafariZoneRetireCallback}},",active_reference
global:gText_MenuPlayer,gText_MenuPlayer,START_SAVE,src/start_menu.c,193,GLOBAL,menu_action_or_table,,left_or_dynamic,direct_line_only_pending_call_flow_mapping,"[MENU_ACTION_PLAYER_LINK]     = {gText_MenuPlayer,  {.u8_void = StartMenuLinkModePlayerNameCallback}},",active_reference
global:gText_MenuRest,gText_MenuRest,START_SAVE,src/start_menu.c,194,GLOBAL,menu_action_or_table,,left_or_dynamic,direct_line_only_pending_call_flow_mapping,"[MENU_ACTION_REST_FRONTIER]   = {gText_MenuRest,    {.u8_void = StartMenuSaveCallback}},",active_reference
global:gText_MenuRetire,gText_MenuRetire,START_SAVE,src/start_menu.c,195,GLOBAL,menu_action_or_table,,left_or_dynamic,direct_line_only_pending_call_flow_mapping,"[MENU_ACTION_RETIRE_FRONTIER] = {gText_MenuRetire,  {.u8_void = StartMenuBattlePyramidRetireCallback}},",active_reference
global:gText_MenuBag,gText_MenuBag,START_SAVE,src/start_menu.c,196,GLOBAL,menu_action_or_table,,left_or_dynamic,direct_line_only_pending_call_flow_mapping,"[MENU_ACTION_PYRAMID_BAG]     = {gText_MenuBag,     {.u8_void = StartMenuBattlePyramidBagCallback}}",active_reference
global:gText_SafariBallStock,gText_SafariBallStock,START_SAVE,src/start_menu.c,414,ShowSafariBallsWindow,placeholder_expansion,,left_or_dynamic,direct_line_only_pending_call_flow_mapping,"StringExpandPlaceholders(gStringVar4, gText_SafariBallStock);",active_reference
global:gText_BattlePyramidFloor,gText_BattlePyramidFloor,START_SAVE,src/start_menu.c,429,ShowPyramidFloorWindow,placeholder_expansion,,left_or_dynamic,direct_line_only_pending_call_flow_mapping,"StringExpandPlaceholders(gStringVar4, gText_BattlePyramidFloor);",active_reference
global:gText_BattlePyramidConfirmRest,gText_BattlePyramidConfirmRest,START_SAVE,src/start_menu.c,986,SaveConfirmSaveCallback,message_window,,left_or_dynamic,direct_line_only_pending_call_flow_mapping,"ShowSaveMessage(gText_BattlePyramidConfirmRest, SaveYesNoCallback);",active_reference
global:gText_ConfirmSave,gText_ConfirmSave,START_SAVE,src/start_menu.c,990,SaveConfirmSaveCallback,message_window,,left_or_dynamic,direct_line_only_pending_call_flow_mapping,"ShowSaveMessage(gText_ConfirmSave, SaveYesNoCallback);",active_reference
global:gText_DifferentSaveFile,gText_DifferentSaveFile,START_SAVE,src/start_menu.c,1039,SaveFileExistsCallback,message_window,,left_or_dynamic,direct_line_only_pending_call_flow_mapping,"ShowSaveMessage(gText_DifferentSaveFile, SaveConfirmOverwriteDefaultNoCallback);",active_reference
global:gText_AlreadySavedFile,gText_AlreadySavedFile,START_SAVE,src/start_menu.c,1043,SaveFileExistsCallback,message_window,,left_or_dynamic,direct_line_only_pending_call_flow_mapping,"ShowSaveMessage(gText_AlreadySavedFile, SaveConfirmOverwriteCallback);",active_reference
global:gText_SavingDontTurnOff,gText_SavingDontTurnOff,START_SAVE,src/start_menu.c,1082,SaveSavingMessageCallback,message_window,,left_or_dynamic,direct_line_only_pending_call_flow_mapping,"ShowSaveMessage(gText_SavingDontTurnOff, SaveDoSaveCallback);",active_reference
global:gText_PlayerSavedGame,gText_PlayerSavedGame,START_SAVE,src/start_menu.c,1104,SaveDoSaveCallback,message_window,,left_or_dynamic,direct_line_only_pending_call_flow_mapping,"ShowSaveMessage(gText_PlayerSavedGame, SaveSuccessCallback);",active_reference
global:gText_SaveError,gText_SaveError,START_SAVE,src/start_menu.c,1106,SaveDoSaveCallback,message_window,,left_or_dynamic,direct_line_only_pending_call_flow_mapping,"ShowSaveMessage(gText_SaveError, SaveErrorCallback);",active_reference
global:gText_BattlePyramidConfirmRetire,gText_BattlePyramidConfirmRetire,START_SAVE,src/start_menu.c,1170,BattlePyramidConfirmRetireCallback,message_window,,left_or_dynamic,direct_line_only_pending_call_flow_mapping,"ShowSaveMessage(gText_BattlePyramidConfirmRetire, BattlePyramidRetireYesNoCallback);",active_reference
global:gText_SavingDontTurnOffPower,gText_SavingDontTurnOffPower,START_SAVE,src/start_menu.c,1268,Task_SaveAfterLinkBattle,symbol_reference,,left_or_dynamic,direct_line_only_pending_call_flow_mapping,"gText_SavingDontTurnOffPower,",active_reference
global:gText_SavingPlayer,gText_SavingPlayer,START_SAVE,src/start_menu.c,1363,ShowSaveInfoWindow,direct_text_printer,FONT_NORMAL,left_or_dynamic,direct_line_only_pending_call_flow_mapping,"AddTextPrinterParameterized(sSaveInfoWindowId, FONT_NORMAL, gText_SavingPlayer, 0, yOffset, TEXT_SKIP_DRAW, NULL);",active_reference
global:gText_SavingBadges,gText_SavingBadges,START_SAVE,src/start_menu.c,1370,ShowSaveInfoWindow,direct_text_printer,FONT_NORMAL,left_or_dynamic,direct_line_only_pending_call_flow_mapping,"AddTextPrinterParameterized(sSaveInfoWindowId, FONT_NORMAL, gText_SavingBadges, 0, yOffset, TEXT_SKIP_DRAW, NULL);",active_reference
global:gText_SavingPokedex,gText_SavingPokedex,START_SAVE,src/start_menu.c,1379,ShowSaveInfoWindow,direct_text_printer,FONT_NORMAL,left_or_dynamic,direct_line_only_pending_call_flow_mapping,"AddTextPrinterParameterized(sSaveInfoWindowId, FONT_NORMAL, gText_SavingPokedex, 0, yOffset, TEXT_SKIP_DRAW, NULL);",active_reference
global:gText_SavingTime,gText_SavingTime,START_SAVE,src/start_menu.c,1387,ShowSaveInfoWindow,direct_text_printer,FONT_NORMAL,left_or_dynamic,direct_line_only_pending_call_flow_mapping,"AddTextPrinterParameterized(sSaveInfoWindowId, FONT_NORMAL, gText_SavingTime, 0, yOffset, TEXT_SKIP_DRAW, NULL);",active_reference
global:gText_NumberClear01,gText_NumberClear01,SUMMARY,src/pokemon_summary_screen.c,2759,PrintNotEggInfo,symbol_reference,,left_or_dynamic,direct_line_only_pending_call_flow_mapping,"StringCopy(gStringVar1, &gText_NumberClear01[0]);",active_reference
global:gText_LevelSymbol,gText_LevelSymbol,SUMMARY,src/pokemon_summary_screen.c,2782,PrintNotEggInfo,symbol_reference,,left_or_dynamic,direct_line_only_pending_call_flow_mapping,"StringCopy(gStringVar1, gText_LevelSymbol);",active_reference
global:gText_MaleSymbol,gText_MaleSymbol,SUMMARY,src/pokemon_summary_screen.c,2812,PrintGenderSymbol,direct_text_printer,,left_or_dynamic,direct_line_only_pending_call_flow_mapping,"PrintTextOnWindow(PSS_LABEL_WINDOW_PORTRAIT_SPECIES, gText_MaleSymbol, 57, 17, 0, 3);",active_reference
global:gText_FemaleSymbol,gText_FemaleSymbol,SUMMARY,src/pokemon_summary_screen.c,2815,PrintGenderSymbol,direct_text_printer,,left_or_dynamic,direct_line_only_pending_call_flow_mapping,"PrintTextOnWindow(PSS_LABEL_WINDOW_PORTRAIT_SPECIES, gText_FemaleSymbol, 57, 17, 0, 4);",active_reference
global:gText_PkmnInfo,gText_PkmnInfo,SUMMARY,src/pokemon_summary_screen.c,2838,PrintPageNamesAndStats,direct_text_printer,,left_or_dynamic,direct_line_only_pending_call_flow_mapping,"PrintTextOnWindow(PSS_LABEL_WINDOW_POKEMON_INFO_TITLE, gText_PkmnInfo, 2, 1, 0, 1);",active_reference
global:gText_PkmnSkills,gText_PkmnSkills,SUMMARY,src/pokemon_summary_screen.c,2839,PrintPageNamesAndStats,direct_text_printer,,left_or_dynamic,direct_line_only_pending_call_flow_mapping,"PrintTextOnWindow(PSS_LABEL_WINDOW_POKEMON_SKILLS_TITLE, gText_PkmnSkills, 2, 1, 0, 1);",active_reference
global:gText_BattleMoves,gText_BattleMoves,SUMMARY,src/pokemon_summary_screen.c,2840,PrintPageNamesAndStats,direct_text_printer,,left_or_dynamic,direct_line_only_pending_call_flow_mapping,"PrintTextOnWindow(PSS_LABEL_WINDOW_BATTLE_MOVES_TITLE, gText_BattleMoves, 2, 1, 0, 1);",active_reference
global:gText_ContestMoves,gText_ContestMoves,SUMMARY,src/pokemon_summary_screen.c,2841,PrintPageNamesAndStats,direct_text_printer,,left_or_dynamic,direct_line_only_pending_call_flow_mapping,"PrintTextOnWindow(PSS_LABEL_WINDOW_CONTEST_MOVES_TITLE, gText_ContestMoves, 2, 1, 0, 1);",active_reference
global:gText_Cancel2,gText_Cancel2,SUMMARY,src/pokemon_summary_screen.c,2843,PrintPageNamesAndStats,right_aligned,FONT_NORMAL,right,direct_line_only_pending_call_flow_mapping,"stringXPos = GetStringRightAlignXOffset(FONT_NORMAL, gText_Cancel2, 62);",active_reference
global:gText_Cancel2,gText_Cancel2,SUMMARY,src/pokemon_summary_screen.c,2848,PrintPageNamesAndStats,direct_text_printer,,left_or_dynamic,direct_line_only_pending_call_flow_mapping,"PrintTextOnWindow(PSS_LABEL_WINDOW_PROMPT_CANCEL, gText_Cancel2, stringXPos, 1, 0, 0);",active_reference
global:gText_Info,gText_Info,SUMMARY,src/pokemon_summary_screen.c,2850,PrintPageNamesAndStats,right_aligned,FONT_NORMAL,right,direct_line_only_pending_call_flow_mapping,"stringXPos = GetStringRightAlignXOffset(FONT_NORMAL, gText_Info, 62);",active_reference
global:gText_Info,gText_Info,SUMMARY,src/pokemon_summary_screen.c,2855,PrintPageNamesAndStats,direct_text_printer,,left_or_dynamic,direct_line_only_pending_call_flow_mapping,"PrintTextOnWindow(PSS_LABEL_WINDOW_PROMPT_INFO, gText_Info, stringXPos, 1, 0, 0);",active_reference
global:gText_Switch,gText_Switch,SUMMARY,src/pokemon_summary_screen.c,2857,PrintPageNamesAndStats,right_aligned,FONT_NORMAL,right,direct_line_only_pending_call_flow_mapping,"stringXPos = GetStringRightAlignXOffset(FONT_NORMAL, gText_Switch, 62);",active_reference
global:gText_Switch,gText_Switch,SUMMARY,src/pokemon_summary_screen.c,2862,PrintPageNamesAndStats,direct_text_printer,,left_or_dynamic,direct_line_only_pending_call_flow_mapping,"PrintTextOnWindow(PSS_LABEL_WINDOW_PROMPT_SWITCH, gText_Switch, stringXPos, 1, 0, 0);",active_reference
global:gText_RentalPkmn,gText_RentalPkmn,SUMMARY,src/pokemon_summary_screen.c,2864,PrintPageNamesAndStats,direct_text_printer,,left_or_dynamic,direct_line_only_pending_call_flow_mapping,"PrintTextOnWindow(PSS_LABEL_WINDOW_POKEMON_INFO_RENTAL, gText_RentalPkmn, 0, 1, 0, 1);",active_reference
global:gText_TypeSlash,gText_TypeSlash,SUMMARY,src/pokemon_summary_screen.c,2865,PrintPageNamesAndStats,direct_text_printer,,left_or_dynamic,direct_line_only_pending_call_flow_mapping,"PrintTextOnWindow(PSS_LABEL_WINDOW_POKEMON_INFO_TYPE, gText_TypeSlash, 0, 1, 0, 0);",active_reference
global:gText_HP4,gText_HP4,SUMMARY,src/pokemon_summary_screen.c,2866,PrintPageNamesAndStats,center_aligned,FONT_NORMAL,center,direct_line_only_pending_call_flow_mapping,"statsXPos = 6 + GetStringCenterAlignXOffset(FONT_NORMAL, gText_HP4, 42);",active_reference
global:gText_HP4,gText_HP4,SUMMARY,src/pokemon_summary_screen.c,2867,PrintPageNamesAndStats,direct_text_printer,,left_or_dynamic,direct_line_only_pending_call_flow_mapping,"PrintTextOnWindow(PSS_LABEL_WINDOW_POKEMON_SKILLS_STATS_LEFT, gText_HP4, statsXPos, 1, 0, 1);",active_reference
global:gText_Attack3,gText_Attack3,SUMMARY,src/pokemon_summary_screen.c,2868,PrintPageNamesAndStats,center_aligned,FONT_NORMAL,center,direct_line_only_pending_call_flow_mapping,"statsXPos = 6 + GetStringCenterAlignXOffset(FONT_NORMAL, gText_Attack3, 42);",active_reference
global:gText_Attack3,gText_Attack3,SUMMARY,src/pokemon_summary_screen.c,2869,PrintPageNamesAndStats,direct_text_printer,,left_or_dynamic,direct_line_only_pending_call_flow_mapping,"PrintTextOnWindow(PSS_LABEL_WINDOW_POKEMON_SKILLS_STATS_LEFT, gText_Attack3, statsXPos, 17, 0, 1);",active_reference
global:gText_Defense3,gText_Defense3,SUMMARY,src/pokemon_summary_screen.c,2870,PrintPageNamesAndStats,center_aligned,FONT_NORMAL,center,direct_line_only_pending_call_flow_mapping,"statsXPos = 6 + GetStringCenterAlignXOffset(FONT_NORMAL, gText_Defense3, 42);",active_reference
global:gText_Defense3,gText_Defense3,SUMMARY,src/pokemon_summary_screen.c,2871,PrintPageNamesAndStats,direct_text_printer,,left_or_dynamic,direct_line_only_pending_call_flow_mapping,"PrintTextOnWindow(PSS_LABEL_WINDOW_POKEMON_SKILLS_STATS_LEFT, gText_Defense3, statsXPos, 33, 0, 1);",active_reference
global:gText_SpAtk4,gText_SpAtk4,SUMMARY,src/pokemon_summary_screen.c,2872,PrintPageNamesAndStats,center_aligned,FONT_NORMAL,center,direct_line_only_pending_call_flow_mapping,"statsXPos = 2 + GetStringCenterAlignXOffset(FONT_NORMAL, gText_SpAtk4, 36);",active_reference
global:gText_SpAtk4,gText_SpAtk4,SUMMARY,src/pokemon_summary_screen.c,2873,PrintPageNamesAndStats,direct_text_printer,,left_or_dynamic,direct_line_only_pending_call_flow_mapping,"PrintTextOnWindow(PSS_LABEL_WINDOW_POKEMON_SKILLS_STATS_RIGHT, gText_SpAtk4, statsXPos, 1, 0, 1);",active_reference
global:gText_SpDef4,gText_SpDef4,SUMMARY,src/pokemon_summary_screen.c,2874,PrintPageNamesAndStats,center_aligned,FONT_NORMAL,center,direct_line_only_pending_call_flow_mapping,"statsXPos = 2 + GetStringCenterAlignXOffset(FONT_NORMAL, gText_SpDef4, 36);",active_reference
global:gText_SpDef4,gText_SpDef4,SUMMARY,src/pokemon_summary_screen.c,2875,PrintPageNamesAndStats,direct_text_printer,,left_or_dynamic,direct_line_only_pending_call_flow_mapping,"PrintTextOnWindow(PSS_LABEL_WINDOW_POKEMON_SKILLS_STATS_RIGHT, gText_SpDef4, statsXPos, 17, 0, 1);",active_reference
global:gText_Speed2,gText_Speed2,SUMMARY,src/pokemon_summary_screen.c,2876,PrintPageNamesAndStats,center_aligned,FONT_NORMAL,center,direct_line_only_pending_call_flow_mapping,"statsXPos = 2 + GetStringCenterAlignXOffset(FONT_NORMAL, gText_Speed2, 36);",active_reference
global:gText_Speed2,gText_Speed2,SUMMARY,src/pokemon_summary_screen.c,2877,PrintPageNamesAndStats,direct_text_printer,,left_or_dynamic,direct_line_only_pending_call_flow_mapping,"PrintTextOnWindow(PSS_LABEL_WINDOW_POKEMON_SKILLS_STATS_RIGHT, gText_Speed2, statsXPos, 33, 0, 1);",active_reference
global:gText_ExpPoints,gText_ExpPoints,SUMMARY,src/pokemon_summary_screen.c,2878,PrintPageNamesAndStats,direct_text_printer,,left_or_dynamic,direct_line_only_pending_call_flow_mapping,"PrintTextOnWindow(PSS_LABEL_WINDOW_POKEMON_SKILLS_EXP, gText_ExpPoints, 6, 1, 0, 1);",active_reference
global:gText_NextLv,gText_NextLv,SUMMARY,src/pokemon_summary_screen.c,2879,PrintPageNamesAndStats,direct_text_printer,,left_or_dynamic,direct_line_only_pending_call_flow_mapping,"PrintTextOnWindow(PSS_LABEL_WINDOW_POKEMON_SKILLS_EXP, gText_NextLv, 6, 17, 0, 1);",active_reference
global:gText_Status,gText_Status,SUMMARY,src/pokemon_summary_screen.c,2880,PrintPageNamesAndStats,direct_text_printer,,left_or_dynamic,direct_line_only_pending_call_flow_mapping,"PrintTextOnWindow(PSS_LABEL_WINDOW_POKEMON_SKILLS_STATUS, gText_Status, 2, 1, 0, 1);",active_reference
global:gText_Power,gText_Power,SUMMARY,src/pokemon_summary_screen.c,2881,PrintPageNamesAndStats,direct_text_printer,,left_or_dynamic,direct_line_only_pending_call_flow_mapping,"PrintTextOnWindow(PSS_LABEL_WINDOW_MOVES_POWER_ACC, gText_Power, 0, 1, 0, 1);",active_reference
global:gText_Accuracy2,gText_Accuracy2,SUMMARY,src/pokemon_summary_screen.c,2882,PrintPageNamesAndStats,direct_text_printer,,left_or_dynamic,direct_line_only_pending_call_flow_mapping,"PrintTextOnWindow(PSS_LABEL_WINDOW_MOVES_POWER_ACC, gText_Accuracy2, 0, 17, 0, 1);",active_reference
global:gText_Appeal,gText_Appeal,SUMMARY,src/pokemon_summary_screen.c,2883,PrintPageNamesAndStats,direct_text_printer,,left_or_dynamic,direct_line_only_pending_call_flow_mapping,"PrintTextOnWindow(PSS_LABEL_WINDOW_MOVES_APPEAL_JAM, gText_Appeal, 0, 1, 0, 1);",active_reference
global:gText_Jam,gText_Jam,SUMMARY,src/pokemon_summary_screen.c,2884,PrintPageNamesAndStats,direct_text_printer,,left_or_dynamic,direct_line_only_pending_call_flow_mapping,"PrintTextOnWindow(PSS_LABEL_WINDOW_MOVES_APPEAL_JAM, gText_Jam, 0, 17, 0, 1);",active_reference
global:gText_OTSlash,gText_OTSlash,SUMMARY,src/pokemon_summary_screen.c,3084,PrintMonOTName,direct_text_printer,,left_or_dynamic,direct_line_only_pending_call_flow_mapping,"PrintTextOnWindow(windowId, gText_OTSlash, 0, 1, 0, 1);",active_reference
global:gText_OTSlash,gText_OTSlash,SUMMARY,src/pokemon_summary_screen.c,3085,PrintMonOTName,symbol_reference,FONT_NORMAL,left_or_dynamic,direct_line_only_pending_call_flow_mapping,"x = GetStringWidth(FONT_NORMAL, gText_OTSlash, 0);",active_reference
global:gText_IDNumber2,gText_IDNumber2,SUMMARY,src/pokemon_summary_screen.c,3098,PrintMonOTID,symbol_reference,,left_or_dynamic,direct_line_only_pending_call_flow_mapping,"ConvertIntToDecimalStringN(StringCopy(gStringVar1, gText_IDNumber2), (u16)sMonSummaryScreen->summary.OTID, STR_CONV_MODE_LEADING_ZEROS, 5);",active_reference
local:src/pokemon_summary_screen.c:sMemoNatureTextColor,sMemoNatureTextColor,SUMMARY,src/pokemon_summary_screen.c,3122,BufferMonTrainerMemo,symbol_reference,,left_or_dynamic,direct_line_only_pending_call_flow_mapping,"DynamicPlaceholderTextUtil_SetPlaceholderPtr(0, sMemoNatureTextColor);",active_reference
local:src/pokemon_summary_screen.c:sMemoMiscTextColor,sMemoMiscTextColor,SUMMARY,src/pokemon_summary_screen.c,3123,BufferMonTrainerMemo,symbol_reference,,left_or_dynamic,direct_line_only_pending_call_flow_mapping,"DynamicPlaceholderTextUtil_SetPlaceholderPtr(1, sMemoMiscTextColor);",active_reference
global:gText_XNature,gText_XNature,SUMMARY,src/pokemon_summary_screen.c,3128,BufferMonTrainerMemo,symbol_reference,,left_or_dynamic,direct_line_only_pending_call_flow_mapping,"DynamicPlaceholderTextUtil_ExpandPlaceholders(gStringVar4, gText_XNature);",active_reference
global:gText_XNatureHatchedAtYZ,gText_XNatureHatchedAtYZ,SUMMARY,src/pokemon_summary_screen.c,3145,BufferMonTrainerMemo,symbol_reference,,left_or_dynamic,direct_line_only_pending_call_flow_mapping,text = (sum->metLocation >= MAPSEC_NONE) ? gText_XNatureHatchedSomewhereAt : gText_XNatureHatchedAtYZ;,active_reference
global:gText_XNatureHatchedSomewhereAt,gText_XNatureHatchedSomewhereAt,SUMMARY,src/pokemon_summary_screen.c,3145,BufferMonTrainerMemo,symbol_reference,,left_or_dynamic,direct_line_only_pending_call_flow_mapping,text = (sum->metLocation >= MAPSEC_NONE) ? gText_XNatureHatchedSomewhereAt : gText_XNatureHatchedAtYZ;,active_reference
global:gText_XNatureMetAtYZ,gText_XNatureMetAtYZ,SUMMARY,src/pokemon_summary_screen.c,3147,BufferMonTrainerMemo,symbol_reference,,left_or_dynamic,direct_line_only_pending_call_flow_mapping,text = (sum->metLocation >= MAPSEC_NONE) ? gText_XNatureMetSomewhereAt : gText_XNatureMetAtYZ;,active_reference
global:gText_XNatureMetSomewhereAt,gText_XNatureMetSomewhereAt,SUMMARY,src/pokemon_summary_screen.c,3147,BufferMonTrainerMemo,symbol_reference,,left_or_dynamic,direct_line_only_pending_call_flow_mapping,text = (sum->metLocation >= MAPSEC_NONE) ? gText_XNatureMetSomewhereAt : gText_XNatureMetAtYZ;,active_reference
global:gText_XNatureFatefulEncounter,gText_XNatureFatefulEncounter,SUMMARY,src/pokemon_summary_screen.c,3151,BufferMonTrainerMemo,symbol_reference,,left_or_dynamic,direct_line_only_pending_call_flow_mapping,text = gText_XNatureFatefulEncounter;,active_reference
global:gText_XNatureObtainedInTrade,gText_XNatureObtainedInTrade,SUMMARY,src/pokemon_summary_screen.c,3155,BufferMonTrainerMemo,symbol_reference,,left_or_dynamic,direct_line_only_pending_call_flow_mapping,text = (sum->metLocation >= MAPSEC_NONE) ? gText_XNatureObtainedInTrade : gText_XNatureProbablyMetAt;,active_reference
global:gText_XNatureProbablyMetAt,gText_XNatureProbablyMetAt,SUMMARY,src/pokemon_summary_screen.c,3155,BufferMonTrainerMemo,symbol_reference,,left_or_dynamic,direct_line_only_pending_call_flow_mapping,text = (sum->metLocation >= MAPSEC_NONE) ? gText_XNatureObtainedInTrade : gText_XNatureProbablyMetAt;,active_reference
global:gText_XNatureObtainedInTrade,gText_XNatureObtainedInTrade,SUMMARY,src/pokemon_summary_screen.c,3159,BufferMonTrainerMemo,symbol_reference,,left_or_dynamic,direct_line_only_pending_call_flow_mapping,text = gText_XNatureObtainedInTrade;,active_reference
global:gText_EmptyString5,gText_EmptyString5,SUMMARY,src/pokemon_summary_screen.c,3177,BufferNatureString,symbol_reference,,left_or_dynamic,direct_line_only_pending_call_flow_mapping,"DynamicPlaceholderTextUtil_SetPlaceholderPtr(5, gText_EmptyString5);",active_reference
global:gText_OTSlash,gText_OTSlash,SUMMARY,src/pokemon_summary_screen.c,3244,PrintEggOTName,symbol_reference,FONT_NORMAL,left_or_dynamic,direct_line_only_pending_call_flow_mapping,"u32 width = GetStringWidth(FONT_NORMAL, gText_OTSlash, 0);",active_reference
global:gText_OTSlash,gText_OTSlash,SUMMARY,src/pokemon_summary_screen.c,3245,PrintEggOTName,direct_text_printer,,left_or_dynamic,direct_line_only_pending_call_flow_mapping,"PrintTextOnWindow(windowId, gText_OTSlash, 0, 1, 0, 1);",active_reference
global:gText_FiveMarks,gText_FiveMarks,SUMMARY,src/pokemon_summary_screen.c,3246,PrintEggOTName,direct_text_printer,,left_or_dynamic,direct_line_only_pending_call_flow_mapping,"PrintTextOnWindow(windowId, gText_FiveMarks, width, 1, 0, 1);",active_reference
global:gText_IDNumber2,gText_IDNumber2,SUMMARY,src/pokemon_summary_screen.c,3252,PrintEggOTID,symbol_reference,,left_or_dynamic,direct_line_only_pending_call_flow_mapping,"StringCopy(gStringVar1, gText_IDNumber2);",active_reference
global:gText_FiveMarks,gText_FiveMarks,SUMMARY,src/pokemon_summary_screen.c,3253,PrintEggOTID,symbol_reference,,left_or_dynamic,direct_line_only_pending_call_flow_mapping,"StringAppend(gStringVar1, gText_FiveMarks);",active_reference
global:gText_EggWillTakeALongTime,gText_EggWillTakeALongTime,SUMMARY,src/pokemon_summary_screen.c,3264,PrintEggState,symbol_reference,,left_or_dynamic,direct_line_only_pending_call_flow_mapping,text = gText_EggWillTakeALongTime;,active_reference
global:gText_EggAboutToHatch,gText_EggAboutToHatch,SUMMARY,src/pokemon_summary_screen.c,3266,PrintEggState,symbol_reference,,left_or_dynamic,direct_line_only_pending_call_flow_mapping,text = gText_EggAboutToHatch;,active_reference
global:gText_EggWillHatchSoon,gText_EggWillHatchSoon,SUMMARY,src/pokemon_summary_screen.c,3268,PrintEggState,symbol_reference,,left_or_dynamic,direct_line_only_pending_call_flow_mapping,text = gText_EggWillHatchSoon;,active_reference
global:gText_EggWillTakeSomeTime,gText_EggWillTakeSomeTime,SUMMARY,src/pokemon_summary_screen.c,3270,PrintEggState,symbol_reference,,left_or_dynamic,direct_line_only_pending_call_flow_mapping,text = gText_EggWillTakeSomeTime;,active_reference
global:gText_EggWillTakeALongTime,gText_EggWillTakeALongTime,SUMMARY,src/pokemon_summary_screen.c,3272,PrintEggState,symbol_reference,,left_or_dynamic,direct_line_only_pending_call_flow_mapping,text = gText_EggWillTakeALongTime;,active_reference
global:gText_PeculiarEggNicePlace,gText_PeculiarEggNicePlace,SUMMARY,src/pokemon_summary_screen.c,3285,PrintEggMemo,symbol_reference,,left_or_dynamic,direct_line_only_pending_call_flow_mapping,text = gText_PeculiarEggNicePlace;,active_reference
global:gText_PeculiarEggTrade,gText_PeculiarEggTrade,SUMMARY,src/pokemon_summary_screen.c,3287,PrintEggMemo,symbol_reference,,left_or_dynamic,direct_line_only_pending_call_flow_mapping,text = gText_PeculiarEggTrade;,active_reference
global:gText_EggFromHotSprings,gText_EggFromHotSprings,SUMMARY,src/pokemon_summary_screen.c,3289,PrintEggMemo,symbol_reference,,left_or_dynamic,direct_line_only_pending_call_flow_mapping,text = (DidMonComeFromRSE() == TRUE) ? gText_EggFromHotSprings : gText_EggFromTraveler;,active_reference
global:gText_EggFromTraveler,gText_EggFromTraveler,SUMMARY,src/pokemon_summary_screen.c,3289,PrintEggMemo,symbol_reference,,left_or_dynamic,direct_line_only_pending_call_flow_mapping,text = (DidMonComeFromRSE() == TRUE) ? gText_EggFromHotSprings : gText_EggFromTraveler;,active_reference
global:gText_OddEggFoundByCouple,gText_OddEggFoundByCouple,SUMMARY,src/pokemon_summary_screen.c,3291,PrintEggMemo,symbol_reference,,left_or_dynamic,direct_line_only_pending_call_flow_mapping,text = gText_OddEggFoundByCouple;,active_reference
global:gText_OddEggFoundByCouple,gText_OddEggFoundByCouple,SUMMARY,src/pokemon_summary_screen.c,3295,PrintEggMemo,symbol_reference,,left_or_dynamic,direct_line_only_pending_call_flow_mapping,text = gText_OddEggFoundByCouple;,active_reference
global:gText_None,gText_None,SUMMARY,src/pokemon_summary_screen.c,3359,PrintHeldItemName,symbol_reference,,left_or_dynamic,direct_line_only_pending_call_flow_mapping,text = gText_None;,active_reference
global:gText_None,gText_None,SUMMARY,src/pokemon_summary_screen.c,3378,PrintRibbonCount,symbol_reference,,left_or_dynamic,direct_line_only_pending_call_flow_mapping,text = gText_None;,active_reference
global:gText_RibbonsVar1,gText_RibbonsVar1,SUMMARY,src/pokemon_summary_screen.c,3383,PrintRibbonCount,placeholder_expansion,,left_or_dynamic,direct_line_only_pending_call_flow_mapping,"StringExpandPlaceholders(gStringVar4, gText_RibbonsVar1);",active_reference
local:src/pokemon_summary_screen.c:sStatsLeftColumnLayout,sStatsLeftColumnLayout,SUMMARY,src/pokemon_summary_screen.c,3408,BufferLeftColumnStats,symbol_reference,,left_or_dynamic,direct_line_only_pending_call_flow_mapping,"DynamicPlaceholderTextUtil_ExpandPlaceholders(gStringVar4, sStatsLeftColumnLayout);",active_reference
local:src/pokemon_summary_screen.c:sStatsRightColumnLayout,sStatsRightColumnLayout,SUMMARY,src/pokemon_summary_screen.c,3431,BufferRightColumnStats,symbol_reference,,left_or_dynamic,direct_line_only_pending_call_flow_mapping,"DynamicPlaceholderTextUtil_ExpandPlaceholders(gStringVar4, sStatsRightColumnLayout);",active_reference
local:src/pokemon_summary_screen.c:sMovesPPLayout,sMovesPPLayout,SUMMARY,src/pokemon_summary_screen.c,3546,PrintMoveNameAndPP,symbol_reference,,left_or_dynamic,direct_line_only_pending_call_flow_mapping,"DynamicPlaceholderTextUtil_ExpandPlaceholders(gStringVar4, sMovesPPLayout);",active_reference
global:gText_OneDash,gText_OneDash,SUMMARY,src/pokemon_summary_screen.c,3553,PrintMoveNameAndPP,direct_text_printer,,left_or_dynamic,direct_line_only_pending_call_flow_mapping,"PrintTextOnWindow(moveNameWindowId, gText_OneDash, 0, moveIndex * 16 + 1, 0, 1);",active_reference
global:gText_TwoDashes,gText_TwoDashes,SUMMARY,src/pokemon_summary_screen.c,3554,PrintMoveNameAndPP,symbol_reference,,left_or_dynamic,direct_line_only_pending_call_flow_mapping,text = gText_TwoDashes;,active_reference
global:gText_ThreeDashes,gText_ThreeDashes,SUMMARY,src/pokemon_summary_screen.c,3571,PrintMovePowerAndAccuracy,symbol_reference,,left_or_dynamic,direct_line_only_pending_call_flow_mapping,text = gText_ThreeDashes;,active_reference
global:gText_ThreeDashes,gText_ThreeDashes,SUMMARY,src/pokemon_summary_screen.c,3583,PrintMovePowerAndAccuracy,symbol_reference,,left_or_dynamic,direct_line_only_pending_call_flow_mapping,text = gText_ThreeDashes;,active_reference
global:gText_Cancel,gText_Cancel,SUMMARY,src/pokemon_summary_screen.c,3693,PrintNewMoveDetailsOrCancelText,direct_text_printer,,left_or_dynamic,direct_line_only_pending_call_flow_mapping,"PrintTextOnWindow(windowId1, gText_Cancel, 0, 65, 0, 1);",active_reference
local:src/pokemon_summary_screen.c:sMovesPPLayout,sMovesPPLayout,SUMMARY,src/pokemon_summary_screen.c,3708,PrintNewMoveDetailsOrCancelText,symbol_reference,,left_or_dynamic,direct_line_only_pending_call_flow_mapping,"DynamicPlaceholderTextUtil_ExpandPlaceholders(gStringVar4, sMovesPPLayout);",active_reference
global:gText_HMMovesCantBeForgotten2,gText_HMMovesCantBeForgotten2,SUMMARY,src/pokemon_summary_screen.c,3739,PrintHMMovesCantBeForgotten,direct_text_printer,,left_or_dynamic,direct_line_only_pending_call_flow_mapping,"PrintTextOnWindow(windowId, gText_HMMovesCantBeForgotten2, 6, 1, 0, 0);",active_reference
