id,global_order,chapter_order,chapter_id,chapter_title_en,chapter_title_th,event_order,event_id,event_title_en,event_title_th,map_order,map_name,map_period,location_name,dialogue_order,speaker,script_label,source_file,source_line,source_label,english_raw,english_preview,thai,translation_status,control_codes,placeholders,chronology_confidence,scope_confidence,scope_evidence,notes
dlg_f05a5b388b38ad28,1,01,opening,Opening,บทนำ,1,birch_intro,Professor Birch introduction,,1,,opening,,1,Professor Birch,opening_sequence,data/text/birch_speech.inc,1,gText_Birch_Welcome,Hi! Sorry to keep you waiting!\pWelcome to the world of POKéMON!\pMy name is BIRCH.\pBut everyone calls me the POKéMON\nPROFESSOR.\p$,"Hi! Sorry to keep you waiting!
[PAGE]
Welcome to the world of POKéMON!
[PAGE]
My name is BIRCH.
[PAGE]
But everyone calls me the POKéMON
PROFESSOR.
[PAGE]
",,untranslated,\p | \p | \p | \n | \p,,high,high,Resolved from a checklist event seed through direct or chained script references.,
dlg_a0a50d7092ef23e5,2,01,opening,Opening,บทนำ,1,birch_intro,Professor Birch introduction,,1,,opening,,2,Professor Birch,opening_sequence,data/text/birch_speech.inc,8,gText_Birch_Pokemon,This is what we call a “POKéMON.”\p\n$,"This is what we call a “POKéMON.”
[PAGE]

",,untranslated,\p | \n,,high,high,Resolved from a checklist event seed through direct or chained script references.,
dlg_8413e20c18110096,3,01,opening,Opening,บทนำ,1,birch_intro,Professor Birch introduction,,1,,opening,,3,Professor Birch,opening_sequence,data/text/birch_speech.inc,13,gText_Birch_MainSpeech,"This world is widely inhabited by\ncreatures known as POKéMON.\pWe humans live alongside POKéMON,\nat times as friendly playmates, and\lat times as cooperative workmates.\pAnd sometimes, we band together\nand battle others like us.\pBut despite our closeness, we don't\nknow everything about POKéMON.\pIn fact, there are many, many\nsecrets surrounding POKéMON.\pTo unravel POKéMON mysteries,\nI've been undertaking research.\lThat's what I do.\p$","This world is widely inhabited by
creatures known as POKéMON.
[PAGE]
We humans live alongside POKéMON,
at times as friendly playmates, and
at times as cooperative workmates.
[PAGE]
And sometimes, we band together
and battle others like us.
[PAGE]
But despite our closeness, we don't
know everything about POKéMON.
[PAGE]
In fact, there are many, many
secrets surrounding POKéMON.
[PAGE]
To unravel POKéMON mysteries,
I've been undertaking research.
That's what I do.
[PAGE]
",,untranslated,\n | \p | \n | \l | \p | \n | \p | \n | \p | \n | \p | \n | \l | \p,,high,high,Resolved from a checklist event seed through direct or chained script references.,
dlg_412f32d24928ff84,4,01,opening,Opening,บทนำ,2,player_setup,Player setup,,2,,opening,,1,Professor Birch,opening_sequence,data/text/birch_speech.inc,30,gText_Birch_AndYouAre,And you are?$,And you are?,,untranslated,,,high,high,Resolved from a checklist event seed through direct or chained script references.,
dlg_008b1eacc20d2fa0,5,01,opening,Opening,บทนำ,2,player_setup,Player setup,,2,,opening,,2,Professor Birch,opening_sequence,data/text/birch_speech.inc,33,gText_Birch_BoyOrGirl,{252}{25}{3}{0}{0}{244}{4}{1}{252}{25}{29}{0}{0}{244}{6}{1}{252}{25}{48}{0}{0}{244}{6}{1}{252}{25}{3}{0}{0}{244}{4}{1}{252}{25}{8}{2}{0}{244}{7}{1}{252}{25}{30}{0}{0}{244}{8}{1}{252}{25}{3}{0}{0}{244}{4}{1}{252}{25}{3}{2}{0}{244}{7}{1}{252}{25}{8}{0}{0}{244}{6}{1}{252}{25}{15}{0}{0}{244}{6}{1}{252}{25}{6}{0}{0}{244}{4}{1}{252}{25}{39}{0}{0}{244}{6}{1}?\n{252}{25}{46}{0}{0}{244}{7}{1}{252}{25}{21}{1}{0}{244}{6}{1}{252}{25}{48}{0}{0}{244}{6}{1}{252}{25}{3}{0}{0}{244}{4}{1}{252}{25}{8}{2}{0}{244}{7}{1}{252}{25}{30}{0}{0}{244}{8}{1}{252}{25}{3}{0}{0}{244}{4}{1}{252}{25}{3}{2}{0}{244}{7}{1}{252}{25}{8}{0}{0}{244}{6}{1}{252}{25}{46}{0}{0}{244}{7}{1}{252}{25}{58}{0}{0}{244}{8}{1}{252}{25}{12}{0}{0}{244}{4}{1}?$,"{252}{25}{3}{0}{0}{244}{4}{1}{252}{25}{29}{0}{0}{244}{6}{1}{252}{25}{48}{0}{0}{244}{6}{1}{252}{25}{3}{0}{0}{244}{4}{1}{252}{25}{8}{2}{0}{244}{7}{1}{252}{25}{30}{0}{0}{244}{8}{1}{252}{25}{3}{0}{0}{244}{4}{1}{252}{25}{3}{2}{0}{244}{7}{1}{252}{25}{8}{0}{0}{244}{6}{1}{252}{25}{15}{0}{0}{244}{6}{1}{252}{25}{6}{0}{0}{244}{4}{1}{252}{25}{39}{0}{0}{244}{6}{1}?
{252}{25}{46}{0}{0}{244}{7}{1}{252}{25}{21}{1}{0}{244}{6}{1}{252}{25}{48}{0}{0}{244}{6}{1}{252}{25}{3}{0}{0}{244}{4}{1}{252}{25}{8}{2}{0}{244}{7}{1}{252}{25}{30}{0}{0}{244}{8}{1}{252}{25}{3}{0}{0}{244}{4}{1}{252}{25}{3}{2}{0}{244}{7}{1}{252}{25}{8}{0}{0}{244}{6}{1}{252}{25}{46}{0}{0}{244}{7}{1}{252}{25}{58}{0}{0}{244}{8}{1}{252}{25}{12}{0}{0}{244}{4}{1}?",,untranslated,{252} | {25} | {3} | {0} | {0} | {244} | {4} | {1} | {252} | {25} | {29} | {0} | {0} | {244} | {6} | {1} | {252} | {25} | {48} | {0} | {0} | {244} | {6} | {1} | {252} | {25} | {3} | {0} | {0} | {244} | {4} | {1} | {252} | {25} | {8} | {2} | {0} | {244} | {7} | {1} | {252} | {25} | {30} | {0} | {0} | {244} | {8} | {1} | {252} | {25} | {3} | {0} | {0} | {244} | {4} | {1} | {252} | {25} | {3} | {2} | {0} | {244} | {7} | {1} | {252} | {25} | {8} | {0} | {0} | {244} | {6} | {1} | {252} | {25} | {15} | {0} | {0} | {244} | {6} | {1} | {252} | {25} | {6} | {0} | {0} | {244} | {4} | {1} | {252} | {25} | {39} | {0} | {0} | {244} | {6} | {1} | \n | {252} | {25} | {46} | {0} | {0} | {244} | {7} | {1} | {252} | {25} | {21} | {1} | {0} | {244} | {6} | {1} | {252} | {25} | {48} | {0} | {0} | {244} | {6} | {1} | {252} | {25} | {3} | {0} | {0} | {244} | {4} | {1} | {252} | {25} | {8} | {2} | {0} | {244} | {7} | {1} | {252} | {25} | {30} | {0} | {0} | {244} | {8} | {1} | {252} | {25} | {3} | {0} | {0} | {244} | {4} | {1} | {252} | {25} | {3} | {2} | {0} | {244} | {7} | {1} | {252} | {25} | {8} | {0} | {0} | {244} | {6} | {1} | {252} | {25} | {46} | {0} | {0} | {244} | {7} | {1} | {252} | {25} | {58} | {0} | {0} | {244} | {8} | {1} | {252} | {25} | {12} | {0} | {0} | {244} | {4} | {1},,high,high,Resolved from a checklist event seed through direct or chained script references.,
dlg_9ef890e3b20a3ebf,6,01,opening,Opening,บทนำ,2,player_setup,Player setup,,2,,opening,,3,Professor Birch,opening_sequence,data/text/birch_speech.inc,37,gText_Birch_WhatsYourName,All right.\nWhat's your name?$,"All right.
What's your name?",,untranslated,\n,,high,high,Resolved from a checklist event seed through direct or chained script references.,
dlg_531e30048ab5cfb4,7,01,opening,Opening,บทนำ,2,player_setup,Player setup,,2,,opening,,4,Professor Birch,opening_sequence,data/text/birch_speech.inc,41,gText_Birch_SoItsPlayer,So it's {PLAYER}{KUN}?$,So it's {PLAYER}{KUN}?,,untranslated,{PLAYER} | {KUN},{PLAYER},high,high,Resolved from a checklist event seed through direct or chained script references.,
dlg_3d03c87c21475304,8,01,opening,Opening,บทนำ,2,player_setup,Player setup,,2,,opening,,5,Professor Birch,opening_sequence,data/text/birch_speech.inc,44,gText_Birch_YourePlayer,"Ah, okay!\pYou're {PLAYER}{KUN} who's moving to my\nhometown of LITTLEROOT.\lI get it now!\p$","Ah, okay!
[PAGE]
You're {PLAYER}{KUN} who's moving to my
hometown of LITTLEROOT.
I get it now!
[PAGE]
",,untranslated,\p | {PLAYER} | {KUN} | \n | \l | \p,{PLAYER},high,high,Resolved from a checklist event seed through direct or chained script references.,
dlg_745792a288a31bbd,9,01,opening,Opening,บทนำ,2,player_setup,Player setup,,2,,opening,,6,Professor Birch,opening_sequence,data/text/birch_speech.inc,51,gText_Birch_AreYouReady,"All right, are you ready?\pYour very own adventure is about\nto unfold.\pTake courage, and leap into the\nworld of POKéMON where dreams,\ladventure, and friendships await!\pWell, I'll be expecting you later.\nCome see me in my POKéMON LAB.\p$","All right, are you ready?
[PAGE]
Your very own adventure is about
to unfold.
[PAGE]
Take courage, and leap into the
world of POKéMON where dreams,
adventure, and friendships await!
[PAGE]
Well, I'll be expecting you later.
Come see me in my POKéMON LAB.
[PAGE]
",,untranslated,\p | \n | \p | \n | \l | \p | \n | \p,,high,high,Resolved from a checklist event seed through direct or chained script references.,
dlg_c9c9cfc75f70e8e3,10,02,littleroot,Littleroot,ลิตเติลรูต,3,littleroot_arrival,Littleroot arrival,,3,LittlerootTown_BrendansHouse_1F,arrival,LittlerootTown BrendansHouse 1F,1,,PlayersHouse_1F_EventScript_EnterHouseMovingIn,data/maps/LittlerootTown_BrendansHouse_1F/scripts.inc,285,PlayersHouse_1F_Text_IsntItNiceInHere,"MOM: See, {PLAYER}?\nIsn't it nice in here, too?$","MOM: See, {PLAYER}?
Isn't it nice in here, too?",,untranslated,{PLAYER} | \n,{PLAYER},high,high,Resolved from a checklist event seed through direct or chained script references.,
dlg_bd705cc8a504bb05,11,02,littleroot,Littleroot,ลิตเติลรูต,3,littleroot_arrival,Littleroot arrival,,3,LittlerootTown_BrendansHouse_1F,arrival,LittlerootTown BrendansHouse 1F,2,,PlayersHouse_1F_EventScript_EnterHouseMovingIn,data/maps/LittlerootTown_BrendansHouse_1F/scripts.inc,289,PlayersHouse_1F_Text_MoversPokemonGoSetClock,"The mover's POKéMON do all the work\nof moving us in and cleaning up after.\lThis is so convenient!\p{PLAYER}, your room is upstairs.\nGo check it out, dear!\pDAD bought you a new clock to mark\nour move here.\lDon't forget to set it!$","The mover's POKéMON do all the work
of moving us in and cleaning up after.
This is so convenient!
[PAGE]
{PLAYER}, your room is upstairs.
Go check it out, dear!
[PAGE]
DAD bought you a new clock to mark
our move here.
Don't forget to set it!",,untranslated,\n | \l | \p | {PLAYER} | \n | \p | \n | \l,{PLAYER},high,high,Resolved from a checklist event seed through direct or chained script references.,
dlg_a1cf42cc4332f130,12,02,littleroot,Littleroot,ลิตเติลรูต,4,rival_intro,Rival introduction,,4,LittlerootTown_BrendansHouse_1F,rival_intro,LittlerootTown BrendansHouse 1F,1,Brendan,LittlerootTown_BrendansHouse_1F_EventScript_MeetRival,data/maps/LittlerootTown_MaysHouse_1F/scripts.inc,381,RivalsHouse_1F_Text_BrendanWhoAreYou,"Hey!\nYou…\pWho are you?\pOh, you're {PLAYER}, aren't you?\nMoved in next door, right?\pI didn't know that you're a girl.\pDad, PROF. BIRCH, said that our new\nnext-door neighbor is a GYM LEADER's\lkid, so I assumed you'd be a guy.\pMy name's BRENDAN.\nSo, hi, neighbor!\pHuh? Hey, {PLAYER}, don't you have\na POKéMON?\pDo you want me to go catch you one?\pAw, darn, I forgot…\pI'm supposed to go help my dad catch\nsome wild POKéMON.\pSome other time, okay?$","Hey!
You…
[PAGE]
Who are you?
[PAGE]
Oh, you're {PLAYER}, aren't you?
Moved in next door, right?
[PAGE]
I didn't know that you're a girl.
[PAGE]
Dad, PROF. BIRCH, said that our new
next-door neighbor is a GYM LEADER's
kid, so I assumed you'd be a guy.
[PAGE]
My name's BRENDAN.
So, hi, neighbor!
[PAGE]
Huh? Hey, {PLAYER}, don't you have
a POKéMON?
[PAGE]
Do you want me to go catch you one?
[PAGE]
Aw, darn, I forgot…
[PAGE]
I'm supposed to go help my dad catch
some wild POKéMON.
[PAGE]
Some other time, okay?",,untranslated,\n | \p | \p | {PLAYER} | \n | \p | \p | \n | \l | \p | \n | \p | {PLAYER} | \n | \p | \p | \p | \n | \p,{PLAYER} | {PLAYER},high,high,Resolved from a checklist event seed through direct or chained script references.,
dlg_7cc549bb2e89937d,13,02,littleroot,Littleroot,ลิตเติลรูต,4,rival_intro,Rival introduction,,4,LittlerootTown_BrendansHouse_1F,rival_intro,LittlerootTown BrendansHouse 1F,2,May,LittlerootTown_MaysHouse_1F_EventScript_MeetRival,data/maps/LittlerootTown_MaysHouse_1F/scripts.inc,357,RivalsHouse_1F_Text_MayWhoAreYou,"Huh?\nWho… Who are you?\p… … … … … … … …\n… … … … … … … …\pOh, you're {PLAYER}{KUN}.\nSo your move was today.\pUm… I'm MAY.\nGlad to meet you!\pI…\nI have this dream of becoming friends\lwith POKéMON all over the world.\pI… I heard about you, {PLAYER}{KUN}, from\nmy dad, PROF. BIRCH.\pI was hoping that you would be nice,\n{PLAYER}{KUN}, and that we could be friends.\pOh, this is silly, isn't it?\nI… I've just met you, {PLAYER}{KUN}.\pEheheh…\pOh, no! I forgot!\pI was supposed to go help Dad catch\nsome wild POKéMON!\p{PLAYER}{KUN}, I'll catch you later!$","Huh?
Who… Who are you?
[PAGE]
… … … … … … … …
… … … … … … … …
[PAGE]
Oh, you're {PLAYER}{KUN}.
So your move was today.
[PAGE]
Um… I'm MAY.
Glad to meet you!
[PAGE]
I…
I have this dream of becoming friends
with POKéMON all over the world.
[PAGE]
I… I heard about you, {PLAYER}{KUN}, from
my dad, PROF. BIRCH.
[PAGE]
I was hoping that you would be nice,
{PLAYER}{KUN}, and that we could be friends.
[PAGE]
Oh, this is silly, isn't it?
I… I've just met you, {PLAYER}{KUN}.
[PAGE]
Eheheh…
[PAGE]
Oh, no! I forgot!
[PAGE]
I was supposed to go help Dad catch
some wild POKéMON!
[PAGE]
{PLAYER}{KUN}, I'll catch you later!",,untranslated,\n | \p | \n | \p | {PLAYER} | {KUN} | \n | \p | \n | \p | \n | \l | \p | {PLAYER} | {KUN} | \n | \p | \n | {PLAYER} | {KUN} | \p | \n | {PLAYER} | {KUN} | \p | \p | \p | \n | \p | {PLAYER} | {KUN},{PLAYER} | {PLAYER} | {PLAYER} | {PLAYER} | {PLAYER},high,high,Resolved from a checklist event seed through direct or chained script references.,
dlg_a3524918d5d08235,14,02,littleroot,Littleroot,ลิตเติลรูต,5,birch_rescue,Birch rescue,,5,Route101,birch_rescue,Route101,1,,Route101_EventScript_StartBirchRescue,data/maps/Route101/scripts.inc,258,Route101_Text_HelpMe,H-help me!$,H-help me!,,untranslated,,,high,high,Resolved from a checklist event seed through direct or chained script references.,
dlg_45ae69cb30f2cd90,15,02,littleroot,Littleroot,ลิตเติลรูต,5,birch_rescue,Birch rescue,,5,Route101,birch_rescue,Route101,2,,Route101_EventScript_StartBirchRescue,data/maps/Route101/scripts.inc,261,Route101_Text_PleaseHelp,Hello! You over there!\nPlease! Help!\pIn my BAG!\nThere's a POKé BALL!$,"Hello! You over there!
Please! Help!
[PAGE]
In my BAG!
There's a POKé BALL!",,untranslated,\n | \p | \n,,high,high,Resolved from a checklist event seed through direct or chained script references.,
dlg_df2e8d10a02d0a58,16,02,littleroot,Littleroot,ลิตเติลรูต,5,birch_rescue,Birch rescue,,5,Route101,birch_rescue,Route101,3,,Route101_EventScript_BirchsBag,data/maps/Route101/scripts.inc,271,Route101_Text_YouSavedMe,"PROF. BIRCH: Whew…\pI was in the tall grass studying wild\nPOKéMON when I was jumped.\pYou saved me.\nThanks a lot!\pOh?\pHi, you're {PLAYER}{KUN}!\pThis is not the place to chat, so come\nby my POKéMON LAB later, okay?$","PROF. BIRCH: Whew…
[PAGE]
I was in the tall grass studying wild
POKéMON when I was jumped.
[PAGE]
You saved me.
Thanks a lot!
[PAGE]
Oh?
[PAGE]
Hi, you're {PLAYER}{KUN}!
[PAGE]
This is not the place to chat, so come
by my POKéMON LAB later, okay?",,untranslated,\p | \n | \p | \n | \p | \p | {PLAYER} | {KUN} | \p | \n,{PLAYER},high,high,Resolved from a checklist event seed through direct or chained script references.,
dlg_e1f579546c78b2f9,17,02,littleroot,Littleroot,ลิตเติลรูต,6,starter,Starter selection,,6,LittlerootTown_ProfessorBirchsLab,starter,LittlerootTown ProfessorBirchsLab,1,Professor Birch,LittlerootTown_ProfessorBirchsLab_EventScript_GiveStarterEvent,data/maps/LittlerootTown_ProfessorBirchsLab/scripts.inc,683,LittlerootTown_ProfessorBirchsLab_Text_LikeYouToHavePokemon,"PROF. BIRCH: So, {PLAYER}{KUN}.\pI've heard so much about you from\nyour father.\pI've heard that you don't have your\nown POKéMON yet.\pBut the way you battled earlier,\nyou pulled it off with aplomb!\pI guess you have your father's blood\nin your veins after all!\pOh, yes. As thanks for rescuing me,\nI'd like you to have the POKéMON you\lused earlier.\p{PLAYER} received the {STR_VAR_1}!$","PROF. BIRCH: So, {PLAYER}{KUN}.
[PAGE]
I've heard so much about you from
your father.
[PAGE]
I've heard that you don't have your
own POKéMON yet.
[PAGE]
But the way you battled earlier,
you pulled it off with aplomb!
[PAGE]
I guess you have your father's blood
in your veins after all!
[PAGE]
Oh, yes. As thanks for rescuing me,
I'd like you to have the POKéMON you
used earlier.
[PAGE]
{PLAYER} received the {STR_VAR_1}!",,untranslated,{PLAYER} | {KUN} | \p | \n | \p | \n | \p | \n | \p | \n | \p | \n | \l | \p | {PLAYER} | {STR_VAR_1},{PLAYER} | {PLAYER} | {STR_VAR_1},high,high,Resolved from a checklist event seed through direct or chained script references.,
dlg_a85b0bd843afd737,18,02,littleroot,Littleroot,ลิตเติลรูต,6,starter,Starter selection,,6,LittlerootTown_ProfessorBirchsLab,starter,LittlerootTown ProfessorBirchsLab,2,Professor Birch,LittlerootTown_ProfessorBirchsLab_EventScript_GiveStarterEvent,data/maps/LittlerootTown_ProfessorBirchsLab/scripts.inc,698,LittlerootTown_ProfessorBirchsLab_Text_WhyNotGiveNicknameToMon,"PROF. BIRCH: While you're at it, why not\ngive a nickname to that {STR_VAR_1}?$","PROF. BIRCH: While you're at it, why not
give a nickname to that {STR_VAR_1}?",,untranslated,\n | {STR_VAR_1},{STR_VAR_1},high,high,Resolved from a checklist event seed through direct or chained script references.,
dlg_2f2b9342597fd41c,19,02,littleroot,Littleroot,ลิตเติลรูต,6,starter,Starter selection,,6,LittlerootTown_ProfessorBirchsLab,starter,LittlerootTown ProfessorBirchsLab,3,Professor Birch,LittlerootTown_ProfessorBirchsLab_EventScript_GoSeeRival,data/maps/LittlerootTown_ProfessorBirchsLab/scripts.inc,702,LittlerootTown_ProfessorBirchsLab_Text_MightBeGoodIdeaToGoSeeRival,"PROF. BIRCH: If you work at POKéMON\nand gain experience, I think you'll make\lan extremely good TRAINER.\pMy kid, {RIVAL}, is also studying\nPOKéMON while helping me out.\p{PLAYER}{KUN}, don't you think it might be\na good idea to go see {RIVAL}?$","PROF. BIRCH: If you work at POKéMON
and gain experience, I think you'll make
an extremely good TRAINER.
[PAGE]
My kid, {RIVAL}, is also studying
POKéMON while helping me out.
[PAGE]
{PLAYER}{KUN}, don't you think it might be
a good idea to go see {RIVAL}?",,untranslated,\n | \l | \p | {RIVAL} | \n | \p | {PLAYER} | {KUN} | \n | {RIVAL},{RIVAL} | {PLAYER} | {RIVAL},high,high,Resolved from a checklist event seed through direct or chained script references.,
dlg_302bf4be4220a361,20,03,pokedex,Rival and Pokédex,คู่แข่งและโปเกเด็กซ์,7,rival_1,First rival battle,,7,Route103,rival_battle,Route103,1,May,Route103_EventScript_RivalMay,data/maps/Route103/scripts.inc,288,Route103_Text_MayRoute103Pokemon,MAY: Let's see… The POKéMON found\non ROUTE 103 include…$,"MAY: Let's see… The POKéMON found
on ROUTE 103 include…",,untranslated,\n,,high,high,Resolved from a checklist event seed through direct or chained script references.,
dlg_31e833de1ea33667,21,03,pokedex,Rival and Pokédex,คู่แข่งและโปเกเด็กซ์,7,rival_1,First rival battle,,7,Route103,rival_battle,Route103,2,May,Route103_EventScript_RivalMay,data/maps/Route103/scripts.inc,292,Route103_Text_MayLetsBattle,"Oh, hi, {PLAYER}{KUN}!\p…Oh, I see, my dad gave you\na POKéMON as a gift.\pSince we're here, let's have a quick\nbattle!\pI'll give you a taste of what being\na TRAINER is like.$","Oh, hi, {PLAYER}{KUN}!
[PAGE]
…Oh, I see, my dad gave you
a POKéMON as a gift.
[PAGE]
Since we're here, let's have a quick
battle!
[PAGE]
I'll give you a taste of what being
a TRAINER is like.",,untranslated,{PLAYER} | {KUN} | \p | \n | \p | \n | \p | \n,{PLAYER},high,high,Resolved from a checklist event seed through direct or chained script references.,
dlg_1d2c85c3dd45b39f,22,03,pokedex,Rival and Pokédex,คู่แข่งและโปเกเด็กซ์,7,rival_1,First rival battle,,7,Route103,rival_battle,Route103,3,Brendan,Route103_EventScript_RivalBrendan,data/maps/Route103/scripts.inc,315,Route103_Text_BrendanRoute103Pokemon,"BRENDAN: Okay, so it's this one and\nthat one that live on ROUTE 103…$","BRENDAN: Okay, so it's this one and
that one that live on ROUTE 103…",,untranslated,\n,,high,high,Resolved from a checklist event seed through direct or chained script references.,
dlg_a2a36d33d4e71a0c,23,03,pokedex,Rival and Pokédex,คู่แข่งและโปเกเด็กซ์,7,rival_1,First rival battle,,7,Route103,rival_battle,Route103,4,Brendan,Route103_EventScript_RivalBrendan,data/maps/Route103/scripts.inc,319,Route103_Text_BrendanLetsBattle,"Hey, it's {PLAYER}!\p…Oh, yeah, Dad gave you a POKéMON.\pSince we're here, how about a little\nbattle?\pI'll teach you what being a TRAINER's\nabout!$","Hey, it's {PLAYER}!
[PAGE]
…Oh, yeah, Dad gave you a POKéMON.
[PAGE]
Since we're here, how about a little
battle?
[PAGE]
I'll teach you what being a TRAINER's
about!",,untranslated,{PLAYER} | \p | \p | \n | \p | \n,{PLAYER},high,high,Resolved from a checklist event seed through direct or chained script references.,
dlg_1ba2a80d63962ccb,24,03,pokedex,Rival and Pokédex,คู่แข่งและโปเกเด็กซ์,7,rival_1,First rival battle,,7,Route103,rival_battle,Route103,5,May,Route103_EventScript_AfterMayBattle,data/maps/Route103/scripts.inc,305,Route103_Text_MayTimeToHeadBack,"MAY: I think I know why my dad has\nan eye out for you now.\pI mean, you just got that POKéMON,\nbut it already likes you.\pYou might be able to befriend any\nkind of POKéMON easily.\pWell, it's time to head back to\nthe LAB.$","MAY: I think I know why my dad has
an eye out for you now.
[PAGE]
I mean, you just got that POKéMON,
but it already likes you.
[PAGE]
You might be able to befriend any
kind of POKéMON easily.
[PAGE]
Well, it's time to head back to
the LAB.",,untranslated,\n | \p | \n | \p | \n | \p | \n,,high,high,Resolved from a checklist event seed through direct or chained script references.,
dlg_5ba654e578399a89,25,03,pokedex,Rival and Pokédex,คู่แข่งและโปเกเด็กซ์,7,rival_1,First rival battle,,7,Route103,rival_battle,Route103,6,Brendan,Route103_EventScript_AfterBrendanBattle,data/maps/Route103/scripts.inc,330,Route103_Text_BrendanTimeToHeadBack,"BRENDAN: I think I get it.\nI think I know why my dad has his eye\lout for you now.\pLook, your POKéMON already likes you,\neven though you just got it.\p{PLAYER}, I get the feeling that you\ncould befriend any POKéMON with ease.\pWe should head back to the LAB.$","BRENDAN: I think I get it.
I think I know why my dad has his eye
out for you now.
[PAGE]
Look, your POKéMON already likes you,
even though you just got it.
[PAGE]
{PLAYER}, I get the feeling that you
could befriend any POKéMON with ease.
[PAGE]
We should head back to the LAB.",,untranslated,\n | \l | \p | \n | \p | {PLAYER} | \n | \p,{PLAYER},high,high,Resolved from a checklist event seed through direct or chained script references.,
dlg_68038fa36d7bdaf1,26,03,pokedex,Rival and Pokédex,คู่แข่งและโปเกเด็กซ์,8,pokedex,Pokédex handoff,,8,LittlerootTown_ProfessorBirchsLab,pokedex,LittlerootTown ProfessorBirchsLab,1,Professor Birch,LittlerootTown_ProfessorBirchsLab_EventScript_TryRatePokedexOrRegister,data/maps/LittlerootTown_ProfessorBirchsLab/scripts.inc,721,LittlerootTown_ProfessorBirchsLab_Text_BirchRivalGoneHome,"PROF. BIRCH: {RIVAL}?\nGone home, I think.\pOr maybe that kid's scrabbling around\nin tall grass again somewhere…\pIf you or your POKéMON get tired,\nyou should get some rest at home.$","PROF. BIRCH: {RIVAL}?
Gone home, I think.
[PAGE]
Or maybe that kid's scrabbling around
in tall grass again somewhere…
[PAGE]
If you or your POKéMON get tired,
you should get some rest at home.",,untranslated,{RIVAL} | \n | \p | \n | \p | \n,{RIVAL},high,high,Resolved from a checklist event seed through direct or chained script references.,
dlg_4a63ffe7b2d7349e,27,03,pokedex,Rival and Pokédex,คู่แข่งและโปเกเด็กซ์,8,pokedex,Pokédex handoff,,8,LittlerootTown_ProfessorBirchsLab,pokedex,LittlerootTown ProfessorBirchsLab,2,Professor Birch,LittlerootTown_ProfessorBirchsLab_EventScript_GivePokedex,data/maps/LittlerootTown_ProfessorBirchsLab/scripts.inc,729,LittlerootTown_ProfessorBirchsLab_Text_HeardYouBeatRivalTakePokedex,"PROF. BIRCH: Oh, hi, {PLAYER}{KUN}!\pI heard you beat {RIVAL} on\nyour first try. That's excellent!\p{RIVAL}'s been helping with my research\nfor a long time.\p{RIVAL} has an extensive history as\na TRAINER already.\pHere, {PLAYER}{KUN}, I ordered this for my\nresearch, but I think you should have\lthis POKéDEX.$","PROF. BIRCH: Oh, hi, {PLAYER}{KUN}!
[PAGE]
I heard you beat {RIVAL} on
your first try. That's excellent!
[PAGE]
{RIVAL}'s been helping with my research
for a long time.
[PAGE]
{RIVAL} has an extensive history as
a TRAINER already.
[PAGE]
Here, {PLAYER}{KUN}, I ordered this for my
research, but I think you should have
this POKéDEX.",,untranslated,{PLAYER} | {KUN} | \p | {RIVAL} | \n | \p | {RIVAL} | \n | \p | {RIVAL} | \n | \p | {PLAYER} | {KUN} | \n | \l,{PLAYER} | {RIVAL} | {RIVAL} | {RIVAL} | {PLAYER},high,high,Resolved from a checklist event seed through direct or chained script references.,
dlg_dacb535b10f34d0d,28,03,pokedex,Rival and Pokédex,คู่แข่งและโปเกเด็กซ์,8,pokedex,Pokédex handoff,,8,LittlerootTown_ProfessorBirchsLab,pokedex,LittlerootTown ProfessorBirchsLab,3,Professor Birch,LittlerootTown_ProfessorBirchsLab_EventScript_GivePokedex,data/maps/LittlerootTown_ProfessorBirchsLab/scripts.inc,744,LittlerootTown_ProfessorBirchsLab_Text_ExplainPokedex,"PROF. BIRCH: The POKéDEX is a high-tech\ntool that automatically makes a record\lof any POKéMON you meet or catch.\pMy kid, {RIVAL}, goes everywhere\nwith it.\pWhenever my kid catches a rare POKéMON\nand records its data in the POKéDEX,\lwhy, {RIVAL} looks for me while I'm out\ldoing fieldwork, and shows me.$","PROF. BIRCH: The POKéDEX is a high-tech
tool that automatically makes a record
of any POKéMON you meet or catch.
[PAGE]
My kid, {RIVAL}, goes everywhere
with it.
[PAGE]
Whenever my kid catches a rare POKéMON
and records its data in the POKéDEX,
why, {RIVAL} looks for me while I'm out
doing fieldwork, and shows me.",,untranslated,\n | \l | \p | {RIVAL} | \n | \p | \n | \l | {RIVAL} | \l,{RIVAL} | {RIVAL},high,high,Resolved from a checklist event seed through direct or chained script references.,
dlg_a1f8f8a1ea390b2a,29,03,pokedex,Rival and Pokédex,คู่แข่งและโปเกเด็กซ์,8,pokedex,Pokédex handoff,,8,LittlerootTown_ProfessorBirchsLab,pokedex,LittlerootTown ProfessorBirchsLab,4,Professor Birch,LittlerootTown_ProfessorBirchsLab_EventScript_ReceivePokedex,data/maps/LittlerootTown_ProfessorBirchsLab/scripts.inc,741,LittlerootTown_ProfessorBirchsLab_Text_ReceivedPokedex,{PLAYER} received the POKéDEX!$,{PLAYER} received the POKéDEX!,,untranslated,{PLAYER},{PLAYER},high,high,Resolved from a checklist event seed through direct or chained script references.,
dlg_44f775b1fbf29ce7,30,03,pokedex,Rival and Pokédex,คู่แข่งและโปเกเด็กซ์,9,pokeballs,Poké Ball handoff,,9,LittlerootTown,pokeballs,LittlerootTown,1,,LittlerootTown_EventScript_GoInsideWithMom,data/maps/LittlerootTown/scripts.inc,906,LittlerootTown_Text_OurNewHomeLetsGoInside,"MOM: {PLAYER}, we're here, honey!\pIt must be tiring riding with our things\nin the moving truck.\pWell, this is LITTLEROOT TOWN.\pHow do you like it?\nThis is our new home!\pIt has a quaint feel, but it seems to be\nan easy place to live, don't you think?\pAnd, you get your own room, {PLAYER}!\nLet's go inside.$","MOM: {PLAYER}, we're here, honey!
[PAGE]
It must be tiring riding with our things
in the moving truck.
[PAGE]
Well, this is LITTLEROOT TOWN.
[PAGE]
How do you like it?
This is our new home!
[PAGE]
It has a quaint feel, but it seems to be
an easy place to live, don't you think?
[PAGE]
And, you get your own room, {PLAYER}!
Let's go inside.",,untranslated,{PLAYER} | \p | \n | \p | \p | \n | \p | \n | \p | {PLAYER} | \n,{PLAYER} | {PLAYER},high,high,Resolved from a checklist event seed through direct or chained script references.,
dlg_f4cbe5e2e14292ec,31,03,pokedex,Rival and Pokédex,คู่แข่งและโปเกเด็กซ์,9,pokeballs,Poké Ball handoff,,9,LittlerootTown,pokeballs,LittlerootTown,2,,LittlerootTown_EventScript_GiveRunningShoes,data/maps/LittlerootTown/scripts.inc,921,LittlerootTown_Text_WearTheseRunningShoes,"MOM: {PLAYER}! {PLAYER}! Did you\nintroduce yourself to PROF. BIRCH?\pOh! What an adorable POKéMON!\nYou got it from PROF. BIRCH. How nice!\pYou're your father's child, all right.\nYou look good together with POKéMON!\pHere, honey! If you're going out on an\nadventure, wear these RUNNING SHOES.\pThey'll put a zip in your step!$","MOM: {PLAYER}! {PLAYER}! Did you
introduce yourself to PROF. BIRCH?
[PAGE]
Oh! What an adorable POKéMON!
You got it from PROF. BIRCH. How nice!
[PAGE]
You're your father's child, all right.
You look good together with POKéMON!
[PAGE]
Here, honey! If you're going out on an
adventure, wear these RUNNING SHOES.
[PAGE]
They'll put a zip in your step!",,untranslated,{PLAYER} | {PLAYER} | \n | \p | \n | \p | \n | \p | \n | \p,{PLAYER} | {PLAYER},high,high,Resolved from a checklist event seed through direct or chained script references.,
dlg_51478fab2a0bb5f5,32,03,pokedex,Rival and Pokédex,คู่แข่งและโปเกเด็กซ์,9,pokeballs,Poké Ball handoff,,9,LittlerootTown,pokeballs,LittlerootTown,3,,LittlerootTown_EventScript_GiveRunningShoes,data/maps/LittlerootTown/scripts.inc,932,LittlerootTown_Text_SwitchShoesWithRunningShoes,{PLAYER} switched shoes with the\nRUNNING SHOES.$,"{PLAYER} switched shoes with the
RUNNING SHOES.",,untranslated,{PLAYER} | \n,{PLAYER},high,high,Resolved from a checklist event seed through direct or chained script references.,
dlg_4066e0935321b02a,33,03,pokedex,Rival and Pokédex,คู่แข่งและโปเกเด็กซ์,9,pokeballs,Poké Ball handoff,,9,LittlerootTown,pokeballs,LittlerootTown,4,,LittlerootTown_EventScript_GiveRunningShoes,data/maps/LittlerootTown/scripts.inc,936,LittlerootTown_Text_ExplainRunningShoes,"MOM: {PLAYER}, those shoes came with\ninstructions.\p“Press the B Button while wearing these\nRUNNING SHOES to run extra-fast!\p“Slip on these RUNNING SHOES and race\nin the great outdoors!”$","MOM: {PLAYER}, those shoes came with
instructions.
[PAGE]
“Press the B Button while wearing these
RUNNING SHOES to run extra-fast!
[PAGE]
“Slip on these RUNNING SHOES and race
in the great outdoors!”",,untranslated,{PLAYER} | \n | \p | \n | \p | \n,{PLAYER},high,high,Resolved from a checklist event seed through direct or chained script references.,
dlg_c1b0de35fc067f84,34,03,pokedex,Rival and Pokédex,คู่แข่งและโปเกเด็กซ์,9,pokeballs,Poké Ball handoff,,9,LittlerootTown,pokeballs,LittlerootTown,5,,LittlerootTown_EventScript_GiveRunningShoes,data/maps/LittlerootTown/scripts.inc,944,LittlerootTown_Text_ComeHomeIfAnythingHappens,"… … … … … … … …\n… … … … … … … …\pTo think that you have your very own\nPOKéMON now…\lYour father will be overjoyed.\p…But please be careful.\nIf anything happens, you can come home.\pGo on, go get them, honey!$","… … … … … … … …
… … … … … … … …
[PAGE]
To think that you have your very own
POKéMON now…
Your father will be overjoyed.
[PAGE]
…But please be careful.
If anything happens, you can come home.
[PAGE]
Go on, go get them, honey!",,untranslated,\n | \p | \n | \l | \p | \n | \p,,high,high,Resolved from a checklist event seed through direct or chained script references.,
dlg_f7f989a1a6ff5a66,35,04,petalburg,Petalburg and Rustboro,เพทัลเบิร์กและรัสต์โบโร,10,petalburg_norman,Petalburg and Norman,,10,PetalburgCity_Gym,norman,PetalburgCity Gym,1,,PetalburgCity_Gym_EventScript_Norman,data/maps/PetalburgCity_Gym/scripts.inc,1138,PetalburgCity_Gym_Text_DadYoureHereWithYourPokemon,"DAD: Hm?\pWell, if it isn't {PLAYER}!\nSo you're all finished moving in?\pI'm surprised that you managed to\nget here by yourself.\pOh, I see.\nYou're with your POKéMON.\pHm… Then I guess you're going to\nbecome a TRAINER like me, {PLAYER}.\pThat's great news!\nI'll be looking forward to it!$","DAD: Hm?
[PAGE]
Well, if it isn't {PLAYER}!
So you're all finished moving in?
[PAGE]
I'm surprised that you managed to
get here by yourself.
[PAGE]
Oh, I see.
You're with your POKéMON.
[PAGE]
Hm… Then I guess you're going to
become a TRAINER like me, {PLAYER}.
[PAGE]
That's great news!
I'll be looking forward to it!",,untranslated,\p | {PLAYER} | \n | \p | \n | \p | \n | \p | \n | {PLAYER} | \p | \n,{PLAYER} | {PLAYER},high,high,Resolved from a checklist event seed through direct or chained script references.,
dlg_2833d41c93d5f47b,36,04,petalburg,Petalburg and Rustboro,เพทัลเบิร์กและรัสต์โบโร,10,petalburg_norman,Petalburg and Norman,,10,PetalburgCity_Gym,norman,PetalburgCity Gym,2,Norman,PetalburgCity_Gym_EventScript_NormanNoBadges,data/maps/PetalburgCity_Gym/scripts.inc,1228,PetalburgCity_Gym_Text_NormanGoToRustboro,"DAD: Hm? Aren't you going to the\nPOKéMON GYM in RUSTBORO CITY?\pThere's no challenge for me to\nbattle a greenhorn TRAINER.\p{PLAYER}, I want you to challenge me\nwhen you become a lot stronger.\pI'll battle you, {PLAYER}, when you\ncan show me four GYM BADGES, okay?$","DAD: Hm? Aren't you going to the
POKéMON GYM in RUSTBORO CITY?
[PAGE]
There's no challenge for me to
battle a greenhorn TRAINER.
[PAGE]
{PLAYER}, I want you to challenge me
when you become a lot stronger.
[PAGE]
I'll battle you, {PLAYER}, when you
can show me four GYM BADGES, okay?",,untranslated,\n | \p | \n | \p | {PLAYER} | \n | \p | {PLAYER} | \n,{PLAYER} | {PLAYER},high,high,Resolved from a checklist event seed through direct or chained script references.,
dlg_52b66c5569e850e3,37,04,petalburg,Petalburg and Rustboro,เพทัลเบิร์กและรัสต์โบโร,10,petalburg_norman,Petalburg and Norman,,10,PetalburgCity_Gym,norman,PetalburgCity Gym,3,Norman,PetalburgCity_Gym_EventScript_NormanOneBadge,data/maps/PetalburgCity_Gym/scripts.inc,1238,PetalburgCity_Gym_Text_NormanGoToDewford,"DAD: I see… So, you've beaten\nthe GYM LEADER in RUSTBORO CITY.\pBut there are many more TRAINERS\nwho are stronger than you, {PLAYER}.\pAcross the sea in DEWFORD TOWN is a\nGYM LEADER named BRAWLY.\pYou should go challenge him.$","DAD: I see… So, you've beaten
the GYM LEADER in RUSTBORO CITY.
[PAGE]
But there are many more TRAINERS
who are stronger than you, {PLAYER}.
[PAGE]
Across the sea in DEWFORD TOWN is a
GYM LEADER named BRAWLY.
[PAGE]
You should go challenge him.",,untranslated,\n | \p | \n | {PLAYER} | \p | \n | \p,{PLAYER},high,high,Resolved from a checklist event seed through direct or chained script references.,
dlg_341cabcfb47a1d38,38,04,petalburg,Petalburg and Rustboro,เพทัลเบิร์กและรัสต์โบโร,10,petalburg_norman,Petalburg and Norman,,10,PetalburgCity_Gym,norman,PetalburgCity Gym,4,,PetalburgCity_Gym_EventScript_NormanTwoBadges,data/maps/PetalburgCity_Gym/scripts.inc,1247,PetalburgCity_Gym_Text_YouHaveGottenStronger,"DAD: Hm… {PLAYER}, you have gotten\nstronger.\pI can tell by the number of BADGES\nthat you've earned.$","DAD: Hm… {PLAYER}, you have gotten
stronger.
[PAGE]
I can tell by the number of BADGES
that you've earned.",,untranslated,{PLAYER} | \n | \p | \n,{PLAYER},high,high,Resolved from a checklist event seed through direct or chained script references.,
dlg_a4dd4d5adc4061ee,39,04,petalburg,Petalburg and Rustboro,เพทัลเบิร์กและรัสต์โบโร,10,petalburg_norman,Petalburg and Norman,,10,PetalburgCity_Gym,norman,PetalburgCity Gym,5,,PetalburgCity_Gym_EventScript_NormanPostBattle,data/maps/PetalburgCity_Gym/scripts.inc,1311,PetalburgCity_Gym_Text_DadGoingToKeepTraining,"DAD: {PLAYER}, you should go visit\nyour mother every so often.\pI'm going to stay here and redouble\nmy training.\pIt would bother me as a TRAINER to\nnot avenge my loss to you, {PLAYER}!$","DAD: {PLAYER}, you should go visit
your mother every so often.
[PAGE]
I'm going to stay here and redouble
my training.
[PAGE]
It would bother me as a TRAINER to
not avenge my loss to you, {PLAYER}!",,untranslated,{PLAYER} | \n | \p | \n | \p | \n | {PLAYER},{PLAYER} | {PLAYER},high,high,Resolved from a checklist event seed through direct or chained script references.,
dlg_b1dbf403a97f2f0c,40,04,petalburg,Petalburg and Rustboro,เพทัลเบิร์กและรัสต์โบโร,10,petalburg_norman,Petalburg and Norman,,10,PetalburgCity_Gym,norman,PetalburgCity Gym,6,Norman,PetalburgCity_Gym_EventScript_NormanBattle,data/maps/PetalburgCity_Gym/scripts.inc,1253,PetalburgCity_Gym_Text_NormanIntro,"DAD: Hm…\nSo, you did get four GYM BADGES.\pFine, as I promised, we will have\na POKéMON battle.\p{PLAYER}…\pI'm so happy that I can have\na real battle with my own child.\pBut, a battle is a battle!\pI will do everything in my power as\na GYM LEADER to win.\p{PLAYER}, you'd better give it your\nbest shot, too!$","DAD: Hm…
So, you did get four GYM BADGES.
[PAGE]
Fine, as I promised, we will have
a POKéMON battle.
[PAGE]
{PLAYER}…
[PAGE]
I'm so happy that I can have
a real battle with my own child.
[PAGE]
But, a battle is a battle!
[PAGE]
I will do everything in my power as
a GYM LEADER to win.
[PAGE]
{PLAYER}, you'd better give it your
best shot, too!",,untranslated,\n | \p | \n | \p | {PLAYER} | \p | \n | \p | \p | \n | \p | {PLAYER} | \n,{PLAYER} | {PLAYER},high,high,Resolved from a checklist event seed through direct or chained script references.,
dlg_02937a0c67770c8c,41,04,petalburg,Petalburg and Rustboro,เพทัลเบิร์กและรัสต์โบโร,10,petalburg_norman,Petalburg and Norman,,10,PetalburgCity_Gym,norman,PetalburgCity Gym,7,,PetalburgCity_Gym_EventScript_NormanBattle,data/maps/PetalburgCity_Gym/scripts.inc,1275,PetalburgCity_Gym_Text_ReceivedBalanceBadge,{PLAYER} received the BALANCE BADGE\nfrom DAD!$,"{PLAYER} received the BALANCE BADGE
from DAD!",,untranslated,{PLAYER} | \n,{PLAYER},high,high,Resolved from a checklist event seed through direct or chained script references.,
dlg_1349dbfc0225bf7b,42,04,petalburg,Petalburg and Rustboro,เพทัลเบิร์กและรัสต์โบโร,10,petalburg_norman,Petalburg and Norman,,10,PetalburgCity_Gym,norman,PetalburgCity Gym,8,,PetalburgCity_Gym_EventScript_NormanBattle,data/maps/PetalburgCity_Gym/scripts.inc,1279,PetalburgCity_Gym_Text_ExplainBalanceBadgeTakeThis,"DAD: With that BADGE, the DEFENSE\nof all your POKéMON will increase.\pPOKéMON that know the HM move SURF\nwill be able to travel over water.\pThis is my gift to you. {PLAYER}, I'm\nsure you can use it correctly.$","DAD: With that BADGE, the DEFENSE
of all your POKéMON will increase.
[PAGE]
POKéMON that know the HM move SURF
will be able to travel over water.
[PAGE]
This is my gift to you. {PLAYER}, I'm
sure you can use it correctly.",,untranslated,\n | \p | \n | \p | {PLAYER} | \n,{PLAYER},high,high,Resolved from a checklist event seed through direct or chained script references.,
dlg_189afa7d715ce58f,43,04,petalburg,Petalburg and Rustboro,เพทัลเบิร์กและรัสต์โบโร,10,petalburg_norman,Petalburg and Norman,,10,PetalburgCity_Gym,norman,PetalburgCity Gym,9,,PetalburgCity_Gym_EventScript_NormanBattle,data/maps/PetalburgCity_Gym/scripts.inc,1295,PetalburgCity_Gym_Text_DadHappyAndSad,"DAD: As the GYM LEADER, I can't\nexpress how upset I am…\pBut as a father, it makes me both\nhappy and a little sad. It's odd…$","DAD: As the GYM LEADER, I can't
express how upset I am…
[PAGE]
But as a father, it makes me both
happy and a little sad. It's odd…",,untranslated,\n | \p | \n,,high,high,Resolved from a checklist event seed through direct or chained script references.,
dlg_ca804248caf18a66,44,04,petalburg,Petalburg and Rustboro,เพทัลเบิร์กและรัสต์โบโร,10,petalburg_norman,Petalburg and Norman,,10,PetalburgCity_Gym,norman,PetalburgCity Gym,10,,PetalburgCity_Gym_EventScript_WallysDadArrives,data/maps/PetalburgCity_Gym/scripts.inc,1301,PetalburgCity_Gym_Text_PleaseComeWithMe,"Ah, there you are, {PLAYER}{KUN}!\pPlease come with me.\nI have something I want you to have.$","Ah, there you are, {PLAYER}{KUN}!
[PAGE]
Please come with me.
I have something I want you to have.",,untranslated,{PLAYER} | {KUN} | \p | \n,{PLAYER},high,high,Resolved from a checklist event seed through direct or chained script references.,
dlg_258c92ca2f19d536,45,04,petalburg,Petalburg and Rustboro,เพทัลเบิร์กและรัสต์โบโร,10,petalburg_norman,Petalburg and Norman,,10,PetalburgCity_Gym,norman,PetalburgCity Gym,11,,PetalburgCity_Gym_EventScript_WallysDadArrives,data/maps/PetalburgCity_Gym/scripts.inc,1306,PetalburgCity_Gym_Text_LetMeBorrowPlayer,"NORMAN, you don't mind, do you?\pLet me borrow your {PLAYER}{KUN} for\na minute or two.$","NORMAN, you don't mind, do you?
[PAGE]
Let me borrow your {PLAYER}{KUN} for
a minute or two.",,untranslated,\p | {PLAYER} | {KUN} | \n,{PLAYER},high,high,Resolved from a checklist event seed through direct or chained script references.,
dlg_5ffaf85215a0f479,46,04,petalburg,Petalburg and Rustboro,เพทัลเบิร์กและรัสต์โบโร,10,petalburg_norman,Petalburg and Norman,,10,PetalburgCity_Gym,norman,PetalburgCity Gym,12,,PetalburgCity_Gym_EventScript_GiveFacade,data/maps/PetalburgCity_Gym/scripts.inc,1287,PetalburgCity_Gym_Text_ExplainFacade,"DAD: TM42 contains FACADE.\pIt doubles the power of moves if\nthe POKéMON is poisoned, paralyzed,\lor burned.\pIt might be able to turn a bad\nsituation into an advantage.$","DAD: TM42 contains FACADE.
[PAGE]
It doubles the power of moves if
the POKéMON is poisoned, paralyzed,
or burned.
[PAGE]
It might be able to turn a bad
situation into an advantage.",,untranslated,\p | \n | \l | \p | \n,,high,high,Resolved from a checklist event seed through direct or chained script references.,
dlg_33f6361195064148,47,04,petalburg,Petalburg and Rustboro,เพทัลเบิร์กและรัสต์โบโร,11,wally_tutorial,Wally tutorial,,11,PetalburgCity_Gym,wally,PetalburgCity Gym,1,,PetalburgCity_Gym_EventScript_ReturnFromWallyTutorial,data/maps/PetalburgCity_Gym/scripts.inc,1195,PetalburgCity_Gym_Text_DadSoDidItWorkOut,"DAD: So, did it work out?$","DAD: So, did it work out?",,untranslated,,,high,high,Resolved from a checklist event seed through direct or chained script references.,
dlg_5a8bd4e5faf57436,48,04,petalburg,Petalburg and Rustboro,เพทัลเบิร์กและรัสต์โบโร,11,wally_tutorial,Wally tutorial,,11,PetalburgCity_Gym,wally,PetalburgCity Gym,2,Wally,PetalburgCity_Gym_EventScript_ReturnFromWallyTutorial,data/maps/PetalburgCity_Gym/scripts.inc,1198,PetalburgCity_Gym_Text_WallyThankYouBye,"WALLY: Thank you, yes, it did.\nHere's your POKéMON back.\p{PLAYER}, thank you for coming along\nwith me.\pYou two are why I was able to catch\nmy POKéMON.\pI promise I'll take really good\ncare of it.\pOh! My mom's waiting for me,\nso I have to go!\pBye, {PLAYER}!$","WALLY: Thank you, yes, it did.
Here's your POKéMON back.
[PAGE]
{PLAYER}, thank you for coming along
with me.
[PAGE]
You two are why I was able to catch
my POKéMON.
[PAGE]
I promise I'll take really good
care of it.
[PAGE]
Oh! My mom's waiting for me,
so I have to go!
[PAGE]
Bye, {PLAYER}!",,untranslated,\n | \p | {PLAYER} | \n | \p | \n | \p | \n | \p | \n | \p | {PLAYER},{PLAYER} | {PLAYER},high,high,Resolved from a checklist event seed through direct or chained script references.,
dlg_01331361d491fc05,49,04,petalburg,Petalburg and Rustboro,เพทัลเบิร์กและรัสต์โบโร,11,wally_tutorial,Wally tutorial,,11,PetalburgCity_Gym,wally,PetalburgCity Gym,3,,PetalburgCity_Gym_EventScript_ReturnFromWallyTutorial,data/maps/PetalburgCity_Gym/scripts.inc,1211,PetalburgCity_Gym_Text_DadGoCollectBadges,"DAD: Now…\p{PLAYER}, if you want to become a\nstrong TRAINER, here's my advice.\pHead for RUSTBORO CITY beyond this\ntown.\pThere, you should challenge\nthe GYM LEADER, ROXANNE.\pAfter her, go on to other POKéMON\nGYMS and defeat their LEADERS.\pCollect BADGES from them,\nunderstood?\pOf course, I'm a GYM LEADER, too.\nWe'll battle one day, {PLAYER}.\pBut that's only after you become\nstronger.$","DAD: Now…
[PAGE]
{PLAYER}, if you want to become a
strong TRAINER, here's my advice.
[PAGE]
Head for RUSTBORO CITY beyond this
town.
[PAGE]
There, you should challenge
the GYM LEADER, ROXANNE.
[PAGE]
After her, go on to other POKéMON
GYMS and defeat their LEADERS.
[PAGE]
Collect BADGES from them,
understood?
[PAGE]
Of course, I'm a GYM LEADER, too.
We'll battle one day, {PLAYER}.
[PAGE]
But that's only after you become
stronger.",,untranslated,\p | {PLAYER} | \n | \p | \n | \p | \n | \p | \n | \p | \n | \p | \n | {PLAYER} | \p | \n,{PLAYER} | {PLAYER},high,high,Resolved from a checklist event seed through direct or chained script references.,
dlg_494a02b492be76e5,50,04,petalburg,Petalburg and Rustboro,เพทัลเบิร์กและรัสต์โบโร,11,wally_tutorial,Wally tutorial,,11,PetalburgCity_Gym,wally,PetalburgCity Gym,4,Wally,PetalburgCity_Gym_EventScript_BeginWallyTutorial,data/maps/PetalburgCity_Gym/scripts.inc,1151,PetalburgCity_Gym_Text_WallyIdLikeAPokemon,"Um… I…\nI'd like to get a POKéMON, please…$","Um… I…
I'd like to get a POKéMON, please…",,untranslated,\n,,high,high,Resolved from a checklist event seed through direct or chained script references.,
dlg_20ec25c2eaea2190,51,04,petalburg,Petalburg and Rustboro,เพทัลเบิร์กและรัสต์โบโร,11,wally_tutorial,Wally tutorial,,11,PetalburgCity_Gym,wally,PetalburgCity Gym,5,Wally,PetalburgCity_Gym_EventScript_BeginWallyTutorial,data/maps/PetalburgCity_Gym/scripts.inc,1155,PetalburgCity_Gym_Text_DadOhYoureWallyRight,"DAD: Hm? You're… Uh… Oh, right.\nYou're WALLY, right?$","DAD: Hm? You're… Uh… Oh, right.
You're WALLY, right?",,untranslated,\n,,high,high,Resolved from a checklist event seed through direct or chained script references.,
dlg_f98cda4ae5188207,52,04,petalburg,Petalburg and Rustboro,เพทัลเบิร์กและรัสต์โบโร,11,wally_tutorial,Wally tutorial,,11,PetalburgCity_Gym,wally,PetalburgCity Gym,6,Wally,PetalburgCity_Gym_EventScript_BeginWallyTutorial,data/maps/PetalburgCity_Gym/scripts.inc,1159,PetalburgCity_Gym_Text_WallyIveNeverCaughtAPokemon,"WALLY: I'm going to go stay with my\nrelatives in VERDANTURF TOWN.\pI thought I would be lonely by myself,\nso I wanted to take a POKéMON along.\pBut I've never caught a POKéMON before.\nI don't know how…$","WALLY: I'm going to go stay with my
relatives in VERDANTURF TOWN.
[PAGE]
I thought I would be lonely by myself,
so I wanted to take a POKéMON along.
[PAGE]
But I've never caught a POKéMON before.
I don't know how…",,untranslated,\n | \p | \n | \p | \n,,high,high,Resolved from a checklist event seed through direct or chained script references.,
dlg_28c0bea6f705559a,53,04,petalburg,Petalburg and Rustboro,เพทัลเบิร์กและรัสต์โบโร,11,wally_tutorial,Wally tutorial,,11,PetalburgCity_Gym,wally,PetalburgCity Gym,7,,PetalburgCity_Gym_EventScript_BeginWallyTutorial,data/maps/PetalburgCity_Gym/scripts.inc,1167,PetalburgCity_Gym_Text_DadHmISee,DAD: Hm. I see.$,DAD: Hm. I see.,,untranslated,,,high,high,Resolved from a checklist event seed through direct or chained script references.,
dlg_c91c18103becdb2f,54,04,petalburg,Petalburg and Rustboro,เพทัลเบิร์กและรัสต์โบโร,11,wally_tutorial,Wally tutorial,,11,PetalburgCity_Gym,wally,PetalburgCity Gym,8,Wally,PetalburgCity_Gym_EventScript_BeginWallyTutorial,data/maps/PetalburgCity_Gym/scripts.inc,1170,PetalburgCity_Gym_Text_DadPlayerGoWithWally,"DAD: {PLAYER}, you heard that,\nright?\pGo with WALLY and make sure that he\nsafely catches a POKéMON.$","DAD: {PLAYER}, you heard that,
right?
[PAGE]
Go with WALLY and make sure that he
safely catches a POKéMON.",,untranslated,{PLAYER} | \n | \p | \n,{PLAYER},high,high,Resolved from a checklist event seed through direct or chained script references.,
dlg_eead62b58595e8b5,55,04,petalburg,Petalburg and Rustboro,เพทัลเบิร์กและรัสต์โบโร,11,wally_tutorial,Wally tutorial,,11,PetalburgCity_Gym,wally,PetalburgCity Gym,9,,PetalburgCity_Gym_EventScript_BeginWallyTutorial,data/maps/PetalburgCity_Gym/scripts.inc,1176,PetalburgCity_Gym_Text_IllLoanYouMyZigzagoon,"WALLY, here, I'll loan you my POKéMON.\pWALLY received a ZIGZAGOON!$","WALLY, here, I'll loan you my POKéMON.
[PAGE]
WALLY received a ZIGZAGOON!",,untranslated,\p,,high,high,Resolved from a checklist event seed through direct or chained script references.,
dlg_16e7448d926be3cf,56,04,petalburg,Petalburg and Rustboro,เพทัลเบิร์กและรัสต์โบโร,11,wally_tutorial,Wally tutorial,,11,PetalburgCity_Gym,wally,PetalburgCity Gym,10,Wally,PetalburgCity_Gym_EventScript_BeginWallyTutorial,data/maps/PetalburgCity_Gym/scripts.inc,1180,PetalburgCity_Gym_Text_WallyThankYouAndDadGivesPokeBall,"WALLY: Oh, wow!\nA POKéMON!\pDAD: Hm. I'll give you a POKé BALL, too.\nGo for it!\pWALLY received a POKé BALL!$","WALLY: Oh, wow!
A POKéMON!
[PAGE]
DAD: Hm. I'll give you a POKé BALL, too.
Go for it!
[PAGE]
WALLY received a POKé BALL!",,untranslated,\n | \p | \n | \p,,high,high,Resolved from a checklist event seed through direct or chained script references.,
dlg_31f4283f58f635f0,57,04,petalburg,Petalburg and Rustboro,เพทัลเบิร์กและรัสต์โบโร,11,wally_tutorial,Wally tutorial,,11,PetalburgCity_Gym,wally,PetalburgCity Gym,11,Wally,PetalburgCity_Gym_EventScript_BeginWallyTutorial,data/maps/PetalburgCity_Gym/scripts.inc,1187,PetalburgCity_Gym_Text_WallyOhWowThankYou,"WALLY: Oh, wow!\nThank you!$","WALLY: Oh, wow!
Thank you!",,untranslated,\n,,high,high,Resolved from a checklist event seed through direct or chained script references.,
dlg_e60a3d620dc03986,58,04,petalburg,Petalburg and Rustboro,เพทัลเบิร์กและรัสต์โบโร,11,wally_tutorial,Wally tutorial,,11,PetalburgCity_Gym,wally,PetalburgCity Gym,12,,PetalburgCity_Gym_EventScript_BeginWallyTutorial,data/maps/PetalburgCity_Gym/scripts.inc,1191,PetalburgCity_Gym_Text_WouldYouReallyComeWithMe,{PLAYER}… Would you really come\nwith me?$,"{PLAYER}… Would you really come
with me?",,untranslated,{PLAYER} | \n,{PLAYER},high,high,Resolved from a checklist event seed through direct or chained script references.,
dlg_ad5ae8da99fd5f43,59,04,petalburg,Petalburg and Rustboro,เพทัลเบิร์กและรัสต์โบโร,12,rustboro,Rustboro progression,,12,RustboroCity_Gym,rustboro,RustboroCity Gym,1,Roxanne,RustboroCity_Gym_EventScript_Roxanne,data/maps/RustboroCity_Gym/scripts.inc,219,RustboroCity_Gym_Text_RoxannePostBattle,"Since you are so strong, you should\nchallenge other GYM LEADERS.\pBy battling many TRAINERS, you should\nlearn many things.$","Since you are so strong, you should
challenge other GYM LEADERS.
[PAGE]
By battling many TRAINERS, you should
learn many things.",,untranslated,\n | \p | \n,,high,high,Resolved from a checklist event seed through direct or chained script references.,
dlg_bde9acfada6ecdb8,60,04,petalburg,Petalburg and Rustboro,เพทัลเบิร์กและรัสต์โบโร,12,rustboro,Rustboro progression,,12,RustboroCity_Gym,rustboro,RustboroCity Gym,2,,RustboroCity_Gym_EventScript_RoxanneDefeated,data/maps/RustboroCity_Gym/scripts.inc,198,RustboroCity_Gym_Text_ReceivedStoneBadge,{PLAYER} received the STONE BADGE\nfrom ROXANNE.$,"{PLAYER} received the STONE BADGE
from ROXANNE.",,untranslated,{PLAYER} | \n,{PLAYER},high,high,Resolved from a checklist event seed through direct or chained script references.,
dlg_48d242ce72b871a1,61,04,petalburg,Petalburg and Rustboro,เพทัลเบิร์กและรัสต์โบโร,12,rustboro,Rustboro progression,,12,RustboroCity_Gym,rustboro,RustboroCity Gym,3,,RustboroCity_Gym_EventScript_RoxanneDefeated,data/maps/RustboroCity_Gym/scripts.inc,202,RustboroCity_Gym_Text_StoneBadgeInfoTakeThis,"The STONE BADGE heightens the ATTACK\npower of your POKéMON.\pIt also enables them to use the HM move\nCUT outside of battle.\pPlease take this with you, too.$","The STONE BADGE heightens the ATTACK
power of your POKéMON.
[PAGE]
It also enables them to use the HM move
CUT outside of battle.
[PAGE]
Please take this with you, too.",,untranslated,\n | \p | \n | \p,,high,high,Resolved from a checklist event seed through direct or chained script references.,
dlg_e739b5163d24a801,62,04,petalburg,Petalburg and Rustboro,เพทัลเบิร์กและรัสต์โบโร,12,rustboro,Rustboro progression,,12,RustboroCity_Gym,rustboro,RustboroCity Gym,4,,RustboroCity_Gym_EventScript_GiveRockTomb,data/maps/RustboroCity_Gym/scripts.inc,209,RustboroCity_Gym_Text_ExplainRockTomb,"That TECHNICAL MACHINE, TM39,\ncontains ROCK TOMB.\pIt not only inflicts damage by dropping\nrocks, it also lowers SPEED.\pIf you use a TM, it instantly teaches\nthe move to a POKéMON.\pRemember, a TM can be used only once,\nso think before you use it.$","That TECHNICAL MACHINE, TM39,
contains ROCK TOMB.
[PAGE]
It not only inflicts damage by dropping
rocks, it also lowers SPEED.
[PAGE]
If you use a TM, it instantly teaches
the move to a POKéMON.
[PAGE]
Remember, a TM can be used only once,
so think before you use it.",,untranslated,\n | \p | \n | \p | \n | \p | \n,,high,high,Resolved from a checklist event seed through direct or chained script references.,
dlg_55e2e299eaa32230,63,05,devon,Devon and Dewford,เดวอนและดิวฟอร์ด,13,devon_theft,Devon Goods theft,,13,Route116,devon_theft,Route116,1,,RustboroCity_EventScript_StolenGoodsScene,data/maps/RustboroCity/scripts.inc,1089,RustboroCity_Text_OutOfTheWay,Get out!\nOut of the way!$,"Get out!
Out of the way!",,untranslated,\n,,high,high,Resolved from a checklist event seed through direct or chained script references.,
dlg_fc09693422d97c87,64,05,devon,Devon and Dewford,เดวอนและดิวฟอร์ด,13,devon_theft,Devon Goods theft,,13,Route116,devon_theft,Route116,2,,RustboroCity_EventScript_StolenGoodsScene,data/maps/RustboroCity/scripts.inc,1093,RustboroCity_Text_WaitDontTakeMyGoods,Wait! Pleeeaaase!\pDon't take my GOODS!$,"Wait! Pleeeaaase!
[PAGE]
Don't take my GOODS!",,untranslated,\p,,high,high,Resolved from a checklist event seed through direct or chained script references.,
dlg_3af0169168c5908b,65,05,devon,Devon and Dewford,เดวอนและดิวฟอร์ด,13,devon_theft,Devon Goods theft,,13,Route116,devon_theft,Route116,3,,RustboroCity_EventScript_EmployeeAskToGetGoods,data/maps/RustboroCity/scripts.inc,1097,RustboroCity_Text_HelpMeIWasRobbed,"Oh, it's you!\pYou're that fantastic TRAINER who\nhelped me in PETALBURG WOODS!\pHelp me! I was robbed by TEAM AQUA!\nI have to get the DEVON GOODS back!\pIf I don't…\nI'm going to be in serious trouble.$","Oh, it's you!
[PAGE]
You're that fantastic TRAINER who
helped me in PETALBURG WOODS!
[PAGE]
Help me! I was robbed by TEAM AQUA!
I have to get the DEVON GOODS back!
[PAGE]
If I don't…
I'm going to be in serious trouble.",,untranslated,\p | \n | \p | \n | \p | \n,,high,high,Resolved from a checklist event seed through direct or chained script references.,
dlg_785cd46b2fc2f8ec,66,05,devon,Devon and Dewford,เดวอนและดิวฟอร์ด,13,devon_theft,Devon Goods theft,,13,Route116,devon_theft,Route116,4,,RustboroCity_EventScript_ReturnGoods,data/maps/RustboroCity/scripts.inc,1110,RustboroCity_Text_YouGotItThankYou,"Oh! How did it go?\nThe DEVON GOODS?\pYou did!\nYou got them back!\pYou really are a great TRAINER!\pI know! As my thanks, I'll give you\nanother GREAT BALL!$","Oh! How did it go?
The DEVON GOODS?
[PAGE]
You did!
You got them back!
[PAGE]
You really are a great TRAINER!
[PAGE]
I know! As my thanks, I'll give you
another GREAT BALL!",,untranslated,\n | \p | \n | \p | \p | \n,,high,high,Resolved from a checklist event seed through direct or chained script references.,
dlg_f237e0965b02f5c4,67,05,devon,Devon and Dewford,เดวอนและดิวฟอร์ด,13,devon_theft,Devon Goods theft,,13,Route116,devon_theft,Route116,5,,RustboroCity_EventScript_ReturnGoods,data/maps/RustboroCity/scripts.inc,1123,RustboroCity_Text_PleaseComeWithMe,"Excuse me, please!\nPlease come with me!$","Excuse me, please!
Please come with me!",,untranslated,\n,,high,high,Resolved from a checklist event seed through direct or chained script references.,
dlg_08674d7717f93db0,68,05,devon,Devon and Dewford,เดวอนและดิวฟอร์ด,14,rusturf,Rusturf Tunnel,,14,RusturfTunnel,rusturf,RusturfTunnel,1,,RusturfTunnel_EventScript_AquaGruntBackUp,data/maps/RusturfTunnel/scripts.inc,419,RusturfTunnel_Text_ComeAndGetSome,"What, are you coming?\nCome and get some, then!$","What, are you coming?
Come and get some, then!",,untranslated,\n,,high,high,Resolved from a checklist event seed through direct or chained script references.,
dlg_fac0960bd1369f1f,69,05,devon,Devon and Dewford,เดวอนและดิวฟอร์ด,14,rusturf,Rusturf Tunnel,,14,RusturfTunnel,rusturf,RusturfTunnel,2,,RusturfTunnel_EventScript_Grunt,data/maps/RusturfTunnel/scripts.inc,426,RusturfTunnel_Text_GruntIntro,"Grah, keelhaul it all!\pThat hostage POKéMON turned out to\nbe worthless!\pAnd to think I made a getaway…\nIn this tunnel to nowhere!\pHey! You!\nSo you want to battle me?$","Grah, keelhaul it all!
[PAGE]
That hostage POKéMON turned out to
be worthless!
[PAGE]
And to think I made a getaway…
In this tunnel to nowhere!
[PAGE]
Hey! You!
So you want to battle me?",,untranslated,\p | \n | \p | \n | \p | \n,,high,high,Resolved from a checklist event seed through direct or chained script references.,
dlg_d362788277a67aac,70,05,devon,Devon and Dewford,เดวอนและดิวฟอร์ด,14,rusturf,Rusturf Tunnel,,14,RusturfTunnel,rusturf,RusturfTunnel,3,,RusturfTunnel_EventScript_Grunt,data/maps/RusturfTunnel/scripts.inc,439,RusturfTunnel_Text_GruntTakePackage,"This is plain not right…\pThe BOSS told me this would be a\nslick-and-easy job to pull.\pAll I had to do was steal some package\nfrom DEVON.\pTch!\nYou want it back that badly, take it!$","This is plain not right…
[PAGE]
The BOSS told me this would be a
slick-and-easy job to pull.
[PAGE]
All I had to do was steal some package
from DEVON.
[PAGE]
Tch!
You want it back that badly, take it!",,untranslated,\p | \n | \p | \n | \p | \n,,high,high,Resolved from a checklist event seed through direct or chained script references.,
dlg_2a1b92399c937260,71,05,devon,Devon and Dewford,เดวอนและดิวฟอร์ด,14,rusturf,Rusturf Tunnel,,14,RusturfTunnel,rusturf,RusturfTunnel,4,,RusturfTunnel_EventScript_Grunt,data/maps/RusturfTunnel/scripts.inc,448,RusturfTunnel_Text_PeekoGladToSeeYouSafe,PEEKO!\nAm I glad to see you're safe!$,"PEEKO!
Am I glad to see you're safe!",,untranslated,\n,,high,high,Resolved from a checklist event seed through direct or chained script references.,
dlg_6917422c3af8974f,72,05,devon,Devon and Dewford,เดวอนและดิวฟอร์ด,14,rusturf,Rusturf Tunnel,,14,RusturfTunnel,rusturf,RusturfTunnel,5,,RusturfTunnel_EventScript_Grunt,data/maps/RusturfTunnel/scripts.inc,452,RusturfTunnel_Text_ThankYouLetsGoHomePeeko,"PEEKO owes her life to you!\pThey call me MR. BRINEY.\nAnd, you are?\p… … … … … … … …\n… … … … … … … …\pAh, so you are {PLAYER}{KUN}!\nI sincerely thank you!\pNow, if there's anything that troubles\nyou, don't hesitate to tell me!\pYou can usually find me in my cottage\nby the sea near PETALBURG WOODS.\pCome, PEEKO, we should make our way\nhome.\pPEEKO: Pihyoh!$","PEEKO owes her life to you!
[PAGE]
They call me MR. BRINEY.
And, you are?
[PAGE]
… … … … … … … …
… … … … … … … …
[PAGE]
Ah, so you are {PLAYER}{KUN}!
I sincerely thank you!
[PAGE]
Now, if there's anything that troubles
you, don't hesitate to tell me!
[PAGE]
You can usually find me in my cottage
by the sea near PETALBURG WOODS.
[PAGE]
Come, PEEKO, we should make our way
home.
[PAGE]
PEEKO: Pihyoh!",,untranslated,\p | \n | \p | \n | \p | {PLAYER} | {KUN} | \n | \p | \n | \p | \n | \p | \n | \p,{PLAYER},high,high,Resolved from a checklist event seed through direct or chained script references.,
dlg_a33aefbe6eb63e63,73,05,devon,Devon and Dewford,เดวอนและดิวฟอร์ด,15,devon_corp,Devon Corporation,,15,RustboroCity_DevonCorp_1F,devon_corp,RustboroCity DevonCorp 1F,1,,RustboroCity_DevonCorp_1F_EventScript_GoodsRecovered,data/maps/RustboroCity_DevonCorp_1F/scripts.inc,103,RustboroCity_DevonCorp_1F_Text_SoundsLikeStolenGoodsRecovered,It sounds like they've recovered\nthe ripped-off DEVON GOODS.$,"It sounds like they've recovered
the ripped-off DEVON GOODS.",,untranslated,\n,,high,high,Resolved from a checklist event seed through direct or chained script references.,
dlg_d4bd710202b46c0c,74,05,devon,Devon and Dewford,เดวอนและดิวฟอร์ด,15,devon_corp,Devon Corporation,,15,RustboroCity_DevonCorp_1F,devon_corp,RustboroCity DevonCorp 1F,2,,RustboroCity_DevonCorp_3F_EventScript_MeetPresident,data/maps/RustboroCity_DevonCorp_3F/scripts.inc,267,RustboroCity_DevonCorp_3F_Text_ThisIs3rdFloorWaitHere,"This is the DEVON CORPORATION's\nthird floor.\pOur PRESIDENT's OFFICE is on\nthis floor.\pAnyway, I can't tell you how much I'm\ngrateful for what you've done.\pUm… By the way, that parcel\nyou got back for us…\pCould I get you to deliver that to\nthe SHIPYARD in SLATEPORT?\pIt would be awful if those robbers\ntried to take it again.\pUh… Hehehe, so, uh, could I count\non you to do that for me?\pOh, that's right.\nCould you wait here a second?$","This is the DEVON CORPORATION's
third floor.
[PAGE]
Our PRESIDENT's OFFICE is on
this floor.
[PAGE]
Anyway, I can't tell you how much I'm
grateful for what you've done.
[PAGE]
Um… By the way, that parcel
you got back for us…
[PAGE]
Could I get you to deliver that to
the SHIPYARD in SLATEPORT?
[PAGE]
It would be awful if those robbers
tried to take it again.
[PAGE]
Uh… Hehehe, so, uh, could I count
on you to do that for me?
[PAGE]
Oh, that's right.
Could you wait here a second?",,untranslated,\n | \p | \n | \p | \n | \p | \n | \p | \n | \p | \n | \p | \n | \p | \n,,high,high,Resolved from a checklist event seed through direct or chained script references.,
dlg_ef91cab884e7930d,75,05,devon,Devon and Dewford,เดวอนและดิวฟอร์ด,15,devon_corp,Devon Corporation,,15,RustboroCity_DevonCorp_1F,devon_corp,RustboroCity DevonCorp 1F,3,,RustboroCity_DevonCorp_3F_EventScript_MeetPresident,data/maps/RustboroCity_DevonCorp_3F/scripts.inc,285,RustboroCity_DevonCorp_3F_Text_WordWithPresidentComeWithMe,Our PRESIDENT would like to have\na word with you.\pPlease come with me.$,"Our PRESIDENT would like to have
a word with you.
[PAGE]
Please come with me.",,untranslated,\n | \p,,high,high,Resolved from a checklist event seed through direct or chained script references.,
dlg_6c5f3fd5f4fa792e,76,05,devon,Devon and Dewford,เดวอนและดิวฟอร์ด,15,devon_corp,Devon Corporation,,15,RustboroCity_DevonCorp_1F,devon_corp,RustboroCity DevonCorp 1F,4,,RustboroCity_DevonCorp_3F_EventScript_MeetPresident,data/maps/RustboroCity_DevonCorp_3F/scripts.inc,290,RustboroCity_DevonCorp_3F_Text_PleaseGoAhead,"Please, go ahead.$","Please, go ahead.",,untranslated,,,high,high,Resolved from a checklist event seed through direct or chained script references.,
dlg_52b589c9fb152fe9,77,05,devon,Devon and Dewford,เดวอนและดิวฟอร์ด,15,devon_corp,Devon Corporation,,15,RustboroCity_DevonCorp_1F,devon_corp,RustboroCity DevonCorp 1F,5,,RustboroCity_DevonCorp_3F_EventScript_MeetPresident,data/maps/RustboroCity_DevonCorp_3F/scripts.inc,197,RustboroCity_DevonCorp_3F_Text_MrStoneIHaveFavor,"I'm MR. STONE, the PRESIDENT of\nthe DEVON CORPORATION.\pI'd just got word about you!\pYou saved our staff not just once,\nbut twice!\pI have a favor to ask of an amazing\nperson like you.\pI understand that you're delivering\na package to SLATEPORT's SHIPYARD.\pWell, on the way, could you stop off in\nDEWFORD TOWN?\pI was hoping that you'd deliver a\nLETTER to STEVEN in DEWFORD.$","I'm MR. STONE, the PRESIDENT of
the DEVON CORPORATION.
[PAGE]
I'd just got word about you!
[PAGE]
You saved our staff not just once,
but twice!
[PAGE]
I have a favor to ask of an amazing
person like you.
[PAGE]
I understand that you're delivering
a package to SLATEPORT's SHIPYARD.
[PAGE]
Well, on the way, could you stop off in
DEWFORD TOWN?
[PAGE]
I was hoping that you'd deliver a
LETTER to STEVEN in DEWFORD.",,untranslated,\n | \p | \p | \n | \p | \n | \p | \n | \p | \n | \p | \n,,high,high,Resolved from a checklist event seed through direct or chained script references.,
dlg_d944c62595a62903,78,05,devon,Devon and Dewford,เดวอนและดิวฟอร์ด,15,devon_corp,Devon Corporation,,15,RustboroCity_DevonCorp_1F,devon_corp,RustboroCity DevonCorp 1F,6,,RustboroCity_DevonCorp_3F_EventScript_MeetPresident,data/maps/RustboroCity_DevonCorp_3F/scripts.inc,212,RustboroCity_DevonCorp_3F_Text_MrStoneWantYouToHaveThis,"MR. STONE: Now, you should know that\nI am a great PRESIDENT.\pSo, I'd never be so cheap as to ask\na favor for nothing in return.\pThat's why I want you to have this!$","MR. STONE: Now, you should know that
I am a great PRESIDENT.
[PAGE]
So, I'd never be so cheap as to ask
a favor for nothing in return.
[PAGE]
That's why I want you to have this!",,untranslated,\n | \p | \n | \p,,high,high,Resolved from a checklist event seed through direct or chained script references.,
dlg_8cdabd7f75be9916,79,05,devon,Devon and Dewford,เดวอนและดิวฟอร์ด,15,devon_corp,Devon Corporation,,15,RustboroCity_DevonCorp_1F,devon_corp,RustboroCity DevonCorp 1F,7,,RustboroCity_DevonCorp_3F_EventScript_MeetPresident,data/maps/RustboroCity_DevonCorp_3F/scripts.inc,219,RustboroCity_DevonCorp_3F_Text_ReceivedPokenav,{PLAYER} received a POKéNAV.$,{PLAYER} received a POKéNAV.,,untranslated,{PLAYER},{PLAYER},high,high,Resolved from a checklist event seed through direct or chained script references.,
dlg_6e4ba929b10c625c,80,05,devon,Devon and Dewford,เดวอนและดิวฟอร์ด,15,devon_corp,Devon Corporation,,15,RustboroCity_DevonCorp_1F,devon_corp,RustboroCity DevonCorp 1F,8,,RustboroCity_DevonCorp_3F_EventScript_MeetPresident,data/maps/RustboroCity_DevonCorp_3F/scripts.inc,222,RustboroCity_DevonCorp_3F_Text_MrStoneExplainPokenavRestUp,"MR. STONE: That device…\pIt's a POKéMON NAVIGATOR, or POKéNAV\nfor short.\pIt's an indispensable tool for any\nTRAINER on an adventure.\pIt has a map of the HOENN region.\pYou can check the locations of\nDEWFORD and SLATEPORT easily!\pBy the way, I've heard that sinister\ncriminals--MAGMA and AQUA, I believe--\lhave been making trouble far and wide.\pI think it would be best if you rested\nup before you go on your way.$","MR. STONE: That device…
[PAGE]
It's a POKéMON NAVIGATOR, or POKéNAV
for short.
[PAGE]
It's an indispensable tool for any
TRAINER on an adventure.
[PAGE]
It has a map of the HOENN region.
[PAGE]
You can check the locations of
DEWFORD and SLATEPORT easily!
[PAGE]
By the way, I've heard that sinister
criminals--MAGMA and AQUA, I believe--
have been making trouble far and wide.
[PAGE]
I think it would be best if you rested
up before you go on your way.",,untranslated,\p | \n | \p | \n | \p | \p | \n | \p | \n | \l | \p | \n,,high,high,Resolved from a checklist event seed through direct or chained script references.,
dlg_80a46ed9b55cf555,81,05,devon,Devon and Dewford,เดวอนและดิวฟอร์ด,15,devon_corp,Devon Corporation,,15,RustboroCity_DevonCorp_1F,devon_corp,RustboroCity DevonCorp 1F,9,,RustboroCity_DevonCorp_3F_EventScript_MeetPresident,data/maps/RustboroCity_DevonCorp_3F/scripts.inc,237,RustboroCity_DevonCorp_3F_Text_MrStoneGoWithCautionAndCare,"MR. STONE: Well, then, {PLAYER}{KUN},\ngo with caution and care!$","MR. STONE: Well, then, {PLAYER}{KUN},
go with caution and care!",,untranslated,{PLAYER} | {KUN} | \n,{PLAYER},high,high,Resolved from a checklist event seed through direct or chained script references.,
dlg_59680c8db999e859,82,05,devon,Devon and Dewford,เดวอนและดิวฟอร์ด,16,briney,Mr. Briney,,16,DewfordTown,briney,DewfordTown,1,,Route104_MrBrineysHouse_EventScript_SailingIntro,data/maps/Route104_MrBrineysHouse/scripts.inc,96,Route104_MrBrineysHouse_Text_WaitUpPeeko,"MR. BRINEY: Hold on, lass!\nWait up, PEEKO!$","MR. BRINEY: Hold on, lass!
Wait up, PEEKO!",,untranslated,\n,,high,high,Resolved from a checklist event seed through direct or chained script references.,
dlg_8b8f8c1d77b9c2c7,83,05,devon,Devon and Dewford,เดวอนและดิวฟอร์ด,16,briney,Mr. Briney,,16,DewfordTown,briney,DewfordTown,2,,Route104_MrBrineysHouse_EventScript_SailingIntro,data/maps/Route104_MrBrineysHouse/scripts.inc,100,Route104_MrBrineysHouse_Text_ItsYouLetsSailToDewford,"Hm? You're {PLAYER}{KUN}!\nYou saved my darling PEEKO!\lWe owe so much to you!\pWhat's that?\nYou want to sail with me?\pHmhm…\pYou have a LETTER bound for DEWFORD\nand a package for SLATEPORT, then?\pQuite the busy life you must lead!\pBut, certainly, what you're asking is\nno problem at all.\pYou've come to the right man!\nWe'll set sail for DEWFORD.$","Hm? You're {PLAYER}{KUN}!
You saved my darling PEEKO!
We owe so much to you!
[PAGE]
What's that?
You want to sail with me?
[PAGE]
Hmhm…
[PAGE]
You have a LETTER bound for DEWFORD
and a package for SLATEPORT, then?
[PAGE]
Quite the busy life you must lead!
[PAGE]
But, certainly, what you're asking is
no problem at all.
[PAGE]
You've come to the right man!
We'll set sail for DEWFORD.",,untranslated,{PLAYER} | {KUN} | \n | \l | \p | \n | \p | \p | \n | \p | \p | \n | \p | \n,{PLAYER},high,high,Resolved from a checklist event seed through direct or chained script references.,
dlg_5a21047689f2dce8,84,05,devon,Devon and Dewford,เดวอนและดิวฟอร์ด,16,briney,Mr. Briney,,16,DewfordTown,briney,DewfordTown,3,,Route104_MrBrineysHouse_EventScript_SailBothDeliveries,data/maps/Route104_MrBrineysHouse/scripts.inc,126,Route104_MrBrineysHouse_Text_NeedToMakeDeliveriesSailToDewford,"MR. BRINEY: Ahoy!\nI know exactly what you want to say!\pYou're to deliver a LETTER to DEWFORD\nand a package to SLATEPORT.\pWhat you need me to do is no problem\nat all--I'm the man for the job!\pFirst, we'll set sail for DEWFORD.$","MR. BRINEY: Ahoy!
I know exactly what you want to say!
[PAGE]
You're to deliver a LETTER to DEWFORD
and a package to SLATEPORT.
[PAGE]
What you need me to do is no problem
at all--I'm the man for the job!
[PAGE]
First, we'll set sail for DEWFORD.",,untranslated,\n | \p | \n | \p | \n | \p,,high,high,Resolved from a checklist event seed through direct or chained script references.,
dlg_4fedb8a481fa3e6c,85,05,devon,Devon and Dewford,เดวอนและดิวฟอร์ด,16,briney,Mr. Briney,,16,DewfordTown,briney,DewfordTown,4,,Route104_MrBrineysHouse_EventScript_SailDeliverPackage,data/maps/Route104_MrBrineysHouse/scripts.inc,135,Route104_MrBrineysHouse_Text_NeedToDeliverPackageSailToDewford,"MR. BRINEY: Ahoy!\nI know exactly what you want to say!\pYou're to deliver a package to\nCAPT. STERN in SLATEPORT.\pWhat you need me to do is no problem\nat all--I'm the man for the job!\pFirst, we'll set sail for DEWFORD.$","MR. BRINEY: Ahoy!
I know exactly what you want to say!
[PAGE]
You're to deliver a package to
CAPT. STERN in SLATEPORT.
[PAGE]
What you need me to do is no problem
at all--I'm the man for the job!
[PAGE]
First, we'll set sail for DEWFORD.",,untranslated,\n | \p | \n | \p | \n | \p,,high,high,Resolved from a checklist event seed through direct or chained script references.,
dlg_7eaad53685c1854a,86,05,devon,Devon and Dewford,เดวอนและดิวฟอร์ด,16,briney,Mr. Briney,,16,DewfordTown,briney,DewfordTown,5,,Route104_MrBrineysHouse_EventScript_SailToDewford,data/maps/Route104_MrBrineysHouse/scripts.inc,115,Route104_MrBrineysHouse_Text_SetSailForDewford,"MR. BRINEY: DEWFORD it is, then!\pAnchors aweigh!\nPEEKO, we're setting sail, my darling!$","MR. BRINEY: DEWFORD it is, then!
[PAGE]
Anchors aweigh!
PEEKO, we're setting sail, my darling!",,untranslated,\p | \n,,high,high,Resolved from a checklist event seed through direct or chained script references.,
dlg_dbb46905c78db3fa,87,05,devon,Devon and Dewford,เดวอนและดิวฟอร์ด,17,dewford,Dewford and Granite Cave,,17,DewfordTown_Gym,dewford,DewfordTown Gym,1,Brawly,DewfordTown_Gym_EventScript_Brawly,data/maps/DewfordTown_Gym/scripts.inc,420,DewfordTown_Gym_Text_BrawlyPostBattle,I can see your talent becoming a giant\nwave to cause a storm of astonishment\lamong TRAINERS one day!$,"I can see your talent becoming a giant
wave to cause a storm of astonishment
among TRAINERS one day!",,untranslated,\n | \l,,high,high,Resolved from a checklist event seed through direct or chained script references.,
dlg_b5f1597d44c6a945,88,05,devon,Devon and Dewford,เดวอนและดิวฟอร์ด,17,dewford,Dewford and Granite Cave,,17,DewfordTown_Gym,dewford,DewfordTown Gym,2,,DewfordTown_Gym_EventScript_BrawlyDefeated,data/maps/DewfordTown_Gym/scripts.inc,397,DewfordTown_Gym_Text_ReceivedKnuckleBadge,{PLAYER} received the KNUCKLE BADGE\nfrom BRAWLY.$,"{PLAYER} received the KNUCKLE BADGE
from BRAWLY.",,untranslated,{PLAYER} | \n,{PLAYER},high,high,Resolved from a checklist event seed through direct or chained script references.,
dlg_c511203430171749,89,05,devon,Devon and Dewford,เดวอนและดิวฟอร์ด,17,dewford,Dewford and Granite Cave,,17,DewfordTown_Gym,dewford,DewfordTown Gym,3,,DewfordTown_Gym_EventScript_BrawlyDefeated,data/maps/DewfordTown_Gym/scripts.inc,401,DewfordTown_Gym_Text_KnuckleBadgeInfoTakeThis,"The KNUCKLE BADGE makes all POKéMON\nup to Level 30, even those you get in\ltrades, obey without question.\pAnd, you'll be able to use the HM move\nFLASH outside of battle.\pIf you'd like, use this TECHNICAL\nMACHINE, too.$","The KNUCKLE BADGE makes all POKéMON
up to Level 30, even those you get in
trades, obey without question.
[PAGE]
And, you'll be able to use the HM move
FLASH outside of battle.
[PAGE]
If you'd like, use this TECHNICAL
MACHINE, too.",,untranslated,\n | \l | \p | \n | \p | \n,,high,high,Resolved from a checklist event seed through direct or chained script references.,
dlg_0e086d2f7643bdb7,90,05,devon,Devon and Dewford,เดวอนและดิวฟอร์ด,17,dewford,Dewford and Granite Cave,,17,DewfordTown_Gym,dewford,DewfordTown Gym,4,,DewfordTown_Gym_EventScript_GiveBulkUp,data/maps/DewfordTown_Gym/scripts.inc,410,DewfordTown_Gym_Text_ExplainBulkUp,That TM08 contains BULK UP.\pIt's a move that raises both ATTACK\nand DEFENSE stats.\p… … … … … …$,"That TM08 contains BULK UP.
[PAGE]
It's a move that raises both ATTACK
and DEFENSE stats.
[PAGE]
… … … … … …",,untranslated,\p | \n | \p,,high,high,Resolved from a checklist event seed through direct or chained script references.,
dlg_f3193871c666b294,91,06,slateport,Slateport and Mauville,สเลตพอร์ตและมอวิลล์,18,museum,Slateport Museum,,18,SlateportCity_OceanicMuseum_2F,museum,SlateportCity OceanicMuseum 2F,1,,SlateportCity_OceanicMuseum_2F_EventScript_CaptStern,data/maps/SlateportCity_OceanicMuseum_2F/scripts.inc,269,SlateportCity_OceanicMuseum_2F_Text_ThankYouForTheParts,"Yes? If you're looking for STERN,\nthat would be me.\pAh! Those must be the parts I ordered\nfrom MR. STONE of DEVON.\pThank you! That's great!\nWe can prepare for our expedition now.$","Yes? If you're looking for STERN,
that would be me.
[PAGE]
Ah! Those must be the parts I ordered
from MR. STONE of DEVON.
[PAGE]
Thank you! That's great!
We can prepare for our expedition now.",,untranslated,\n | \p | \n | \p | \n,,high,high,Resolved from a checklist event seed through direct or chained script references.,
dlg_bccdea658542d0e8,92,06,slateport,Slateport and Mauville,สเลตพอร์ตและมอวิลล์,18,museum,Slateport Museum,,18,SlateportCity_OceanicMuseum_2F,museum,SlateportCity OceanicMuseum 2F,2,,SlateportCity_OceanicMuseum_2F_EventScript_CaptStern,data/maps/SlateportCity_OceanicMuseum_2F/scripts.inc,277,SlateportCity_OceanicMuseum_2F_Text_WellTakeThoseParts,"Hehehe, hold it!\nWe'll take those parts!$","Hehehe, hold it!
We'll take those parts!",,untranslated,\n,,high,high,Resolved from a checklist event seed through direct or chained script references.,
dlg_6c9bfdabbe559c34,93,06,slateport,Slateport and Mauville,สเลตพอร์ตและมอวิลล์,18,museum,Slateport Museum,,18,SlateportCity_OceanicMuseum_2F,museum,SlateportCity OceanicMuseum 2F,3,,SlateportCity_OceanicMuseum_2F_EventScript_CaptStern,data/maps/SlateportCity_OceanicMuseum_2F/scripts.inc,281,SlateportCity_OceanicMuseum_2F_Text_SternWhoAreYou,CAPT. STERN: Wh-what?\nWho are you people?$,"CAPT. STERN: Wh-what?
Who are you people?",,untranslated,\n,,high,high,Resolved from a checklist event seed through direct or chained script references.,
dlg_9758a7ae075cd9a8,94,06,slateport,Slateport and Mauville,สเลตพอร์ตและมอวิลล์,18,museum,Slateport Museum,,18,SlateportCity_OceanicMuseum_2F,museum,SlateportCity OceanicMuseum 2F,4,,SlateportCity_OceanicMuseum_2F_EventScript_CaptStern,data/maps/SlateportCity_OceanicMuseum_2F/scripts.inc,285,SlateportCity_OceanicMuseum_2F_Text_WereTeamAqua,We're TEAM AQUA!\pOur BOSS wants those parts!\nShut your yap and fork them over!$,"We're TEAM AQUA!
[PAGE]
Our BOSS wants those parts!
Shut your yap and fork them over!",,untranslated,\p | \n,,high,high,Resolved from a checklist event seed through direct or chained script references.,
dlg_636ae9a849ca1131,95,06,slateport,Slateport and Mauville,สเลตพอร์ตและมอวิลล์,18,museum,Slateport Museum,,18,SlateportCity_OceanicMuseum_2F,museum,SlateportCity OceanicMuseum 2F,5,,SlateportCity_OceanicMuseum_2F_EventScript_CaptStern,data/maps/SlateportCity_OceanicMuseum_2F/scripts.inc,294,SlateportCity_OceanicMuseum_2F_Text_BossGoingToBeFurious,"Oh, man, what a disaster…\nThe BOSS is going to be furious…$","Oh, man, what a disaster…
The BOSS is going to be furious…",,untranslated,\n,,high,high,Resolved from a checklist event seed through direct or chained script references.,
dlg_e8971e4703accf6a,96,06,slateport,Slateport and Mauville,สเลตพอร์ตและมอวิลล์,18,museum,Slateport Museum,,18,SlateportCity_OceanicMuseum_2F,museum,SlateportCity OceanicMuseum 2F,6,,SlateportCity_OceanicMuseum_2F_EventScript_CaptStern,data/maps/SlateportCity_OceanicMuseum_2F/scripts.inc,298,SlateportCity_OceanicMuseum_2F_Text_LetMeTakeCareOfThis,"Humph, sniveling wimp!\nLet me take care of this!$","Humph, sniveling wimp!
Let me take care of this!",,untranslated,\n,,high,high,Resolved from a checklist event seed through direct or chained script references.,
dlg_aa04df9ea54fa8e8,97,06,slateport,Slateport and Mauville,สเลตพอร์ตและมอวิลล์,18,museum,Slateport Museum,,18,SlateportCity_OceanicMuseum_2F,museum,SlateportCity OceanicMuseum 2F,7,,SlateportCity_OceanicMuseum_2F_EventScript_CaptStern,data/maps/SlateportCity_OceanicMuseum_2F/scripts.inc,306,SlateportCity_OceanicMuseum_2F_Text_MeddlingKid,"Now what? If we don't get the parts,\nwe're in for it!\pArrgh, I didn't count on being meddled\nwith by some meddling kid!$","Now what? If we don't get the parts,
we're in for it!
[PAGE]
Arrgh, I didn't count on being meddled
with by some meddling kid!",,untranslated,\n | \p | \n,,high,high,Resolved from a checklist event seed through direct or chained script references.,
dlg_f04999e65407c9f5,98,06,slateport,Slateport and Mauville,สเลตพอร์ตและมอวิลล์,18,museum,Slateport Museum,,18,SlateportCity_OceanicMuseum_2F,museum,SlateportCity OceanicMuseum 2F,8,,SlateportCity_OceanicMuseum_2F_EventScript_CaptStern,data/maps/SlateportCity_OceanicMuseum_2F/scripts.inc,312,SlateportCity_OceanicMuseum_2F_Text_CameToSeeWhatsTakingSoLong,"I came to see what was taking so\nlong to snatch some parts, and you\lsimps are held up by a mere child?$","I came to see what was taking so
long to snatch some parts, and you
simps are held up by a mere child?",,untranslated,\n | \l,,high,high,Resolved from a checklist event seed through direct or chained script references.,
dlg_6e3b14603f596d92,99,06,slateport,Slateport and Mauville,สเลตพอร์ตและมอวิลล์,18,museum,Slateport Museum,,18,SlateportCity_OceanicMuseum_2F,museum,SlateportCity OceanicMuseum 2F,9,Archie,SlateportCity_OceanicMuseum_2F_EventScript_CaptStern,data/maps/SlateportCity_OceanicMuseum_2F/scripts.inc,317,SlateportCity_OceanicMuseum_2F_Text_ArchieWarning,"We are TEAM AQUA,\nand we love the sea!\pAnd I am TEAM AQUA's leader,\nARCHIE!\pWhat makes you interfere with us?\p…No! You can't be!\nYou're not one of TEAM MAGMA?\pWait, that can't be right.\nYou're not dressed for the part.\p… … … … … …\n… … … … … …\pPOKéMON, people… All life depends on\nthe sea.\pSo, TEAM AQUA is dedicated to\nthe expansion of the sea.\pDon't you agree? What we are doing\nis a magnificent undertaking.\pAh, fine…\nYou're still too young to understand\lour noble objective.\pBut, I warn you, don't even consider\ninterfering with our plans again.\pThe consequences will cost you\ndearly!\pAnd don't you forget it!$","We are TEAM AQUA,
and we love the sea!
[PAGE]
And I am TEAM AQUA's leader,
ARCHIE!
[PAGE]
What makes you interfere with us?
[PAGE]
…No! You can't be!
You're not one of TEAM MAGMA?
[PAGE]
Wait, that can't be right.
You're not dressed for the part.
[PAGE]
… … … … … …
… … … … … …
[PAGE]
POKéMON, people… All life depends on
the sea.
[PAGE]
So, TEAM AQUA is dedicated to
the expansion of the sea.
[PAGE]
Don't you agree? What we are doing
is a magnificent undertaking.
[PAGE]
Ah, fine…
You're still too young to understand
our noble objective.
[PAGE]
But, I warn you, don't even consider
interfering with our plans again.
[PAGE]
The consequences will cost you
dearly!
[PAGE]
And don't you forget it!",,untranslated,\n | \p | \n | \p | \p | \n | \p | \n | \p | \n | \p | \n | \p | \n | \p | \n | \p | \n | \l | \p | \n | \p | \n | \p,,high,high,Resolved from a checklist event seed through direct or chained script references.,
dlg_9d72999ead10d4fe,100,06,slateport,Slateport and Mauville,สเลตพอร์ตและมอวิลล์,18,museum,Slateport Museum,,18,SlateportCity_OceanicMuseum_2F,museum,SlateportCity OceanicMuseum 2F,10,,SlateportCity_OceanicMuseum_2F_EventScript_CaptStern,data/maps/SlateportCity_OceanicMuseum_2F/scripts.inc,344,SlateportCity_OceanicMuseum_2F_Text_SternThankYouForSavingUs,"CAPT. STERN: You're…\nAh, okay, you're {PLAYER}{KUN}…\pAnyway, that was a tense situation!\nThank you for saving us!\pOh, yes, I almost forgot that you\neven brought the parts from DEVON!$","CAPT. STERN: You're…
Ah, okay, you're {PLAYER}{KUN}…
[PAGE]
Anyway, that was a tense situation!
Thank you for saving us!
[PAGE]
Oh, yes, I almost forgot that you
even brought the parts from DEVON!",,untranslated,\n | {PLAYER} | {KUN} | \p | \n | \p | \n,{PLAYER},high,high,Resolved from a checklist event seed through direct or chained script references.,
dlg_d19a36b6538ce9c5,101,06,slateport,Slateport and Mauville,สเลตพอร์ตและมอวิลล์,18,museum,Slateport Museum,,18,SlateportCity_OceanicMuseum_2F,museum,SlateportCity OceanicMuseum 2F,11,,SlateportCity_OceanicMuseum_2F_EventScript_CaptStern,data/maps/SlateportCity_OceanicMuseum_2F/scripts.inc,352,SlateportCity_OceanicMuseum_2F_Text_SternIveGotToGo,"CAPT. STERN: Whoops!\nThere's no time to lose!\pWe have to set out on our ocean-floor\nexpedition really soon.\pThanks again, but now I've got\nto go!\pFeel free to wander around and check\nout our facilities, though.$","CAPT. STERN: Whoops!
There's no time to lose!
[PAGE]
We have to set out on our ocean-floor
expedition really soon.
[PAGE]
Thanks again, but now I've got
to go!
[PAGE]
Feel free to wander around and check
out our facilities, though.",,untranslated,\n | \p | \n | \p | \n | \p | \n,,high,high,Resolved from a checklist event seed through direct or chained script references.,
dlg_28a099c0293fe293,102,06,slateport,Slateport and Mauville,สเลตพอร์ตและมอวิลล์,19,route110_rival,Route 110 rival,,19,Route110,route110,Route110,1,May,Route110_EventScript_MayBattle,data/maps/Route110/scripts.inc,756,Route110_Text_MayLetsBattle,"MAY: Hi, {PLAYER}{KUN}, long time no see!\pWhile I was searching for other\nPOKéMON, my POKéMON grew stronger.\pSo…\nHow about a little battle?$","MAY: Hi, {PLAYER}{KUN}, long time no see!
[PAGE]
While I was searching for other
POKéMON, my POKéMON grew stronger.
[PAGE]
So…
How about a little battle?",,untranslated,{PLAYER} | {KUN} | \p | \n | \p | \n,{PLAYER},high,high,Resolved from a checklist event seed through direct or chained script references.,
dlg_1d20082a3ecc7ddc,103,06,slateport,Slateport and Mauville,สเลตพอร์ตและมอวิลล์,19,route110_rival,Route 110 rival,,19,Route110,route110,Route110,2,May,Route110_EventScript_MayDefeated,data/maps/Route110/scripts.inc,767,Route110_Text_MayTakeThis,"MAY: {PLAYER}{KUN}, you've been busy\ntraining, too, haven't you?\pI think you deserve a reward!\nThis is from me!$","MAY: {PLAYER}{KUN}, you've been busy
training, too, haven't you?
[PAGE]
I think you deserve a reward!
This is from me!",,untranslated,{PLAYER} | {KUN} | \n | \p | \n,{PLAYER},high,high,Resolved from a checklist event seed through direct or chained script references.,
dlg_871ba96348530430,104,06,slateport,Slateport and Mauville,สเลตพอร์ตและมอวิลล์,19,route110_rival,Route 110 rival,,19,Route110,route110,Route110,3,May,Route110_EventScript_MayDefeated,data/maps/Route110/scripts.inc,773,Route110_Text_MayExplainItemfinder,"MAY: That's an ITEMFINDER.\pTry it out. If there is an item that's\nnot visible, it emits a sound.\pOkay, {PLAYER}{KUN}, let's meet again!\pI know it's a little silly coming from\nme, but I think you should train a lot\lharder for the next time.$","MAY: That's an ITEMFINDER.
[PAGE]
Try it out. If there is an item that's
not visible, it emits a sound.
[PAGE]
Okay, {PLAYER}{KUN}, let's meet again!
[PAGE]
I know it's a little silly coming from
me, but I think you should train a lot
harder for the next time.",,untranslated,\p | \n | \p | {PLAYER} | {KUN} | \p | \n | \l,{PLAYER},high,high,Resolved from a checklist event seed through direct or chained script references.,
dlg_fd31a8d537ec357f,105,06,slateport,Slateport and Mauville,สเลตพอร์ตและมอวิลล์,19,route110_rival,Route 110 rival,,19,Route110,route110,Route110,4,Brendan,Route110_EventScript_BrendanBattle,data/maps/Route110/scripts.inc,782,Route110_Text_BrendanLetsBattle,"BRENDAN: Hey, {PLAYER}.\nSo this is where you were.\lHow's it going?\pHave you been raising your POKéMON?\nI'll check for you.$","BRENDAN: Hey, {PLAYER}.
So this is where you were.
How's it going?
[PAGE]
Have you been raising your POKéMON?
I'll check for you.",,untranslated,{PLAYER} | \n | \l | \p | \n,{PLAYER},high,high,Resolved from a checklist event seed through direct or chained script references.,
dlg_d3ccced86c75df3a,106,06,slateport,Slateport and Mauville,สเลตพอร์ตและมอวิลล์,19,route110_rival,Route 110 rival,,19,Route110,route110,Route110,5,Brendan,Route110_EventScript_BrendanDefeated,data/maps/Route110/scripts.inc,793,Route110_Text_BrendanTakeThis,"BRENDAN: {PLAYER}, you've trained\nwithout me noticing…\pGood enough!\nHere, take this.$","BRENDAN: {PLAYER}, you've trained
without me noticing…
[PAGE]
Good enough!
Here, take this.",,untranslated,{PLAYER} | \n | \p | \n,{PLAYER},high,high,Resolved from a checklist event seed through direct or chained script references.,
dlg_d281b79c13882f2a,107,06,slateport,Slateport and Mauville,สเลตพอร์ตและมอวิลล์,19,route110_rival,Route 110 rival,,19,Route110,route110,Route110,6,Brendan,Route110_EventScript_BrendanDefeated,data/maps/Route110/scripts.inc,799,Route110_Text_BrendanExplainItemfinder,"BRENDAN: That's an ITEMFINDER.\pUse it to root around for items that\naren't visible.\pIf it senses something, it emits\na sound.\pAnyway, I'm off to look for new\nPOKéMON.$","BRENDAN: That's an ITEMFINDER.
[PAGE]
Use it to root around for items that
aren't visible.
[PAGE]
If it senses something, it emits
a sound.
[PAGE]
Anyway, I'm off to look for new
POKéMON.",,untranslated,\p | \n | \p | \n | \p | \n,,high,high,Resolved from a checklist event seed through direct or chained script references.,
dlg_be3cc677576abfad,108,06,slateport,Slateport and Mauville,สเลตพอร์ตและมอวิลล์,20,mauville_wally,Mauville and Wally,,20,MauvilleCity,mauville,MauvilleCity,1,,MauvilleCity_EventScript_WallysUncle,data/maps/MauvilleCity/scripts.inc,460,MauvilleCity_Text_UncleHesTooPeppy,"UNCLE: It's because of POKéMON that\nthis boy's got more pep, I suppose…\lBut he's become a bit too peppy…$","UNCLE: It's because of POKéMON that
this boy's got more pep, I suppose…
But he's become a bit too peppy…",,untranslated,\n | \l,,high,high,Resolved from a checklist event seed through direct or chained script references.,
dlg_f4f5fe77c8bb1be0,109,06,slateport,Slateport and Mauville,สเลตพอร์ตและมอวิลล์,20,mauville_wally,Mauville and Wally,,20,MauvilleCity,mauville,MauvilleCity,2,Wally,MauvilleCity_EventScript_UncleAskPlayerToBattleWally,data/maps/MauvilleCity/scripts.inc,497,MauvilleCity_Text_UncleCanYouBattleWally,"UNCLE: {PLAYER}{KUN}, was it?\nOn WALLY's behalf, can I ask you to\lbattle with him just this once?\pI don't think he's going to listen to\nany reason the way he is now.$","UNCLE: {PLAYER}{KUN}, was it?
On WALLY's behalf, can I ask you to
battle with him just this once?
[PAGE]
I don't think he's going to listen to
any reason the way he is now.",,untranslated,{PLAYER} | {KUN} | \n | \l | \p | \n,{PLAYER},high,high,Resolved from a checklist event seed through direct or chained script references.,
dlg_48288662c4edf402,110,06,slateport,Slateport and Mauville,สเลตพอร์ตและมอวิลล์,20,mauville_wally,Mauville and Wally,,20,MauvilleCity,mauville,MauvilleCity,3,Wally,MauvilleCity_EventScript_Wally,data/maps/MauvilleCity/scripts.inc,465,MauvilleCity_Text_WallyWantToChallengeGym,"WALLY: Aww, UNCLE, please?\pI want to challenge this GYM and see\nhow much better I've become.\pPlease? May I, please?$","WALLY: Aww, UNCLE, please?
[PAGE]
I want to challenge this GYM and see
how much better I've become.
[PAGE]
Please? May I, please?",,untranslated,\p | \n | \p,,high,high,Resolved from a checklist event seed through direct or chained script references.,
dlg_776b6560c3cc25d0,111,06,slateport,Slateport and Mauville,สเลตพอร์ตและมอวิลล์,20,mauville_wally,Mauville and Wally,,20,MauvilleCity,mauville,MauvilleCity,4,,MauvilleCity_EventScript_Wally,data/maps/MauvilleCity/scripts.inc,471,MauvilleCity_Text_UncleYourePushingIt,"UNCLE: Now hold on, WALLY.\pSince you started living with POKéMON,\nyou have grown quite a lot stronger.\pBut don't you think you're pushing it\nto suddenly challenge a GYM?$","UNCLE: Now hold on, WALLY.
[PAGE]
Since you started living with POKéMON,
you have grown quite a lot stronger.
[PAGE]
But don't you think you're pushing it
to suddenly challenge a GYM?",,untranslated,\p | \n | \p | \n,,high,high,Resolved from a checklist event seed through direct or chained script references.,
dlg_ea21b86b9428270d,112,06,slateport,Slateport and Mauville,สเลตพอร์ตและมอวิลล์,20,mauville_wally,Mauville and Wally,,20,MauvilleCity,mauville,MauvilleCity,5,Wally,MauvilleCity_EventScript_Wally,data/maps/MauvilleCity/scripts.inc,478,MauvilleCity_Text_WallyWeCanBeatAnyone,"WALLY: I'm not pushing it.\pIf I combine forces with RALTS,\nwe can beat anyone!$","WALLY: I'm not pushing it.
[PAGE]
If I combine forces with RALTS,
we can beat anyone!",,untranslated,\p | \n,,high,high,Resolved from a checklist event seed through direct or chained script references.,
dlg_9c9adfc531c27500,113,06,slateport,Slateport and Mauville,สเลตพอร์ตและมอวิลล์,20,mauville_wally,Mauville and Wally,,20,MauvilleCity,mauville,MauvilleCity,6,Wally,MauvilleCity_EventScript_Wally,data/maps/MauvilleCity/scripts.inc,483,MauvilleCity_Text_WallyWillYouBattleMe,"WALLY: Oh! Hi, {PLAYER}!\pI've gotten a lot stronger since\nwe met.\p{PLAYER}, I want you and my UNCLE to\nunderstand that.\p{PLAYER}, please, will you have\na battle with me?$","WALLY: Oh! Hi, {PLAYER}!
[PAGE]
I've gotten a lot stronger since
we met.
[PAGE]
{PLAYER}, I want you and my UNCLE to
understand that.
[PAGE]
{PLAYER}, please, will you have
a battle with me?",,untranslated,{PLAYER} | \p | \n | \p | {PLAYER} | \n | \p | {PLAYER} | \n,{PLAYER} | {PLAYER} | {PLAYER},high,high,Resolved from a checklist event seed through direct or chained script references.,
dlg_cb17948871baa56c,114,06,slateport,Slateport and Mauville,สเลตพอร์ตและมอวิลล์,20,mauville_wally,Mauville and Wally,,20,MauvilleCity,mauville,MauvilleCity,7,,MauvilleCity_EventScript_WallyAndUncleExitNorth,data/maps/MauvilleCity/scripts.inc,536,MauvilleCity_Text_UncleVisitUsSometime,"UNCLE: {PLAYER}{KUN}, it just dawned on me\nthat you must be the TRAINER who kept\lan eye out for WALLY when he caught\lhis POKéMON.\pWhy don't you visit us in VERDANTURF\nsometime?\lI'm sure WALLY would enjoy it.$","UNCLE: {PLAYER}{KUN}, it just dawned on me
that you must be the TRAINER who kept
an eye out for WALLY when he caught
his POKéMON.
[PAGE]
Why don't you visit us in VERDANTURF
sometime?
I'm sure WALLY would enjoy it.",,untranslated,{PLAYER} | {KUN} | \n | \l | \l | \p | \n | \l,{PLAYER},high,high,Resolved from a checklist event seed through direct or chained script references.,
dlg_a2a0edd5b970588e,115,06,slateport,Slateport and Mauville,สเลตพอร์ตและมอวิลล์,20,mauville_wally,Mauville and Wally,,20,MauvilleCity,mauville,MauvilleCity,8,,MauvilleCity_EventScript_DefeatedWally,data/maps/MauvilleCity/scripts.inc,561,MauvilleCity_Text_ScottYouDidntHoldBack,"SCOTT: Hehe…\nI was watching that match!\pYou're friends with that boy WALLY,\naren't you?\pBut you didn't hold anything back\nand beat him impressively.\pYeah! That's what a real POKéMON\nbattle is all about!\pI idolize TRAINERS like that!\p… … … … … …\nI'll be cheering for you!$","SCOTT: Hehe…
I was watching that match!
[PAGE]
You're friends with that boy WALLY,
aren't you?
[PAGE]
But you didn't hold anything back
and beat him impressively.
[PAGE]
Yeah! That's what a real POKéMON
battle is all about!
[PAGE]
I idolize TRAINERS like that!
[PAGE]
… … … … … …
I'll be cheering for you!",,untranslated,\n | \p | \n | \p | \n | \p | \n | \p | \p | \n,,high,high,Resolved from a checklist event seed through direct or chained script references.,
dlg_fb648835502d4cf7,116,06,slateport,Slateport and Mauville,สเลตพอร์ตและมอวิลล์,20,mauville_wally,Mauville and Wally,,20,MauvilleCity,mauville,MauvilleCity,9,Wally,MauvilleCity_EventScript_BattleWally,data/maps/MauvilleCity/scripts.inc,508,MauvilleCity_Text_WallyHereICome,"WALLY: {PLAYER}, thank you.\pOkay… Here I come!$","WALLY: {PLAYER}, thank you.
[PAGE]
Okay… Here I come!",,untranslated,{PLAYER} | \p,{PLAYER},high,high,Resolved from a checklist event seed through direct or chained script references.,
dlg_a08d097557c3e6c2,117,06,slateport,Slateport and Mauville,สเลตพอร์ตและมอวิลล์,20,mauville_wally,Mauville and Wally,,20,MauvilleCity,mauville,MauvilleCity,10,Wally,MauvilleCity_EventScript_BattleWally,data/maps/MauvilleCity/scripts.inc,517,MauvilleCity_Text_WallyIllGoBackToVerdanturf,WALLY: UNCLE…\nI'll go back to VERDANTURF…$,"WALLY: UNCLE…
I'll go back to VERDANTURF…",,untranslated,\n,,high,high,Resolved from a checklist event seed through direct or chained script references.,
dlg_6ebacc9d8cd36793,118,06,slateport,Slateport and Mauville,สเลตพอร์ตและมอวิลล์,20,mauville_wally,Mauville and Wally,,20,MauvilleCity,mauville,MauvilleCity,11,,MauvilleCity_EventScript_BattleWally,data/maps/MauvilleCity/scripts.inc,521,MauvilleCity_Text_ThankYouNotEnoughToBattle,"{PLAYER}, thank you.\nBeing a TRAINER is tough, isn't it?\pIt's not enough just to have POKéMON\nand make them battle. That isn't what\lbeing a real TRAINER is about.$","{PLAYER}, thank you.
Being a TRAINER is tough, isn't it?
[PAGE]
It's not enough just to have POKéMON
and make them battle. That isn't what
being a real TRAINER is about.",,untranslated,{PLAYER} | \n | \p | \n | \l,{PLAYER},high,high,Resolved from a checklist event seed through direct or chained script references.,
dlg_1dd9ce5252a610ca,119,06,slateport,Slateport and Mauville,สเลตพอร์ตและมอวิลล์,20,mauville_wally,Mauville and Wally,,20,MauvilleCity,mauville,MauvilleCity,12,,MauvilleCity_EventScript_BattleWally,data/maps/MauvilleCity/scripts.inc,528,MauvilleCity_Text_UncleNoNeedToBeDown,"UNCLE: WALLY, there's no need to be so\ndown on yourself.\pWhy, what's keeping you from becoming\nstronger and stronger?\pCome on, let's go home.\nEveryone's waiting for you.$","UNCLE: WALLY, there's no need to be so
down on yourself.
[PAGE]
Why, what's keeping you from becoming
stronger and stronger?
[PAGE]
Come on, let's go home.
Everyone's waiting for you.",,untranslated,\n | \p | \n | \p | \n,,high,high,Resolved from a checklist event seed through direct or chained script references.,
dlg_d86f9ae4036a91a5,120,06,slateport,Slateport and Mauville,สเลตพอร์ตและมอวิลล์,20,mauville_wally,Mauville and Wally,,20,MauvilleCity,mauville,MauvilleCity,13,Wally,MauvilleCity_EventScript_WallyRequestBattleAgain,data/maps/MauvilleCity/scripts.inc,504,MauvilleCity_Text_WallyPleaseBattleMe,"WALLY: {PLAYER}, please!\nBattle with me, please.$","WALLY: {PLAYER}, please!
Battle with me, please.",,untranslated,{PLAYER} | \n,{PLAYER},high,high,Resolved from a checklist event seed through direct or chained script references.,
dlg_29cf2d6c137f7d7c,121,06,slateport,Slateport and Mauville,สเลตพอร์ตและมอวิลล์,20,mauville_wally,Mauville and Wally,,20,MauvilleCity,mauville,MauvilleCity,14,Wattson,MauvilleCity_Gym_EventScript_Wattson,data/maps/MauvilleCity_Gym/scripts.inc,375,MauvilleCity_Gym_Text_WattsonPostBattle,"I swell with optimism, seeing a promising\nyoung TRAINER like you!$","I swell with optimism, seeing a promising
young TRAINER like you!",,untranslated,\n,,high,high,Resolved from a checklist event seed through direct or chained script references.,
dlg_fc810b4e66b7f5bb,122,06,slateport,Slateport and Mauville,สเลตพอร์ตและมอวิลล์,20,mauville_wally,Mauville and Wally,,20,MauvilleCity,mauville,MauvilleCity,15,,MauvilleCity_Gym_EventScript_WattsonDefeated,data/maps/MauvilleCity_Gym/scripts.inc,353,MauvilleCity_Gym_Text_ReceivedDynamoBadge,{PLAYER} received the DYNAMO BADGE\nfrom WATTSON.$,"{PLAYER} received the DYNAMO BADGE
from WATTSON.",,untranslated,{PLAYER} | \n,{PLAYER},high,high,Resolved from a checklist event seed through direct or chained script references.,
dlg_885f72022e6a7a31,123,06,slateport,Slateport and Mauville,สเลตพอร์ตและมอวิลล์,20,mauville_wally,Mauville and Wally,,20,MauvilleCity,mauville,MauvilleCity,16,,MauvilleCity_Gym_EventScript_WattsonDefeated,data/maps/MauvilleCity_Gym/scripts.inc,357,MauvilleCity_Gym_Text_ExplainDynamoBadgeTakeThis,"With the DYNAMO BADGE, POKéMON can\nuse ROCK SMASH out of battle.\pAnd, it will make your POKéMON a little\nbit faster, too.\pHmm…\nYou should take this, too!$","With the DYNAMO BADGE, POKéMON can
use ROCK SMASH out of battle.
[PAGE]
And, it will make your POKéMON a little
bit faster, too.
[PAGE]
Hmm…
You should take this, too!",,untranslated,\n | \p | \n | \p | \n,,high,high,Resolved from a checklist event seed through direct or chained script references.,
dlg_ffb1954314bec3d3,124,06,slateport,Slateport and Mauville,สเลตพอร์ตและมอวิลล์,20,mauville_wally,Mauville and Wally,,20,MauvilleCity,mauville,MauvilleCity,17,,MauvilleCity_Gym_EventScript_GiveShockWave,data/maps/MauvilleCity_Gym/scripts.inc,365,MauvilleCity_Gym_Text_ExplainShockWave,That TM34 there contains SHOCK WAVE.\pIt's a trustworthy move that never\nmisses! You can count on it!\p… … … … … …$,"That TM34 there contains SHOCK WAVE.
[PAGE]
It's a trustworthy move that never
misses! You can count on it!
[PAGE]
… … … … … …",,untranslated,\p | \n | \p,,high,high,Resolved from a checklist event seed through direct or chained script references.,
dlg_61953244313ffbe4,125,07,volcano,Fallarbor and Volcano,ฟอลลาร์บอร์และภูเขาไฟ,21,meteor_falls,Fallarbor and Meteor Falls,,21,MeteorFalls_1F_1R,meteor,MeteorFalls 1F 1R,1,,MeteorFalls_1F_1R_EventScript_MagmaStealsMeteoriteScene,data/maps/MeteorFalls_1F_1R/scripts.inc,233,MeteorFalls_1F_1R_Text_WithThisMeteorite,"Hehehe!\pWith this METEORITE, that thing in\nMT. CHIMNEY will…$","Hehehe!
[PAGE]
With this METEORITE, that thing in
MT. CHIMNEY will…",,untranslated,\p | \n,,high,high,Resolved from a checklist event seed through direct or chained script references.,
dlg_69bbf0b329ac7158,126,07,volcano,Fallarbor and Volcano,ฟอลลาร์บอร์และภูเขาไฟ,21,meteor_falls,Fallarbor and Meteor Falls,,21,MeteorFalls_1F_1R,meteor,MeteorFalls 1F 1R,2,,MeteorFalls_1F_1R_EventScript_MagmaStealsMeteoriteScene,data/maps/MeteorFalls_1F_1R/scripts.inc,238,MeteorFalls_1F_1R_Text_DontExpectMercyFromMagma,"Heh?\pI don't know who you are, but if you get\nin the way of TEAM MAGMA, don't\lexpect any mercy!$","Heh?
[PAGE]
I don't know who you are, but if you get
in the way of TEAM MAGMA, don't
expect any mercy!",,untranslated,\p | \n | \l,,high,high,Resolved from a checklist event seed through direct or chained script references.,
dlg_b1ce8521162aba50,127,07,volcano,Fallarbor and Volcano,ฟอลลาร์บอร์และภูเขาไฟ,21,meteor_falls,Fallarbor and Meteor Falls,,21,MeteorFalls_1F_1R,meteor,MeteorFalls 1F 1R,3,,MeteorFalls_1F_1R_EventScript_MagmaStealsMeteoriteScene,data/maps/MeteorFalls_1F_1R/scripts.inc,244,MeteorFalls_1F_1R_Text_HoldItRightThereMagma,"Hold it right there, TEAM MAGMA!\pYou're badly mistaken if you think you\ncan have your way with the world!$","Hold it right there, TEAM MAGMA!
[PAGE]
You're badly mistaken if you think you
can have your way with the world!",,untranslated,\p | \n,,high,high,Resolved from a checklist event seed through direct or chained script references.,
dlg_c71a89510217f917,128,07,volcano,Fallarbor and Volcano,ฟอลลาร์บอร์และภูเขาไฟ,21,meteor_falls,Fallarbor and Meteor Falls,,21,MeteorFalls_1F_1R,meteor,MeteorFalls 1F 1R,4,,MeteorFalls_1F_1R_EventScript_MagmaStealsMeteoriteScene,data/maps/MeteorFalls_1F_1R/scripts.inc,249,MeteorFalls_1F_1R_Text_BeSeeingYouTeamAqua,"Hehehe!\nEven TEAM AQUA joins us!\pBut it's too much trouble to deal with\nyou all…\pHeh, it doesn't matter!\pWe've got the METEORITE, so off to\nMT. CHIMNEY we go!\pHehehe! Be seeing you, you TEAM\nAQUA dingbats!$","Hehehe!
Even TEAM AQUA joins us!
[PAGE]
But it's too much trouble to deal with
you all…
[PAGE]
Heh, it doesn't matter!
[PAGE]
We've got the METEORITE, so off to
MT. CHIMNEY we go!
[PAGE]
Hehehe! Be seeing you, you TEAM
AQUA dingbats!",,untranslated,\n | \p | \n | \p | \p | \n | \p | \n,,high,high,Resolved from a checklist event seed through direct or chained script references.,
dlg_e217e7b7f13bbeff,129,07,volcano,Fallarbor and Volcano,ฟอลลาร์บอร์และภูเขาไฟ,21,meteor_falls,Fallarbor and Meteor Falls,,21,MeteorFalls_1F_1R,meteor,MeteorFalls 1F 1R,5,Archie,MeteorFalls_1F_1R_EventScript_MagmaStealsMeteoriteScene,data/maps/MeteorFalls_1F_1R/scripts.inc,260,MeteorFalls_1F_1R_Text_ArchieSeenYouBefore,"ARCHIE: Didn't I see you before?\nAt SLATEPORT's MUSEUM?\pAh, so your name is {PLAYER}.\pAt the time, I thought you were one\nof TEAM MAGMA's goons.\pHumph…\nYou're one odd kid.\pTEAM MAGMA is a dangerous group of\ntotal fanatics.\pThey engage in destruction, claiming\nto expand the land mass.\pThey are the rivals to us,\nthe sea-loving TEAM AQUA!$","ARCHIE: Didn't I see you before?
At SLATEPORT's MUSEUM?
[PAGE]
Ah, so your name is {PLAYER}.
[PAGE]
At the time, I thought you were one
of TEAM MAGMA's goons.
[PAGE]
Humph…
You're one odd kid.
[PAGE]
TEAM MAGMA is a dangerous group of
total fanatics.
[PAGE]
They engage in destruction, claiming
to expand the land mass.
[PAGE]
They are the rivals to us,
the sea-loving TEAM AQUA!",,untranslated,\n | \p | {PLAYER} | \p | \n | \p | \n | \p | \n | \p | \n | \p | \n,{PLAYER},high,high,Resolved from a checklist event seed through direct or chained script references.,
dlg_ea4952bca9a7ff22,130,07,volcano,Fallarbor and Volcano,ฟอลลาร์บอร์และภูเขาไฟ,21,meteor_falls,Fallarbor and Meteor Falls,,21,MeteorFalls_1F_1R,meteor,MeteorFalls 1F 1R,6,,MeteorFalls_1F_1R_EventScript_MagmaStealsMeteoriteScene,data/maps/MeteorFalls_1F_1R/scripts.inc,275,MeteorFalls_1F_1R_Text_BossWeShouldChaseMagma,"BOSS, we should give chase to\nTEAM MAGMA…$","BOSS, we should give chase to
TEAM MAGMA…",,untranslated,\n,,high,high,Resolved from a checklist event seed through direct or chained script references.,
dlg_de424b65d2ac84b8,131,07,volcano,Fallarbor and Volcano,ฟอลลาร์บอร์และภูเขาไฟ,21,meteor_falls,Fallarbor and Meteor Falls,,21,MeteorFalls_1F_1R,meteor,MeteorFalls 1F 1R,7,Archie,MeteorFalls_1F_1R_EventScript_MagmaStealsMeteoriteScene,data/maps/MeteorFalls_1F_1R/scripts.inc,279,MeteorFalls_1F_1R_Text_ArchieYesNoTellingWhatMagmaWillDo,"ARCHIE: Yes, yes, we must!\nWe've got to hurry.\pThere's no telling what TEAM MAGMA\nwill do at MT. CHIMNEY!$","ARCHIE: Yes, yes, we must!
We've got to hurry.
[PAGE]
There's no telling what TEAM MAGMA
will do at MT. CHIMNEY!",,untranslated,\n | \p | \n,,high,high,Resolved from a checklist event seed through direct or chained script references.,
dlg_620b24cda6ef26e8,132,07,volcano,Fallarbor and Volcano,ฟอลลาร์บอร์และภูเขาไฟ,21,meteor_falls,Fallarbor and Meteor Falls,,21,MeteorFalls_1F_1R,meteor,MeteorFalls 1F 1R,8,Archie,MeteorFalls_1F_1R_EventScript_MagmaStealsMeteoriteScene,data/maps/MeteorFalls_1F_1R/scripts.inc,285,MeteorFalls_1F_1R_Text_ArchieFarewell,"ARCHIE: {PLAYER}, you should keep\nan eye out for TEAM MAGMA, too.\pFarewell!$","ARCHIE: {PLAYER}, you should keep
an eye out for TEAM MAGMA, too.
[PAGE]
Farewell!",,untranslated,{PLAYER} | \n | \p,{PLAYER},high,high,Resolved from a checklist event seed through direct or chained script references.,
dlg_3a084ac6783a9ce7,133,07,volcano,Fallarbor and Volcano,ฟอลลาร์บอร์และภูเขาไฟ,22,mt_chimney,Mt. Chimney,,22,MtChimney,chimney,MtChimney,1,Archie,MtChimney_EventScript_ArchieGoStopTeamMagma,data/maps/MtChimney/scripts.inc,652,MtChimney_Text_ArchieGoStopTeamMagma,"ARCHIE: Grr, {PLAYER}!\nI should've guessed you'd show up!\pSee for yourself what the fanatics\nof TEAM MAGMA are up to!\pThey're trying to inject the stolen\nMETEORITE's power into the volcano!\pDoing something like that will cause\nthe volcano's eruption!$","ARCHIE: Grr, {PLAYER}!
I should've guessed you'd show up!
[PAGE]
See for yourself what the fanatics
of TEAM MAGMA are up to!
[PAGE]
They're trying to inject the stolen
METEORITE's power into the volcano!
[PAGE]
Doing something like that will cause
the volcano's eruption!",,untranslated,{PLAYER} | \n | \p | \n | \p | \n | \p | \n,{PLAYER},high,high,Resolved from a checklist event seed through direct or chained script references.,
dlg_3e2b11896ebb1637,134,07,volcano,Fallarbor and Volcano,ฟอลลาร์บอร์และภูเขาไฟ,22,mt_chimney,Mt. Chimney,,22,MtChimney,chimney,MtChimney,2,Archie,MtChimney_EventScript_ArchieBusyFighting,data/maps/MtChimney/scripts.inc,662,MtChimney_Text_ArchieIHaveMyHandsFull,"ARCHIE: Grrr…\pI want to stop that MAXIE,\nbut I can't!\pNot when I have my hands full battling\nthree opponents at once!$","ARCHIE: Grrr…
[PAGE]
I want to stop that MAXIE,
but I can't!
[PAGE]
Not when I have my hands full battling
three opponents at once!",,untranslated,\p | \n | \p | \n,,high,high,Resolved from a checklist event seed through direct or chained script references.,
dlg_ed68ce020b1d6ba1,135,07,volcano,Fallarbor and Volcano,ฟอลลาร์บอร์และภูเขาไฟ,22,mt_chimney,Mt. Chimney,,22,MtChimney,chimney,MtChimney,3,,MtChimney_EventScript_Maxie,data/maps/MtChimney/scripts.inc,528,MtChimney_Text_MeteoriteWillActivateVolcano,"The power contained in the METEORITE…\pBy amplifying its power with this\nmachine, MT. CHIMNEY's volcanic\lactivity will instantly intensify…\pIts energy will grow deep inside\nthe crater and…\lFufufu…$","The power contained in the METEORITE…
[PAGE]
By amplifying its power with this
machine, MT. CHIMNEY's volcanic
activity will instantly intensify…
[PAGE]
Its energy will grow deep inside
the crater and…
Fufufu…",,untranslated,\p | \n | \l | \p | \n | \l,,high,high,Resolved from a checklist event seed through direct or chained script references.,
dlg_e5fe9110f8a82454,136,07,volcano,Fallarbor and Volcano,ฟอลลาร์บอร์และภูเขาไฟ,22,mt_chimney,Mt. Chimney,,22,MtChimney,chimney,MtChimney,4,Maxie,MtChimney_EventScript_Maxie,data/maps/MtChimney/scripts.inc,537,MtChimney_Text_MaxieIntro,"MAXIE: Hm?\nWho are you?\p… … … … … …\n… … … … … …\pI'd heard ARCHIE bemoaning a child\nwho's been meddling in TEAM AQUA's\laffairs.\pIt must be you he meant.\pHumph! So you're thinking of\ninterfering with us, TEAM MAGMA?\pNow you listen.\nLong ago, living things used the\lland to live and grow.\pThat is why land is all important!\nIt is the cradle of all!\pThat is why TEAM MAGMA is dedicated\nto the expansion of the land mass.\pIt is for further advancement of\nhumankind and POKéMON!\pAnd for that, we need the power of\nwhat sleeps within this mountain…\pOh! There was no need for you to\nlearn that much.\pBut, no matter!\nI'll teach you the consequences of\lmeddling in our grand design!$","MAXIE: Hm?
Who are you?
[PAGE]
… … … … … …
… … … … … …
[PAGE]
I'd heard ARCHIE bemoaning a child
who's been meddling in TEAM AQUA's
affairs.
[PAGE]
It must be you he meant.
[PAGE]
Humph! So you're thinking of
interfering with us, TEAM MAGMA?
[PAGE]
Now you listen.
Long ago, living things used the
land to live and grow.
[PAGE]
That is why land is all important!
It is the cradle of all!
[PAGE]
That is why TEAM MAGMA is dedicated
to the expansion of the land mass.
[PAGE]
It is for further advancement of
humankind and POKéMON!
[PAGE]
And for that, we need the power of
what sleeps within this mountain…
[PAGE]
Oh! There was no need for you to
learn that much.
[PAGE]
But, no matter!
I'll teach you the consequences of
meddling in our grand design!",,untranslated,\n | \p | \n | \p | \n | \l | \p | \p | \n | \p | \n | \l | \p | \n | \p | \n | \p | \n | \p | \n | \p | \n | \p | \n | \l,,high,high,Resolved from a checklist event seed through direct or chained script references.,
dlg_6d5968a287374b4b,137,07,volcano,Fallarbor and Volcano,ฟอลลาร์บอร์และภูเขาไฟ,22,mt_chimney,Mt. Chimney,,22,MtChimney,chimney,MtChimney,5,Maxie,MtChimney_EventScript_Maxie,data/maps/MtChimney/scripts.inc,569,MtChimney_Text_MaxieYouHaventSeenLastOfMagma,"MAXIE: But, enough.\nI will back off this time.\pBut don't think that this is the last\nyou've seen of TEAM MAGMA.\pFufufu…\pEven without the METEORITE, if we\nobtain that ORB… Fufufu…$","MAXIE: But, enough.
I will back off this time.
[PAGE]
But don't think that this is the last
you've seen of TEAM MAGMA.
[PAGE]
Fufufu…
[PAGE]
Even without the METEORITE, if we
obtain that ORB… Fufufu…",,untranslated,\n | \p | \n | \p | \p | \n,,high,high,Resolved from a checklist event seed through direct or chained script references.,
dlg_31d1999313c6eb44,138,07,volcano,Fallarbor and Volcano,ฟอลลาร์บอร์และภูเขาไฟ,22,mt_chimney,Mt. Chimney,,22,MtChimney,chimney,MtChimney,6,Archie,MtChimney_EventScript_Maxie,data/maps/MtChimney/scripts.inc,669,MtChimney_Text_ArchieThankYou,"ARCHIE: {PLAYER}!\nThank you!\pWith your help, we thwarted TEAM\nMAGMA's destructive plan!\pBut… You…\nWhose side are you on?\pAh, it doesn't matter.\pWe will remain vigilant and keep up\nour pursuit of TEAM MAGMA.\p{PLAYER}, we shall meet again!$","ARCHIE: {PLAYER}!
Thank you!
[PAGE]
With your help, we thwarted TEAM
MAGMA's destructive plan!
[PAGE]
But… You…
Whose side are you on?
[PAGE]
Ah, it doesn't matter.
[PAGE]
We will remain vigilant and keep up
our pursuit of TEAM MAGMA.
[PAGE]
{PLAYER}, we shall meet again!",,untranslated,{PLAYER} | \n | \p | \n | \p | \n | \p | \p | \n | \p | {PLAYER},{PLAYER} | {PLAYER},high,high,Resolved from a checklist event seed through direct or chained script references.,
dlg_42c985b1510208be,139,07,volcano,Fallarbor and Volcano,ฟอลลาร์บอร์และภูเขาไฟ,22,mt_chimney,Mt. Chimney,,22,MtChimney,chimney,MtChimney,7,,MtChimney_EventScript_MeteoriteMachine,data/maps/MtChimney/scripts.inc,724,MtChimney_Text_PlayerRemovedMeteorite,{PLAYER} removed the METEORITE from\nthe mysterious machine.$,"{PLAYER} removed the METEORITE from
the mysterious machine.",,untranslated,{PLAYER} | \n,{PLAYER},high,high,Resolved from a checklist event seed through direct or chained script references.,
dlg_fe675caa94756773,140,07,volcano,Fallarbor and Volcano,ฟอลลาร์บอร์และภูเขาไฟ,23,jagged_magma,Jagged Pass and Magma,,23,JaggedPass,jagged,JaggedPass,1,,JaggedPass_EventScript_OpenMagmaHideout,data/maps/JaggedPass/scripts.inc,239,JaggedPass_Text_BoulderShakingInResponseToEmblem,Oh! This boulder is shaking in response\nto the MAGMA EMBLEM!$,"Oh! This boulder is shaking in response
to the MAGMA EMBLEM!",,untranslated,\n,,high,high,Resolved from a checklist event seed through direct or chained script references.,
dlg_d1feb2740067b7ae,141,07,volcano,Fallarbor and Volcano,ฟอลลาร์บอร์และภูเขาไฟ,23,jagged_magma,Jagged Pass and Magma,,23,JaggedPass,jagged,JaggedPass,2,,JaggedPass_EventScript_MagmaHideoutGuard,data/maps/JaggedPass/scripts.inc,222,JaggedPass_Text_GruntIntro,Wah!\nWhat are you doing here?\pWhat am I doing in a place like this?\pWhat business is it of yours?$,"Wah!
What are you doing here?
[PAGE]
What am I doing in a place like this?
[PAGE]
What business is it of yours?",,untranslated,\n | \p | \p,,high,high,Resolved from a checklist event seed through direct or chained script references.,
dlg_ad170cc8edbfbd94,142,07,volcano,Fallarbor and Volcano,ฟอลลาร์บอร์และภูเขาไฟ,24,lavaridge,Lavaridge,,24,LavaridgeTown_Gym_1F,lavaridge,LavaridgeTown Gym 1F,1,Flannery,LavaridgeTown_Gym_1F_EventScript_Flannery,data/maps/LavaridgeTown_Gym_1F/scripts.inc,353,LavaridgeTown_Gym_1F_Text_FlanneryPostBattle,"Your power reminds me of someone…\pOh! I know! You battle like NORMAN,\nthe GYM LEADER of PETALBURG.$","Your power reminds me of someone…
[PAGE]
Oh! I know! You battle like NORMAN,
the GYM LEADER of PETALBURG.",,untranslated,\p | \n,,high,high,Resolved from a checklist event seed through direct or chained script references.,
dlg_85cc669a07cfd1db,143,07,volcano,Fallarbor and Volcano,ฟอลลาร์บอร์และภูเขาไฟ,24,lavaridge,Lavaridge,,24,LavaridgeTown_Gym_1F,lavaridge,LavaridgeTown Gym 1F,2,,LavaridgeTown_Gym_1F_EventScript_FlanneryDefeated,data/maps/LavaridgeTown_Gym_1F/scripts.inc,327,LavaridgeTown_Gym_1F_Text_ReceivedHeatBadge,{PLAYER} received the HEAT BADGE\nfrom FLANNERY.$,"{PLAYER} received the HEAT BADGE
from FLANNERY.",,untranslated,{PLAYER} | \n,{PLAYER},high,high,Resolved from a checklist event seed through direct or chained script references.,
dlg_1082e920ad6c3157,144,07,volcano,Fallarbor and Volcano,ฟอลลาร์บอร์และภูเขาไฟ,24,lavaridge,Lavaridge,,24,LavaridgeTown_Gym_1F,lavaridge,LavaridgeTown Gym 1F,3,,LavaridgeTown_Gym_1F_EventScript_FlanneryDefeated,data/maps/LavaridgeTown_Gym_1F/scripts.inc,331,LavaridgeTown_Gym_1F_Text_ExplainHeatBadgeTakeThis,"If you have a HEAT BADGE, all POKéMON\nup to Level 50, even those you get in\ltrades from other people, will obey\lyou completely.\pAnd, it lets POKéMON use the HM move\nSTRENGTH outside of battle.\pThis is a token of my appreciation.\nDon't be shy about taking it!$","If you have a HEAT BADGE, all POKéMON
up to Level 50, even those you get in
trades from other people, will obey
you completely.
[PAGE]
And, it lets POKéMON use the HM move
STRENGTH outside of battle.
[PAGE]
This is a token of my appreciation.
Don't be shy about taking it!",,untranslated,\n | \l | \l | \p | \n | \p | \n,,high,high,Resolved from a checklist event seed through direct or chained script references.,
dlg_dc7603a3e7b7cee7,145,07,volcano,Fallarbor and Volcano,ฟอลลาร์บอร์และภูเขาไฟ,24,lavaridge,Lavaridge,,24,LavaridgeTown_Gym_1F,lavaridge,LavaridgeTown Gym 1F,4,,LavaridgeTown_Gym_1F_EventScript_GiveOverheat2,data/maps/LavaridgeTown_Gym_1F/scripts.inc,341,LavaridgeTown_Gym_1F_Text_ExplainOverheat,That TM50 contains OVERHEAT.\pThat move inflicts serious damage on\nthe opponent.\pBut it also sharply cuts the SP. ATK\nof the POKéMON using it. It might not\lbe suitable for longer battles.$,"That TM50 contains OVERHEAT.
[PAGE]
That move inflicts serious damage on
the opponent.
[PAGE]
But it also sharply cuts the SP. ATK
of the POKéMON using it. It might not
be suitable for longer battles.",,untranslated,\p | \n | \p | \n | \l,,high,high,Resolved from a checklist event seed through direct or chained script references.,
dlg_6bc82f96214c6653,146,08,badges,Gyms and Weather Institute,ยิมและสถาบันอากาศ,26,weather,Weather Institute,,26,Route119_WeatherInstitute_1F,weather,Route119 WeatherInstitute 1F,1,,Route119_WeatherInstitute_2F_EventScript_ShellyDefeated,data/maps/Route119_WeatherInstitute_2F/scripts.inc,265,Route119_WeatherInstitute_2F_Text_TeamMagmaJustPassedBy,We have a situation here!\pA TEAM MAGMA mob just passed\nthe WEATHER INSTITUTE.\pThey appear to be headed for\nMT. PYRE!$,"We have a situation here!
[PAGE]
A TEAM MAGMA mob just passed
the WEATHER INSTITUTE.
[PAGE]
They appear to be headed for
MT. PYRE!",,untranslated,\p | \n | \p | \n,,high,high,Resolved from a checklist event seed through direct or chained script references.,
dlg_72d579cc12f30a2d,147,08,badges,Gyms and Weather Institute,ยิมและสถาบันอากาศ,26,weather,Weather Institute,,26,Route119_WeatherInstitute_1F,weather,Route119 WeatherInstitute 1F,2,,Route119_WeatherInstitute_2F_EventScript_ShellyDefeated,data/maps/Route119_WeatherInstitute_2F/scripts.inc,272,Route119_WeatherInstitute_2F_Text_WeHaveToHurryToMtPyre,"What?!\pWe can't waste any more time here!\nWe have to hurry to MT. PYRE, too!\pAhahahaha!\nTEAM MAGMA, just you wait!$","What?!
[PAGE]
We can't waste any more time here!
We have to hurry to MT. PYRE, too!
[PAGE]
Ahahahaha!
TEAM MAGMA, just you wait!",,untranslated,\p | \n | \p | \n,,high,high,Resolved from a checklist event seed through direct or chained script references.,
dlg_15b8f87c5174f5d2,148,08,badges,Gyms and Weather Institute,ยิมและสถาบันอากาศ,26,weather,Weather Institute,,26,Route119_WeatherInstitute_1F,weather,Route119 WeatherInstitute 1F,3,,Route119_WeatherInstitute_2F_EventScript_ReceiveCastform,data/maps/Route119_WeatherInstitute_2F/scripts.inc,279,Route119_WeatherInstitute_2F_Text_ThanksPleaseTakePokemon,"Thanks!\nThanks to you, we're safe!\pIt might be an odd way of thanking you,\nbut take this POKéMON.$","Thanks!
Thanks to you, we're safe!
[PAGE]
It might be an odd way of thanking you,
but take this POKéMON.",,untranslated,\n | \p | \n,,high,high,Resolved from a checklist event seed through direct or chained script references.,
dlg_fbfff4949ad6b61d,149,08,badges,Gyms and Weather Institute,ยิมและสถาบันอากาศ,26,weather,Weather Institute,,26,Route119_WeatherInstitute_1F,weather,Route119 WeatherInstitute 1F,4,,Route119_WeatherInstitute_2F_EventScript_ReceiveCastformParty,data/text/pc_transfer.inc,29,gText_NicknameThisPokemon,Do you want to give a nickname to\nthis {STR_VAR_1}?$,"Do you want to give a nickname to
this {STR_VAR_1}?",,untranslated,\n | {STR_VAR_1},{STR_VAR_1},high,high,Resolved from a checklist event seed through direct or chained script references.,
dlg_3949d91512dde4d1,150,08,badges,Gyms and Weather Institute,ยิมและสถาบันอากาศ,26,weather,Weather Institute,,26,Route119_WeatherInstitute_1F,weather,Route119 WeatherInstitute 1F,5,,Route119_WeatherInstitute_2F_EventScript_ReceivedCastformFanfare,data/maps/Route119_WeatherInstitute_2F/scripts.inc,290,Route119_WeatherInstitute_2F_Text_PlayerReceivedCastform,{PLAYER} received CASTFORM!$,{PLAYER} received CASTFORM!,,untranslated,{PLAYER},{PLAYER},high,high,Resolved from a checklist event seed through direct or chained script references.,
dlg_019f94a8aef9ea9b,151,08,badges,Gyms and Weather Institute,ยิมและสถาบันอากาศ,27,route119_rival,Route 119 rival,,27,Route119,route119,Route119,1,May,Route119_EventScript_BattleMay,data/maps/Route119/scripts.inc,477,Route119_Text_MayIntro,MAY: {PLAYER}{KUN}!\nWhere were you? I was looking for you!\pHow much stronger have you gotten?\nLet me check for you!\pReady with your POKéMON?\nOf course you are! Go!$,"MAY: {PLAYER}{KUN}!
Where were you? I was looking for you!
[PAGE]
How much stronger have you gotten?
Let me check for you!
[PAGE]
Ready with your POKéMON?
Of course you are! Go!",,untranslated,{PLAYER} | {KUN} | \n | \p | \n | \p | \n,{PLAYER},high,high,Resolved from a checklist event seed through direct or chained script references.,
dlg_8f9454ec6b2ac0f0,152,08,badges,Gyms and Weather Institute,ยิมและสถาบันอากาศ,27,route119_rival,Route 119 rival,,27,Route119,route119,Route119,2,May,Route119_EventScript_DefeatedMay,data/maps/Route119/scripts.inc,491,Route119_Text_MayPresentForYou,"MAY: But I had absolutely nothing to\nworry about! Keep it up!\pAnd, here! I have a present for you.$","MAY: But I had absolutely nothing to
worry about! Keep it up!
[PAGE]
And, here! I have a present for you.",,untranslated,\n | \p,,high,high,Resolved from a checklist event seed through direct or chained script references.,
dlg_6be0ed70a0acd49c,153,08,badges,Gyms and Weather Institute,ยิมและสถาบันอากาศ,27,route119_rival,Route 119 rival,,27,Route119,route119,Route119,3,May,Route119_EventScript_DefeatedMay,data/maps/Route119/scripts.inc,496,Route119_Text_MayExplainFly,"MAY: Use FLY, and your POKéMON will\ninstantly carry you to any town you've\lalready visited.\pBut, to use FLY, you have to get\nthe GYM BADGE from FORTREE CITY.\lThat's important, so don't forget.\pYou should FLY home and visit\nLITTLEROOT for a change.\pI bet your mom's worried about you,\n{PLAYER}{KUN}.\pWell, let's meet again somewhere!$","MAY: Use FLY, and your POKéMON will
instantly carry you to any town you've
already visited.
[PAGE]
But, to use FLY, you have to get
the GYM BADGE from FORTREE CITY.
That's important, so don't forget.
[PAGE]
You should FLY home and visit
LITTLEROOT for a change.
[PAGE]
I bet your mom's worried about you,
{PLAYER}{KUN}.
[PAGE]
Well, let's meet again somewhere!",,untranslated,\n | \l | \p | \n | \l | \p | \n | \p | \n | {PLAYER} | {KUN} | \p,{PLAYER},high,high,Resolved from a checklist event seed through direct or chained script references.,
dlg_83a72594b4c34bcc,154,08,badges,Gyms and Weather Institute,ยิมและสถาบันอากาศ,27,route119_rival,Route 119 rival,,27,Route119,route119,Route119,4,Brendan,Route119_EventScript_BattleBrendan,data/maps/Route119/scripts.inc,509,Route119_Text_BrendanIntro,"BRENDAN: {PLAYER}! So this is where\nyou've been looking for POKéMON?\pLet me see how good you got.\nI'll test you!\pNow!\nIt's a battle, so battle!$","BRENDAN: {PLAYER}! So this is where
you've been looking for POKéMON?
[PAGE]
Let me see how good you got.
I'll test you!
[PAGE]
Now!
It's a battle, so battle!",,untranslated,{PLAYER} | \n | \p | \n | \p | \n,{PLAYER},high,high,Resolved from a checklist event seed through direct or chained script references.,
dlg_558729c3a49c4cf8,155,08,badges,Gyms and Weather Institute,ยิมและสถาบันอากาศ,27,route119_rival,Route 119 rival,,27,Route119,route119,Route119,5,Brendan,Route119_EventScript_DefeatedBrendan,data/maps/Route119/scripts.inc,521,Route119_Text_BrendanIllGiveYouThis,"BRENDAN: I'd say you're good enough\nto search for POKéMON anywhere.\pHere, I'll give you this.\nTry it out.$","BRENDAN: I'd say you're good enough
to search for POKéMON anywhere.
[PAGE]
Here, I'll give you this.
Try it out.",,untranslated,\n | \p | \n,,high,high,Resolved from a checklist event seed through direct or chained script references.,
dlg_76bf541ad1e06184,156,08,badges,Gyms and Weather Institute,ยิมและสถาบันอากาศ,27,route119_rival,Route 119 rival,,27,Route119,route119,Route119,6,Brendan,Route119_EventScript_DefeatedBrendan,data/maps/Route119/scripts.inc,527,Route119_Text_BrendanExplainFly,"BRENDAN: Use FLY, and your POKéMON\ninstantly carries you to any town\lyou've already visited.\pBut you need the FORTREE GYM BADGE \nto do that.\pAnyway, I have to move along.$","BRENDAN: Use FLY, and your POKéMON
instantly carries you to any town
you've already visited.
[PAGE]
But you need the FORTREE GYM BADGE 
to do that.
[PAGE]
Anyway, I have to move along.",,untranslated,\n | \l | \p | \n | \p,,high,high,Resolved from a checklist event seed through direct or chained script references.,
dlg_6f04353d49eb36ad,157,08,badges,Gyms and Weather Institute,ยิมและสถาบันอากาศ,27,route119_rival,Route 119 rival,,27,Route119,route119,Route119,7,,Route119_EventScript_RivalExitScottArrive,data/maps/Route119/scripts.inc,535,Route119_Text_ScottWayToGoBeSeeingYou,"SCOTT: Hahahah!\nWay to go, {PLAYER}{KUN}!\pI just passed by a TRAINER riding\na BIKE.\pYou just beat that TRAINER, didn't you?\nIt was pretty obvious that you did.\pThe kid looked really upset with\na face all red from anger.\pI sure seem to run into you often.\nAre you off to FORTREE GYM next?\pI expect that you'll do well at the GYM.\nWell, I'll be seeing you!$","SCOTT: Hahahah!
Way to go, {PLAYER}{KUN}!
[PAGE]
I just passed by a TRAINER riding
a BIKE.
[PAGE]
You just beat that TRAINER, didn't you?
It was pretty obvious that you did.
[PAGE]
The kid looked really upset with
a face all red from anger.
[PAGE]
I sure seem to run into you often.
Are you off to FORTREE GYM next?
[PAGE]
I expect that you'll do well at the GYM.
Well, I'll be seeing you!",,untranslated,\n | {PLAYER} | {KUN} | \p | \n | \p | \n | \p | \n | \p | \n | \p | \n,{PLAYER},high,high,Resolved from a checklist event seed through direct or chained script references.,
dlg_90522eab9aeeb6c1,158,08,badges,Gyms and Weather Institute,ยิมและสถาบันอากาศ,28,fortree,Fortree,,28,FortreeCity_Gym,fortree,FortreeCity Gym,1,Winona,FortreeCity_Gym_EventScript_Winona,data/maps/FortreeCity_Gym/scripts.inc,273,FortreeCity_Gym_Text_WinonaPostBattle,"Though I fell to you, I will remain\ndevoted to BIRD POKéMON.$","Though I fell to you, I will remain
devoted to BIRD POKéMON.",,untranslated,\n,,high,high,Resolved from a checklist event seed through direct or chained script references.,
dlg_043520f7cee45426,159,08,badges,Gyms and Weather Institute,ยิมและสถาบันอากาศ,28,fortree,Fortree,,28,FortreeCity_Gym,fortree,FortreeCity Gym,2,,FortreeCity_Gym_EventScript_WinonaDefeated,data/maps/FortreeCity_Gym/scripts.inc,250,FortreeCity_Gym_Text_ReceivedFeatherBadge,{PLAYER} received the FEATHER BADGE\nfrom WINONA.$,"{PLAYER} received the FEATHER BADGE
from WINONA.",,untranslated,{PLAYER} | \n,{PLAYER},high,high,Resolved from a checklist event seed through direct or chained script references.,
dlg_4ba2da8c6c4cb804,160,08,badges,Gyms and Weather Institute,ยิมและสถาบันอากาศ,28,fortree,Fortree,,28,FortreeCity_Gym,fortree,FortreeCity Gym,3,,FortreeCity_Gym_EventScript_WinonaDefeated,data/maps/FortreeCity_Gym/scripts.inc,254,FortreeCity_Gym_Text_ExplainFeatherBadgeTakeThis,"With the FEATHER BADGE, all POKéMON up\nto LV 70, even those received through\ltrades, will obey your every command.\pYou will also be able to use\nthe HM move FLY outside of battle.\pAnd this…\nThis is a gift from me.$","With the FEATHER BADGE, all POKéMON up
to LV 70, even those received through
trades, will obey your every command.
[PAGE]
You will also be able to use
the HM move FLY outside of battle.
[PAGE]
And this…
This is a gift from me.",,untranslated,\n | \l | \p | \n | \p | \n,,high,high,Resolved from a checklist event seed through direct or chained script references.,
dlg_edeb336fc52d099f,161,08,badges,Gyms and Weather Institute,ยิมและสถาบันอากาศ,28,fortree,Fortree,,28,FortreeCity_Gym,fortree,FortreeCity Gym,4,Steven,Route120_EventScript_StevenBattleKecleon,data/maps/Route120/scripts.inc,382,Route120_Text_StevenShowMeYourPower,"STEVEN: {PLAYER}{KUN}, show me your true\npower as a TRAINER!$","STEVEN: {PLAYER}{KUN}, show me your true
power as a TRAINER!",,untranslated,{PLAYER} | {KUN} | \n,{PLAYER},high,high,Resolved from a checklist event seed through direct or chained script references.,
dlg_8a26b89ed2ec5faf,162,08,badges,Gyms and Weather Institute,ยิมและสถาบันอากาศ,28,fortree,Fortree,,28,FortreeCity_Gym,fortree,FortreeCity Gym,5,Steven,Route120_EventScript_StevenBattleKecleon,data/maps/Route120/scripts.inc,386,Route120_Text_StevenUsedDevonScope,STEVEN used the DEVON SCOPE.\pAn invisible POKéMON became completely\nvisible!\pThe startled POKéMON attacked!$,"STEVEN used the DEVON SCOPE.
[PAGE]
An invisible POKéMON became completely
visible!
[PAGE]
The startled POKéMON attacked!",,untranslated,\p | \n | \p,,high,high,Resolved from a checklist event seed through direct or chained script references.,
dlg_98e1f16605e4b205,163,08,badges,Gyms and Weather Institute,ยิมและสถาบันอากาศ,28,fortree,Fortree,,28,FortreeCity_Gym,fortree,FortreeCity Gym,6,,Route120_EventScript_BridgeKecleon,data/maps/Route120/scripts.inc,409,Kecleon_Text_SomethingUnseeable,Something unseeable is in the way.$,Something unseeable is in the way.,,untranslated,,,high,high,Resolved from a checklist event seed through direct or chained script references.,
dlg_e89bf2fc11073911,164,08,badges,Gyms and Weather Institute,ยิมและสถาบันอากาศ,28,fortree,Fortree,,28,FortreeCity_Gym,fortree,FortreeCity Gym,7,,FortreeCity_Gym_EventScript_GiveAerialAce,data/maps/FortreeCity_Gym/scripts.inc,263,FortreeCity_Gym_Text_ExplainAerialAce,TM40 contains AERIAL ACE.\pIts speed…\nNo POKéMON should be able to avoid it.\p… … … … … …$,"TM40 contains AERIAL ACE.
[PAGE]
Its speed…
No POKéMON should be able to avoid it.
[PAGE]
… … … … … …",,untranslated,\p | \n | \p,,high,high,Resolved from a checklist event seed through direct or chained script references.,
dlg_972b63a027991002,165,08,badges,Gyms and Weather Institute,ยิมและสถาบันอากาศ,28,fortree,Fortree,,28,FortreeCity_Gym,fortree,FortreeCity Gym,8,Steven,Route120_EventScript_StevenGiveDeconScope,data/maps/Route120/scripts.inc,392,Route120_Text_StevenGiveDevonScope,"STEVEN: I see…\nYour battle style is intriguing.\pYour POKéMON have obviously grown\nsince I first met you in DEWFORD.\pI'd like you to have this\nDEVON SCOPE.\pWho knows, there may be other\nconcealed POKéMON.$","STEVEN: I see…
Your battle style is intriguing.
[PAGE]
Your POKéMON have obviously grown
since I first met you in DEWFORD.
[PAGE]
I'd like you to have this
DEVON SCOPE.
[PAGE]
Who knows, there may be other
concealed POKéMON.",,untranslated,\n | \p | \n | \p | \n | \p | \n,,high,high,Resolved from a checklist event seed through direct or chained script references.,
dlg_2c9ae36316cdc574,166,08,badges,Gyms and Weather Institute,ยิมและสถาบันอากาศ,28,fortree,Fortree,,28,FortreeCity_Gym,fortree,FortreeCity Gym,9,Steven,Route120_EventScript_StevenGiveDeconScope,data/maps/Route120/scripts.inc,402,Route120_Text_StevenGoodbye,"STEVEN: {PLAYER}{KUN}.\pI enjoy seeing POKéMON and TRAINERS\nwho strive together.\pI think you're doing great.\pWell, let's meet again somewhere.$","STEVEN: {PLAYER}{KUN}.
[PAGE]
I enjoy seeing POKéMON and TRAINERS
who strive together.
[PAGE]
I think you're doing great.
[PAGE]
Well, let's meet again somewhere.",,untranslated,{PLAYER} | {KUN} | \p | \n | \p | \p,{PLAYER},high,high,Resolved from a checklist event seed through direct or chained script references.,
dlg_d918d79168cfccf1,167,09,hideouts,Orbs and Hideouts,ลูกแก้วและฐานลับ,29,mt_pyre,Mt. Pyre,,29,MtPyre_Summit,mt_pyre,MtPyre Summit,1,Archie,MtPyre_Summit_EventScript_TeamAquaExits,data/maps/MtPyre_Summit/scripts.inc,483,MtPyre_Summit_Text_ArchieWeGotTheOrbLetsGo,"ARCHIE: TEAM MAGMA's MAXIE got ahead\nof us, but we also got what we wanted.\pThe RED ORB preserved at MT. PYRE…\nI, ARCHIE, now have it in my possession!\pFufufu… Now we can bring our ultimate\nobjective to fruition!\pOkay, TEAM!\nWe're pulling out!$","ARCHIE: TEAM MAGMA's MAXIE got ahead
of us, but we also got what we wanted.
[PAGE]
The RED ORB preserved at MT. PYRE…
I, ARCHIE, now have it in my possession!
[PAGE]
Fufufu… Now we can bring our ultimate
objective to fruition!
[PAGE]
Okay, TEAM!
We're pulling out!",,untranslated,\n | \p | \n | \p | \n | \p | \n,,high,high,Resolved from a checklist event seed through direct or chained script references.,
dlg_3e6adbb836d10aa0,168,09,hideouts,Orbs and Hideouts,ลูกแก้วและฐานลับ,29,mt_pyre,Mt. Pyre,,29,MtPyre_Summit,mt_pyre,MtPyre Summit,2,,MtPyre_Summit_EventScript_TeamAquaExits,data/maps/MtPyre_Summit/scripts.inc,493,MtPyre_Summit_Text_BothOrbsTakenMagmaLeftThis,"Oh, no…\nThis cannot happen…\pNot only the BLUE ORB, but even\nthe RED ORB has been taken…\pThe BLUE ORB and RED ORB must never\nbe separated. They belong together.\pWhat are those men trying to do with\nthe two ORBS?\p… … … … … …\n… … … … … …\pOh, yes. Was it TEAM MAGMA who came\nand took the BLUE ORB first?\pWell, in their haste, they left this\nbehind.\pI couldn't imagine what exactly it\ncould be.\pI would like you to have it.\nPerhaps it will be useful in some way.$","Oh, no…
This cannot happen…
[PAGE]
Not only the BLUE ORB, but even
the RED ORB has been taken…
[PAGE]
The BLUE ORB and RED ORB must never
be separated. They belong together.
[PAGE]
What are those men trying to do with
the two ORBS?
[PAGE]
… … … … … …
… … … … … …
[PAGE]
Oh, yes. Was it TEAM MAGMA who came
and took the BLUE ORB first?
[PAGE]
Well, in their haste, they left this
behind.
[PAGE]
I couldn't imagine what exactly it
could be.
[PAGE]
I would like you to have it.
Perhaps it will be useful in some way.",,untranslated,\n | \p | \n | \p | \n | \p | \n | \p | \n | \p | \n | \p | \n | \p | \n | \p | \n,,high,high,Resolved from a checklist event seed through direct or chained script references.,
dlg_735f1ef23f4ce480,169,09,hideouts,Orbs and Hideouts,ลูกแก้วและฐานลับ,29,mt_pyre,Mt. Pyre,,29,MtPyre_Summit,mt_pyre,MtPyre Summit,3,,MtPyre_Summit_EventScript_OldLadyOrbsReturned,data/maps/MtPyre_Summit/scripts.inc,533,MtPyre_Summit_Text_ThoseTwoMenReturnedOrbs,The two men who took the ORBS came\nback to return them on their own.\pThose men…\nPerhaps they are not so evil after all…$,"The two men who took the ORBS came
back to return them on their own.
[PAGE]
Those men…
Perhaps they are not so evil after all…",,untranslated,\n | \p | \n,,high,high,Resolved from a checklist event seed through direct or chained script references.,
dlg_99952122a38c4d6b,170,09,hideouts,Orbs and Hideouts,ลูกแก้วและฐานลับ,29,mt_pyre,Mt. Pyre,,29,MtPyre_Summit,mt_pyre,MtPyre Summit,4,,MtPyre_Summit_EventScript_OldLadyAfterOrbsReturned,data/maps/MtPyre_Summit/scripts.inc,539,MtPyre_Summit_Text_SuperAncientPokemonTaughtUs,"The embodiments of the land, sea,\nand the sky…\pThat is said to be the identities of\nthe super-ancient POKéMON…\pIn the same way that we humans and\nPOKéMON have life, our world, too,\lis alive…\pThe super-ancient POKéMON have\ntaught us that…$","The embodiments of the land, sea,
and the sky…
[PAGE]
That is said to be the identities of
the super-ancient POKéMON…
[PAGE]
In the same way that we humans and
POKéMON have life, our world, too,
is alive…
[PAGE]
The super-ancient POKéMON have
taught us that…",,untranslated,\n | \p | \n | \p | \n | \l | \p | \n,,high,high,Resolved from a checklist event seed through direct or chained script references.,
dlg_e5b724b2524196f4,171,09,hideouts,Orbs and Hideouts,ลูกแก้วและฐานลับ,29,mt_pyre,Mt. Pyre,,29,MtPyre_Summit,mt_pyre,MtPyre Summit,5,Maxie,MtPyre_Summit_EventScript_ArchieMaxieReturnOrbs,data/maps/MtPyre_Summit/scripts.inc,585,MtPyre_Summit_Text_MaxieSilence,MAXIE: {PLAYER}…\p… … … … … …\n… … … … … …$,"MAXIE: {PLAYER}…
[PAGE]
… … … … … …
… … … … … …",,untranslated,{PLAYER} | \p | \n,{PLAYER},high,high,Resolved from a checklist event seed through direct or chained script references.,
dlg_36ea63b7ce608519,172,09,hideouts,Orbs and Hideouts,ลูกแก้วและฐานลับ,30,magma_hideout,Magma Hideout,,30,MagmaHideout_1F,magma_hideout,MagmaHideout 1F,1,Maxie,MagmaHideout_4F_EventScript_Maxie,data/maps/MagmaHideout_4F/scripts.inc,181,MagmaHideout_4F_Text_MaxieAwakenGroudon,MAXIE: GROUDON…\pNothing could awaken you from your\nsleep bathed in magma…\pThis BLUE ORB is what you sought.\nWasn't it?\pI have brought you the BLUE ORB.\nLet its shine awaken you!\pAnd show me…\nShow me the full extent of your power!$,"MAXIE: GROUDON…
[PAGE]
Nothing could awaken you from your
sleep bathed in magma…
[PAGE]
This BLUE ORB is what you sought.
Wasn't it?
[PAGE]
I have brought you the BLUE ORB.
Let its shine awaken you!
[PAGE]
And show me…
Show me the full extent of your power!",,untranslated,\p | \n | \p | \n | \p | \n | \p | \n,,high,high,Resolved from a checklist event seed through direct or chained script references.,
dlg_f34fbe4729fcf204,173,09,hideouts,Orbs and Hideouts,ลูกแก้วและฐานลับ,30,magma_hideout,Magma Hideout,,30,MagmaHideout_1F,magma_hideout,MagmaHideout 1F,2,Maxie,MagmaHideout_4F_EventScript_Maxie,data/maps/MagmaHideout_4F/scripts.inc,192,MagmaHideout_4F_Text_MaxieGroudonWhatsWrong,MAXIE: GROUDON!\nWhat's wrong?\pWasn't the BLUE ORB the key?\pGROUDON!\nWhere have you gone…$,"MAXIE: GROUDON!
What's wrong?
[PAGE]
Wasn't the BLUE ORB the key?
[PAGE]
GROUDON!
Where have you gone…",,untranslated,\n | \p | \p | \n,,high,high,Resolved from a checklist event seed through direct or chained script references.,
dlg_4943951ba089dba9,174,09,hideouts,Orbs and Hideouts,ลูกแก้วและฐานลับ,30,magma_hideout,Magma Hideout,,30,MagmaHideout_1F,magma_hideout,MagmaHideout 1F,3,Maxie,MagmaHideout_4F_EventScript_Maxie,data/maps/MagmaHideout_4F/scripts.inc,199,MagmaHideout_4F_Text_MaxieOhItWasYou,"MAXIE: Oh, so it was you?\pI've seen you poking around uninvited\nhere and there…\pI get it now!\nYou must have pulled a cheap stunt!$","MAXIE: Oh, so it was you?
[PAGE]
I've seen you poking around uninvited
here and there…
[PAGE]
I get it now!
You must have pulled a cheap stunt!",,untranslated,\p | \n | \p | \n,,high,high,Resolved from a checklist event seed through direct or chained script references.,
dlg_0ced0caff1c00ef9,175,09,hideouts,Orbs and Hideouts,ลูกแก้วและฐานลับ,30,magma_hideout,Magma Hideout,,30,MagmaHideout_1F,magma_hideout,MagmaHideout 1F,4,Maxie,MagmaHideout_4F_EventScript_Maxie,data/maps/MagmaHideout_4F/scripts.inc,210,MagmaHideout_4F_Text_MaxieImGoingAfterGroudon,"MAXIE: There has to be some reason\nwhy GROUDON fled…\pThat's what you're trying to say,\naren't you?\p… … … … … …\n… … … … … …\pHumph…\nYou think I didn't know that?\pWith GROUDON gone, there is no longer\nany need for this blasted volcano.\pI am going after GROUDON, so this\nis where we part!$","MAXIE: There has to be some reason
why GROUDON fled…
[PAGE]
That's what you're trying to say,
aren't you?
[PAGE]
… … … … … …
… … … … … …
[PAGE]
Humph…
You think I didn't know that?
[PAGE]
With GROUDON gone, there is no longer
any need for this blasted volcano.
[PAGE]
I am going after GROUDON, so this
is where we part!",,untranslated,\n | \p | \n | \p | \n | \p | \n | \p | \n | \p | \n,,high,high,Resolved from a checklist event seed through direct or chained script references.,
dlg_4eda68ad2ec20a56,176,09,hideouts,Orbs and Hideouts,ลูกแก้วและฐานลับ,31,submarine,Slateport submarine,,31,SlateportCity,submarine,SlateportCity,1,,SlateportCity_EventScript_OldWomanSternInterview,data/maps/SlateportCity/scripts.inc,1106,SlateportCity_Text_CaptSternBeingInterviewed,I was hoping that it was a famous star\nso I could get an autograph.\pBut who's that being interviewed?\nIsn't that CAPT. STERN?$,"I was hoping that it was a famous star
so I could get an autograph.
[PAGE]
But who's that being interviewed?
Isn't that CAPT. STERN?",,untranslated,\n | \p | \n,,high,high,Resolved from a checklist event seed through direct or chained script references.,
dlg_7f0709929860c17b,177,09,hideouts,Orbs and Hideouts,ลูกแก้วและฐานลับ,31,submarine,Slateport submarine,,31,SlateportCity,submarine,SlateportCity,2,,SlateportCity_EventScript_RichBoySternInterview,data/maps/SlateportCity/scripts.inc,1118,SlateportCity_Text_SternSaysDiscoveredSomething,CAPT. STERN says they discovered\nsomething at the bottom of the sea.\pI wonder what it is?\nWhat could it be?$,"CAPT. STERN says they discovered
something at the bottom of the sea.
[PAGE]
I wonder what it is?
What could it be?",,untranslated,\n | \p | \n,,high,high,Resolved from a checklist event seed through direct or chained script references.,
dlg_29e6bfe52cbe76dc,178,09,hideouts,Orbs and Hideouts,ลูกแก้วและฐานลับ,31,submarine,Slateport submarine,,31,SlateportCity,submarine,SlateportCity,3,,SlateportCity_EventScript_CaptStern,data/maps/SlateportCity/scripts.inc,1145,SlateportCity_Text_SternMoveAheadWithExploration,"CAPT. STERN: Yes, indeed. We intend to\nmove ahead with our exploration.$","CAPT. STERN: Yes, indeed. We intend to
move ahead with our exploration.",,untranslated,\n,,high,high,Resolved from a checklist event seed through direct or chained script references.,
dlg_a24a9e2b5d3b180d,179,09,hideouts,Orbs and Hideouts,ลูกแก้วและฐานลับ,31,submarine,Slateport submarine,,31,SlateportCity,submarine,SlateportCity,4,,SlateportCity_EventScript_CaptStern,data/maps/SlateportCity/scripts.inc,1156,SlateportCity_Text_SternWhewFirstInterview,CAPT. STERN: Whew…\pThat was my first time to be filmed for\nTV. That was nerve-wracking.$,"CAPT. STERN: Whew…
[PAGE]
That was my first time to be filmed for
TV. That was nerve-wracking.",,untranslated,\p | \n,,high,high,Resolved from a checklist event seed through direct or chained script references.,
dlg_f70b830d8ec236fd,180,09,hideouts,Orbs and Hideouts,ลูกแก้วและฐานลับ,31,submarine,Slateport submarine,,31,SlateportCity,submarine,SlateportCity,5,,SlateportCity_EventScript_CaptStern,data/maps/SlateportCity/scripts.inc,1161,SlateportCity_Text_OhPlayerWeMadeDiscovery,Oh! {PLAYER}{KUN}!\nYou're looking great!\pWe made a huge discovery on our last\nseafloor exploration.\pWe found an underwater cavern on\nROUTE 128.\pWe think it's the habitat of a POKéMON\nthat's said to have been long extinct.$,"Oh! {PLAYER}{KUN}!
You're looking great!
[PAGE]
We made a huge discovery on our last
seafloor exploration.
[PAGE]
We found an underwater cavern on
ROUTE 128.
[PAGE]
We think it's the habitat of a POKéMON
that's said to have been long extinct.",,untranslated,{PLAYER} | {KUN} | \n | \p | \n | \p | \n | \p | \n,{PLAYER},high,high,Resolved from a checklist event seed through direct or chained script references.,
dlg_ac6bacd443ddc584,181,09,hideouts,Orbs and Hideouts,ลูกแก้วและฐานลับ,31,submarine,Slateport submarine,,31,SlateportCity,submarine,SlateportCity,6,,SlateportCity_EventScript_CaptStern,data/maps/SlateportCity/scripts.inc,1171,SlateportCity_Text_AquaWillAssumeControlOfSubmarine,"Fufufu…\nCAPT. STERN, I presume.\pWe of TEAM AQUA will assume\ncontrol of your submarine!\pYour objections are meaningless!\nWe expect your total cooperation!\pFufufu…\nJust watch and learn what TEAM\lAQUA has planned!$","Fufufu…
CAPT. STERN, I presume.
[PAGE]
We of TEAM AQUA will assume
control of your submarine!
[PAGE]
Your objections are meaningless!
We expect your total cooperation!
[PAGE]
Fufufu…
Just watch and learn what TEAM
AQUA has planned!",,untranslated,\n | \p | \n | \p | \n | \p | \n | \l,,high,high,Resolved from a checklist event seed through direct or chained script references.,
dlg_0b38356a9d2a5891,182,09,hideouts,Orbs and Hideouts,ลูกแก้วและฐานลับ,31,submarine,Slateport submarine,,31,SlateportCity,submarine,SlateportCity,7,,SlateportCity_EventScript_CaptStern,data/maps/SlateportCity/scripts.inc,1182,SlateportCity_Text_SternWhatWasAllThat,CAPT. STERN: What was that all about?\pIt sounded like someone using\na megaphone…\pWhere did it come from?$,"CAPT. STERN: What was that all about?
[PAGE]
It sounded like someone using
a megaphone…
[PAGE]
Where did it come from?",,untranslated,\p | \n | \p,,high,high,Resolved from a checklist event seed through direct or chained script references.,
dlg_b97c111ae0282f20,183,09,hideouts,Orbs and Hideouts,ลูกแก้วและฐานลับ,31,submarine,Slateport submarine,,31,SlateportCity,submarine,SlateportCity,8,,SlateportCity_EventScript_CaptStern,data/maps/SlateportCity/scripts.inc,1188,SlateportCity_Text_FromHarborTryingToTakeSub,It's from the HARBOR!\pThe submarine!\nThey're trying to take it!$,"It's from the HARBOR!
[PAGE]
The submarine!
They're trying to take it!",,untranslated,\p | \n,,high,high,Resolved from a checklist event seed through direct or chained script references.,
dlg_5d595593ae009b8a,184,09,hideouts,Orbs and Hideouts,ลูกแก้วและฐานลับ,31,submarine,Slateport submarine,,31,SlateportCity,submarine,SlateportCity,9,,SlateportCity_EventScript_CaptStern,data/maps/SlateportCity/scripts.inc,1193,SlateportCity_Text_PleaseComeWithMe,"{PLAYER}{KUN}!\nPlease, come with me!$","{PLAYER}{KUN}!
Please, come with me!",,untranslated,{PLAYER} | {KUN} | \n,{PLAYER},high,high,Resolved from a checklist event seed through direct or chained script references.,
dlg_40ef2cebfda60ee7,185,09,hideouts,Orbs and Hideouts,ลูกแก้วและฐานลับ,31,submarine,Slateport submarine,,31,SlateportCity,submarine,SlateportCity,10,,SlateportCity_Harbor_EventScript_CaptStern,data/maps/SlateportCity_Harbor/scripts.inc,442,SlateportCity_Harbor_Text_SameThugsTriedToRobAtMuseum,CAPT. STERN: Those thugs…\pThey're the same lot who tried to rob\nthe DEVON GOODS at the MUSEUM.$,"CAPT. STERN: Those thugs…
[PAGE]
They're the same lot who tried to rob
the DEVON GOODS at the MUSEUM.",,untranslated,\p | \n,,high,high,Resolved from a checklist event seed through direct or chained script references.,
dlg_85246ab6bfa6b21d,186,09,hideouts,Orbs and Hideouts,ลูกแก้วและฐานลับ,31,submarine,Slateport submarine,,31,SlateportCity,submarine,SlateportCity,11,,SlateportCity_Harbor_EventScript_WhyStealSubmarine,data/maps/SlateportCity_Harbor/scripts.inc,458,SlateportCity_Harbor_Text_CaptSternWhyStealMySubmarine,"CAPT. STERN: Why…\pWhy would TEAM AQUA steal my\nSUBMARINE EXPLORER 1?\pThey can't be after the slumbering\nPOKéMON at the bottom of the sea…\pBut even if I were to chase them,\nI don't stand a chance against them…$","CAPT. STERN: Why…
[PAGE]
Why would TEAM AQUA steal my
SUBMARINE EXPLORER 1?
[PAGE]
They can't be after the slumbering
POKéMON at the bottom of the sea…
[PAGE]
But even if I were to chase them,
I don't stand a chance against them…",,untranslated,\p | \n | \p | \n | \p | \n,,high,high,Resolved from a checklist event seed through direct or chained script references.,
dlg_4df79a104565cdd7,187,09,hideouts,Orbs and Hideouts,ลูกแก้วและฐานลับ,32,aqua_hideout,Aqua Hideout,,32,AquaHideout_1F,aqua_hideout,AquaHideout 1F,1,,AquaHideout_B2F_EventScript_SubmarineEscape,data/maps/AquaHideout_B2F/scripts.inc,102,AquaHideout_B2F_Text_OurBossGotThroughHisPreparations,"Hehehe!\pWhile I was toying with you, our BOSS\ngot through his preparations!$","Hehehe!
[PAGE]
While I was toying with you, our BOSS
got through his preparations!",,untranslated,\p | \n,,high,high,Resolved from a checklist event seed through direct or chained script references.,
dlg_45b733a3659fa52c,188,10,mossdeep,Mossdeep and Space Center,มอสส์ดีปและศูนย์อวกาศ,33,mossdeep,Mossdeep,,33,MossdeepCity_Gym,mossdeep,MossdeepCity Gym,1,Tate,MossdeepCity_Gym_EventScript_TateAndLiza,data/maps/MossdeepCity_Gym/scripts.inc,591,MossdeepCity_Gym_Text_TateAndLizaPostBattle,"TATE: Looks like the bond between you\nand your POKéMON is far stronger than\lthe bond that we share as twins.\pLIZA: You will become even stronger!\nWe've battled you, so we know.$","TATE: Looks like the bond between you
and your POKéMON is far stronger than
the bond that we share as twins.
[PAGE]
LIZA: You will become even stronger!
We've battled you, so we know.",,untranslated,\n | \l | \p | \n,,high,high,Resolved from a checklist event seed through direct or chained script references.,
dlg_16583cf9036a06e6,189,10,mossdeep,Mossdeep and Space Center,มอสส์ดีปและศูนย์อวกาศ,33,mossdeep,Mossdeep,,33,MossdeepCity_Gym,mossdeep,MossdeepCity Gym,2,,MossdeepCity_Gym_EventScript_TateAndLizaDefeated,data/maps/MossdeepCity_Gym/scripts.inc,567,MossdeepCity_Gym_Text_ReceivedMindBadge,{PLAYER} received the MIND BADGE\nfrom TATE and LIZA.$,"{PLAYER} received the MIND BADGE
from TATE and LIZA.",,untranslated,{PLAYER} | \n,{PLAYER},high,high,Resolved from a checklist event seed through direct or chained script references.,
dlg_43359ec54091c550,190,10,mossdeep,Mossdeep and Space Center,มอสส์ดีปและศูนย์อวกาศ,33,mossdeep,Mossdeep,,33,MossdeepCity_Gym,mossdeep,MossdeepCity Gym,3,,MossdeepCity_Gym_EventScript_TateAndLizaDefeated,data/maps/MossdeepCity_Gym/scripts.inc,571,MossdeepCity_Gym_Text_ExplainMindBadgeTakeThis,"TATE: The MIND BADGE enhances the\nSP. ATK and SP. DEF of POKéMON.\pLIZA: It also lets you use the HM move\nDIVE outside of battle.\pTATE: You should also take this, too.$","TATE: The MIND BADGE enhances the
SP. ATK and SP. DEF of POKéMON.
[PAGE]
LIZA: It also lets you use the HM move
DIVE outside of battle.
[PAGE]
TATE: You should also take this, too.",,untranslated,\n | \p | \n | \p,,high,high,Resolved from a checklist event seed through direct or chained script references.,
dlg_bf9f721d101df3f8,191,10,mossdeep,Mossdeep and Space Center,มอสส์ดีปและศูนย์อวกาศ,33,mossdeep,Mossdeep,,33,MossdeepCity_Gym,mossdeep,MossdeepCity Gym,4,,MossdeepCity_Gym_EventScript_GiveCalmMind2,data/maps/MossdeepCity_Gym/scripts.inc,578,MossdeepCity_Gym_Text_ExplainCalmMind,TATE: That TM04 contains…\nLIZA: CALM MIND!\pTATE: It raises SP. ATK and…\nLIZA: It raises SP. DEF!\pTATE: It's a move that's perfect…\nLIZA: For PSYCHIC POKéMON!\p… … … … … …$,"TATE: That TM04 contains…
LIZA: CALM MIND!
[PAGE]
TATE: It raises SP. ATK and…
LIZA: It raises SP. DEF!
[PAGE]
TATE: It's a move that's perfect…
LIZA: For PSYCHIC POKéMON!
[PAGE]
… … … … … …",,untranslated,\n | \p | \n | \p | \n | \p,,high,high,Resolved from a checklist event seed through direct or chained script references.,
dlg_10a0c4da3c01bfa0,192,10,mossdeep,Mossdeep and Space Center,มอสส์ดีปและศูนย์อวกาศ,34,space_center,Space Center,,34,MossdeepCity_SpaceCenter_1F,space_center,MossdeepCity SpaceCenter 1F,1,,MossdeepCity_SpaceCenter_1F_EventScript_SunStoneManMagma,data/maps/MossdeepCity_SpaceCenter_1F/scripts.inc,319,MossdeepCity_SpaceCenter_1F_Text_MagmaCantStealFuelTakeThis,"TEAM MAGMA can't be allowed to steal\nthe rocket fuel.\pOh, by the way, you can have this stone\nI found on the beach.$","TEAM MAGMA can't be allowed to steal
the rocket fuel.
[PAGE]
Oh, by the way, you can have this stone
I found on the beach.",,untranslated,\n | \p | \n,,high,high,Resolved from a checklist event seed through direct or chained script references.,
dlg_79ce7f56167066ae,193,10,mossdeep,Mossdeep and Space Center,มอสส์ดีปและศูนย์อวกาศ,34,space_center,Space Center,,34,MossdeepCity_SpaceCenter_1F,space_center,MossdeepCity SpaceCenter 1F,2,Steven,MossdeepCity_SpaceCenter_1F_EventScript_Steven,data/maps/MossdeepCity_SpaceCenter_1F/scripts.inc,351,MossdeepCity_SpaceCenter_1F_Text_StevenMagmaCantBeAllowedToTakeFuel,"STEVEN: {PLAYER}{KUN}, have you read that\nproclamation already?\pTEAM MAGMA is coming after the rocket\nfuel on this island.\pI don't know what they'd need it for,\nbut they can't be allowed to take it.\pI'll keep an eye on things for\na while longer.\pIn the meantime, why don't you go\ncheck out the town?$","STEVEN: {PLAYER}{KUN}, have you read that
proclamation already?
[PAGE]
TEAM MAGMA is coming after the rocket
fuel on this island.
[PAGE]
I don't know what they'd need it for,
but they can't be allowed to take it.
[PAGE]
I'll keep an eye on things for
a while longer.
[PAGE]
In the meantime, why don't you go
check out the town?",,untranslated,{PLAYER} | {KUN} | \n | \p | \n | \p | \n | \p | \n | \p | \n,{PLAYER},high,high,Resolved from a checklist event seed through direct or chained script references.,
dlg_70357e86f6ea09df,194,10,mossdeep,Mossdeep and Space Center,มอสส์ดีปและศูนย์อวกาศ,34,space_center,Space Center,,34,MossdeepCity_SpaceCenter_1F,space_center,MossdeepCity SpaceCenter 1F,3,,MossdeepCity_SpaceCenter_2F_EventScript_ThreeMagmaGrunts,data/maps/MossdeepCity_SpaceCenter_2F/scripts.inc,385,MossdeepCity_SpaceCenter_2F_Text_YoureOutnumberedTakeUsOn,"What's wrong with you?\pYou're outnumbered three to one,\nbut you still want to take us on?$","What's wrong with you?
[PAGE]
You're outnumbered three to one,
but you still want to take us on?",,untranslated,\p | \n,,high,high,Resolved from a checklist event seed through direct or chained script references.,
dlg_0d1adf3d7c53be63,195,10,mossdeep,Mossdeep and Space Center,มอสส์ดีปและศูนย์อวกาศ,34,space_center,Space Center,,34,MossdeepCity_SpaceCenter_1F,space_center,MossdeepCity SpaceCenter 1F,4,,MossdeepCity_SpaceCenter_2F_EventScript_ThreeMagmaGrunts,data/maps/MossdeepCity_SpaceCenter_2F/scripts.inc,390,MossdeepCity_SpaceCenter_2F_Text_GoodAnswer,Good answer!\nThat's what a smart person'll do!$,"Good answer!
That's what a smart person'll do!",,untranslated,\n,,high,high,Resolved from a checklist event seed through direct or chained script references.,
dlg_8199f6fe43038be0,196,10,mossdeep,Mossdeep and Space Center,มอสส์ดีปและศูนย์อวกาศ,34,space_center,Space Center,,34,MossdeepCity_SpaceCenter_1F,space_center,MossdeepCity SpaceCenter 1F,5,,MossdeepCity_SpaceCenter_2F_EventScript_BattleThreeMagmaGrunts,data/maps/MossdeepCity_SpaceCenter_2F/scripts.inc,394,MossdeepCity_SpaceCenter_2F_Text_Grunt5Intro,"A reckless go-getter, are you?\nOkay, I'll go first!$","A reckless go-getter, are you?
Okay, I'll go first!",,untranslated,\n,,high,high,Resolved from a checklist event seed through direct or chained script references.,
dlg_abc5b37215d62d43,197,10,mossdeep,Mossdeep and Space Center,มอสส์ดีปและศูนย์อวกาศ,34,space_center,Space Center,,34,MossdeepCity_SpaceCenter_1F,space_center,MossdeepCity SpaceCenter 1F,6,,MossdeepCity_SpaceCenter_2F_EventScript_BattleThreeMagmaGrunts,data/maps/MossdeepCity_SpaceCenter_2F/scripts.inc,402,MossdeepCity_SpaceCenter_2F_Text_Grunt6Intro,It's too soon to be relieved!\nI'm up next!$,"It's too soon to be relieved!
I'm up next!",,untranslated,\n,,high,high,Resolved from a checklist event seed through direct or chained script references.,
dlg_18051728da20cef1,198,10,mossdeep,Mossdeep and Space Center,มอสส์ดีปและศูนย์อวกาศ,34,space_center,Space Center,,34,MossdeepCity_SpaceCenter_1F,space_center,MossdeepCity SpaceCenter 1F,7,,MossdeepCity_SpaceCenter_2F_EventScript_BattleThreeMagmaGrunts,data/maps/MossdeepCity_SpaceCenter_2F/scripts.inc,410,MossdeepCity_SpaceCenter_2F_Text_Grunt7Intro,I bet you want to take a break.\nBut I'm not about to let you do that!$,"I bet you want to take a break.
But I'm not about to let you do that!",,untranslated,\n,,high,high,Resolved from a checklist event seed through direct or chained script references.,
dlg_63197315c2211581,199,10,mossdeep,Mossdeep and Space Center,มอสส์ดีปและศูนย์อวกาศ,34,space_center,Space Center,,34,MossdeepCity_SpaceCenter_1F,space_center,MossdeepCity SpaceCenter 1F,8,,MossdeepCity_SpaceCenter_2F_EventScript_ScientistMagma,data/maps/MossdeepCity_SpaceCenter_2F/scripts.inc,361,MossdeepCity_SpaceCenter_2F_Text_WhyWouldMagmaStealRocketFuel,Why would TEAM MAGMA want to steal\nour rocket fuel in the first place?$,"Why would TEAM MAGMA want to steal
our rocket fuel in the first place?",,untranslated,\n,,high,high,Resolved from a checklist event seed through direct or chained script references.,
dlg_ff6b7727bf98e870,200,10,mossdeep,Mossdeep and Space Center,มอสส์ดีปและศูนย์อวกาศ,34,space_center,Space Center,,34,MossdeepCity_SpaceCenter_1F,space_center,MossdeepCity SpaceCenter 1F,9,,MossdeepCity_SpaceCenter_2F_EventScript_GentlemanMagma,data/maps/MossdeepCity_SpaceCenter_2F/scripts.inc,371,MossdeepCity_SpaceCenter_2F_Text_MagmaCantGetAwayWithThis,"If TEAM MAGMA takes the rocket fuel,\nI won't be able to go to space!\pThey can't be allowed to get away\nwith such an outrage!$","If TEAM MAGMA takes the rocket fuel,
I won't be able to go to space!
[PAGE]
They can't be allowed to get away
with such an outrage!",,untranslated,\n | \p | \n,,high,high,Resolved from a checklist event seed through direct or chained script references.,
dlg_33a9a5236748bb7b,201,10,mossdeep,Mossdeep and Space Center,มอสส์ดีปและศูนย์อวกาศ,34,space_center,Space Center,,34,MossdeepCity_SpaceCenter_1F,space_center,MossdeepCity SpaceCenter 1F,10,,MossdeepCity_SpaceCenter_2F_EventScript_RichBoyMagma,data/maps/MossdeepCity_SpaceCenter_2F/scripts.inc,381,MossdeepCity_SpaceCenter_2F_Text_DoesMagmaWantToGoToSpace,"TEAM MAGMA…\nDo they want to go to space, too?$","TEAM MAGMA…
Do they want to go to space, too?",,untranslated,\n,,high,high,Resolved from a checklist event seed through direct or chained script references.,
dlg_9bb71a44ed8e9cc8,202,10,mossdeep,Mossdeep and Space Center,มอสส์ดีปและศูนย์อวกาศ,34,space_center,Space Center,,34,MossdeepCity_SpaceCenter_1F,space_center,MossdeepCity SpaceCenter 1F,11,Maxie,MossdeepCity_SpaceCenter_2F_EventScript_Maxie,data/maps/MossdeepCity_SpaceCenter_2F/scripts.inc,437,MossdeepCity_SpaceCenter_2F_Text_MaxieDontInterfere,MAXIE: Clear out of the way!\nDon't you dare interfere!$,"MAXIE: Clear out of the way!
Don't you dare interfere!",,untranslated,\n,,high,high,Resolved from a checklist event seed through direct or chained script references.,
dlg_fad0e7d043c9af8c,203,10,mossdeep,Mossdeep and Space Center,มอสส์ดีปและศูนย์อวกาศ,34,space_center,Space Center,,34,MossdeepCity_SpaceCenter_1F,space_center,MossdeepCity SpaceCenter 1F,12,Steven,MossdeepCity_SpaceCenter_2F_EventScript_Steven,data/maps/MossdeepCity_SpaceCenter_2F/scripts.inc,441,MossdeepCity_SpaceCenter_2F_Text_StevenWhyStealRocketFuel,STEVEN: TEAM MAGMA…\pWhat's the point of stealing rocket\nfuel?$,"STEVEN: TEAM MAGMA…
[PAGE]
What's the point of stealing rocket
fuel?",,untranslated,\p | \n,,high,high,Resolved from a checklist event seed through direct or chained script references.,
dlg_220e2ebc787a03bc,204,10,mossdeep,Mossdeep and Space Center,มอสส์ดีปและศูนย์อวกาศ,34,space_center,Space Center,,34,MossdeepCity_SpaceCenter_1F,space_center,MossdeepCity SpaceCenter 1F,13,Maxie,MossdeepCity_SpaceCenter_2F_EventScript_Steven,data/maps/MossdeepCity_SpaceCenter_2F/scripts.inc,446,MossdeepCity_SpaceCenter_2F_Text_MaxieUseFuelToEruptVolcano,"MAXIE: Fufufu… Since you're so\ncurious, you deserve an explanation.\pWe're going to jettison the entire\nload into MT. CHIMNEY!\pWith GROUDON gone, we have no need\nfor that slag heap of a mountain!\pSo we'll use the fuel's power to make\nthe volcano erupt!\pIt will be savage!$","MAXIE: Fufufu… Since you're so
curious, you deserve an explanation.
[PAGE]
We're going to jettison the entire
load into MT. CHIMNEY!
[PAGE]
With GROUDON gone, we have no need
for that slag heap of a mountain!
[PAGE]
So we'll use the fuel's power to make
the volcano erupt!
[PAGE]
It will be savage!",,untranslated,\n | \p | \n | \p | \n | \p | \n | \p,,high,high,Resolved from a checklist event seed through direct or chained script references.,
dlg_104f959b73f4cfdb,205,10,mossdeep,Mossdeep and Space Center,มอสส์ดีปและศูนย์อวกาศ,34,space_center,Space Center,,34,MossdeepCity_SpaceCenter_1F,space_center,MossdeepCity SpaceCenter 1F,14,Maxie,MossdeepCity_SpaceCenter_2F_EventScript_DefeatedMaxieTabitha,data/maps/MossdeepCity_SpaceCenter_2F/scripts.inc,474,MossdeepCity_SpaceCenter_2F_Text_MaxieWeFailedIsAquaAlsoMisguided,"MAXIE: We failed to make the volcano\nerupt…\pWe failed to control GROUDON after\nwe had awoken it…\pIs our goal to expand the land\nmisguided?\p… … … … … …\n… … … … … …\pIf…\nIf we, TEAM MAGMA, are wrong…\l… … … … … …\pThen might TEAM AQUA's goal to expand\nthe sea also be equally misguided?$","MAXIE: We failed to make the volcano
erupt…
[PAGE]
We failed to control GROUDON after
we had awoken it…
[PAGE]
Is our goal to expand the land
misguided?
[PAGE]
… … … … … …
… … … … … …
[PAGE]
If…
If we, TEAM MAGMA, are wrong…
… … … … … …
[PAGE]
Then might TEAM AQUA's goal to expand
the sea also be equally misguided?",,untranslated,\n | \p | \n | \p | \n | \p | \n | \p | \n | \l | \p | \n,,high,high,Resolved from a checklist event seed through direct or chained script references.,
dlg_1d1b84c3dd049a67,206,10,mossdeep,Mossdeep and Space Center,มอสส์ดีปและศูนย์อวกาศ,34,space_center,Space Center,,34,MossdeepCity_SpaceCenter_1F,space_center,MossdeepCity SpaceCenter 1F,15,Maxie,MossdeepCity_SpaceCenter_2F_EventScript_DefeatedMaxieTabitha,data/maps/MossdeepCity_SpaceCenter_2F/scripts.inc,489,MossdeepCity_SpaceCenter_2F_Text_MaxieWeWillGiveUp,MAXIE: All right…\nWe will give up on the fuel…\pThere appear to be more important\nmatters that I must examine…$,"MAXIE: All right…
We will give up on the fuel…
[PAGE]
There appear to be more important
matters that I must examine…",,untranslated,\n | \p | \n,,high,high,Resolved from a checklist event seed through direct or chained script references.,
dlg_63d0a5b1cfa2160d,207,10,mossdeep,Mossdeep and Space Center,มอสส์ดีปและศูนย์อวกาศ,34,space_center,Space Center,,34,MossdeepCity_SpaceCenter_1F,space_center,MossdeepCity SpaceCenter 1F,16,Steven,MossdeepCity_SpaceCenter_2F_EventScript_DefeatedMaxieTabitha,data/maps/MossdeepCity_SpaceCenter_2F/scripts.inc,495,MossdeepCity_SpaceCenter_2F_Text_StevenThankYouComeSeeMeAtHome,"STEVEN: Whew, that was too tense.\n{PLAYER}{KUN}, thank you.\pI have something to give you as\nthanks for your support.\pPlease come see me at home\nafter this.\pOh, yes, I don't live in RUSTBORO CITY.\nI live right here on this island.$","STEVEN: Whew, that was too tense.
{PLAYER}{KUN}, thank you.
[PAGE]
I have something to give you as
thanks for your support.
[PAGE]
Please come see me at home
after this.
[PAGE]
Oh, yes, I don't live in RUSTBORO CITY.
I live right here on this island.",,untranslated,\n | {PLAYER} | {KUN} | \p | \n | \p | \n | \p | \n,{PLAYER},high,high,Resolved from a checklist event seed through direct or chained script references.,
dlg_56c225a224c38318,208,11,crisis,Ancient Pokémon Crisis,วิกฤตโปเกมอนโบราณ,35,seafloor,Seafloor Cavern,,35,SeafloorCavern_Room9,seafloor,SeafloorCavern Room9,1,Archie,SeafloorCavern_Room9_EventScript_ArchieAwakenKyogre,data/maps/SeafloorCavern_Room9/scripts.inc,217,SeafloorCavern_Room9_Text_ArchieHoldItRightThere,ARCHIE: Hold it right there.$,ARCHIE: Hold it right there.,,untranslated,,,high,high,Resolved from a checklist event seed through direct or chained script references.,
dlg_e21be4ce24181c9d,209,11,crisis,Ancient Pokémon Crisis,วิกฤตโปเกมอนโบราณ,35,seafloor,Seafloor Cavern,,35,SeafloorCavern_Room9,seafloor,SeafloorCavern Room9,2,Archie,SeafloorCavern_Room9_EventScript_ArchieAwakenKyogre,data/maps/SeafloorCavern_Room9/scripts.inc,220,SeafloorCavern_Room9_Text_ArchieSoItWasYou,"ARCHIE: Fufufu…\nSo it was you, after all.$","ARCHIE: Fufufu…
So it was you, after all.",,untranslated,\n,,high,high,Resolved from a checklist event seed through direct or chained script references.,
dlg_672712da70f8720a,210,11,crisis,Ancient Pokémon Crisis,วิกฤตโปเกมอนโบราณ,35,seafloor,Seafloor Cavern,,35,SeafloorCavern_Room9,seafloor,SeafloorCavern Room9,3,Archie,SeafloorCavern_Room9_EventScript_ArchieAwakenKyogre,data/maps/SeafloorCavern_Room9/scripts.inc,224,SeafloorCavern_Room9_Text_ArchieBeholdKyogre,"ARCHIE: Behold!\pSee how beautiful it is, the sleeping\nform of the ancient POKéMON KYOGRE!\pI have waited so long for this day to\ncome…$","ARCHIE: Behold!
[PAGE]
See how beautiful it is, the sleeping
form of the ancient POKéMON KYOGRE!
[PAGE]
I have waited so long for this day to
come…",,untranslated,\p | \n | \p | \n,,high,high,Resolved from a checklist event seed through direct or chained script references.,
dlg_904db249c77a5fb4,211,11,crisis,Ancient Pokémon Crisis,วิกฤตโปเกมอนโบราณ,35,seafloor,Seafloor Cavern,,35,SeafloorCavern_Room9,seafloor,SeafloorCavern Room9,4,Archie,SeafloorCavern_Room9_EventScript_ArchieAwakenKyogre,data/maps/SeafloorCavern_Room9/scripts.inc,231,SeafloorCavern_Room9_Text_ArchieYouMustDisappear,"ARCHIE: It surprises me, how you've\nmanaged to chase me here.\pBut that's all over now.\pFor the realization of my dream,\nyou must disappear now!$","ARCHIE: It surprises me, how you've
managed to chase me here.
[PAGE]
But that's all over now.
[PAGE]
For the realization of my dream,
you must disappear now!",,untranslated,\n | \p | \p | \n,,high,high,Resolved from a checklist event seed through direct or chained script references.,
dlg_5b8c8d67abbc38ae,212,11,crisis,Ancient Pokémon Crisis,วิกฤตโปเกมอนโบราณ,35,seafloor,Seafloor Cavern,,35,SeafloorCavern_Room9,seafloor,SeafloorCavern Room9,5,Archie,SeafloorCavern_Room9_EventScript_ArchieAwakenKyogre,data/maps/SeafloorCavern_Room9/scripts.inc,242,SeafloorCavern_Room9_Text_ArchieWithThisRedOrb,"ARCHIE: Fufufu…\pI commend you. I must recognize that\nyou are truly gifted.\pBut!\nI have this in my possession!\pWith this RED ORB, I can make KYOGRE…$","ARCHIE: Fufufu…
[PAGE]
I commend you. I must recognize that
you are truly gifted.
[PAGE]
But!
I have this in my possession!
[PAGE]
With this RED ORB, I can make KYOGRE…",,untranslated,\p | \n | \p | \n | \p,,high,high,Resolved from a checklist event seed through direct or chained script references.,
dlg_30a432ed17b0bf86,213,11,crisis,Ancient Pokémon Crisis,วิกฤตโปเกมอนโบราณ,35,seafloor,Seafloor Cavern,,35,SeafloorCavern_Room9,seafloor,SeafloorCavern Room9,6,,SeafloorCavern_Room9_EventScript_ArchieAwakenKyogre,data/maps/SeafloorCavern_Room9/scripts.inc,250,SeafloorCavern_Room9_Text_RedOrbShinesByItself,The RED ORB suddenly began shining\nby itself!$,"The RED ORB suddenly began shining
by itself!",,untranslated,\n,,high,high,Resolved from a checklist event seed through direct or chained script references.,
dlg_5e4dc15ea2604bc6,214,11,crisis,Ancient Pokémon Crisis,วิกฤตโปเกมอนโบราณ,35,seafloor,Seafloor Cavern,,35,SeafloorCavern_Room9,seafloor,SeafloorCavern Room9,7,Archie,SeafloorCavern_Room9_EventScript_ArchieAwakenKyogre,data/maps/SeafloorCavern_Room9/scripts.inc,254,SeafloorCavern_Room9_Text_ArchieWhereDidKyogreGo,ARCHIE: What?!\pI didn't do anything.\nWhy did the RED ORB…\pWhere did KYOGRE go?$,"ARCHIE: What?!
[PAGE]
I didn't do anything.
Why did the RED ORB…
[PAGE]
Where did KYOGRE go?",,untranslated,\p | \n | \p,,high,high,Resolved from a checklist event seed through direct or chained script references.,
dlg_42f4426fdf01c018,215,11,crisis,Ancient Pokémon Crisis,วิกฤตโปเกมอนโบราณ,35,seafloor,Seafloor Cavern,,35,SeafloorCavern_Room9,seafloor,SeafloorCavern Room9,8,Archie,SeafloorCavern_Room9_EventScript_ArchieAwakenKyogre,data/maps/SeafloorCavern_Room9/scripts.inc,260,SeafloorCavern_Room9_Text_ArchieAMessageFromOutside,ARCHIE: Hm? It's a message from our\nmembers outside…$,"ARCHIE: Hm? It's a message from our
members outside…",,untranslated,\n,,high,high,Resolved from a checklist event seed through direct or chained script references.,
dlg_50cdd92ec4d3dc51,216,11,crisis,Ancient Pokémon Crisis,วิกฤตโปเกมอนโบราณ,35,seafloor,Seafloor Cavern,,35,SeafloorCavern_Room9,seafloor,SeafloorCavern Room9,9,Archie,SeafloorCavern_Room9_EventScript_ArchieAwakenKyogre,data/maps/SeafloorCavern_Room9/scripts.inc,264,SeafloorCavern_Room9_Text_ArchieWhatRainingTooHard,"ARCHIE: Yes, what is it?\pHm…\nIt's raining heavily?\pGood… That should have happened.\nThat is why we awakened KYOGRE,\lto realize TEAM AQUA's vision of\lexpanding the sea.\pWhat?!\pIt's raining far harder than we\nenvisioned? You're in danger?\pThat can't be…\nThat's just not possible…\pHold your position and monitor\nthe situation!$","ARCHIE: Yes, what is it?
[PAGE]
Hm…
It's raining heavily?
[PAGE]
Good… That should have happened.
That is why we awakened KYOGRE,
to realize TEAM AQUA's vision of
expanding the sea.
[PAGE]
What?!
[PAGE]
It's raining far harder than we
envisioned? You're in danger?
[PAGE]
That can't be…
That's just not possible…
[PAGE]
Hold your position and monitor
the situation!",,untranslated,\p | \n | \p | \n | \l | \l | \p | \p | \n | \p | \n | \p | \n,,high,high,Resolved from a checklist event seed through direct or chained script references.,
dlg_57e3edbafd739069,217,11,crisis,Ancient Pokémon Crisis,วิกฤตโปเกมอนโบราณ,35,seafloor,Seafloor Cavern,,35,SeafloorCavern_Room9,seafloor,SeafloorCavern Room9,10,Archie,SeafloorCavern_Room9_EventScript_ArchieAwakenKyogre,data/maps/SeafloorCavern_Room9/scripts.inc,280,SeafloorCavern_Room9_Text_ArchieWhyDidKyogreDisappear,ARCHIE: There's something wrong…\pThe RED ORB is supposed to awaken\nand control KYOGRE…\pBut… Why?\nWhy did KYOGRE disappear?\pWhy?!$,"ARCHIE: There's something wrong…
[PAGE]
The RED ORB is supposed to awaken
and control KYOGRE…
[PAGE]
But… Why?
Why did KYOGRE disappear?
[PAGE]
Why?!",,untranslated,\p | \n | \p | \n | \p,,high,high,Resolved from a checklist event seed through direct or chained script references.,
dlg_b1b9bedf4bbb9835,218,11,crisis,Ancient Pokémon Crisis,วิกฤตโปเกมอนโบราณ,35,seafloor,Seafloor Cavern,,35,SeafloorCavern_Room9,seafloor,SeafloorCavern Room9,11,Maxie,SeafloorCavern_Room9_EventScript_ArchieAwakenKyogre,data/maps/SeafloorCavern_Room9/scripts.inc,288,SeafloorCavern_Room9_Text_MaxieWhatHaveYouWrought,"MAXIE: What have you wrought?\pARCHIE… You've finally awoken KYOGRE,\nhaven't you?\pWhat will happen to the world if this\ndownpour continues for all eternity?\pThe world's landmass will drown in\nthe deepening sea…$","MAXIE: What have you wrought?
[PAGE]
ARCHIE… You've finally awoken KYOGRE,
haven't you?
[PAGE]
What will happen to the world if this
downpour continues for all eternity?
[PAGE]
The world's landmass will drown in
the deepening sea…",,untranslated,\p | \n | \p | \n | \p | \n,,high,high,Resolved from a checklist event seed through direct or chained script references.,
dlg_b9b9dc0d0d6b7eb0,219,11,crisis,Ancient Pokémon Crisis,วิกฤตโปเกมอนโบราณ,35,seafloor,Seafloor Cavern,,35,SeafloorCavern_Room9,seafloor,SeafloorCavern Room9,12,Archie,SeafloorCavern_Room9_EventScript_ArchieAwakenKyogre,data/maps/SeafloorCavern_Room9/scripts.inc,297,SeafloorCavern_Room9_Text_ArchieDontGetAllHighAndMighty,"ARCHIE: W-what?!\nDon't get all high and mighty with me!\pWasn't it you, TEAM MAGMA, that\ninfuriated GROUDON?\pSo long as I have this RED ORB,\nI should be able to control KYOGRE…\pI should be able to control it…$","ARCHIE: W-what?!
Don't get all high and mighty with me!
[PAGE]
Wasn't it you, TEAM MAGMA, that
infuriated GROUDON?
[PAGE]
So long as I have this RED ORB,
I should be able to control KYOGRE…
[PAGE]
I should be able to control it…",,untranslated,\n | \p | \n | \p | \n | \p,,high,high,Resolved from a checklist event seed through direct or chained script references.,
dlg_881182be07580274,220,11,crisis,Ancient Pokémon Crisis,วิกฤตโปเกมอนโบราณ,35,seafloor,Seafloor Cavern,,35,SeafloorCavern_Room9,seafloor,SeafloorCavern Room9,13,Maxie,SeafloorCavern_Room9_EventScript_ArchieAwakenKyogre,data/maps/SeafloorCavern_Room9/scripts.inc,306,SeafloorCavern_Room9_Text_MaxieWeDontHaveTimeToArgue,MAXIE: We don't have the time to\nargue about it here!\pGet outside and see for yourself!\pSee if what you've wrought is the\nworld that we desired!$,"MAXIE: We don't have the time to
argue about it here!
[PAGE]
Get outside and see for yourself!
[PAGE]
See if what you've wrought is the
world that we desired!",,untranslated,\n | \p | \p | \n,,high,high,Resolved from a checklist event seed through direct or chained script references.,
dlg_648adc974a14e68d,221,11,crisis,Ancient Pokémon Crisis,วิกฤตโปเกมอนโบราณ,35,seafloor,Seafloor Cavern,,35,SeafloorCavern_Room9,seafloor,SeafloorCavern Room9,14,Maxie,SeafloorCavern_Room9_EventScript_ArchieAwakenKyogre,data/maps/SeafloorCavern_Room9/scripts.inc,313,SeafloorCavern_Room9_Text_MaxieComeOnPlayer,"MAXIE: {PLAYER}, come on, you have\nto get out of here, too!$","MAXIE: {PLAYER}, come on, you have
to get out of here, too!",,untranslated,{PLAYER} | \n,{PLAYER},high,high,Resolved from a checklist event seed through direct or chained script references.,
dlg_a9cd459000662ef7,222,11,crisis,Ancient Pokémon Crisis,วิกฤตโปเกมอนโบราณ,36,crisis,Groudon and Kyogre crisis,,36,SootopolisCity,crisis,SootopolisCity,1,,SootopolisCity_EventScript_Steven,data/maps/SootopolisCity/scripts.inc,1650,SootopolisCity_Text_SoThatsRayquaza,STEVEN: So that's RAYQUAZA…\pIt's incredible how the two rampaging\nPOKéMON would flee from it in fear…$,"STEVEN: So that's RAYQUAZA…
[PAGE]
It's incredible how the two rampaging
POKéMON would flee from it in fear…",,untranslated,\p | \n,,high,high,Resolved from a checklist event seed through direct or chained script references.,
dlg_5fe249944b18d8de,223,11,crisis,Ancient Pokémon Crisis,วิกฤตโปเกมอนโบราณ,36,crisis,Groudon and Kyogre crisis,,36,SootopolisCity,crisis,SootopolisCity,2,,SootopolisCity_EventScript_StevenHelpWallace,data/maps/SootopolisCity/scripts.inc,1641,SootopolisCity_Text_KnowWhatsNeededToHelpHim,STEVEN: I think you have what's\nneeded to help him…$,"STEVEN: I think you have what's
needed to help him…",,untranslated,\n,,high,high,Resolved from a checklist event seed through direct or chained script references.,
dlg_3e9330ccd919163e,224,11,crisis,Ancient Pokémon Crisis,วิกฤตโปเกมอนโบราณ,36,crisis,Groudon and Kyogre crisis,,36,SootopolisCity,crisis,SootopolisCity,3,Archie,SootopolisCity_EventScript_StevenMaxieArchieLeft,data/maps/SootopolisCity/scripts.inc,1655,SootopolisCity_Text_MaxieArchieLeft,STEVEN: It looks like both MAXIE and\nARCHIE have gone away somewhere.\pPerhaps they've gone to MT. PYRE to\nreturn those ORBS…$,"STEVEN: It looks like both MAXIE and
ARCHIE have gone away somewhere.
[PAGE]
Perhaps they've gone to MT. PYRE to
return those ORBS…",,untranslated,\n | \p | \n,,high,high,Resolved from a checklist event seed through direct or chained script references.,
dlg_b7e2f6325e376b0e,225,11,crisis,Ancient Pokémon Crisis,วิกฤตโปเกมอนโบราณ,36,crisis,Groudon and Kyogre crisis,,36,SootopolisCity,crisis,SootopolisCity,4,,SootopolisCity_EventScript_StevenHelpedWallace,data/maps/SootopolisCity/scripts.inc,1645,SootopolisCity_Text_NeverBeenToSkyPillar,STEVEN: The SKY PILLAR…\pI've never been there.\nI wonder where it could be?$,"STEVEN: The SKY PILLAR…
[PAGE]
I've never been there.
I wonder where it could be?",,untranslated,\p | \n,,high,high,Resolved from a checklist event seed through direct or chained script references.,
dlg_2eb7f1b6277a7dc5,226,11,crisis,Ancient Pokémon Crisis,วิกฤตโปเกมอนโบราณ,36,crisis,Groudon and Kyogre crisis,,36,SootopolisCity,crisis,SootopolisCity,5,,SootopolisCity_EventScript_StevenLeadPlayerCaveOfOrigin,data/maps/SootopolisCity/scripts.inc,1610,SootopolisCity_Text_InvolvedWithCrisisComeWithMe,"STEVEN: Those POKéMON fighting…\nGROUDON… And KYOGRE…\pThe two super-ancient POKéMON\nwere awakened from a long sleep…\pAnd now they are smashing each other\nwith their uncontrollable energy…\p…{PLAYER}{KUN}.\pYou being here now I'll take to mean\nthat you're prepared to become\linvolved in this crisis.\pWell, then, there's someone that\nI'd like you to meet.\pCome with me, please.$","STEVEN: Those POKéMON fighting…
GROUDON… And KYOGRE…
[PAGE]
The two super-ancient POKéMON
were awakened from a long sleep…
[PAGE]
And now they are smashing each other
with their uncontrollable energy…
[PAGE]
…{PLAYER}{KUN}.
[PAGE]
You being here now I'll take to mean
that you're prepared to become
involved in this crisis.
[PAGE]
Well, then, there's someone that
I'd like you to meet.
[PAGE]
Come with me, please.",,untranslated,\n | \p | \n | \p | \n | \p | {PLAYER} | {KUN} | \p | \n | \l | \p | \n | \p,{PLAYER},high,high,Resolved from a checklist event seed through direct or chained script references.,
dlg_585a3ab7c24ab2ed,227,11,crisis,Ancient Pokémon Crisis,วิกฤตโปเกมอนโบราณ,36,crisis,Groudon and Kyogre crisis,,36,SootopolisCity,crisis,SootopolisCity,6,,SootopolisCity_EventScript_StevenLeadPlayerCaveOfOrigin,data/maps/SootopolisCity/scripts.inc,1625,SootopolisCity_Text_DoesThisMakeYourFearPokemon,"STEVEN: Listen, {PLAYER}{KUN}.\pDoes seeing GROUDON and KYOGRE make\nyou think POKéMON are to be feared?\pBut that's not true.\nPOKéMON are really more…\p…Why am I asking you this?\nYou already know.$","STEVEN: Listen, {PLAYER}{KUN}.
[PAGE]
Does seeing GROUDON and KYOGRE make
you think POKéMON are to be feared?
[PAGE]
But that's not true.
POKéMON are really more…
[PAGE]
…Why am I asking you this?
You already know.",,untranslated,{PLAYER} | {KUN} | \p | \n | \p | \n | \p | \n,{PLAYER},high,high,Resolved from a checklist event seed through direct or chained script references.,
dlg_d0a9580f9bb5ec14,228,11,crisis,Ancient Pokémon Crisis,วิกฤตโปเกมอนโบราณ,36,crisis,Groudon and Kyogre crisis,,36,SootopolisCity,crisis,SootopolisCity,7,Wallace,SootopolisCity_EventScript_StevenLeadPlayerCaveOfOrigin,data/maps/SootopolisCity/scripts.inc,1634,SootopolisCity_Text_HereWereAreHelpWallace,"STEVEN: Okay, here we are!\pInside here you'll find someone named\nWALLACE.\pI think you have what's needed to\nhelp him…$","STEVEN: Okay, here we are!
[PAGE]
Inside here you'll find someone named
WALLACE.
[PAGE]
I think you have what's needed to
help him…",,untranslated,\p | \n | \p | \n,,high,high,Resolved from a checklist event seed through direct or chained script references.,
dlg_62cd9667f8720313,229,11,crisis,Ancient Pokémon Crisis,วิกฤตโปเกมอนโบราณ,38,sky_pillar,Sky Pillar,,38,SkyPillar_Outside,sky_pillar,SkyPillar Outside,1,,SkyPillar_Outside_EventScript_WallaceScene,data/maps/SkyPillar_Outside/scripts.inc,141,SkyPillar_Outside_Text_OpenedDoorToSkyPillar,"WALLACE: Oh, my, I'm terribly sorry!\pIn my haste, I didn't notice that\nI'd left you behind!\pI've opened the locked door of\nthe SKY PILLAR.\p{PLAYER}{KUN}, let's be on our way!$","WALLACE: Oh, my, I'm terribly sorry!
[PAGE]
In my haste, I didn't notice that
I'd left you behind!
[PAGE]
I've opened the locked door of
the SKY PILLAR.
[PAGE]
{PLAYER}{KUN}, let's be on our way!",,untranslated,\p | \n | \p | \n | \p | {PLAYER} | {KUN},{PLAYER},high,high,Resolved from a checklist event seed through direct or chained script references.,
dlg_5ed157f43a6632fb,230,11,crisis,Ancient Pokémon Crisis,วิกฤตโปเกมอนโบราณ,38,sky_pillar,Sky Pillar,,38,SkyPillar_Outside,sky_pillar,SkyPillar Outside,2,,SkyPillar_Outside_EventScript_WallaceScene,data/maps/SkyPillar_Outside/scripts.inc,149,SkyPillar_Outside_Text_EarthquakeNotMomentToWaste,WALLACE: It's an earthquake!\pThere's not a moment to waste!\nWe've got to hurry!$,"WALLACE: It's an earthquake!
[PAGE]
There's not a moment to waste!
We've got to hurry!",,untranslated,\p | \n,,high,high,Resolved from a checklist event seed through direct or chained script references.,
dlg_847ea0c983f7e391,231,11,crisis,Ancient Pokémon Crisis,วิกฤตโปเกมอนโบราณ,38,sky_pillar,Sky Pillar,,38,SkyPillar_Outside,sky_pillar,SkyPillar Outside,3,,SkyPillar_Outside_EventScript_WallaceScene,data/maps/SkyPillar_Outside/scripts.inc,154,SkyPillar_Outside_Text_SituationGettingWorse,WALLACE: Hmm…\nThe situation is getting worse…$,"WALLACE: Hmm…
The situation is getting worse…",,untranslated,\n,,high,high,Resolved from a checklist event seed through direct or chained script references.,
dlg_7ff2392c13cba811,232,11,crisis,Ancient Pokémon Crisis,วิกฤตโปเกมอนโบราณ,38,sky_pillar,Sky Pillar,,38,SkyPillar_Outside,sky_pillar,SkyPillar Outside,4,,SkyPillar_Outside_EventScript_WallaceScene,data/maps/SkyPillar_Outside/scripts.inc,158,SkyPillar_Outside_Text_GotToGoBackForSootopolis,WALLACE: This isn't good…\pThe weather distortion is spreading\neven here…\p{PLAYER}{KUN}.\pRAYQUAZA should be farther up\nfrom here.\pI'm worried about SOOTOPOLIS.\nI've got to go back.\pEverything is in your hands now.\nDon't fail us!$,"WALLACE: This isn't good…
[PAGE]
The weather distortion is spreading
even here…
[PAGE]
{PLAYER}{KUN}.
[PAGE]
RAYQUAZA should be farther up
from here.
[PAGE]
I'm worried about SOOTOPOLIS.
I've got to go back.
[PAGE]
Everything is in your hands now.
Don't fail us!",,untranslated,\p | \n | \p | {PLAYER} | {KUN} | \p | \n | \p | \n | \p | \n,{PLAYER},high,high,Resolved from a checklist event seed through direct or chained script references.,
dlg_6b211e62d63b8b92,233,11,crisis,Ancient Pokémon Crisis,วิกฤตโปเกมอนโบราณ,38,sky_pillar,Sky Pillar,,38,SkyPillar_Outside,sky_pillar,SkyPillar Outside,5,,SkyPillar_Top_EventScript_AwakenRayquaza,data/maps/SkyPillar_Top/scripts.inc,179,SkyPillar_Top_Text_RayquazaFlewOff,The awakened RAYQUAZA flew off…$,The awakened RAYQUAZA flew off…,,untranslated,,,high,high,Resolved from a checklist event seed through direct or chained script references.,
dlg_c535707ea4269a80,234,11,crisis,Ancient Pokémon Crisis,วิกฤตโปเกมอนโบราณ,39,rayquaza,Rayquaza resolution,,39,SootopolisCity,resolution,SootopolisCity,1,,SootopolisCity_EventScript_MaxieRayquaza,data/maps/SootopolisCity/scripts.inc,1580,SootopolisCity_Text_AfterAllOurScheming,"MAXIE: So the super-ancient POKéMON\nweren't only GROUDON and KYOGRE…\pAfter all our fruitless scheming and\nfrantic efforts, that one POKéMON's\lsimple action puts everything right\lagain as if nothing had happened…\pFu…\nFuhahaha…$","MAXIE: So the super-ancient POKéMON
weren't only GROUDON and KYOGRE…
[PAGE]
After all our fruitless scheming and
frantic efforts, that one POKéMON's
simple action puts everything right
again as if nothing had happened…
[PAGE]
Fu…
Fuhahaha…",,untranslated,\n | \p | \n | \l | \l | \p | \n,,high,high,Resolved from a checklist event seed through direct or chained script references.,
dlg_6e265d07775a618e,235,11,crisis,Ancient Pokémon Crisis,วิกฤตโปเกมอนโบราณ,39,rayquaza,Rayquaza resolution,,39,SootopolisCity,resolution,SootopolisCity,2,,SootopolisCity_EventScript_ArchieRayquaza,data/maps/SootopolisCity/scripts.inc,1599,SootopolisCity_Text_TryingMeaninglessToPokemon,"ARCHIE: KYOGRE and GROUDON both\nflew off to who knows where.\pThe weather in HOENN has returned\nto its normal state…\pHaha…\nHahaha…\pMaybe what we were trying to do was\nsomething small, even meaningless,\lto POKéMON…$","ARCHIE: KYOGRE and GROUDON both
flew off to who knows where.
[PAGE]
The weather in HOENN has returned
to its normal state…
[PAGE]
Haha…
Hahaha…
[PAGE]
Maybe what we were trying to do was
something small, even meaningless,
to POKéMON…",,untranslated,\n | \p | \n | \p | \n | \p | \n | \l,,high,high,Resolved from a checklist event seed through direct or chained script references.,
dlg_2d66888f162fdf06,236,12,league,Final Badge and League,เข็มกลัดสุดท้ายและลีก,40,final_gym,Final Gym,,40,SootopolisCity_Gym_1F,final_gym,SootopolisCity Gym 1F,1,Juan,SootopolisCity_Gym_1F_EventScript_Juan,data/maps/SootopolisCity_Gym_1F/scripts.inc,259,SootopolisCity_Gym_1F_Text_JuanPostBattle,"The TRAINERS who have gathered all\nthe GYM BADGES of HOENN should make\lway to the ultimate destination.\pThe POKéMON LEAGUE.\pTravel to the easternmost reaches\nof HOENN, to the island EVER GRANDE.\pThere, you shall find the POKéMON\nLEAGUE.$","The TRAINERS who have gathered all
the GYM BADGES of HOENN should make
way to the ultimate destination.
[PAGE]
The POKéMON LEAGUE.
[PAGE]
Travel to the easternmost reaches
of HOENN, to the island EVER GRANDE.
[PAGE]
There, you shall find the POKéMON
LEAGUE.",,untranslated,\n | \l | \p | \p | \n | \p | \n,,high,high,Resolved from a checklist event seed through direct or chained script references.,
dlg_e4617a5d97c17e89,237,12,league,Final Badge and League,เข็มกลัดสุดท้ายและลีก,40,final_gym,Final Gym,,40,SootopolisCity_Gym_1F,final_gym,SootopolisCity Gym 1F,2,,SootopolisCity_Gym_1F_EventScript_JuanDefeated,data/maps/SootopolisCity_Gym_1F/scripts.inc,234,SootopolisCity_Gym_1F_Text_ReceivedRainBadge,{PLAYER} received the RAIN BADGE\nfrom JUAN.$,"{PLAYER} received the RAIN BADGE
from JUAN.",,untranslated,{PLAYER} | \n,{PLAYER},high,high,Resolved from a checklist event seed through direct or chained script references.,
dlg_04c38272168a6c08,238,12,league,Final Badge and League,เข็มกลัดสุดท้ายและลีก,40,final_gym,Final Gym,,40,SootopolisCity_Gym_1F,final_gym,SootopolisCity Gym 1F,3,,SootopolisCity_Gym_1F_EventScript_JuanDefeated,data/maps/SootopolisCity_Gym_1F/scripts.inc,238,SootopolisCity_Gym_1F_Text_ExplainRainBadgeTakeThis,"Having the RAIN BADGE shall assure you\nthe full obedience of all your POKéMON\lto your every command.\pThe RAIN BADGE also allows the use\nof the HM move WATERFALL to scale\lwalls of cascading water.\pAnd, so that you never forget the\nbattle we shared, take this…$","Having the RAIN BADGE shall assure you
the full obedience of all your POKéMON
to your every command.
[PAGE]
The RAIN BADGE also allows the use
of the HM move WATERFALL to scale
walls of cascading water.
[PAGE]
And, so that you never forget the
battle we shared, take this…",,untranslated,\n | \l | \p | \n | \l | \p | \n,,high,high,Resolved from a checklist event seed through direct or chained script references.,
dlg_b78ca7c65ffc780f,239,12,league,Final Badge and League,เข็มกลัดสุดท้ายและลีก,40,final_gym,Final Gym,,40,SootopolisCity_Gym_1F,final_gym,SootopolisCity Gym 1F,4,,SootopolisCity_Gym_1F_EventScript_GiveWaterPulse,data/maps/SootopolisCity_Gym_1F/scripts.inc,248,SootopolisCity_Gym_1F_Text_ExplainWaterPulse,"The TECHNICAL MACHINE I handed you\ncontains WATER PULSE.\pIn use, it will occasionally confuse\nthe target with ultrasonic waves.\p… … … … … …$","The TECHNICAL MACHINE I handed you
contains WATER PULSE.
[PAGE]
In use, it will occasionally confuse
the target with ultrasonic waves.
[PAGE]
… … … … … …",,untranslated,\n | \p | \n | \p,,high,high,Resolved from a checklist event seed through direct or chained script references.,
dlg_dd46d9c50f26106a,240,12,league,Final Badge and League,เข็มกลัดสุดท้ายและลีก,40,final_gym,Final Gym,,40,SootopolisCity_Gym_1F,final_gym,SootopolisCity Gym 1F,5,,SootopolisCity_Gym_1F_EventScript_GoGetFortreeBadge,data/maps/SootopolisCity_Gym_1F/scripts.inc,269,SootopolisCity_Gym_1F_Text_GoGetFortreeBadge,"There remains but one BADGE to\nobtain in HOENN.\pIf you wish to challenge the POKéMON\nLEAGUE, you must obtain the last\lBADGE from the GYM in FORTREE.$","There remains but one BADGE to
obtain in HOENN.
[PAGE]
If you wish to challenge the POKéMON
LEAGUE, you must obtain the last
BADGE from the GYM in FORTREE.",,untranslated,\n | \p | \n | \l,,high,high,Resolved from a checklist event seed through direct or chained script references.,
dlg_ae26a5585d0e39c3,241,12,league,Final Badge and League,เข็มกลัดสุดท้ายและลีก,41,victory_road,Victory Road,,41,VictoryRoad_1F,victory_road,VictoryRoad 1F,1,Wally,VictoryRoad_1F_EventScript_WallyEntranceBattle,data/maps/VictoryRoad_1F/scripts.inc,120,VictoryRoad_1F_Text_WallyNotGoingToLoseAnymore,"WALLY: Hi! {PLAYER}!\pI bet you're surprised to see me here!\pI made it all the way here, and it's\nall thanks to you!\p{PLAYER}, losing to you that time\nmade me stronger!\pBut I'm not going to lose anymore!\pI'm going to win! For the POKéMON who\ngave me courage and strength!\pOkay… Here I come!$","WALLY: Hi! {PLAYER}!
[PAGE]
I bet you're surprised to see me here!
[PAGE]
I made it all the way here, and it's
all thanks to you!
[PAGE]
{PLAYER}, losing to you that time
made me stronger!
[PAGE]
But I'm not going to lose anymore!
[PAGE]
I'm going to win! For the POKéMON who
gave me courage and strength!
[PAGE]
Okay… Here I come!",,untranslated,{PLAYER} | \p | \p | \n | \p | {PLAYER} | \n | \p | \p | \n | \p,{PLAYER} | {PLAYER},high,high,Resolved from a checklist event seed through direct or chained script references.,
dlg_2c3eb5a86574bda7,242,12,league,Final Badge and League,เข็มกลัดสุดท้ายและลีก,41,victory_road,Victory Road,,41,VictoryRoad_1F,victory_road,VictoryRoad 1F,2,Wally,VictoryRoad_1F_EventScript_WallyEntranceBattle,data/maps/VictoryRoad_1F/scripts.inc,136,VictoryRoad_1F_Text_WallyPostEntranceBattle,"WALLY: I couldn't beat you today,\n{PLAYER}, but one of these days, I'll\lcatch up to you!$","WALLY: I couldn't beat you today,
{PLAYER}, but one of these days, I'll
catch up to you!",,untranslated,\n | {PLAYER} | \l,{PLAYER},high,high,Resolved from a checklist event seed through direct or chained script references.,
dlg_166dd7131ed8aba5,243,12,league,Final Badge and League,เข็มกลัดสุดท้ายและลีก,42,elite_four,Elite Four,,42,EverGrandeCity_DrakesRoom,elite_four,EverGrandeCity DrakesRoom,1,,EverGrandeCity_DrakesRoom_EventScript_Drake,data/maps/EverGrandeCity_DrakesRoom/scripts.inc,63,EverGrandeCity_DrakesRoom_Text_IntroSpeech,"I am the last of the POKéMON LEAGUE\nELITE FOUR, DRAKE the DRAGON master!\pIn their natural state, POKéMON are\nwild living things. They are free.\pAt times, they hinder us.\nAt times, they help us.\pFor us to battle with POKéMON as\npartners, do you know what it takes?\pDo you know what is needed?\pIf you don't, then you will never\nprevail over me!$","I am the last of the POKéMON LEAGUE
ELITE FOUR, DRAKE the DRAGON master!
[PAGE]
In their natural state, POKéMON are
wild living things. They are free.
[PAGE]
At times, they hinder us.
At times, they help us.
[PAGE]
For us to battle with POKéMON as
partners, do you know what it takes?
[PAGE]
Do you know what is needed?
[PAGE]
If you don't, then you will never
prevail over me!",,untranslated,\n | \p | \n | \p | \n | \p | \n | \p | \p | \n,,high,high,Resolved from a checklist event seed through direct or chained script references.,
dlg_27801ee152f487cf,244,12,league,Final Badge and League,เข็มกลัดสุดท้ายและลีก,42,elite_four,Elite Four,,42,EverGrandeCity_DrakesRoom,elite_four,EverGrandeCity DrakesRoom,2,,EverGrandeCity_GlaciasRoom_EventScript_Glacia,data/maps/EverGrandeCity_GlaciasRoom/scripts.inc,60,EverGrandeCity_GlaciasRoom_Text_IntroSpeech,"Welcome, my name is GLACIA\nof the ELITE FOUR.\pI've traveled from afar to HOENN\nso that I may hone my ice skills.\pBut all I have seen are challenges by\nweak TRAINERS and their POKéMON.\pWhat about you?\pIt would please me to no end if I could\ngo all out against you!$","Welcome, my name is GLACIA
of the ELITE FOUR.
[PAGE]
I've traveled from afar to HOENN
so that I may hone my ice skills.
[PAGE]
But all I have seen are challenges by
weak TRAINERS and their POKéMON.
[PAGE]
What about you?
[PAGE]
It would please me to no end if I could
go all out against you!",,untranslated,\n | \p | \n | \p | \n | \p | \p | \n,,high,high,Resolved from a checklist event seed through direct or chained script references.,
dlg_3e4d602d030fbda7,245,12,league,Final Badge and League,เข็มกลัดสุดท้ายและลีก,42,elite_four,Elite Four,,42,EverGrandeCity_DrakesRoom,elite_four,EverGrandeCity DrakesRoom,3,,EverGrandeCity_PhoebesRoom_EventScript_Phoebe,data/maps/EverGrandeCity_PhoebesRoom/scripts.inc,60,EverGrandeCity_PhoebesRoom_Text_IntroSpeech,"Ahahaha!\pI'm PHOEBE of the ELITE FOUR.\nI did my training on MT. PYRE.\pWhile I trained, I gained the ability\nto commune with GHOST-type POKéMON.\pYes, the bond I developed with POKéMON\nis extremely tight.\pSo, come on, just try and see if you can\neven inflict damage on my POKéMON!$","Ahahaha!
[PAGE]
I'm PHOEBE of the ELITE FOUR.
I did my training on MT. PYRE.
[PAGE]
While I trained, I gained the ability
to commune with GHOST-type POKéMON.
[PAGE]
Yes, the bond I developed with POKéMON
is extremely tight.
[PAGE]
So, come on, just try and see if you can
even inflict damage on my POKéMON!",,untranslated,\p | \n | \p | \n | \p | \n | \p | \n,,high,high,Resolved from a checklist event seed through direct or chained script references.,
dlg_eb6ec0975494eabc,246,12,league,Final Badge and League,เข็มกลัดสุดท้ายและลีก,42,elite_four,Elite Four,,42,EverGrandeCity_DrakesRoom,elite_four,EverGrandeCity DrakesRoom,4,,EverGrandeCity_SidneysRoom_EventScript_Sidney,data/maps/EverGrandeCity_SidneysRoom/scripts.inc,66,EverGrandeCity_SidneysRoom_Text_IntroSpeech,"Welcome, challenger!\nI'm SIDNEY of the ELITE FOUR.\pI like that look you're giving me.\nI guess you'll give me a good match.\lThat's good! Looking real good!\pAll right! You and me, let's enjoy\na battle that can only be staged\lhere in the POKéMON LEAGUE!$","Welcome, challenger!
I'm SIDNEY of the ELITE FOUR.
[PAGE]
I like that look you're giving me.
I guess you'll give me a good match.
That's good! Looking real good!
[PAGE]
All right! You and me, let's enjoy
a battle that can only be staged
here in the POKéMON LEAGUE!",,untranslated,\n | \p | \n | \l | \p | \n | \l,,high,high,Resolved from a checklist event seed through direct or chained script references.,
dlg_2ebe47d3ac14fd8e,247,12,league,Final Badge and League,เข็มกลัดสุดท้ายและลีก,43,champion,Champion,,43,EverGrandeCity_ChampionsRoom,champion,EverGrandeCity ChampionsRoom,1,,EverGrandeCity_ChampionsRoom_EventScript_Wallace,data/maps/EverGrandeCity_ChampionsRoom/scripts.inc,221,EverGrandeCity_ChampionsRoom_Text_IntroSpeech,"WALLACE: Welcome, {PLAYER}{KUN}.\pThat incident in SOOTOPOLIS CITY…\nThat was superb work, putting an end\lto that crisis all by yourself.\pOops!\pIt wouldn't be fair to say that you\nalone ended the crisis.\pYou overcame that difficult situation\nby working as one with your POKéMON.\pWe TRAINERS raise POKéMON by giving\nthem items and by teaching them new\ltechniques for battle.\pBut we ourselves also learn many\nthings from POKéMON.\pAnd this is where your achievements\nare put to the test against what\lothers like you have achieved.\pNow!\pWho can most elegantly dance with\ntheir POKéMON in HOENN?\pShow me right here and now!$","WALLACE: Welcome, {PLAYER}{KUN}.
[PAGE]
That incident in SOOTOPOLIS CITY…
That was superb work, putting an end
to that crisis all by yourself.
[PAGE]
Oops!
[PAGE]
It wouldn't be fair to say that you
alone ended the crisis.
[PAGE]
You overcame that difficult situation
by working as one with your POKéMON.
[PAGE]
We TRAINERS raise POKéMON by giving
them items and by teaching them new
techniques for battle.
[PAGE]
But we ourselves also learn many
things from POKéMON.
[PAGE]
And this is where your achievements
are put to the test against what
others like you have achieved.
[PAGE]
Now!
[PAGE]
Who can most elegantly dance with
their POKéMON in HOENN?
[PAGE]
Show me right here and now!",,untranslated,{PLAYER} | {KUN} | \p | \n | \l | \p | \p | \n | \p | \n | \p | \n | \l | \p | \n | \p | \n | \l | \p | \p | \n | \p,{PLAYER},high,high,Resolved from a checklist event seed through direct or chained script references.,
dlg_025c0ed4eb72f302,248,12,league,Final Badge and League,เข็มกลัดสุดท้ายและลีก,43,champion,Champion,,43,EverGrandeCity_ChampionsRoom,champion,EverGrandeCity ChampionsRoom,2,May,EverGrandeCity_ChampionsRoom_EventScript_MayAdvice,data/maps/EverGrandeCity_ChampionsRoom/scripts.inc,268,EverGrandeCity_ChampionsRoom_Text_MayAdvice,MAY: {PLAYER}{KUN}!\pHere's some advice before you challenge\nthe CHAMPION…$,"MAY: {PLAYER}{KUN}!
[PAGE]
Here's some advice before you challenge
the CHAMPION…",,untranslated,{PLAYER} | {KUN} | \p | \n,{PLAYER},high,high,Resolved from a checklist event seed through direct or chained script references.,
dlg_7998d023049f109f,249,12,league,Final Badge and League,เข็มกลัดสุดท้ายและลีก,43,champion,Champion,,43,EverGrandeCity_ChampionsRoom,champion,EverGrandeCity ChampionsRoom,3,May,EverGrandeCity_ChampionsRoom_EventScript_MayAdvice,data/maps/EverGrandeCity_ChampionsRoom/scripts.inc,273,EverGrandeCity_ChampionsRoom_Text_MayItsAlreadyOver,"MAY: Huh?\nWhat, what, what?\p{PLAYER}{KUN}…\nCould it be that…\lIt's already over?$","MAY: Huh?
What, what, what?
[PAGE]
{PLAYER}{KUN}…
Could it be that…
It's already over?",,untranslated,\n | \p | {PLAYER} | {KUN} | \n | \l,{PLAYER},high,high,Resolved from a checklist event seed through direct or chained script references.,
dlg_002edf666920d96c,250,12,league,Final Badge and League,เข็มกลัดสุดท้ายและลีก,43,champion,Champion,,43,EverGrandeCity_ChampionsRoom,champion,EverGrandeCity ChampionsRoom,4,Brendan,EverGrandeCity_ChampionsRoom_EventScript_BrendanAdvice,data/maps/EverGrandeCity_ChampionsRoom/scripts.inc,280,EverGrandeCity_ChampionsRoom_Text_BrendanAdvice,BRENDAN: {PLAYER}!\pHow would you like some advice before\nyou challenge the CHAMPION?…$,"BRENDAN: {PLAYER}!
[PAGE]
How would you like some advice before
you challenge the CHAMPION?…",,untranslated,{PLAYER} | \p | \n,{PLAYER},high,high,Resolved from a checklist event seed through direct or chained script references.,
dlg_2354d73bb4e62974,251,12,league,Final Badge and League,เข็มกลัดสุดท้ายและลีก,43,champion,Champion,,43,EverGrandeCity_ChampionsRoom,champion,EverGrandeCity ChampionsRoom,5,Brendan,EverGrandeCity_ChampionsRoom_EventScript_BrendanAdvice,data/maps/EverGrandeCity_ChampionsRoom/scripts.inc,285,EverGrandeCity_ChampionsRoom_Text_BrendanYouveWon,BRENDAN: {PLAYER}…\pAre you trying to tell me…\nYou've beaten the CHAMPION?$,"BRENDAN: {PLAYER}…
[PAGE]
Are you trying to tell me…
You've beaten the CHAMPION?",,untranslated,{PLAYER} | \p | \n,{PLAYER},high,high,Resolved from a checklist event seed through direct or chained script references.,
dlg_81ca23e1fc2c226a,252,12,league,Final Badge and League,เข็มกลัดสุดท้ายและลีก,43,champion,Champion,,43,EverGrandeCity_ChampionsRoom,champion,EverGrandeCity ChampionsRoom,6,Professor Birch,EverGrandeCity_ChampionsRoom_EventScript_BirchArrivesExitForHoF,data/maps/EverGrandeCity_ChampionsRoom/scripts.inc,290,EverGrandeCity_ChampionsRoom_Text_BirchArriveRatePokedex,"PROF. BIRCH: See?\nWhat did I tell you, {RIVAL}?\pDidn't I tell you that you don't need\nto worry about {PLAYER}{KUN}?\p… … … … … … … …\n{PLAYER}{KUN}, you've finally done it.\pWhen I heard that you defeated your\nown father at the PETALBURG GYM,\lI thought perhaps you had a chance…\pBut to think you've actually become\nthe CHAMPION!\pAh, yes!\pWhat became of your POKéDEX?\nHere, let me see.$","PROF. BIRCH: See?
What did I tell you, {RIVAL}?
[PAGE]
Didn't I tell you that you don't need
to worry about {PLAYER}{KUN}?
[PAGE]
… … … … … … … …
{PLAYER}{KUN}, you've finally done it.
[PAGE]
When I heard that you defeated your
own father at the PETALBURG GYM,
I thought perhaps you had a chance…
[PAGE]
But to think you've actually become
the CHAMPION!
[PAGE]
Ah, yes!
[PAGE]
What became of your POKéDEX?
Here, let me see.",,untranslated,\n | {RIVAL} | \p | \n | {PLAYER} | {KUN} | \p | \n | {PLAYER} | {KUN} | \p | \n | \l | \p | \n | \p | \p | \n,{RIVAL} | {PLAYER} | {PLAYER},high,high,Resolved from a checklist event seed through direct or chained script references.,
dlg_dd762debedb89c77,253,12,league,Final Badge and League,เข็มกลัดสุดท้ายและลีก,43,champion,Champion,,43,EverGrandeCity_ChampionsRoom,champion,EverGrandeCity ChampionsRoom,7,Professor Birch,EverGrandeCity_ChampionsRoom_EventScript_BirchArrivesExitForHoF,data/maps/EverGrandeCity_ChampionsRoom/scripts.inc,306,EverGrandeCity_ChampionsRoom_Text_BirchCongratulations,"PROF. BIRCH: Anyways,\ncongratulations!\pNow, go proudly into the final room!$","PROF. BIRCH: Anyways,
congratulations!
[PAGE]
Now, go proudly into the final room!",,untranslated,\n | \p,,high,high,Resolved from a checklist event seed through direct or chained script references.,
dlg_e48bce6d96070af2,254,12,league,Final Badge and League,เข็มกลัดสุดท้ายและลีก,43,champion,Champion,,43,EverGrandeCity_ChampionsRoom,champion,EverGrandeCity ChampionsRoom,8,Wallace,EverGrandeCity_ChampionsRoom_EventScript_BirchArrivesExitForHoF,data/maps/EverGrandeCity_ChampionsRoom/scripts.inc,311,EverGrandeCity_ChampionsRoom_Text_WallaceComeWithMe,"WALLACE: {PLAYER}{KUN}…\pNo, let me rephrase that properly.\pThe new CHAMPION!\pCome with me.$","WALLACE: {PLAYER}{KUN}…
[PAGE]
No, let me rephrase that properly.
[PAGE]
The new CHAMPION!
[PAGE]
Come with me.",,untranslated,{PLAYER} | {KUN} | \p | \p | \p,{PLAYER},high,high,Resolved from a checklist event seed through direct or chained script references.,
dlg_44055334f4fe10fa,255,12,league,Final Badge and League,เข็มกลัดสุดท้ายและลีก,43,champion,Champion,,43,EverGrandeCity_ChampionsRoom,champion,EverGrandeCity ChampionsRoom,9,Wallace,EverGrandeCity_ChampionsRoom_EventScript_BirchArrivesExitForHoF,data/maps/EverGrandeCity_ChampionsRoom/scripts.inc,317,EverGrandeCity_ChampionsRoom_Text_WallaceWaitOutside,"WALLACE: I'm sorry, but…\pFrom here on, only those TRAINERS who\nhave become CHAMPIONS may enter.\pYou'll have to wait outside with\nPROF. BIRCH.$","WALLACE: I'm sorry, but…
[PAGE]
From here on, only those TRAINERS who
have become CHAMPIONS may enter.
[PAGE]
You'll have to wait outside with
PROF. BIRCH.",,untranslated,\p | \n | \p | \n,,high,high,Resolved from a checklist event seed through direct or chained script references.,
dlg_ba212f09bd9a9718,256,12,league,Final Badge and League,เข็มกลัดสุดท้ายและลีก,43,champion,Champion,,43,EverGrandeCity_ChampionsRoom,champion,EverGrandeCity ChampionsRoom,10,May,EverGrandeCity_ChampionsRoom_EventScript_MayCongratulations,data/maps/EverGrandeCity_ChampionsRoom/scripts.inc,324,EverGrandeCity_ChampionsRoom_Text_MayCongratulations,"MAY: Groan…\p… … … … … … … …\n… … … … … … … …\pI'm just joking! That's okay!\nThat's the rule!\p{PLAYER}{KUN}!\nHonestly, congratulations!$","MAY: Groan…
[PAGE]
… … … … … … … …
… … … … … … … …
[PAGE]
I'm just joking! That's okay!
That's the rule!
[PAGE]
{PLAYER}{KUN}!
Honestly, congratulations!",,untranslated,\p | \n | \p | \n | \p | {PLAYER} | {KUN} | \n,{PLAYER},high,high,Resolved from a checklist event seed through direct or chained script references.,
dlg_d3aa53241d06684c,257,12,league,Final Badge and League,เข็มกลัดสุดท้ายและลีก,43,champion,Champion,,43,EverGrandeCity_ChampionsRoom,champion,EverGrandeCity ChampionsRoom,11,Brendan,EverGrandeCity_ChampionsRoom_EventScript_BrendanCongratulations,data/maps/EverGrandeCity_ChampionsRoom/scripts.inc,333,EverGrandeCity_ChampionsRoom_Text_BrendanCongratulations,"BRENDAN: Whaaaat?! … … … … …\n… … … … … … … …\pIt can't be helped if that's the rule.\p{PLAYER}, way to go!\nCongratulations!$","BRENDAN: Whaaaat?! … … … … …
… … … … … … … …
[PAGE]
It can't be helped if that's the rule.
[PAGE]
{PLAYER}, way to go!
Congratulations!",,untranslated,\n | \p | \p | {PLAYER} | \n,{PLAYER},high,high,Resolved from a checklist event seed through direct or chained script references.,
dlg_7696ddbcad4cdaca,258,12,league,Final Badge and League,เข็มกลัดสุดท้ายและลีก,43,champion,Champion,,43,EverGrandeCity_ChampionsRoom,champion,EverGrandeCity ChampionsRoom,12,Professor Birch,ProfBirch_EventScript_RatePokedex,data/text/pokedex_rating.inc,9,gBirchDexRatingText_SoYouveSeenAndCaught,"Hmhm…\pSo, you've seen {STR_VAR_1} POKéMON,\nand you've caught {STR_VAR_2} POKéMON…$","Hmhm…
[PAGE]
So, you've seen {STR_VAR_1} POKéMON,
and you've caught {STR_VAR_2} POKéMON…",,untranslated,\p | {STR_VAR_1} | \n | {STR_VAR_2},{STR_VAR_1} | {STR_VAR_2},high,high,Resolved from a checklist event seed through direct or chained script references.,
dlg_dc0ce7c8455a31db,259,12,league,Final Badge and League,เข็มกลัดสุดท้ายและลีก,43,champion,Champion,,43,EverGrandeCity_ChampionsRoom,champion,EverGrandeCity ChampionsRoom,13,Professor Birch,ProfBirch_EventScript_RatePokedex,data/text/pokedex_rating.inc,110,gBirchDexRatingText_OnANationwideBasis,"Hmhm…\nOn a nationwide basis…\pYou've seen {STR_VAR_1} POKéMON,\nand you've caught {STR_VAR_2} POKéMON…$","Hmhm…
On a nationwide basis…
[PAGE]
You've seen {STR_VAR_1} POKéMON,
and you've caught {STR_VAR_2} POKéMON…",,untranslated,\n | \p | {STR_VAR_1} | \n | {STR_VAR_2},{STR_VAR_1} | {STR_VAR_2},high,high,Resolved from a checklist event seed through direct or chained script references.,
dlg_620c88648d5b14e6,260,12,league,Final Badge and League,เข็มกลัดสุดท้ายและลีก,44,hall_of_fame,Hall of Fame,,44,EverGrandeCity_HallOfFame,hall_of_fame,EverGrandeCity HallOfFame,1,,EverGrandeCity_HallOfFame_EventScript_EnterHallOfFame,data/maps/EverGrandeCity_HallOfFame/scripts.inc,81,EverGrandeCity_HallOfFame_Text_HereWeHonorLeagueChampions,WALLACE: This room…\pThis is where we keep records of\nPOKéMON that prevailed through\lharsh battles.\pIt is here that the LEAGUE CHAMPIONS\nare honored.$,"WALLACE: This room…
[PAGE]
This is where we keep records of
POKéMON that prevailed through
harsh battles.
[PAGE]
It is here that the LEAGUE CHAMPIONS
are honored.",,untranslated,\p | \n | \l | \p | \n,,high,high,Resolved from a checklist event seed through direct or chained script references.,
dlg_f8d2a6465c7b7c81,261,12,league,Final Badge and League,เข็มกลัดสุดท้ายและลีก,44,hall_of_fame,Hall of Fame,,44,EverGrandeCity_HallOfFame,hall_of_fame,EverGrandeCity HallOfFame,2,,EverGrandeCity_HallOfFame_EventScript_EnterHallOfFame,data/maps/EverGrandeCity_HallOfFame/scripts.inc,89,EverGrandeCity_HallOfFame_Text_LetsRecordYouAndYourPartnersNames,"WALLACE: Come on, let's record your\nname as a TRAINER who triumphed over\lthe POKéMON LEAGUE, and the names of\lthe partners who battled with you.$","WALLACE: Come on, let's record your
name as a TRAINER who triumphed over
the POKéMON LEAGUE, and the names of
the partners who battled with you.",,untranslated,\n | \l | \l,,high,high,Resolved from a checklist event seed through direct or chained script references.,
