dialogue_id,source_label,source_file,candidate_category,final_category,mandatory,reason,script_references,flags,vars,branch_type,confidence,notes
dlg_45078e0714311319,AquaHideout_1F_Text_OurBossIsSnatchingSomething,data/maps/AquaHideout_1F/scripts.inc,optional_npc,optional_npc,no,Voluntary Aqua Hideout status NPC dialogue.,,,,excluded,high,
dlg_0c5afc938fc14ee3,AquaHideout_1F_Text_WhereMightMagmaHideoutBe,data/maps/AquaHideout_1F/scripts.inc,optional_npc,optional_npc,no,Voluntary Aqua Hideout status NPC dialogue.,,,,excluded,high,
dlg_98fb7c5acb6b5fb5,AquaHideout_1F_Text_BossWentToJackASubmarine,data/maps/AquaHideout_1F/scripts.inc,optional_npc,optional_npc,no,Voluntary Aqua Hideout status NPC dialogue.,,,,excluded,high,
dlg_4b9663e2a9e15008,AquaHideout_1F_Text_BossIsOnRoute122,data/maps/AquaHideout_1F/scripts.inc,optional_npc,optional_npc,no,Voluntary Aqua Hideout status NPC dialogue.,,,,excluded,high,
dlg_cf65dad55510cbb0,AquaHideout_1F_Text_TeamMagmaAtMtChimney,data/maps/AquaHideout_1F/scripts.inc,main_story,optional_npc,no,Voluntary Aqua Hideout status NPC dialogue.,,,,excluded,high,
dlg_97680cf25af4d7d3,AquaHideout_1F_Text_BossIsInSlateportCity,data/maps/AquaHideout_1F/scripts.inc,optional_npc,optional_npc,no,Voluntary Aqua Hideout status NPC dialogue.,,,,excluded,high,
dlg_071fd9fd0855f071,AquaHideout_1F_Text_Grunt1PostBattle,data/maps/AquaHideout_1F/scripts.inc,battle,trainer,no,Optional trainer post-battle dialogue.,,,,excluded,high,
dlg_ebc2e18b473a5976,AquaHideout_B1F_Text_Grunt2PostBattle,data/maps/AquaHideout_B1F/scripts.inc,battle,trainer,no,Optional trainer post-battle dialogue.,,,,excluded,high,
dlg_d86ee7fb78d04186,AquaHideout_B1F_Text_Grunt3PostBattle,data/maps/AquaHideout_B1F/scripts.inc,battle,trainer,no,Optional trainer post-battle dialogue.,,,,excluded,high,
dlg_af290f764e8fd63a,AquaHideout_B1F_Text_Grunt5PostBattle,data/maps/AquaHideout_B1F/scripts.inc,battle,trainer,no,Optional trainer post-battle dialogue.,,,,excluded,high,
dlg_75b1199d8b87b167,AquaHideout_B1F_Text_Grunt7PostBattle,data/maps/AquaHideout_B1F/scripts.inc,battle,trainer,no,Optional trainer post-battle dialogue.,,,,excluded,high,
dlg_4df79a104565cdd7,AquaHideout_B2F_Text_OurBossGotThroughHisPreparations,data/maps/AquaHideout_B2F/scripts.inc,optional_npc,main_story,yes,Resolved source reference,AquaHideout_B2F_EventScript_SubmarineEscape,,,mandatory,high,
dlg_b13c4d9e2a1feba7,AquaHideout_B2F_Text_MattPostBattle,data/maps/AquaHideout_B2F/scripts.inc,battle,trainer,no,Optional trainer post-battle dialogue.,,,,excluded,high,
dlg_42a69ad295141147,AquaHideout_B2F_Text_Grunt4PostBattle,data/maps/AquaHideout_B2F/scripts.inc,battle,trainer,no,Optional trainer post-battle dialogue.,,,,excluded,high,
dlg_25d46ff126e68da4,AquaHideout_B2F_Text_Grunt6PostBattle,data/maps/AquaHideout_B2F/scripts.inc,battle,trainer,no,Optional trainer post-battle dialogue.,,,,excluded,high,
dlg_a3fd6103867f76b3,AquaHideout_B2F_Text_Grunt8PostBattle,data/maps/AquaHideout_B2F/scripts.inc,battle,trainer,no,Optional trainer post-battle dialogue.,,,,excluded,high,
dlg_acba97b04ebadfc9,BattleFrontier_OutsideEast_Text_OnceBeatGymLeader,data/maps/BattleFrontier_OutsideEast/scripts.inc,main_story,optional_npc,no,Explicit false-positive rule or no mandatory script evidence,,,,excluded,high,
dlg_9ee91ad4704a9d48,CaveOfOrigin_B1F_Text_WallaceStory,data/maps/CaveOfOrigin_B1F/scripts.inc,main_story,excluded_candidate,no,Explicit false-positive rule or no mandatory script evidence,,,,excluded,medium,
dlg_21f9fb2e64242ca7,CaveOfOrigin_B1F_Text_WhereIsRayquaza,data/maps/CaveOfOrigin_B1F/scripts.inc,main_story,excluded_candidate,no,Explicit false-positive rule or no mandatory script evidence,,,,excluded,medium,
dlg_8116d2fd0acd4df7,CaveOfOrigin_B1F_Text_ButWereInCaveOfOrigin,data/maps/CaveOfOrigin_B1F/scripts.inc,main_story,excluded_candidate,no,Explicit false-positive rule or no mandatory script evidence,,,,excluded,medium,
dlg_ac02995e9da80119,CaveOfOrigin_B1F_Text_OldLadyDidntMentionThat,data/maps/CaveOfOrigin_B1F/scripts.inc,main_story,excluded_candidate,no,Explicit false-positive rule or no mandatory script evidence,,,,excluded,medium,
dlg_9efdeaf5854b1e2e,CaveOfOrigin_B1F_Text_CantYouRememberSomehow,data/maps/CaveOfOrigin_B1F/scripts.inc,main_story,excluded_candidate,no,Explicit false-positive rule or no mandatory script evidence,,,,excluded,medium,
dlg_2d9ab354729bb773,CaveOfOrigin_B1F_Text_WellHeadToSkyPillar,data/maps/CaveOfOrigin_B1F/scripts.inc,main_story,excluded_candidate,no,Explicit false-positive rule or no mandatory script evidence,,,,excluded,medium,
dlg_599ad62b6d06e2f6,DewfordTown_Text_PetalburgWereSettingSail2,data/maps/DewfordTown/scripts.inc,optional_npc,optional_interaction,no,Repeatable or optional transport interaction.,,,,excluded,high,
dlg_ae3c5d61729440d0,DewfordTown_Text_WhereAreWeBound,data/maps/DewfordTown/scripts.inc,optional_npc,optional_interaction,no,Repeatable or optional transport interaction.,,,,excluded,high,
dlg_ceae0dde962e2d34,DewfordTown_Text_JustTellMeWhenYouNeedToSetSail,data/maps/DewfordTown/scripts.inc,optional_npc,optional_interaction,no,Repeatable or optional transport interaction.,,,,excluded,high,
dlg_b5f1597d44c6a945,DewfordTown_Gym_Text_ReceivedKnuckleBadge,data/maps/DewfordTown_Gym/scripts.inc,optional_npc,main_story,yes,Resolved source reference,DewfordTown_Gym_EventScript_BrawlyDefeated,,,mandatory,high,
dlg_c511203430171749,DewfordTown_Gym_Text_KnuckleBadgeInfoTakeThis,data/maps/DewfordTown_Gym/scripts.inc,optional_npc,main_story,yes,Resolved source reference,DewfordTown_Gym_EventScript_BrawlyDefeated,,,mandatory,high,
dlg_0e086d2f7643bdb7,DewfordTown_Gym_Text_ExplainBulkUp,data/maps/DewfordTown_Gym/scripts.inc,optional_npc,main_story,yes,Resolved source reference,DewfordTown_Gym_EventScript_GiveBulkUp,,,mandatory,high,
dlg_6e0c67dc9c53c55e,DewfordTown_Gym_Text_RegisteredBrawly,data/maps/DewfordTown_Gym/scripts.inc,optional_npc,optional_interaction,no,"Optional guide, statue, or registration interaction.",,,,excluded,high,
dlg_dbb46905c78db3fa,DewfordTown_Gym_Text_BrawlyPostBattle,data/maps/DewfordTown_Gym/scripts.inc,battle,main_story,yes,Resolved source reference,DewfordTown_Gym_EventScript_Brawly,,,mandatory,high,
dlg_2ebe47d3ac14fd8e,EverGrandeCity_ChampionsRoom_Text_IntroSpeech,data/maps/EverGrandeCity_ChampionsRoom/scripts.inc,optional_npc,main_story,yes,Resolved source reference,EverGrandeCity_ChampionsRoom_EventScript_Wallace,,,mandatory,high,
dlg_7d1d16ab4a5481da,EverGrandeCity_ChampionsRoom_Text_PostBattleSpeech,data/maps/EverGrandeCity_ChampionsRoom/scripts.inc,battle,trainer,no,Optional trainer post-battle dialogue.,,,,excluded,high,
dlg_025c0ed4eb72f302,EverGrandeCity_ChampionsRoom_Text_MayAdvice,data/maps/EverGrandeCity_ChampionsRoom/scripts.inc,optional_npc,main_story,yes,Resolved source reference,EverGrandeCity_ChampionsRoom_EventScript_MayAdvice,,,mandatory,high,
dlg_7998d023049f109f,EverGrandeCity_ChampionsRoom_Text_MayItsAlreadyOver,data/maps/EverGrandeCity_ChampionsRoom/scripts.inc,optional_npc,main_story,yes,Resolved source reference,EverGrandeCity_ChampionsRoom_EventScript_MayAdvice,,,mandatory,high,
dlg_002edf666920d96c,EverGrandeCity_ChampionsRoom_Text_BrendanAdvice,data/maps/EverGrandeCity_ChampionsRoom/scripts.inc,optional_npc,main_story,yes,Resolved source reference,EverGrandeCity_ChampionsRoom_EventScript_BrendanAdvice,,,mandatory,high,
dlg_2354d73bb4e62974,EverGrandeCity_ChampionsRoom_Text_BrendanYouveWon,data/maps/EverGrandeCity_ChampionsRoom/scripts.inc,optional_npc,main_story,yes,Resolved source reference,EverGrandeCity_ChampionsRoom_EventScript_BrendanAdvice,,,mandatory,high,
dlg_81ca23e1fc2c226a,EverGrandeCity_ChampionsRoom_Text_BirchArriveRatePokedex,data/maps/EverGrandeCity_ChampionsRoom/scripts.inc,menu,main_story,yes,Resolved source reference,EverGrandeCity_ChampionsRoom_EventScript_BirchArrivesExitForHoF,,,mandatory,high,
dlg_dd762debedb89c77,EverGrandeCity_ChampionsRoom_Text_BirchCongratulations,data/maps/EverGrandeCity_ChampionsRoom/scripts.inc,optional_npc,main_story,yes,Resolved source reference,EverGrandeCity_ChampionsRoom_EventScript_BirchArrivesExitForHoF,,,mandatory,high,
dlg_e48bce6d96070af2,EverGrandeCity_ChampionsRoom_Text_WallaceComeWithMe,data/maps/EverGrandeCity_ChampionsRoom/scripts.inc,optional_npc,main_story,yes,Resolved source reference,EverGrandeCity_ChampionsRoom_EventScript_BirchArrivesExitForHoF,,,mandatory,high,
dlg_44055334f4fe10fa,EverGrandeCity_ChampionsRoom_Text_WallaceWaitOutside,data/maps/EverGrandeCity_ChampionsRoom/scripts.inc,optional_npc,main_story,yes,Resolved source reference,EverGrandeCity_ChampionsRoom_EventScript_BirchArrivesExitForHoF,,,mandatory,high,
dlg_ba212f09bd9a9718,EverGrandeCity_ChampionsRoom_Text_MayCongratulations,data/maps/EverGrandeCity_ChampionsRoom/scripts.inc,optional_npc,main_story,yes,Resolved source reference,EverGrandeCity_ChampionsRoom_EventScript_MayCongratulations,,,mandatory,high,
dlg_d3aa53241d06684c,EverGrandeCity_ChampionsRoom_Text_BrendanCongratulations,data/maps/EverGrandeCity_ChampionsRoom/scripts.inc,optional_npc,main_story,yes,Resolved source reference,EverGrandeCity_ChampionsRoom_EventScript_BrendanCongratulations,,,mandatory,high,
dlg_166dd7131ed8aba5,EverGrandeCity_DrakesRoom_Text_IntroSpeech,data/maps/EverGrandeCity_DrakesRoom/scripts.inc,optional_npc,main_story,yes,Resolved source reference,EverGrandeCity_DrakesRoom_EventScript_Drake,,,mandatory,high,
dlg_54c5bd92ce96a92f,EverGrandeCity_DrakesRoom_Text_PostBattleSpeech,data/maps/EverGrandeCity_DrakesRoom/scripts.inc,battle,trainer,no,Optional trainer post-battle dialogue.,,,,excluded,high,
dlg_27801ee152f487cf,EverGrandeCity_GlaciasRoom_Text_IntroSpeech,data/maps/EverGrandeCity_GlaciasRoom/scripts.inc,optional_npc,main_story,yes,Resolved source reference,EverGrandeCity_GlaciasRoom_EventScript_Glacia,,,mandatory,high,
dlg_236b10a5bd114afd,EverGrandeCity_GlaciasRoom_Text_PostBattleSpeech,data/maps/EverGrandeCity_GlaciasRoom/scripts.inc,battle,trainer,no,Optional trainer post-battle dialogue.,,,,excluded,high,
dlg_620c88648d5b14e6,EverGrandeCity_HallOfFame_Text_HereWeHonorLeagueChampions,data/maps/EverGrandeCity_HallOfFame/scripts.inc,main_story,main_story,yes,Resolved source reference,EverGrandeCity_HallOfFame_EventScript_EnterHallOfFame,,,mandatory,high,
dlg_f8d2a6465c7b7c81,EverGrandeCity_HallOfFame_Text_LetsRecordYouAndYourPartnersNames,data/maps/EverGrandeCity_HallOfFame/scripts.inc,main_story,main_story,yes,Resolved source reference,EverGrandeCity_HallOfFame_EventScript_EnterHallOfFame,,,mandatory,high,
dlg_3e4d602d030fbda7,EverGrandeCity_PhoebesRoom_Text_IntroSpeech,data/maps/EverGrandeCity_PhoebesRoom/scripts.inc,optional_npc,main_story,yes,Resolved source reference,EverGrandeCity_PhoebesRoom_EventScript_Phoebe,,,mandatory,high,
dlg_bf4de60e1cb5bc43,EverGrandeCity_PhoebesRoom_Text_PostBattleSpeech,data/maps/EverGrandeCity_PhoebesRoom/scripts.inc,battle,trainer,no,Optional trainer post-battle dialogue.,,,,excluded,high,
dlg_eb6ec0975494eabc,EverGrandeCity_SidneysRoom_Text_IntroSpeech,data/maps/EverGrandeCity_SidneysRoom/scripts.inc,optional_npc,main_story,yes,Resolved source reference,EverGrandeCity_SidneysRoom_EventScript_Sidney,,,mandatory,high,
dlg_0d3f5ffdd4940765,EverGrandeCity_SidneysRoom_Text_PostBattleSpeech,data/maps/EverGrandeCity_SidneysRoom/scripts.inc,battle,trainer,no,Optional trainer post-battle dialogue.,,,,excluded,high,
dlg_043520f7cee45426,FortreeCity_Gym_Text_ReceivedFeatherBadge,data/maps/FortreeCity_Gym/scripts.inc,optional_npc,main_story,yes,Resolved source reference,FortreeCity_Gym_EventScript_WinonaDefeated,,,mandatory,high,
dlg_4ba2da8c6c4cb804,FortreeCity_Gym_Text_ExplainFeatherBadgeTakeThis,data/maps/FortreeCity_Gym/scripts.inc,optional_npc,main_story,yes,Resolved source reference,FortreeCity_Gym_EventScript_WinonaDefeated,,,mandatory,high,
dlg_e89bf2fc11073911,FortreeCity_Gym_Text_ExplainAerialAce,data/maps/FortreeCity_Gym/scripts.inc,optional_npc,main_story,yes,Resolved source reference,FortreeCity_Gym_EventScript_GiveAerialAce,,,mandatory,high,
dlg_00aaee1361352d90,FortreeCity_Gym_Text_RegisteredWinona,data/maps/FortreeCity_Gym/scripts.inc,optional_npc,optional_interaction,no,"Optional guide, statue, or registration interaction.",,,,excluded,high,
dlg_90522eab9aeeb6c1,FortreeCity_Gym_Text_WinonaPostBattle,data/maps/FortreeCity_Gym/scripts.inc,battle,main_story,yes,Resolved source reference,FortreeCity_Gym_EventScript_Winona,,,mandatory,high,
dlg_d1feb2740067b7ae,JaggedPass_Text_GruntIntro,data/maps/JaggedPass/scripts.inc,optional_npc,main_story,yes,Resolved source reference,JaggedPass_EventScript_MagmaHideoutGuard,,,mandatory,high,
dlg_fe675caa94756773,JaggedPass_Text_BoulderShakingInResponseToEmblem,data/maps/JaggedPass/scripts.inc,optional_npc,main_story,yes,Resolved source reference,JaggedPass_EventScript_OpenMagmaHideout,,,mandatory,high,
dlg_45df7907f8abac1f,LavaridgeTown_Gym_1F_Text_GymGuideAdvice,data/maps/LavaridgeTown_Gym_1F/scripts.inc,optional_npc,optional_interaction,no,"Optional guide, statue, or registration interaction.",,,,excluded,high,
dlg_3892f217d61c78a4,LavaridgeTown_Gym_1F_Text_GymGuidePostVictory,data/maps/LavaridgeTown_Gym_1F/scripts.inc,interaction,optional_interaction,no,"Optional guide, statue, or registration interaction.",,,,excluded,high,
dlg_6f03803d9bf61f34,LavaridgeTown_Gym_1F_Text_ColePostBattle,data/maps/LavaridgeTown_Gym_1F/scripts.inc,battle,trainer,no,Optional trainer post-battle dialogue.,,,,excluded,high,
dlg_170cc8be3b00fd5c,LavaridgeTown_Gym_1F_Text_AxlePostBattle,data/maps/LavaridgeTown_Gym_1F/scripts.inc,battle,trainer,no,Optional trainer post-battle dialogue.,,,,excluded,high,
dlg_26e6336ecea3c094,LavaridgeTown_Gym_B1F_Text_KeeganPostBattle,data/maps/LavaridgeTown_Gym_1F/scripts.inc,battle,trainer,no,Optional trainer post-battle dialogue.,,,,excluded,high,
dlg_31e7c358fe8ed9e9,LavaridgeTown_Gym_1F_Text_GeraldPostBattle,data/maps/LavaridgeTown_Gym_1F/scripts.inc,battle,trainer,no,Optional trainer post-battle dialogue.,,,,excluded,high,
dlg_205903cc29c387f8,LavaridgeTown_Gym_1F_Text_DaniellePostBattle,data/maps/LavaridgeTown_Gym_1F/scripts.inc,battle,trainer,no,Optional trainer post-battle dialogue.,,,,excluded,high,
dlg_adb8247c266674eb,LavaridgeTown_Gym_B1F_Text_JacePostBattle,data/maps/LavaridgeTown_Gym_1F/scripts.inc,battle,trainer,no,Optional trainer post-battle dialogue.,,,,excluded,high,
dlg_98da460fab496d7c,LavaridgeTown_Gym_B1F_Text_JeffPostBattle,data/maps/LavaridgeTown_Gym_1F/scripts.inc,battle,trainer,no,Optional trainer post-battle dialogue.,,,,excluded,high,
dlg_3001dab5420efd1e,LavaridgeTown_Gym_B1F_Text_EliPostBattle,data/maps/LavaridgeTown_Gym_1F/scripts.inc,battle,trainer,no,Optional trainer post-battle dialogue.,,,,excluded,high,
dlg_85cc669a07cfd1db,LavaridgeTown_Gym_1F_Text_ReceivedHeatBadge,data/maps/LavaridgeTown_Gym_1F/scripts.inc,optional_npc,main_story,yes,Resolved source reference,LavaridgeTown_Gym_1F_EventScript_FlanneryDefeated,,,mandatory,high,
dlg_1082e920ad6c3157,LavaridgeTown_Gym_1F_Text_ExplainHeatBadgeTakeThis,data/maps/LavaridgeTown_Gym_1F/scripts.inc,optional_npc,main_story,yes,Resolved source reference,LavaridgeTown_Gym_1F_EventScript_FlanneryDefeated,,,mandatory,high,
dlg_dc7603a3e7b7cee7,LavaridgeTown_Gym_1F_Text_ExplainOverheat,data/maps/LavaridgeTown_Gym_1F/scripts.inc,optional_npc,main_story,yes,Resolved source reference,LavaridgeTown_Gym_1F_EventScript_GiveOverheat2,,,mandatory,high,
dlg_95d53b6c7b3dbdd5,LavaridgeTown_Gym_1F_Text_RegisteredFlannery,data/maps/LavaridgeTown_Gym_1F/scripts.inc,optional_npc,optional_interaction,no,"Optional guide, statue, or registration interaction.",,,,excluded,high,
dlg_ad170cc8edbfbd94,LavaridgeTown_Gym_1F_Text_FlanneryPostBattle,data/maps/LavaridgeTown_Gym_1F/scripts.inc,battle,main_story,yes,Resolved source reference,LavaridgeTown_Gym_1F_EventScript_Flannery,,,mandatory,high,
dlg_5a5854148d166b46,LavaridgeTown_Gym_1F_Text_GymStatue,data/maps/LavaridgeTown_Gym_1F/scripts.inc,interaction,optional_interaction,no,"Optional guide, statue, or registration interaction.",,,,excluded,high,
dlg_d53998996e21beaf,LavaridgeTown_Gym_1F_Text_GymStatueCertified,data/maps/LavaridgeTown_Gym_1F/scripts.inc,interaction,optional_interaction,no,"Optional guide, statue, or registration interaction.",,,,excluded,high,
dlg_8642e24df2fe2b19,LavaridgeTown_Mart_Text_LocalSpecialtyOnMtChimney,data/maps/LavaridgeTown_Mart/scripts.inc,main_story,excluded_candidate,no,Explicit false-positive rule or no mandatory script evidence,,,,excluded,medium,
dlg_d52382a80983e615,LilycoveCity_Text_TeamAquaBeenTrainingWailmer,data/maps/LilycoveCity/scripts.inc,main_story,excluded_candidate,no,Explicit false-positive rule or no mandatory script evidence,,,,excluded,medium,
dlg_26d186c08c2a3ece,LilycoveCity_Text_SomeonePuntedTeamAquaOut,data/maps/LilycoveCity/scripts.inc,main_story,excluded_candidate,no,Explicit false-positive rule or no mandatory script evidence,,,,excluded,medium,
dlg_b591a5f22cf4065f,LilycoveCity_Text_TeamAquaRenovatedCavern,data/maps/LilycoveCity/scripts.inc,main_story,excluded_candidate,no,Explicit false-positive rule or no mandatory script evidence,,,,excluded,medium,
dlg_a20c342b34fee9ab,LilycoveCity_Text_TeamAquaLotGoneForGood,data/maps/LilycoveCity/scripts.inc,main_story,excluded_candidate,no,Explicit false-positive rule or no mandatory script evidence,,,,excluded,medium,
dlg_88ffdc624b0d0b23,LilycoveCity_Text_HeardTowerCalledSkyPillar,data/maps/LilycoveCity/scripts.inc,main_story,excluded_candidate,no,Explicit false-positive rule or no mandatory script evidence,,,,excluded,medium,
dlg_0f3bf62ab8213d3f,LilycoveCity_CoveLilyMotel_1F_Text_NoGuestsWithTeamAqua,data/maps/LilycoveCity_CoveLilyMotel_1F/scripts.inc,main_story,excluded_candidate,no,Explicit false-positive rule or no mandatory script evidence,,,,excluded,medium,
dlg_44f775b1fbf29ce7,LittlerootTown_Text_OurNewHomeLetsGoInside,data/maps/LittlerootTown/scripts.inc,optional_npc,main_story,yes,Resolved source reference,LittlerootTown_EventScript_GoInsideWithMom,,,mandatory,high,
dlg_f4cbe5e2e14292ec,LittlerootTown_Text_WearTheseRunningShoes,data/maps/LittlerootTown/scripts.inc,optional_npc,main_story,yes,Resolved source reference,LittlerootTown_EventScript_GiveRunningShoes,,,mandatory,high,
dlg_51478fab2a0bb5f5,LittlerootTown_Text_SwitchShoesWithRunningShoes,data/maps/LittlerootTown/scripts.inc,optional_npc,main_story,yes,Resolved source reference,LittlerootTown_EventScript_GiveRunningShoes,,,mandatory,high,
dlg_4066e0935321b02a,LittlerootTown_Text_ExplainRunningShoes,data/maps/LittlerootTown/scripts.inc,optional_npc,main_story,yes,Resolved source reference,LittlerootTown_EventScript_GiveRunningShoes,,,mandatory,high,
dlg_c1b0de35fc067f84,LittlerootTown_Text_ComeHomeIfAnythingHappens,data/maps/LittlerootTown/scripts.inc,optional_npc,main_story,yes,Resolved source reference,LittlerootTown_EventScript_GiveRunningShoes,,,mandatory,high,
dlg_c9c9cfc75f70e8e3,PlayersHouse_1F_Text_IsntItNiceInHere,data/maps/LittlerootTown_BrendansHouse_1F/scripts.inc,optional_npc,main_story,yes,Resolved source reference,PlayersHouse_1F_EventScript_EnterHouseMovingIn,,,mandatory,high,
dlg_bd705cc8a504bb05,PlayersHouse_1F_Text_MoversPokemonGoSetClock,data/maps/LittlerootTown_BrendansHouse_1F/scripts.inc,main_story,main_story,yes,Resolved source reference,PlayersHouse_1F_EventScript_EnterHouseMovingIn,,,mandatory,high,
dlg_7cc549bb2e89937d,RivalsHouse_1F_Text_MayWhoAreYou,data/maps/LittlerootTown_MaysHouse_1F/scripts.inc,optional_npc,main_story,yes,Resolved source reference,LittlerootTown_MaysHouse_1F_EventScript_MeetRival,,,mandatory,high,
dlg_a1cf42cc4332f130,RivalsHouse_1F_Text_BrendanWhoAreYou,data/maps/LittlerootTown_MaysHouse_1F/scripts.inc,optional_npc,main_story,yes,Resolved source reference,LittlerootTown_BrendansHouse_1F_EventScript_MeetRival,,,mandatory,high,
dlg_1d101db90bb84a29,LittlerootTown_ProfessorBirchsLab_Text_BirchEnjoysRivalsHelpToo,data/maps/LittlerootTown_ProfessorBirchsLab/scripts.inc,optional_npc,optional_interaction,no,Optional or avoidable interaction branch.,,,,excluded,high,
dlg_e1f579546c78b2f9,LittlerootTown_ProfessorBirchsLab_Text_LikeYouToHavePokemon,data/maps/LittlerootTown_ProfessorBirchsLab/scripts.inc,optional_npc,main_story,yes,Resolved source reference,LittlerootTown_ProfessorBirchsLab_EventScript_GiveStarterEvent,,,mandatory,high,
dlg_a85b0bd843afd737,LittlerootTown_ProfessorBirchsLab_Text_WhyNotGiveNicknameToMon,data/maps/LittlerootTown_ProfessorBirchsLab/scripts.inc,optional_npc,main_story,yes,Resolved source reference,LittlerootTown_ProfessorBirchsLab_EventScript_GiveStarterEvent,,,mandatory,high,
dlg_2f2b9342597fd41c,LittlerootTown_ProfessorBirchsLab_Text_MightBeGoodIdeaToGoSeeRival,data/maps/LittlerootTown_ProfessorBirchsLab/scripts.inc,optional_npc,main_story,yes,Resolved source reference,LittlerootTown_ProfessorBirchsLab_EventScript_GoSeeRival,,,mandatory,high,
dlg_68038fa36d7bdaf1,LittlerootTown_ProfessorBirchsLab_Text_BirchRivalGoneHome,data/maps/LittlerootTown_ProfessorBirchsLab/scripts.inc,optional_npc,main_story,yes,Resolved source reference,LittlerootTown_ProfessorBirchsLab_EventScript_TryRatePokedexOrRegister,,,mandatory,high,
dlg_4a63ffe7b2d7349e,LittlerootTown_ProfessorBirchsLab_Text_HeardYouBeatRivalTakePokedex,data/maps/LittlerootTown_ProfessorBirchsLab/scripts.inc,menu,main_story,yes,Resolved source reference,LittlerootTown_ProfessorBirchsLab_EventScript_GivePokedex,,,mandatory,high,
dlg_a1f8f8a1ea390b2a,LittlerootTown_ProfessorBirchsLab_Text_ReceivedPokedex,data/maps/LittlerootTown_ProfessorBirchsLab/scripts.inc,menu,main_story,yes,Resolved source reference,LittlerootTown_ProfessorBirchsLab_EventScript_ReceivePokedex,,,mandatory,high,
dlg_dacb535b10f34d0d,LittlerootTown_ProfessorBirchsLab_Text_ExplainPokedex,data/maps/LittlerootTown_ProfessorBirchsLab/scripts.inc,menu,main_story,yes,Resolved source reference,LittlerootTown_ProfessorBirchsLab_EventScript_GivePokedex,,,mandatory,high,
dlg_33ff958910b07628,LittlerootTown_ProfessorBirchsLab_Text_CompletedDexChoosePokemon,data/maps/LittlerootTown_ProfessorBirchsLab/scripts.inc,optional_npc,postgame,no,Postgame or completed-Pokédex reward.,,,,excluded,high,
dlg_3c1a0a05178e3a15,LittlerootTown_ProfessorBirchsLab_Text_ReceivedJohtoStarter,data/maps/LittlerootTown_ProfessorBirchsLab/scripts.inc,optional_npc,postgame,no,Postgame or completed-Pokédex reward.,,,,excluded,high,
dlg_a38eb4c397119d58,LittlerootTown_ProfessorBirchsLab_Text_BetterLeaveOthersAlone,data/maps/LittlerootTown_ProfessorBirchsLab/scripts.inc,optional_npc,optional_interaction,no,Optional or avoidable interaction branch.,,,,excluded,high,
dlg_b7b5872359c32e1f,MagmaHideout_1F_Text_Grunt1PostBattle,data/maps/MagmaHideout_1F/scripts.inc,battle,trainer,no,Optional trainer post-battle dialogue.,,,,excluded,high,
dlg_6714deee994214c1,MagmaHideout_1F_Text_Grunt2PostBattle,data/maps/MagmaHideout_1F/scripts.inc,battle,trainer,no,Optional trainer post-battle dialogue.,,,,excluded,high,
dlg_978093870c0b570f,MagmaHideout_2F_1R_Text_Grunt14PostBattle,data/maps/MagmaHideout_2F_1R/scripts.inc,battle,trainer,no,Optional trainer post-battle dialogue.,,,,excluded,high,
dlg_39f942ab51c7632d,MagmaHideout_2F_1R_Text_Grunt3PostBattle,data/maps/MagmaHideout_2F_1R/scripts.inc,battle,trainer,no,Optional trainer post-battle dialogue.,,,,excluded,high,
dlg_60b3a33bf004e260,MagmaHideout_2F_1R_Text_Grunt4PostBattle,data/maps/MagmaHideout_2F_1R/scripts.inc,battle,trainer,no,Optional trainer post-battle dialogue.,,,,excluded,high,
dlg_d484ebb83d4f30f9,MagmaHideout_2F_1R_Text_Grunt5PostBattle,data/maps/MagmaHideout_2F_1R/scripts.inc,battle,trainer,no,Optional trainer post-battle dialogue.,,,,excluded,high,
dlg_c6f3251e2f040d5c,MagmaHideout_2F_2R_Text_Grunt15PostBattle,data/maps/MagmaHideout_2F_2R/scripts.inc,battle,trainer,no,Optional trainer post-battle dialogue.,,,,excluded,high,
dlg_c09f43657c600ca8,MagmaHideout_2F_2R_Text_Grunt6PostBattle,data/maps/MagmaHideout_2F_2R/scripts.inc,battle,trainer,no,Optional trainer post-battle dialogue.,,,,excluded,high,
dlg_f94d99672e3868e4,MagmaHideout_2F_2R_Text_Grunt7PostBattle,data/maps/MagmaHideout_2F_2R/scripts.inc,battle,trainer,no,Optional trainer post-battle dialogue.,,,,excluded,high,
dlg_91e97c48fc40e9d2,MagmaHideout_2F_2R_Text_Grunt8PostBattle,data/maps/MagmaHideout_2F_2R/scripts.inc,battle,trainer,no,Optional trainer post-battle dialogue.,,,,excluded,high,
dlg_2b05cae55cdb1020,MagmaHideout_3F_1R_Text_Grunt9PostBattle,data/maps/MagmaHideout_3F_1R/scripts.inc,battle,trainer,no,Optional trainer post-battle dialogue.,,,,excluded,high,
dlg_8673863e61012e92,MagmaHideout_3F_1R_Text_Grunt16PostBattle,data/maps/MagmaHideout_3F_1R/scripts.inc,battle,trainer,no,Optional trainer post-battle dialogue.,,,,excluded,high,
dlg_5247d819de18962f,MagmaHideout_3F_2R_Text_Grunt10PostBattle,data/maps/MagmaHideout_3F_2R/scripts.inc,battle,trainer,no,Optional trainer post-battle dialogue.,,,,excluded,high,
dlg_025e6e3c8c2c46ea,MagmaHideout_4F_Text_Grunt11PostBattle,data/maps/MagmaHideout_4F/scripts.inc,battle,trainer,no,Optional trainer post-battle dialogue.,,,,excluded,high,
dlg_f7e1f1902d8efc40,MagmaHideout_4F_Text_Grunt12PostBattle,data/maps/MagmaHideout_4F/scripts.inc,battle,trainer,no,Optional trainer post-battle dialogue.,,,,excluded,high,
dlg_947c4a21ac7a2beb,MagmaHideout_4F_Text_Grunt13PostBattle,data/maps/MagmaHideout_4F/scripts.inc,battle,trainer,no,Optional trainer post-battle dialogue.,,,,excluded,high,
dlg_d70cb53b85d4a24b,MagmaHideout_4F_Text_TabithaPostBattle,data/maps/MagmaHideout_4F/scripts.inc,battle,trainer,no,Optional trainer post-battle dialogue.,,,,excluded,high,
dlg_36ea63b7ce608519,MagmaHideout_4F_Text_MaxieAwakenGroudon,data/maps/MagmaHideout_4F/scripts.inc,main_story,main_story,yes,Resolved source reference,MagmaHideout_4F_EventScript_Maxie,,,mandatory,high,
dlg_f34fbe4729fcf204,MagmaHideout_4F_Text_MaxieGroudonWhatsWrong,data/maps/MagmaHideout_4F/scripts.inc,optional_npc,main_story,yes,Resolved source reference,MagmaHideout_4F_EventScript_Maxie,,,mandatory,high,
dlg_4943951ba089dba9,MagmaHideout_4F_Text_MaxieOhItWasYou,data/maps/MagmaHideout_4F/scripts.inc,optional_npc,main_story,yes,Resolved source reference,MagmaHideout_4F_EventScript_Maxie,,,mandatory,high,
dlg_0ced0caff1c00ef9,MagmaHideout_4F_Text_MaxieImGoingAfterGroudon,data/maps/MagmaHideout_4F/scripts.inc,optional_npc,main_story,yes,Resolved source reference,MagmaHideout_4F_EventScript_Maxie,,,mandatory,high,
dlg_be3cc677576abfad,MauvilleCity_Text_UncleHesTooPeppy,data/maps/MauvilleCity/scripts.inc,optional_npc,main_story,yes,Resolved source reference,MauvilleCity_EventScript_WallysUncle,,,mandatory,high,
dlg_48288662c4edf402,MauvilleCity_Text_WallyWantToChallengeGym,data/maps/MauvilleCity/scripts.inc,optional_npc,main_story,yes,Resolved source reference,MauvilleCity_EventScript_Wally,,,mandatory,high,
dlg_776b6560c3cc25d0,MauvilleCity_Text_UncleYourePushingIt,data/maps/MauvilleCity/scripts.inc,optional_npc,main_story,yes,Resolved source reference,MauvilleCity_EventScript_Wally,,,mandatory,high,
dlg_ea21b86b9428270d,MauvilleCity_Text_WallyWeCanBeatAnyone,data/maps/MauvilleCity/scripts.inc,optional_npc,main_story,yes,Resolved source reference,MauvilleCity_EventScript_Wally,,,mandatory,high,
dlg_9c9adfc531c27500,MauvilleCity_Text_WallyWillYouBattleMe,data/maps/MauvilleCity/scripts.inc,battle,main_story,yes,Resolved source reference,MauvilleCity_EventScript_Wally,,,mandatory,high,
dlg_f4f5fe77c8bb1be0,MauvilleCity_Text_UncleCanYouBattleWally,data/maps/MauvilleCity/scripts.inc,battle,main_story,yes,Resolved source reference,MauvilleCity_EventScript_UncleAskPlayerToBattleWally,,,mandatory,high,
dlg_d86f9ae4036a91a5,MauvilleCity_Text_WallyPleaseBattleMe,data/maps/MauvilleCity/scripts.inc,battle,main_story,yes,Resolved source reference,MauvilleCity_EventScript_WallyRequestBattleAgain,,,mandatory,high,
dlg_fb648835502d4cf7,MauvilleCity_Text_WallyHereICome,data/maps/MauvilleCity/scripts.inc,optional_npc,main_story,yes,Resolved source reference,MauvilleCity_EventScript_BattleWally,,,mandatory,high,
dlg_a08d097557c3e6c2,MauvilleCity_Text_WallyIllGoBackToVerdanturf,data/maps/MauvilleCity/scripts.inc,optional_npc,main_story,yes,Resolved source reference,MauvilleCity_EventScript_BattleWally,,,mandatory,high,
dlg_6ebacc9d8cd36793,MauvilleCity_Text_ThankYouNotEnoughToBattle,data/maps/MauvilleCity/scripts.inc,battle,main_story,yes,Resolved source reference,MauvilleCity_EventScript_BattleWally,,,mandatory,high,
dlg_1dd9ce5252a610ca,MauvilleCity_Text_UncleNoNeedToBeDown,data/maps/MauvilleCity/scripts.inc,optional_npc,main_story,yes,Resolved source reference,MauvilleCity_EventScript_BattleWally,,,mandatory,high,
dlg_cb17948871baa56c,MauvilleCity_Text_UncleVisitUsSometime,data/maps/MauvilleCity/scripts.inc,optional_npc,main_story,yes,Resolved source reference,MauvilleCity_EventScript_WallyAndUncleExitNorth,,,mandatory,high,
dlg_5c3c752146e31b52,MauvilleCity_Text_RegisteredWally,data/maps/MauvilleCity/scripts.inc,optional_npc,optional_interaction,no,"Optional guide, statue, or registration interaction.",,,,excluded,high,
dlg_a2a0edd5b970588e,MauvilleCity_Text_ScottYouDidntHoldBack,data/maps/MauvilleCity/scripts.inc,optional_npc,main_story,yes,Resolved source reference,MauvilleCity_EventScript_DefeatedWally,,,mandatory,high,
dlg_de5a248d12bbe6cd,MauvilleCity_Text_WattsonNeedFavorTakeKey,data/maps/MauvilleCity/scripts.inc,optional_npc,optional_sidequest,no,Optional New Mauville generator side quest.,,,,excluded,high,
dlg_8739df779372572f,MauvilleCity_Text_WattsonWontBeChallenge,data/maps/MauvilleCity/scripts.inc,optional_npc,optional_sidequest,no,Optional New Mauville generator side quest.,,,,excluded,high,
dlg_fc810b4e66b7f5bb,MauvilleCity_Gym_Text_ReceivedDynamoBadge,data/maps/MauvilleCity_Gym/scripts.inc,optional_npc,main_story,yes,Resolved source reference,MauvilleCity_Gym_EventScript_WattsonDefeated,,,mandatory,high,
dlg_885f72022e6a7a31,MauvilleCity_Gym_Text_ExplainDynamoBadgeTakeThis,data/maps/MauvilleCity_Gym/scripts.inc,optional_npc,main_story,yes,Resolved source reference,MauvilleCity_Gym_EventScript_WattsonDefeated,,,mandatory,high,
dlg_ffb1954314bec3d3,MauvilleCity_Gym_Text_ExplainShockWave,data/maps/MauvilleCity_Gym/scripts.inc,optional_npc,main_story,yes,Resolved source reference,MauvilleCity_Gym_EventScript_GiveShockWave,,,mandatory,high,
dlg_32032d8ed90d4208,MauvilleCity_Gym_Text_RegisteredWattson,data/maps/MauvilleCity_Gym/scripts.inc,optional_npc,optional_interaction,no,"Optional guide, statue, or registration interaction.",,,,excluded,high,
dlg_29cf2d6c137f7d7c,MauvilleCity_Gym_Text_WattsonPostBattle,data/maps/MauvilleCity_Gym/scripts.inc,battle,main_story,yes,Resolved source reference,MauvilleCity_Gym_EventScript_Wattson,,,mandatory,high,
dlg_61953244313ffbe4,MeteorFalls_1F_1R_Text_WithThisMeteorite,data/maps/MeteorFalls_1F_1R/scripts.inc,optional_npc,main_story,yes,Resolved source reference,MeteorFalls_1F_1R_EventScript_MagmaStealsMeteoriteScene,,,mandatory,high,
dlg_69bbf0b329ac7158,MeteorFalls_1F_1R_Text_DontExpectMercyFromMagma,data/maps/MeteorFalls_1F_1R/scripts.inc,optional_npc,main_story,yes,Resolved source reference,MeteorFalls_1F_1R_EventScript_MagmaStealsMeteoriteScene,,,mandatory,high,
dlg_b1ce8521162aba50,MeteorFalls_1F_1R_Text_HoldItRightThereMagma,data/maps/MeteorFalls_1F_1R/scripts.inc,optional_npc,main_story,yes,Resolved source reference,MeteorFalls_1F_1R_EventScript_MagmaStealsMeteoriteScene,,,mandatory,high,
dlg_c71a89510217f917,MeteorFalls_1F_1R_Text_BeSeeingYouTeamAqua,data/maps/MeteorFalls_1F_1R/scripts.inc,main_story,main_story,yes,Resolved source reference,MeteorFalls_1F_1R_EventScript_MagmaStealsMeteoriteScene,,,mandatory,high,
dlg_e217e7b7f13bbeff,MeteorFalls_1F_1R_Text_ArchieSeenYouBefore,data/maps/MeteorFalls_1F_1R/scripts.inc,optional_npc,main_story,yes,Resolved source reference,MeteorFalls_1F_1R_EventScript_MagmaStealsMeteoriteScene,,,mandatory,high,
dlg_ea4952bca9a7ff22,MeteorFalls_1F_1R_Text_BossWeShouldChaseMagma,data/maps/MeteorFalls_1F_1R/scripts.inc,optional_npc,main_story,yes,Resolved source reference,MeteorFalls_1F_1R_EventScript_MagmaStealsMeteoriteScene,,,mandatory,high,
dlg_de424b65d2ac84b8,MeteorFalls_1F_1R_Text_ArchieYesNoTellingWhatMagmaWillDo,data/maps/MeteorFalls_1F_1R/scripts.inc,optional_npc,main_story,yes,Resolved source reference,MeteorFalls_1F_1R_EventScript_MagmaStealsMeteoriteScene,,,mandatory,high,
dlg_620b24cda6ef26e8,MeteorFalls_1F_1R_Text_ArchieFarewell,data/maps/MeteorFalls_1F_1R/scripts.inc,optional_npc,main_story,yes,Resolved source reference,MeteorFalls_1F_1R_EventScript_MagmaStealsMeteoriteScene,,,mandatory,high,
dlg_d51d8d6c11e6afb5,MeteorFalls_1F_1R_Text_WhatsTeamMagmaDoingAtMtChimney,data/maps/MeteorFalls_1F_1R/scripts.inc,main_story,excluded_candidate,no,Explicit false-positive rule or no mandatory script evidence,,,,excluded,medium,
dlg_1555411822879676,MossdeepCity_Text_SootopolisNewGymLeader,data/maps/MossdeepCity/scripts.inc,main_story,excluded_candidate,no,Explicit false-positive rule or no mandatory script evidence,,,,excluded,medium,
dlg_c5f7fd9cc564fe27,MossdeepCity_Gym_Text_GymGuideAdvice,data/maps/MossdeepCity_Gym/scripts.inc,interaction,optional_interaction,no,"Optional guide, statue, or registration interaction.",,,,excluded,high,
dlg_b45244d5f8c86394,MossdeepCity_Gym_Text_GymGuidePostVictory,data/maps/MossdeepCity_Gym/scripts.inc,interaction,optional_interaction,no,"Optional guide, statue, or registration interaction.",,,,excluded,high,
dlg_0efef85fdbdc06ab,MossdeepCity_Gym_Text_PrestonPostBattle,data/maps/MossdeepCity_Gym/scripts.inc,battle,trainer,no,Optional trainer post-battle dialogue.,,,,excluded,high,
dlg_cf01748fcd610392,MossdeepCity_Gym_Text_VirgilPostBattle,data/maps/MossdeepCity_Gym/scripts.inc,battle,trainer,no,Optional trainer post-battle dialogue.,,,,excluded,high,
dlg_444e40e8538c8b1e,MossdeepCity_Gym_Text_BlakePostBattle,data/maps/MossdeepCity_Gym/scripts.inc,battle,trainer,no,Optional trainer post-battle dialogue.,,,,excluded,high,
dlg_073423f3b8c66ba4,MossdeepCity_Gym_Text_HannahPostBattle,data/maps/MossdeepCity_Gym/scripts.inc,battle,trainer,no,Optional trainer post-battle dialogue.,,,,excluded,high,
dlg_0a7617bc47b986bd,MossdeepCity_Gym_Text_SamanthaPostBattle,data/maps/MossdeepCity_Gym/scripts.inc,battle,trainer,no,Optional trainer post-battle dialogue.,,,,excluded,high,
dlg_a370577a04b1215f,MossdeepCity_Gym_Text_MauraPostBattle,data/maps/MossdeepCity_Gym/scripts.inc,battle,trainer,no,Optional trainer post-battle dialogue.,,,,excluded,high,
dlg_ab09880fe0fc8141,MossdeepCity_Gym_Text_SylviaPostBattle,data/maps/MossdeepCity_Gym/scripts.inc,battle,trainer,no,Optional trainer post-battle dialogue.,,,,excluded,high,
dlg_8536d0525fae93e4,MossdeepCity_Gym_Text_NatePostBattle,data/maps/MossdeepCity_Gym/scripts.inc,battle,trainer,no,Optional trainer post-battle dialogue.,,,,excluded,high,
dlg_2698310c53fc0ea4,MossdeepCity_Gym_Text_KathleenPostBattle,data/maps/MossdeepCity_Gym/scripts.inc,battle,trainer,no,Optional trainer post-battle dialogue.,,,,excluded,high,
dlg_46b30eb1fc864bdf,MossdeepCity_Gym_Text_CliffordPostBattle,data/maps/MossdeepCity_Gym/scripts.inc,battle,trainer,no,Optional trainer post-battle dialogue.,,,,excluded,high,
dlg_0fe6fa1a64e8ac0d,MossdeepCity_Gym_Text_MaceyPostBattle,data/maps/MossdeepCity_Gym/scripts.inc,battle,trainer,no,Optional trainer post-battle dialogue.,,,,excluded,high,
dlg_40e642dadfbe0199,MossdeepCity_Gym_Text_NicholasPostBattle,data/maps/MossdeepCity_Gym/scripts.inc,battle,trainer,no,Optional trainer post-battle dialogue.,,,,excluded,high,
dlg_16583cf9036a06e6,MossdeepCity_Gym_Text_ReceivedMindBadge,data/maps/MossdeepCity_Gym/scripts.inc,interaction,main_story,yes,Resolved source reference,MossdeepCity_Gym_EventScript_TateAndLizaDefeated,,,mandatory,high,
dlg_43359ec54091c550,MossdeepCity_Gym_Text_ExplainMindBadgeTakeThis,data/maps/MossdeepCity_Gym/scripts.inc,interaction,main_story,yes,Resolved source reference,MossdeepCity_Gym_EventScript_TateAndLizaDefeated,,,mandatory,high,
dlg_bf9f721d101df3f8,MossdeepCity_Gym_Text_ExplainCalmMind,data/maps/MossdeepCity_Gym/scripts.inc,interaction,main_story,yes,Resolved source reference,MossdeepCity_Gym_EventScript_GiveCalmMind2,,,mandatory,high,
dlg_6011557c2bd55a39,MossdeepCity_Gym_Text_RegisteredTateAndLiza,data/maps/MossdeepCity_Gym/scripts.inc,interaction,optional_interaction,no,"Optional guide, statue, or registration interaction.",,,,excluded,high,
dlg_45b733a3659fa52c,MossdeepCity_Gym_Text_TateAndLizaPostBattle,data/maps/MossdeepCity_Gym/scripts.inc,battle,main_story,yes,Resolved source reference,MossdeepCity_Gym_EventScript_TateAndLiza,,,mandatory,high,
dlg_9151bfbd18e75a2c,MossdeepCity_Gym_Text_GymStatue,data/maps/MossdeepCity_Gym/scripts.inc,interaction,optional_interaction,no,"Optional guide, statue, or registration interaction.",,,,excluded,high,
dlg_b3d59897736616da,MossdeepCity_Gym_Text_GymStatueCertified,data/maps/MossdeepCity_Gym/scripts.inc,interaction,optional_interaction,no,"Optional guide, statue, or registration interaction.",,,,excluded,high,
dlg_07ee57bffb483b68,MossdeepCity_PokemonCenter_1F_Text_GymLeaderDuoFormidable,data/maps/MossdeepCity_PokemonCenter_1F/scripts.inc,main_story,excluded_candidate,no,Explicit false-positive rule or no mandatory script evidence,,,,excluded,medium,
dlg_c3e13cffbabeca4e,MossdeepCity_SpaceCenter_1F_Text_HaywireButRocketLaunchImminent,data/maps/MossdeepCity_SpaceCenter_1F/scripts.inc,interaction,optional_npc,no,Voluntary Space Center staff or flavor dialogue.,,,,excluded,high,
dlg_3955f533c605b18c,MossdeepCity_SpaceCenter_1F_Text_HaywireButSuccessfulLaunchNumber,data/maps/MossdeepCity_SpaceCenter_1F/scripts.inc,interaction,optional_npc,no,Voluntary Space Center staff or flavor dialogue.,,,,excluded,high,
dlg_42c84dd040dfd4f5,MossdeepCity_SpaceCenter_1F_Text_MagmaHaveSightsOnSpaceCenter,data/maps/MossdeepCity_SpaceCenter_1F/scripts.inc,interaction,optional_npc,no,Voluntary Space Center staff or flavor dialogue.,,,,excluded,high,
dlg_10a0c4da3c01bfa0,MossdeepCity_SpaceCenter_1F_Text_MagmaCantStealFuelTakeThis,data/maps/MossdeepCity_SpaceCenter_1F/scripts.inc,interaction,main_story,yes,Resolved source reference,MossdeepCity_SpaceCenter_1F_EventScript_SunStoneManMagma,,,mandatory,high,
dlg_b6574b5bee9ad53c,MossdeepCity_SpaceCenter_1F_Text_CantStrollOnBeachWithMagma,data/maps/MossdeepCity_SpaceCenter_1F/scripts.inc,interaction,optional_npc,no,Voluntary Space Center staff or flavor dialogue.,,,,excluded,high,
dlg_5b3fe2498784cc46,MossdeepCity_SpaceCenter_1F_Text_AquaShouldBeatMagma,data/maps/MossdeepCity_SpaceCenter_1F/scripts.inc,interaction,optional_npc,no,Voluntary Space Center staff or flavor dialogue.,,,,excluded,high,
dlg_26f056510d98accd,MossdeepCity_SpaceCenter_1F_Text_MagmaWantsToSpoilMyDream,data/maps/MossdeepCity_SpaceCenter_1F/scripts.inc,interaction,optional_npc,no,Voluntary Space Center staff or flavor dialogue.,,,,excluded,high,
dlg_79ce7f56167066ae,MossdeepCity_SpaceCenter_1F_Text_StevenMagmaCantBeAllowedToTakeFuel,data/maps/MossdeepCity_SpaceCenter_1F/scripts.inc,interaction,main_story,yes,Resolved source reference,MossdeepCity_SpaceCenter_1F_EventScript_Steven,,,mandatory,high,
dlg_6c8d213ab7b1513d,MossdeepCity_SpaceCenter_1F_Text_MagmaIntentToStealNotice,data/maps/MossdeepCity_SpaceCenter_1F/scripts.inc,interaction,optional_npc,no,Voluntary Space Center staff or flavor dialogue.,,,,excluded,high,
dlg_63197315c2211581,MossdeepCity_SpaceCenter_2F_Text_WhyWouldMagmaStealRocketFuel,data/maps/MossdeepCity_SpaceCenter_2F/scripts.inc,interaction,main_story,yes,Resolved source reference,MossdeepCity_SpaceCenter_2F_EventScript_ScientistMagma,,,mandatory,high,
dlg_ff6b7727bf98e870,MossdeepCity_SpaceCenter_2F_Text_MagmaCantGetAwayWithThis,data/maps/MossdeepCity_SpaceCenter_2F/scripts.inc,interaction,main_story,yes,Resolved source reference,MossdeepCity_SpaceCenter_2F_EventScript_GentlemanMagma,,,mandatory,high,
dlg_33a9a5236748bb7b,MossdeepCity_SpaceCenter_2F_Text_DoesMagmaWantToGoToSpace,data/maps/MossdeepCity_SpaceCenter_2F/scripts.inc,interaction,main_story,yes,Resolved source reference,MossdeepCity_SpaceCenter_2F_EventScript_RichBoyMagma,,,mandatory,high,
dlg_70357e86f6ea09df,MossdeepCity_SpaceCenter_2F_Text_YoureOutnumberedTakeUsOn,data/maps/MossdeepCity_SpaceCenter_2F/scripts.inc,interaction,main_story,yes,Resolved source reference,MossdeepCity_SpaceCenter_2F_EventScript_ThreeMagmaGrunts,,,mandatory,high,
dlg_0d1adf3d7c53be63,MossdeepCity_SpaceCenter_2F_Text_GoodAnswer,data/maps/MossdeepCity_SpaceCenter_2F/scripts.inc,interaction,main_story,yes,Resolved source reference,MossdeepCity_SpaceCenter_2F_EventScript_ThreeMagmaGrunts,,,mandatory,high,
dlg_8199f6fe43038be0,MossdeepCity_SpaceCenter_2F_Text_Grunt5Intro,data/maps/MossdeepCity_SpaceCenter_2F/scripts.inc,interaction,main_story,yes,Resolved source reference,MossdeepCity_SpaceCenter_2F_EventScript_BattleThreeMagmaGrunts,,,mandatory,high,
dlg_abc5b37215d62d43,MossdeepCity_SpaceCenter_2F_Text_Grunt6Intro,data/maps/MossdeepCity_SpaceCenter_2F/scripts.inc,interaction,main_story,yes,Resolved source reference,MossdeepCity_SpaceCenter_2F_EventScript_BattleThreeMagmaGrunts,,,mandatory,high,
dlg_18051728da20cef1,MossdeepCity_SpaceCenter_2F_Text_Grunt7Intro,data/maps/MossdeepCity_SpaceCenter_2F/scripts.inc,interaction,main_story,yes,Resolved source reference,MossdeepCity_SpaceCenter_2F_EventScript_BattleThreeMagmaGrunts,,,mandatory,high,
dlg_9bb71a44ed8e9cc8,MossdeepCity_SpaceCenter_2F_Text_MaxieDontInterfere,data/maps/MossdeepCity_SpaceCenter_2F/scripts.inc,interaction,main_story,yes,Resolved source reference,MossdeepCity_SpaceCenter_2F_EventScript_Maxie,,,mandatory,high,
dlg_fad0e7d043c9af8c,MossdeepCity_SpaceCenter_2F_Text_StevenWhyStealRocketFuel,data/maps/MossdeepCity_SpaceCenter_2F/scripts.inc,interaction,main_story,yes,Resolved source reference,MossdeepCity_SpaceCenter_2F_EventScript_Steven,,,mandatory,high,
dlg_220e2ebc787a03bc,MossdeepCity_SpaceCenter_2F_Text_MaxieUseFuelToEruptVolcano,data/maps/MossdeepCity_SpaceCenter_2F/scripts.inc,interaction,main_story,yes,Resolved source reference,MossdeepCity_SpaceCenter_2F_EventScript_Steven,,,mandatory,high,
dlg_104f959b73f4cfdb,MossdeepCity_SpaceCenter_2F_Text_MaxieWeFailedIsAquaAlsoMisguided,data/maps/MossdeepCity_SpaceCenter_2F/scripts.inc,interaction,main_story,yes,Resolved source reference,MossdeepCity_SpaceCenter_2F_EventScript_DefeatedMaxieTabitha,,,mandatory,high,
dlg_1d1b84c3dd049a67,MossdeepCity_SpaceCenter_2F_Text_MaxieWeWillGiveUp,data/maps/MossdeepCity_SpaceCenter_2F/scripts.inc,interaction,main_story,yes,Resolved source reference,MossdeepCity_SpaceCenter_2F_EventScript_DefeatedMaxieTabitha,,,mandatory,high,
dlg_63d0a5b1cfa2160d,MossdeepCity_SpaceCenter_2F_Text_StevenThankYouComeSeeMeAtHome,data/maps/MossdeepCity_SpaceCenter_2F/scripts.inc,interaction,main_story,yes,Resolved source reference,MossdeepCity_SpaceCenter_2F_EventScript_DefeatedMaxieTabitha,,,mandatory,high,
dlg_ed68ce020b1d6ba1,MtChimney_Text_MeteoriteWillActivateVolcano,data/maps/MtChimney/scripts.inc,main_story,main_story,yes,Resolved source reference,MtChimney_EventScript_Maxie,,,mandatory,high,
dlg_e5fe9110f8a82454,MtChimney_Text_MaxieIntro,data/maps/MtChimney/scripts.inc,main_story,main_story,yes,Resolved source reference,MtChimney_EventScript_Maxie,,,mandatory,high,
dlg_c134f6ae42e00d98,MtChimney_Text_MaxieDefeat,data/maps/MtChimney/scripts.inc,main_story,excluded_candidate,no,Explicit false-positive rule or no mandatory script evidence,,,,excluded,medium,
dlg_6d5968a287374b4b,MtChimney_Text_MaxieYouHaventSeenLastOfMagma,data/maps/MtChimney/scripts.inc,main_story,main_story,yes,Resolved source reference,MtChimney_EventScript_Maxie,,,mandatory,high,
dlg_1ceb8f2bfa0b16f9,MtChimney_Text_TabithaIntro,data/maps/MtChimney/scripts.inc,main_story,excluded_candidate,no,Explicit false-positive rule or no mandatory script evidence,,,,excluded,medium,
dlg_ac88dbe1f02464a9,MtChimney_Text_TabithaDefeat,data/maps/MtChimney/scripts.inc,main_story,excluded_candidate,no,Explicit false-positive rule or no mandatory script evidence,,,,excluded,medium,
dlg_669127cbcde00209,MtChimney_Text_TabithaPostBattle,data/maps/MtChimney/scripts.inc,main_story,excluded_candidate,no,Explicit false-positive rule or no mandatory script evidence,,,,excluded,medium,
dlg_eab7a56b0df38c8b,MtChimney_Text_Grunt2Intro,data/maps/MtChimney/scripts.inc,main_story,excluded_candidate,no,Explicit false-positive rule or no mandatory script evidence,,,,excluded,medium,
dlg_80334d6a55280f73,MtChimney_Text_Grunt2Defeat,data/maps/MtChimney/scripts.inc,main_story,excluded_candidate,no,Explicit false-positive rule or no mandatory script evidence,,,,excluded,medium,
dlg_37631e945edafd2c,MtChimney_Text_Grunt2PostBattle,data/maps/MtChimney/scripts.inc,main_story,excluded_candidate,no,Explicit false-positive rule or no mandatory script evidence,,,,excluded,medium,
dlg_4643adc5b0ab932b,MtChimney_Text_Grunt1Intro,data/maps/MtChimney/scripts.inc,main_story,excluded_candidate,no,Explicit false-positive rule or no mandatory script evidence,,,,excluded,medium,
dlg_49c6872b2652a838,MtChimney_Text_Grunt1Defeat,data/maps/MtChimney/scripts.inc,main_story,excluded_candidate,no,Explicit false-positive rule or no mandatory script evidence,,,,excluded,medium,
dlg_9083552880db8ac5,MtChimney_Text_Grunt1PostBattle,data/maps/MtChimney/scripts.inc,main_story,excluded_candidate,no,Explicit false-positive rule or no mandatory script evidence,,,,excluded,medium,
dlg_986824b3b8a6bccb,MtChimney_Text_TeamAquaAlwaysMessingWithPlans,data/maps/MtChimney/scripts.inc,main_story,excluded_candidate,no,Explicit false-positive rule or no mandatory script evidence,,,,excluded,medium,
dlg_a860538684a68d8c,MtChimney_Text_MeteoritesPackAmazingPower,data/maps/MtChimney/scripts.inc,main_story,excluded_candidate,no,Explicit false-positive rule or no mandatory script evidence,,,,excluded,medium,
dlg_ce55fa82c8f7da4e,MtChimney_Text_YouBetterNotMessWithUs,data/maps/MtChimney/scripts.inc,main_story,excluded_candidate,no,Explicit false-positive rule or no mandatory script evidence,,,,excluded,medium,
dlg_d36666875ae0f66a,MtChimney_Text_AquasNameSimilar,data/maps/MtChimney/scripts.inc,main_story,excluded_candidate,no,Explicit false-positive rule or no mandatory script evidence,,,,excluded,medium,
dlg_daa8da81d3b81e72,MtChimney_Text_DouseThemInFire,data/maps/MtChimney/scripts.inc,main_story,excluded_candidate,no,Explicit false-positive rule or no mandatory script evidence,,,,excluded,medium,
dlg_9e0eaa0c8ac628ef,MtChimney_Text_KeepMakingMoreLand,data/maps/MtChimney/scripts.inc,main_story,excluded_candidate,no,Explicit false-positive rule or no mandatory script evidence,,,,excluded,medium,
dlg_c0c2759005a49289,MtChimney_Text_Bufoh,data/maps/MtChimney/scripts.inc,main_story,excluded_candidate,no,Explicit false-positive rule or no mandatory script evidence,,,,excluded,medium,
dlg_3a084ac6783a9ce7,MtChimney_Text_ArchieGoStopTeamMagma,data/maps/MtChimney/scripts.inc,main_story,main_story,yes,Resolved source reference,MtChimney_EventScript_ArchieGoStopTeamMagma,,,mandatory,high,
dlg_3e2b11896ebb1637,MtChimney_Text_ArchieIHaveMyHandsFull,data/maps/MtChimney/scripts.inc,main_story,main_story,yes,Resolved source reference,MtChimney_EventScript_ArchieBusyFighting,,,mandatory,high,
dlg_31d1999313c6eb44,MtChimney_Text_ArchieThankYou,data/maps/MtChimney/scripts.inc,main_story,main_story,yes,Resolved source reference,MtChimney_EventScript_Maxie,,,mandatory,high,
dlg_1bd4e1960302c4b2,MtChimney_Text_MagmaOutnumbersUs,data/maps/MtChimney/scripts.inc,main_story,excluded_candidate,no,Explicit false-positive rule or no mandatory script evidence,,,,excluded,medium,
dlg_ebe3ab981296a9df,MtChimney_Text_LessHabitatForWaterPokemon,data/maps/MtChimney/scripts.inc,main_story,excluded_candidate,no,Explicit false-positive rule or no mandatory script evidence,,,,excluded,medium,
dlg_0bf06ecb62921e4c,MtChimney_Text_MagmasNameSimilar,data/maps/MtChimney/scripts.inc,main_story,excluded_candidate,no,Explicit false-positive rule or no mandatory script evidence,,,,excluded,medium,
dlg_5c5fe2d5915812e8,MtChimney_Text_Bushaa,data/maps/MtChimney/scripts.inc,main_story,excluded_candidate,no,Explicit false-positive rule or no mandatory script evidence,,,,excluded,medium,
dlg_671b8c077e245297,MtChimney_Text_LavaCookiesJust200,data/maps/MtChimney/scripts.inc,main_story,excluded_candidate,no,Explicit false-positive rule or no mandatory script evidence,,,,excluded,medium,
dlg_3a9e7dda4ca6ab00,MtChimney_Text_ThankYouDear,data/maps/MtChimney/scripts.inc,main_story,excluded_candidate,no,Explicit false-positive rule or no mandatory script evidence,,,,excluded,medium,
dlg_03c9dc8d56b10234,MtChimney_Text_YouveNotGotTheMoney,data/maps/MtChimney/scripts.inc,main_story,excluded_candidate,no,Explicit false-positive rule or no mandatory script evidence,,,,excluded,medium,
dlg_fb4ad8291ca6ff0e,MtChimney_Text_OhFineThen,data/maps/MtChimney/scripts.inc,main_story,excluded_candidate,no,Explicit false-positive rule or no mandatory script evidence,,,,excluded,medium,
dlg_1357e522aad938f9,MtChimney_Text_MeteoriteFittedOnMachine,data/maps/MtChimney/scripts.inc,main_story,excluded_candidate,no,Explicit false-positive rule or no mandatory script evidence,,,,excluded,medium,
dlg_7be0051cc759f947,MtChimney_Text_RemoveTheMeteorite,data/maps/MtChimney/scripts.inc,main_story,optional_interaction,no,Optional refusal or repeatable object branch.,,,,excluded,high,
dlg_42c985b1510208be,MtChimney_Text_PlayerRemovedMeteorite,data/maps/MtChimney/scripts.inc,main_story,main_story,yes,Resolved source reference,MtChimney_EventScript_MeteoriteMachine,,,mandatory,high,
dlg_525bad52ad5b4dac,MtChimney_Text_PlayerLeftMeteorite,data/maps/MtChimney/scripts.inc,main_story,optional_interaction,no,Optional refusal or repeatable object branch.,,,,excluded,high,
dlg_554870797a5f0166,MtChimney_Text_MachineMakesNoResponse,data/maps/MtChimney/scripts.inc,main_story,excluded_candidate,no,Explicit false-positive rule or no mandatory script evidence,,,,excluded,medium,
dlg_de3225458f010395,MtChimney_Text_RouteSign,data/maps/MtChimney/scripts.inc,main_story,excluded_candidate,no,Explicit false-positive rule or no mandatory script evidence,,,,excluded,medium,
dlg_6602d5e9352f361f,MtChimney_Text_ShelbyIntro,data/maps/MtChimney/scripts.inc,main_story,excluded_candidate,no,Explicit false-positive rule or no mandatory script evidence,,,,excluded,medium,
dlg_4c833b7e8b0f1052,MtChimney_Text_ShelbyDefeat,data/maps/MtChimney/scripts.inc,main_story,excluded_candidate,no,Explicit false-positive rule or no mandatory script evidence,,,,excluded,medium,
dlg_5cb2b102ddef9731,MtChimney_Text_ShelbyPostBattle,data/maps/MtChimney/scripts.inc,main_story,excluded_candidate,no,Explicit false-positive rule or no mandatory script evidence,,,,excluded,medium,
dlg_ea4f8d5344dd4e95,MtChimney_Text_ShelbyRegister,data/maps/MtChimney/scripts.inc,main_story,excluded_candidate,no,Explicit false-positive rule or no mandatory script evidence,,,,excluded,medium,
dlg_4d9f0c9f1519c9a0,MtChimney_Text_ShelbyRematchIntro,data/maps/MtChimney/scripts.inc,main_story,optional_npc,no,Explicit false-positive rule or no mandatory script evidence,,,,excluded,high,
dlg_e84b07c7e08982ab,MtChimney_Text_ShelbyRematchDefeat,data/maps/MtChimney/scripts.inc,main_story,optional_npc,no,Explicit false-positive rule or no mandatory script evidence,,,,excluded,high,
dlg_d5335663f341f9d5,MtChimney_Text_ShelbyPostRematch,data/maps/MtChimney/scripts.inc,main_story,optional_npc,no,Explicit false-positive rule or no mandatory script evidence,,,,excluded,high,
dlg_b4796cc7b0c88e45,MtChimney_Text_MelissaIntro,data/maps/MtChimney/scripts.inc,main_story,excluded_candidate,no,Explicit false-positive rule or no mandatory script evidence,,,,excluded,medium,
dlg_8acb911c596d697b,MtChimney_Text_MelissaDefeat,data/maps/MtChimney/scripts.inc,main_story,excluded_candidate,no,Explicit false-positive rule or no mandatory script evidence,,,,excluded,medium,
dlg_04e32c2ed7d58eb7,MtChimney_Text_MelissaPostBattle,data/maps/MtChimney/scripts.inc,main_story,excluded_candidate,no,Explicit false-positive rule or no mandatory script evidence,,,,excluded,medium,
dlg_daccf8f2a49a4aa8,MtChimney_Text_SheilaIntro,data/maps/MtChimney/scripts.inc,main_story,excluded_candidate,no,Explicit false-positive rule or no mandatory script evidence,,,,excluded,medium,
dlg_c877085585a46eef,MtChimney_Text_SheilaDefeat,data/maps/MtChimney/scripts.inc,main_story,excluded_candidate,no,Explicit false-positive rule or no mandatory script evidence,,,,excluded,medium,
dlg_3f84d4fb6ff19c9b,MtChimney_Text_SheilaPostBattle,data/maps/MtChimney/scripts.inc,main_story,excluded_candidate,no,Explicit false-positive rule or no mandatory script evidence,,,,excluded,medium,
dlg_d812ca0fbb1a7936,MtChimney_Text_ShirleyIntro,data/maps/MtChimney/scripts.inc,main_story,excluded_candidate,no,Explicit false-positive rule or no mandatory script evidence,,,,excluded,medium,
dlg_f0711698868fc168,MtChimney_Text_ShirleyDefeat,data/maps/MtChimney/scripts.inc,main_story,excluded_candidate,no,Explicit false-positive rule or no mandatory script evidence,,,,excluded,medium,
dlg_51e2d3da1f7bfdb6,MtChimney_Text_ShirleyPostBattle,data/maps/MtChimney/scripts.inc,main_story,excluded_candidate,no,Explicit false-positive rule or no mandatory script evidence,,,,excluded,medium,
dlg_cd7bf46f72e96a93,MtChimney_Text_SawyerIntro,data/maps/MtChimney/scripts.inc,main_story,excluded_candidate,no,Explicit false-positive rule or no mandatory script evidence,,,,excluded,medium,
dlg_8363de9efe8cc8ff,MtChimney_Text_SawyerDefeat,data/maps/MtChimney/scripts.inc,main_story,excluded_candidate,no,Explicit false-positive rule or no mandatory script evidence,,,,excluded,medium,
dlg_17ebdcbdf1abaa9a,MtChimney_Text_SawyerPostBattle,data/maps/MtChimney/scripts.inc,main_story,excluded_candidate,no,Explicit false-positive rule or no mandatory script evidence,,,,excluded,medium,
dlg_7346074e0447b18c,MtChimney_Text_SawyerRegister,data/maps/MtChimney/scripts.inc,main_story,excluded_candidate,no,Explicit false-positive rule or no mandatory script evidence,,,,excluded,medium,
dlg_eb942cdd3b08db03,MtChimney_Text_SawyerRematchIntro,data/maps/MtChimney/scripts.inc,main_story,optional_npc,no,Explicit false-positive rule or no mandatory script evidence,,,,excluded,high,
dlg_ee14859bee3bebeb,MtChimney_Text_SawyerRematchDefeat,data/maps/MtChimney/scripts.inc,main_story,optional_npc,no,Explicit false-positive rule or no mandatory script evidence,,,,excluded,high,
dlg_7c8fa46c1923a6dd,MtChimney_Text_SawyerPostRematch,data/maps/MtChimney/scripts.inc,main_story,optional_npc,no,Explicit false-positive rule or no mandatory script evidence,,,,excluded,high,
dlg_7476af84e7c6e5d6,MtChimney_CableCarStation_Text_CableCarReadyGetOn,data/maps/MtChimney_CableCarStation/scripts.inc,main_story,excluded_candidate,no,Explicit false-positive rule or no mandatory script evidence,,,,excluded,medium,
dlg_e42d1c0db427842d,MtChimney_CableCarStation_Text_StepThisWay,data/maps/MtChimney_CableCarStation/scripts.inc,main_story,excluded_candidate,no,Explicit false-positive rule or no mandatory script evidence,,,,excluded,medium,
dlg_61912d9164ce549c,MtChimney_CableCarStation_Text_RideAnotherTime,data/maps/MtChimney_CableCarStation/scripts.inc,main_story,excluded_candidate,no,Explicit false-positive rule or no mandatory script evidence,,,,excluded,medium,
dlg_d918d79168cfccf1,MtPyre_Summit_Text_ArchieWeGotTheOrbLetsGo,data/maps/MtPyre_Summit/scripts.inc,optional_npc,main_story,yes,Resolved source reference,MtPyre_Summit_EventScript_TeamAquaExits,,,mandatory,high,
dlg_3e6adbb836d10aa0,MtPyre_Summit_Text_BothOrbsTakenMagmaLeftThis,data/maps/MtPyre_Summit/scripts.inc,optional_npc,main_story,yes,Resolved source reference,MtPyre_Summit_EventScript_TeamAquaExits,,,mandatory,high,
dlg_735f1ef23f4ce480,MtPyre_Summit_Text_ThoseTwoMenReturnedOrbs,data/maps/MtPyre_Summit/scripts.inc,optional_npc,main_story,yes,Resolved source reference,MtPyre_Summit_EventScript_OldLadyOrbsReturned,,,mandatory,high,
dlg_99952122a38c4d6b,MtPyre_Summit_Text_SuperAncientPokemonTaughtUs,data/maps/MtPyre_Summit/scripts.inc,optional_npc,main_story,yes,Resolved source reference,MtPyre_Summit_EventScript_OldLadyAfterOrbsReturned,,,mandatory,high,
dlg_e5b724b2524196f4,MtPyre_Summit_Text_MaxieSilence,data/maps/MtPyre_Summit/scripts.inc,optional_npc,main_story,yes,Resolved source reference,MtPyre_Summit_EventScript_ArchieMaxieReturnOrbs,,,mandatory,high,
dlg_c4cce4dd46dea55a,PacifidlogTown_Text_SkyPillarTooScary,data/maps/PacifidlogTown/scripts.inc,main_story,excluded_candidate,no,Explicit false-positive rule or no mandatory script evidence,,,,excluded,medium,
dlg_f7f989a1a6ff5a66,PetalburgCity_Gym_Text_DadYoureHereWithYourPokemon,data/maps/PetalburgCity_Gym/scripts.inc,optional_npc,main_story,yes,Resolved source reference,PetalburgCity_Gym_EventScript_Norman,,,mandatory,high,
dlg_494a02b492be76e5,PetalburgCity_Gym_Text_WallyIdLikeAPokemon,data/maps/PetalburgCity_Gym/scripts.inc,optional_npc,main_story,yes,Resolved source reference,PetalburgCity_Gym_EventScript_BeginWallyTutorial,,,mandatory,high,
dlg_20ec25c2eaea2190,PetalburgCity_Gym_Text_DadOhYoureWallyRight,data/maps/PetalburgCity_Gym/scripts.inc,optional_npc,main_story,yes,Resolved source reference,PetalburgCity_Gym_EventScript_BeginWallyTutorial,,,mandatory,high,
dlg_f98cda4ae5188207,PetalburgCity_Gym_Text_WallyIveNeverCaughtAPokemon,data/maps/PetalburgCity_Gym/scripts.inc,optional_npc,main_story,yes,Resolved source reference,PetalburgCity_Gym_EventScript_BeginWallyTutorial,,,mandatory,high,
dlg_28c0bea6f705559a,PetalburgCity_Gym_Text_DadHmISee,data/maps/PetalburgCity_Gym/scripts.inc,optional_npc,main_story,yes,Resolved source reference,PetalburgCity_Gym_EventScript_BeginWallyTutorial,,,mandatory,high,
dlg_c91c18103becdb2f,PetalburgCity_Gym_Text_DadPlayerGoWithWally,data/maps/PetalburgCity_Gym/scripts.inc,optional_npc,main_story,yes,Resolved source reference,PetalburgCity_Gym_EventScript_BeginWallyTutorial,,,mandatory,high,
dlg_eead62b58595e8b5,PetalburgCity_Gym_Text_IllLoanYouMyZigzagoon,data/maps/PetalburgCity_Gym/scripts.inc,optional_npc,main_story,yes,Resolved source reference,PetalburgCity_Gym_EventScript_BeginWallyTutorial,,,mandatory,high,
dlg_16e7448d926be3cf,PetalburgCity_Gym_Text_WallyThankYouAndDadGivesPokeBall,data/maps/PetalburgCity_Gym/scripts.inc,optional_npc,main_story,yes,Resolved source reference,PetalburgCity_Gym_EventScript_BeginWallyTutorial,,,mandatory,high,
dlg_31f4283f58f635f0,PetalburgCity_Gym_Text_WallyOhWowThankYou,data/maps/PetalburgCity_Gym/scripts.inc,optional_npc,main_story,yes,Resolved source reference,PetalburgCity_Gym_EventScript_BeginWallyTutorial,,,mandatory,high,
dlg_e60a3d620dc03986,PetalburgCity_Gym_Text_WouldYouReallyComeWithMe,data/maps/PetalburgCity_Gym/scripts.inc,optional_npc,main_story,yes,Resolved source reference,PetalburgCity_Gym_EventScript_BeginWallyTutorial,,,mandatory,high,
dlg_33f6361195064148,PetalburgCity_Gym_Text_DadSoDidItWorkOut,data/maps/PetalburgCity_Gym/scripts.inc,optional_npc,main_story,yes,Resolved source reference,PetalburgCity_Gym_EventScript_ReturnFromWallyTutorial,,,mandatory,high,
dlg_5a8bd4e5faf57436,PetalburgCity_Gym_Text_WallyThankYouBye,data/maps/PetalburgCity_Gym/scripts.inc,optional_npc,main_story,yes,Resolved source reference,PetalburgCity_Gym_EventScript_ReturnFromWallyTutorial,,,mandatory,high,
dlg_01331361d491fc05,PetalburgCity_Gym_Text_DadGoCollectBadges,data/maps/PetalburgCity_Gym/scripts.inc,optional_npc,main_story,yes,Resolved source reference,PetalburgCity_Gym_EventScript_ReturnFromWallyTutorial,,,mandatory,high,
dlg_2833d41c93d5f47b,PetalburgCity_Gym_Text_NormanGoToRustboro,data/maps/PetalburgCity_Gym/scripts.inc,optional_npc,main_story,yes,Resolved source reference,PetalburgCity_Gym_EventScript_NormanNoBadges,,,mandatory,high,
dlg_52b66c5569e850e3,PetalburgCity_Gym_Text_NormanGoToDewford,data/maps/PetalburgCity_Gym/scripts.inc,optional_npc,main_story,yes,Resolved source reference,PetalburgCity_Gym_EventScript_NormanOneBadge,,,mandatory,high,
dlg_341cabcfb47a1d38,PetalburgCity_Gym_Text_YouHaveGottenStronger,data/maps/PetalburgCity_Gym/scripts.inc,optional_npc,main_story,yes,Resolved source reference,PetalburgCity_Gym_EventScript_NormanTwoBadges,,,mandatory,high,
dlg_b1dbf403a97f2f0c,PetalburgCity_Gym_Text_NormanIntro,data/maps/PetalburgCity_Gym/scripts.inc,optional_npc,main_story,yes,Resolved source reference,PetalburgCity_Gym_EventScript_NormanBattle,,,mandatory,high,
dlg_02937a0c67770c8c,PetalburgCity_Gym_Text_ReceivedBalanceBadge,data/maps/PetalburgCity_Gym/scripts.inc,optional_npc,main_story,yes,Resolved source reference,PetalburgCity_Gym_EventScript_NormanBattle,,,mandatory,high,
dlg_1349dbfc0225bf7b,PetalburgCity_Gym_Text_ExplainBalanceBadgeTakeThis,data/maps/PetalburgCity_Gym/scripts.inc,optional_npc,main_story,yes,Resolved source reference,PetalburgCity_Gym_EventScript_NormanBattle,,,mandatory,high,
dlg_5ffaf85215a0f479,PetalburgCity_Gym_Text_ExplainFacade,data/maps/PetalburgCity_Gym/scripts.inc,optional_npc,main_story,yes,Resolved source reference,PetalburgCity_Gym_EventScript_GiveFacade,,,mandatory,high,
dlg_189afa7d715ce58f,PetalburgCity_Gym_Text_DadHappyAndSad,data/maps/PetalburgCity_Gym/scripts.inc,optional_npc,main_story,yes,Resolved source reference,PetalburgCity_Gym_EventScript_NormanBattle,,,mandatory,high,
dlg_ca804248caf18a66,PetalburgCity_Gym_Text_PleaseComeWithMe,data/maps/PetalburgCity_Gym/scripts.inc,optional_npc,main_story,yes,Resolved source reference,PetalburgCity_Gym_EventScript_WallysDadArrives,,,mandatory,high,
dlg_258c92ca2f19d536,PetalburgCity_Gym_Text_LetMeBorrowPlayer,data/maps/PetalburgCity_Gym/scripts.inc,optional_npc,main_story,yes,Resolved source reference,PetalburgCity_Gym_EventScript_WallysDadArrives,,,mandatory,high,
dlg_a4dd4d5adc4061ee,PetalburgCity_Gym_Text_DadGoingToKeepTraining,data/maps/PetalburgCity_Gym/scripts.inc,optional_npc,main_story,yes,Resolved source reference,PetalburgCity_Gym_EventScript_NormanPostBattle,,,mandatory,high,
dlg_d038215dadb1f46d,PetalburgCity_Gym_Text_RandallPostBadge,data/maps/PetalburgCity_Gym/scripts.inc,optional_npc,trainer,no,Optional trainer dialogue after earning a badge.,,,,excluded,high,
dlg_aaffd3fe4be93bdc,PetalburgCity_Gym_Text_ParkerPostBadge,data/maps/PetalburgCity_Gym/scripts.inc,optional_npc,trainer,no,Optional trainer dialogue after earning a badge.,,,,excluded,high,
dlg_9263459ef1844c7d,PetalburgCity_Gym_Text_GeorgePostBadge,data/maps/PetalburgCity_Gym/scripts.inc,optional_npc,trainer,no,Optional trainer dialogue after earning a badge.,,,,excluded,high,
dlg_2286d333d258c698,PetalburgCity_Gym_Text_BerkePostBadge,data/maps/PetalburgCity_Gym/scripts.inc,optional_npc,trainer,no,Optional trainer dialogue after earning a badge.,,,,excluded,high,
dlg_53d1fa360954826e,PetalburgCity_Gym_Text_MaryPostBadge,data/maps/PetalburgCity_Gym/scripts.inc,optional_npc,trainer,no,Optional trainer dialogue after earning a badge.,,,,excluded,high,
dlg_32cd10dd7c21b76c,PetalburgCity_Gym_Text_AlexiaPostBadge,data/maps/PetalburgCity_Gym/scripts.inc,optional_npc,trainer,no,Optional trainer dialogue after earning a badge.,,,,excluded,high,
dlg_231ecaf81311c515,PetalburgCity_Gym_Text_JodyPostBadge,data/maps/PetalburgCity_Gym/scripts.inc,optional_npc,trainer,no,Optional trainer dialogue after earning a badge.,,,,excluded,high,
dlg_37eca4879919da3d,PetalburgCity_Gym_Text_EnterGymLeadersRoom,data/maps/PetalburgCity_Gym/scripts.inc,main_story,excluded_candidate,no,Explicit false-positive rule or no mandatory script evidence,,,,excluded,medium,
dlg_3f86ce75f3c4dfcd,PetalburgCity_House2_Text_NormanBecameGymLeader,data/maps/PetalburgCity_House2/scripts.inc,main_story,excluded_candidate,no,Explicit false-positive rule or no mandatory script evidence,,,,excluded,medium,
dlg_336e8108b12b0684,PetalburgWoods_Text_NoOneCrossesTeamAqua,data/maps/PetalburgWoods/scripts.inc,main_story,excluded_candidate,no,Explicit false-positive rule or no mandatory script evidence,,,,excluded,medium,
dlg_0a3cb3b6b3608ab9,PetalburgWoods_Text_TeamAquaAfterSomethingInRustboro,data/maps/PetalburgWoods/scripts.inc,main_story,excluded_candidate,no,Explicit false-positive rule or no mandatory script evidence,,,,excluded,medium,
dlg_a3524918d5d08235,Route101_Text_HelpMe,data/maps/Route101/scripts.inc,optional_npc,main_story,yes,Resolved source reference,Route101_EventScript_StartBirchRescue,,,mandatory,high,
dlg_45ae69cb30f2cd90,Route101_Text_PleaseHelp,data/maps/Route101/scripts.inc,optional_npc,main_story,yes,Resolved source reference,Route101_EventScript_StartBirchRescue,,,mandatory,high,
dlg_df2e8d10a02d0a58,Route101_Text_YouSavedMe,data/maps/Route101/scripts.inc,optional_npc,main_story,yes,Resolved source reference,Route101_EventScript_BirchsBag,,,mandatory,high,
dlg_302bf4be4220a361,Route103_Text_MayRoute103Pokemon,data/maps/Route103/scripts.inc,optional_npc,main_story,yes,Resolved source reference,Route103_EventScript_RivalMay,,,mandatory,high,
dlg_31e833de1ea33667,Route103_Text_MayLetsBattle,data/maps/Route103/scripts.inc,battle,main_story,yes,Resolved source reference,Route103_EventScript_RivalMay,,,mandatory,high,
dlg_1ba2a80d63962ccb,Route103_Text_MayTimeToHeadBack,data/maps/Route103/scripts.inc,optional_npc,main_story,yes,Resolved source reference,Route103_EventScript_AfterMayBattle,,,mandatory,high,
dlg_1d2c85c3dd45b39f,Route103_Text_BrendanRoute103Pokemon,data/maps/Route103/scripts.inc,optional_npc,main_story,yes,Resolved source reference,Route103_EventScript_RivalBrendan,,,mandatory,high,
dlg_a2a36d33d4e71a0c,Route103_Text_BrendanLetsBattle,data/maps/Route103/scripts.inc,battle,main_story,yes,Resolved source reference,Route103_EventScript_RivalBrendan,,,mandatory,high,
dlg_5ba654e578399a89,Route103_Text_BrendanTimeToHeadBack,data/maps/Route103/scripts.inc,optional_npc,main_story,yes,Resolved source reference,Route103_EventScript_AfterBrendanBattle,,,mandatory,high,
dlg_59680c8db999e859,Route104_MrBrineysHouse_Text_WaitUpPeeko,data/maps/Route104_MrBrineysHouse/scripts.inc,optional_npc,main_story,yes,Resolved source reference,Route104_MrBrineysHouse_EventScript_SailingIntro,,,mandatory,high,
dlg_8b8f8c1d77b9c2c7,Route104_MrBrineysHouse_Text_ItsYouLetsSailToDewford,data/maps/Route104_MrBrineysHouse/scripts.inc,optional_npc,main_story,yes,Resolved source reference,Route104_MrBrineysHouse_EventScript_SailingIntro,,,mandatory,high,
dlg_7eaad53685c1854a,Route104_MrBrineysHouse_Text_SetSailForDewford,data/maps/Route104_MrBrineysHouse/scripts.inc,optional_npc,main_story,yes,Resolved source reference,Route104_MrBrineysHouse_EventScript_SailToDewford,,,mandatory,high,
dlg_5a21047689f2dce8,Route104_MrBrineysHouse_Text_NeedToMakeDeliveriesSailToDewford,data/maps/Route104_MrBrineysHouse/scripts.inc,optional_npc,main_story,yes,Resolved source reference,Route104_MrBrineysHouse_EventScript_SailBothDeliveries,,,mandatory,high,
dlg_4fedb8a481fa3e6c,Route104_MrBrineysHouse_Text_NeedToDeliverPackageSailToDewford,data/maps/Route104_MrBrineysHouse/scripts.inc,optional_npc,main_story,yes,Resolved source reference,Route104_MrBrineysHouse_EventScript_SailDeliverPackage,,,mandatory,high,
dlg_04c7cae5fe4d0a1a,Route104_MrBrineysHouse_Text_WhereAreWeBound,data/maps/Route104_MrBrineysHouse/scripts.inc,optional_npc,optional_interaction,no,Repeatable or optional transport interaction.,,,,excluded,high,
dlg_f5e6d44aaa15637e,Route104_MrBrineysHouse_Text_Peeko,data/maps/Route104_MrBrineysHouse/scripts.inc,optional_npc,optional_interaction,no,Repeatable or optional transport interaction.,,,,excluded,high,
dlg_28a099c0293fe293,Route110_Text_MayLetsBattle,data/maps/Route110/scripts.inc,battle,main_story,yes,Resolved source reference,Route110_EventScript_MayBattle,,,mandatory,high,
dlg_1d20082a3ecc7ddc,Route110_Text_MayTakeThis,data/maps/Route110/scripts.inc,optional_npc,main_story,yes,Resolved source reference,Route110_EventScript_MayDefeated,,,mandatory,high,
dlg_871ba96348530430,Route110_Text_MayExplainItemfinder,data/maps/Route110/scripts.inc,optional_npc,main_story,yes,Resolved source reference,Route110_EventScript_MayDefeated,,,mandatory,high,
dlg_fd31a8d537ec357f,Route110_Text_BrendanLetsBattle,data/maps/Route110/scripts.inc,battle,main_story,yes,Resolved source reference,Route110_EventScript_BrendanBattle,,,mandatory,high,
dlg_d3ccced86c75df3a,Route110_Text_BrendanTakeThis,data/maps/Route110/scripts.inc,optional_npc,main_story,yes,Resolved source reference,Route110_EventScript_BrendanDefeated,,,mandatory,high,
dlg_d281b79c13882f2a,Route110_Text_BrendanExplainItemfinder,data/maps/Route110/scripts.inc,optional_npc,main_story,yes,Resolved source reference,Route110_EventScript_BrendanDefeated,,,mandatory,high,
dlg_8b0efa97a96d7d5f,Route112_Text_MtChimneyCableCarSign,data/maps/Route112/scripts.inc,main_story,excluded_candidate,no,Explicit false-positive rule or no mandatory script evidence,,,,excluded,medium,
dlg_7d3d6b9bc5613a10,Route112_Text_MtChimneySign,data/maps/Route112/scripts.inc,main_story,excluded_candidate,no,Explicit false-positive rule or no mandatory script evidence,,,,excluded,medium,
dlg_c4b5c2d8733698fe,Route116_Text_DiggingTunnelWhenGoonOrderedMeOut,data/maps/Route116/scripts.inc,optional_npc,optional_npc,no,Voluntary clue or flavor NPC dialogue.,,,,excluded,high,
dlg_3d4e49976b73b276,Route116_Text_GoonHightailedItOutOfTunnel,data/maps/Route116/scripts.inc,optional_npc,optional_npc,no,Voluntary clue or flavor NPC dialogue.,,,,excluded,high,
dlg_6eb88bac7205914f,Route116_Text_ThankYouTokenOfAppreciation,data/maps/Route116/scripts.inc,optional_npc,optional_reward,no,Optional item reward outside required progression.,,,,excluded,high,
dlg_e8dd4df584274110,Route116_Text_NewBallAvailableAtMart,data/maps/Route116/scripts.inc,optional_npc,optional_reward,no,Optional item reward outside required progression.,,,,excluded,high,
dlg_019f94a8aef9ea9b,Route119_Text_MayIntro,data/maps/Route119/scripts.inc,optional_npc,main_story,yes,Resolved source reference,Route119_EventScript_BattleMay,,,mandatory,high,
dlg_8f9454ec6b2ac0f0,Route119_Text_MayPresentForYou,data/maps/Route119/scripts.inc,optional_npc,main_story,yes,Resolved source reference,Route119_EventScript_DefeatedMay,,,mandatory,high,
dlg_6be0ed70a0acd49c,Route119_Text_MayExplainFly,data/maps/Route119/scripts.inc,optional_npc,main_story,yes,Resolved source reference,Route119_EventScript_DefeatedMay,,,mandatory,high,
dlg_83a72594b4c34bcc,Route119_Text_BrendanIntro,data/maps/Route119/scripts.inc,optional_npc,main_story,yes,Resolved source reference,Route119_EventScript_BattleBrendan,,,mandatory,high,
dlg_558729c3a49c4cf8,Route119_Text_BrendanIllGiveYouThis,data/maps/Route119/scripts.inc,optional_npc,main_story,yes,Resolved source reference,Route119_EventScript_DefeatedBrendan,,,mandatory,high,
dlg_76bf541ad1e06184,Route119_Text_BrendanExplainFly,data/maps/Route119/scripts.inc,optional_npc,main_story,yes,Resolved source reference,Route119_EventScript_DefeatedBrendan,,,mandatory,high,
dlg_6f04353d49eb36ad,Route119_Text_ScottWayToGoBeSeeingYou,data/maps/Route119/scripts.inc,optional_npc,main_story,yes,Resolved source reference,Route119_EventScript_RivalExitScottArrive,,,mandatory,high,
dlg_9c569fa2dbb39f53,Route119_Text_StayAwayFromWeatherInstitute,data/maps/Route119/scripts.inc,main_story,excluded_candidate,no,Explicit false-positive rule or no mandatory script evidence,,,,excluded,medium,
dlg_d063d7a634fa25c5,Route119_Text_DontGoNearWeatherInstitute,data/maps/Route119/scripts.inc,main_story,excluded_candidate,no,Explicit false-positive rule or no mandatory script evidence,,,,excluded,medium,
dlg_650c1f2ef6216e26,Route119_Text_WeatherInstitute,data/maps/Route119/scripts.inc,main_story,excluded_candidate,no,Explicit false-positive rule or no mandatory script evidence,,,,excluded,medium,
dlg_0cbfafdf4b32af06,Route119_House_Text_RumorAboutCaveOfOrigin,data/maps/Route119_House/scripts.inc,main_story,excluded_candidate,no,Explicit false-positive rule or no mandatory script evidence,,,,excluded,medium,
dlg_c73f5e4346af8ca2,Route119_WeatherInstitute_1F_Text_Grunt1Intro,data/maps/Route119_WeatherInstitute_1F/scripts.inc,main_story,excluded_candidate,no,Explicit false-positive rule or no mandatory script evidence,,,,excluded,medium,
dlg_5bef41ad5852edf2,Route119_WeatherInstitute_1F_Text_Grunt1Defeat,data/maps/Route119_WeatherInstitute_1F/scripts.inc,main_story,excluded_candidate,no,Explicit false-positive rule or no mandatory script evidence,,,,excluded,medium,
dlg_5d357d932a4db8dc,Route119_WeatherInstitute_1F_Text_Grunt1PostBattle,data/maps/Route119_WeatherInstitute_1F/scripts.inc,main_story,trainer,no,Optional trainer post-battle dialogue.,,,,excluded,high,
dlg_43f56d8bc9285473,Route119_WeatherInstitute_1F_Text_Grunt4Intro,data/maps/Route119_WeatherInstitute_1F/scripts.inc,main_story,excluded_candidate,no,Explicit false-positive rule or no mandatory script evidence,,,,excluded,medium,
dlg_7411a92c3001fb84,Route119_WeatherInstitute_1F_Text_Grunt4Defeat,data/maps/Route119_WeatherInstitute_1F/scripts.inc,main_story,excluded_candidate,no,Explicit false-positive rule or no mandatory script evidence,,,,excluded,medium,
dlg_d8b9cba78d230c7b,Route119_WeatherInstitute_1F_Text_Grunt4PostBattle,data/maps/Route119_WeatherInstitute_1F/scripts.inc,main_story,trainer,no,Optional trainer post-battle dialogue.,,,,excluded,high,
dlg_534274fb4e9501fa,Route119_WeatherInstitute_1F_Text_EveryoneWentUpstairs,data/maps/Route119_WeatherInstitute_1F/scripts.inc,main_story,optional_npc,no,Voluntary Weather Institute bystander dialogue.,,,,excluded,high,
dlg_950ce4df6c0e3440,Route119_WeatherInstitute_1F_Text_WowYoureStrong,data/maps/Route119_WeatherInstitute_1F/scripts.inc,main_story,optional_npc,no,Voluntary Weather Institute bystander dialogue.,,,,excluded,high,
dlg_2416410fc73aece1,Route119_WeatherInstitute_1F_Text_ProfStudyingRain,data/maps/Route119_WeatherInstitute_1F/scripts.inc,main_story,optional_npc,no,Voluntary Weather Institute NPC or object interaction.,,,,excluded,high,
dlg_ee4466480bb0622d,Route119_WeatherInstitute_1F_Text_NoticingAbnormalWeather,data/maps/Route119_WeatherInstitute_1F/scripts.inc,main_story,optional_npc,no,Voluntary Weather Institute NPC or object interaction.,,,,excluded,high,
dlg_3d48e6447e079ccf,Route119_WeatherInstitute_1F_Text_WhatWereAquasUpTo,data/maps/Route119_WeatherInstitute_1F/scripts.inc,main_story,optional_npc,no,Voluntary Weather Institute NPC or object interaction.,,,,excluded,high,
dlg_2353cfb220650f85,Route119_WeatherInstitute_1F_Text_TakeRestInBed,data/maps/Route119_WeatherInstitute_1F/scripts.inc,main_story,optional_npc,no,Voluntary Weather Institute NPC or object interaction.,,,,excluded,high,
dlg_1c5b0e95acf54572,Route119_WeatherInstitute_2F_Text_Grunt2Intro,data/maps/Route119_WeatherInstitute_2F/scripts.inc,main_story,excluded_candidate,no,Explicit false-positive rule or no mandatory script evidence,,,,excluded,medium,
dlg_1adf8439da602ee7,Route119_WeatherInstitute_2F_Text_Grunt2Defeat,data/maps/Route119_WeatherInstitute_2F/scripts.inc,main_story,excluded_candidate,no,Explicit false-positive rule or no mandatory script evidence,,,,excluded,medium,
dlg_1aa05a4dfce303a2,Route119_WeatherInstitute_2F_Text_Grunt2PostBattle,data/maps/Route119_WeatherInstitute_2F/scripts.inc,main_story,trainer,no,Optional trainer post-battle dialogue.,,,,excluded,high,
dlg_9b14a4ab4ef1c286,Route119_WeatherInstitute_2F_Text_Grunt3Intro,data/maps/Route119_WeatherInstitute_2F/scripts.inc,main_story,excluded_candidate,no,Explicit false-positive rule or no mandatory script evidence,,,,excluded,medium,
dlg_1806892a0b65f677,Route119_WeatherInstitute_2F_Text_Grunt3Defeat,data/maps/Route119_WeatherInstitute_2F/scripts.inc,main_story,excluded_candidate,no,Explicit false-positive rule or no mandatory script evidence,,,,excluded,medium,
dlg_368ba7cc0c0d2f3a,Route119_WeatherInstitute_2F_Text_Grunt3PostBattle,data/maps/Route119_WeatherInstitute_2F/scripts.inc,main_story,trainer,no,Optional trainer post-battle dialogue.,,,,excluded,high,
dlg_770aceb05e6a4dfd,Route119_WeatherInstitute_2F_Text_Grunt5Intro,data/maps/Route119_WeatherInstitute_2F/scripts.inc,main_story,excluded_candidate,no,Explicit false-positive rule or no mandatory script evidence,,,,excluded,medium,
dlg_edefe97f1640f71b,Route119_WeatherInstitute_2F_Text_Grunt5Defeat,data/maps/Route119_WeatherInstitute_2F/scripts.inc,main_story,excluded_candidate,no,Explicit false-positive rule or no mandatory script evidence,,,,excluded,medium,
dlg_436b93fcd5eb2447,Route119_WeatherInstitute_2F_Text_Grunt5PostBattle,data/maps/Route119_WeatherInstitute_2F/scripts.inc,main_story,trainer,no,Optional trainer post-battle dialogue.,,,,excluded,high,
dlg_7b718f74ecd55148,Route119_WeatherInstitute_2F_Text_ShellyIntro,data/maps/Route119_WeatherInstitute_2F/scripts.inc,main_story,excluded_candidate,no,Explicit false-positive rule or no mandatory script evidence,,,,excluded,medium,
dlg_9732a91aae146075,Route119_WeatherInstitute_2F_Text_ShellyDefeat,data/maps/Route119_WeatherInstitute_2F/scripts.inc,main_story,excluded_candidate,no,Explicit false-positive rule or no mandatory script evidence,,,,excluded,medium,
dlg_13a3152f68944488,Route119_WeatherInstitute_2F_Text_ShellyPostBattle,data/maps/Route119_WeatherInstitute_2F/scripts.inc,main_story,trainer,no,Optional trainer post-battle dialogue.,,,,excluded,high,
dlg_6bc82f96214c6653,Route119_WeatherInstitute_2F_Text_TeamMagmaJustPassedBy,data/maps/Route119_WeatherInstitute_2F/scripts.inc,main_story,main_story,yes,Resolved source reference,Route119_WeatherInstitute_2F_EventScript_ShellyDefeated,,,mandatory,high,
dlg_72d579cc12f30a2d,Route119_WeatherInstitute_2F_Text_WeHaveToHurryToMtPyre,data/maps/Route119_WeatherInstitute_2F/scripts.inc,main_story,main_story,yes,Resolved source reference,Route119_WeatherInstitute_2F_EventScript_ShellyDefeated,,,mandatory,high,
dlg_15b8f87c5174f5d2,Route119_WeatherInstitute_2F_Text_ThanksPleaseTakePokemon,data/maps/Route119_WeatherInstitute_2F/scripts.inc,main_story,main_story,yes,Resolved source reference,Route119_WeatherInstitute_2F_EventScript_ReceiveCastform,,,mandatory,high,
dlg_90fb5c64d2d394de,Route119_WeatherInstitute_2F_Text_NoRoomForPokemon,data/maps/Route119_WeatherInstitute_2F/scripts.inc,main_story,excluded_candidate,no,Explicit false-positive rule or no mandatory script evidence,,,,excluded,medium,
dlg_3949d91512dde4d1,Route119_WeatherInstitute_2F_Text_PlayerReceivedCastform,data/maps/Route119_WeatherInstitute_2F/scripts.inc,main_story,main_story,yes,Resolved source reference,Route119_WeatherInstitute_2F_EventScript_ReceivedCastformFanfare,,,mandatory,high,
dlg_c2d3b191e1781d66,Route119_WeatherInstitute_2F_Text_PokemonChangesWithWeather,data/maps/Route119_WeatherInstitute_2F/scripts.inc,main_story,optional_npc,no,Voluntary Weather Institute NPC or object interaction.,,,,excluded,high,
dlg_995c409b5d2bea2b,Route119_WeatherInstitute_2F_Text_ChangingWeatherRidiculous,data/maps/Route119_WeatherInstitute_2F/scripts.inc,main_story,optional_npc,no,Voluntary Weather Institute NPC or object interaction.,,,,excluded,high,
dlg_ab715d2f2f9af871,Route119_WeatherInstitute_2F_Text_GroudonWeather,data/maps/Route119_WeatherInstitute_2F/scripts.inc,main_story,optional_npc,no,Voluntary Weather Institute NPC or object interaction.,,,,excluded,high,
dlg_f9cf96f99b7eaccb,Route119_WeatherInstitute_2F_Text_KyogreWeather,data/maps/Route119_WeatherInstitute_2F/scripts.inc,main_story,optional_npc,no,Voluntary Weather Institute NPC or object interaction.,,,,excluded,high,
dlg_a7bb72eca9108b95,Route119_WeatherInstitute_2F_Text_NoAbnormalWeather,data/maps/Route119_WeatherInstitute_2F/scripts.inc,main_story,optional_npc,no,Voluntary Weather Institute NPC or object interaction.,,,,excluded,high,
dlg_edeb336fc52d099f,Route120_Text_StevenShowMeYourPower,data/maps/Route120/scripts.inc,optional_npc,main_story,yes,Resolved source reference,Route120_EventScript_StevenBattleKecleon,,,mandatory,high,
dlg_8a26b89ed2ec5faf,Route120_Text_StevenUsedDevonScope,data/maps/Route120/scripts.inc,optional_npc,main_story,yes,Resolved source reference,Route120_EventScript_StevenBattleKecleon,,,mandatory,high,
dlg_972b63a027991002,Route120_Text_StevenGiveDevonScope,data/maps/Route120/scripts.inc,optional_npc,main_story,yes,Resolved source reference,Route120_EventScript_StevenGiveDeconScope,,,mandatory,high,
dlg_2c9ae36316cdc574,Route120_Text_StevenGoodbye,data/maps/Route120/scripts.inc,optional_npc,main_story,yes,Resolved source reference,Route120_EventScript_StevenGiveDeconScope,,,mandatory,high,
dlg_98e1f16605e4b205,Kecleon_Text_SomethingUnseeable,data/maps/Route120/scripts.inc,optional_npc,main_story,yes,Resolved source reference,Route120_EventScript_BridgeKecleon,,,mandatory,high,
dlg_c8bb9628302acdf9,RustboroCity_Text_SneakyLookingManWentAroundCorner,data/maps/RustboroCity/scripts.inc,optional_npc,optional_npc,no,Voluntary clue or flavor NPC dialogue.,,,,excluded,high,
dlg_a3ffcb7ebb04b5d6,RustboroCity_Text_YoureNewAroundHere,data/maps/RustboroCity/scripts.inc,optional_npc,optional_npc,no,Voluntary clue or flavor NPC dialogue.,,,,excluded,high,
dlg_f6ac483f9fcecb97,RustboroCity_Text_GymLeaderIsntEasyWithFire,data/maps/RustboroCity/scripts.inc,main_story,excluded_candidate,no,Explicit false-positive rule or no mandatory script evidence,,,,excluded,medium,
dlg_55e2e299eaa32230,RustboroCity_Text_OutOfTheWay,data/maps/RustboroCity/scripts.inc,optional_npc,main_story,yes,Resolved source reference,RustboroCity_EventScript_StolenGoodsScene,,,mandatory,high,
dlg_fc09693422d97c87,RustboroCity_Text_WaitDontTakeMyGoods,data/maps/RustboroCity/scripts.inc,optional_npc,main_story,yes,Resolved source reference,RustboroCity_EventScript_StolenGoodsScene,,,mandatory,high,
dlg_3af0169168c5908b,RustboroCity_Text_HelpMeIWasRobbed,data/maps/RustboroCity/scripts.inc,optional_npc,main_story,yes,Resolved source reference,RustboroCity_EventScript_EmployeeAskToGetGoods,,,mandatory,high,
dlg_5e12d716c3c3a420,RustboroCity_Text_ShadyCharacterTookOffTowardsTunnel,data/maps/RustboroCity/scripts.inc,optional_npc,optional_npc,no,Voluntary clue or flavor NPC dialogue.,,,,excluded,high,
dlg_785cd46b2fc2f8ec,RustboroCity_Text_YouGotItThankYou,data/maps/RustboroCity/scripts.inc,optional_npc,main_story,yes,Resolved source reference,RustboroCity_EventScript_ReturnGoods,,,mandatory,high,
dlg_f237e0965b02f5c4,RustboroCity_Text_PleaseComeWithMe,data/maps/RustboroCity/scripts.inc,optional_npc,main_story,yes,Resolved source reference,RustboroCity_EventScript_ReturnGoods,,,mandatory,high,
dlg_a27c53e62293bcbd,RustboroCity_Text_DevonCorpSign,data/maps/RustboroCity/scripts.inc,sign,sign,no,Optional sign interaction.,,,,excluded,high,
dlg_0ca1999e6075a6df,RustboroCity_Text_DevonCorpBranchOfficeSign,data/maps/RustboroCity/scripts.inc,sign,sign,no,Optional sign interaction.,,,,excluded,high,
dlg_a33aefbe6eb63e63,RustboroCity_DevonCorp_1F_Text_SoundsLikeStolenGoodsRecovered,data/maps/RustboroCity_DevonCorp_1F/scripts.inc,optional_npc,main_story,yes,Resolved source reference,RustboroCity_DevonCorp_1F_EventScript_GoodsRecovered,,,mandatory,high,
dlg_52b589c9fb152fe9,RustboroCity_DevonCorp_3F_Text_MrStoneIHaveFavor,data/maps/RustboroCity_DevonCorp_3F/scripts.inc,optional_npc,main_story,yes,Resolved source reference,RustboroCity_DevonCorp_3F_EventScript_MeetPresident,,,mandatory,high,
dlg_d944c62595a62903,RustboroCity_DevonCorp_3F_Text_MrStoneWantYouToHaveThis,data/maps/RustboroCity_DevonCorp_3F/scripts.inc,optional_npc,main_story,yes,Resolved source reference,RustboroCity_DevonCorp_3F_EventScript_MeetPresident,,,mandatory,high,
dlg_8cdabd7f75be9916,RustboroCity_DevonCorp_3F_Text_ReceivedPokenav,data/maps/RustboroCity_DevonCorp_3F/scripts.inc,menu,main_story,yes,Resolved source reference,RustboroCity_DevonCorp_3F_EventScript_MeetPresident,,,mandatory,high,
dlg_6e4ba929b10c625c,RustboroCity_DevonCorp_3F_Text_MrStoneExplainPokenavRestUp,data/maps/RustboroCity_DevonCorp_3F/scripts.inc,menu,main_story,yes,Resolved source reference,RustboroCity_DevonCorp_3F_EventScript_MeetPresident,,,mandatory,high,
dlg_80a46ed9b55cf555,RustboroCity_DevonCorp_3F_Text_MrStoneGoWithCautionAndCare,data/maps/RustboroCity_DevonCorp_3F/scripts.inc,optional_npc,main_story,yes,Resolved source reference,RustboroCity_DevonCorp_3F_EventScript_MeetPresident,,,mandatory,high,
dlg_d4bd710202b46c0c,RustboroCity_DevonCorp_3F_Text_ThisIs3rdFloorWaitHere,data/maps/RustboroCity_DevonCorp_3F/scripts.inc,optional_npc,main_story,yes,Resolved source reference,RustboroCity_DevonCorp_3F_EventScript_MeetPresident,,,mandatory,high,
dlg_ef91cab884e7930d,RustboroCity_DevonCorp_3F_Text_WordWithPresidentComeWithMe,data/maps/RustboroCity_DevonCorp_3F/scripts.inc,optional_npc,main_story,yes,Resolved source reference,RustboroCity_DevonCorp_3F_EventScript_MeetPresident,,,mandatory,high,
dlg_6c5f3fd5f4fa792e,RustboroCity_DevonCorp_3F_Text_PleaseGoAhead,data/maps/RustboroCity_DevonCorp_3F/scripts.inc,optional_npc,main_story,yes,Resolved source reference,RustboroCity_DevonCorp_3F_EventScript_MeetPresident,,,mandatory,high,
dlg_d4921298a044b18d,RustboroCity_Gym_Text_GymGuideAdvice,data/maps/RustboroCity_Gym/scripts.inc,optional_npc,optional_interaction,no,"Optional guide, statue, or registration interaction.",,,,excluded,high,
dlg_eaadebc208829dde,RustboroCity_Gym_Text_GymGuidePostVictory,data/maps/RustboroCity_Gym/scripts.inc,interaction,optional_interaction,no,"Optional guide, statue, or registration interaction.",,,,excluded,high,
dlg_0ffbcd8263842bf6,RustboroCity_Gym_Text_JoshPostBattle,data/maps/RustboroCity_Gym/scripts.inc,battle,trainer,no,Optional trainer post-battle dialogue.,,,,excluded,high,
dlg_baf685751a8bd9e4,RustboroCity_Gym_Text_TommyPostBattle,data/maps/RustboroCity_Gym/scripts.inc,battle,trainer,no,Optional trainer post-battle dialogue.,,,,excluded,high,
dlg_62e7be02a0e7a17f,RustboroCity_Gym_Text_MarcPostBattle,data/maps/RustboroCity_Gym/scripts.inc,battle,trainer,no,Optional trainer post-battle dialogue.,,,,excluded,high,
dlg_bde9acfada6ecdb8,RustboroCity_Gym_Text_ReceivedStoneBadge,data/maps/RustboroCity_Gym/scripts.inc,optional_npc,main_story,yes,Resolved source reference,RustboroCity_Gym_EventScript_RoxanneDefeated,,,mandatory,high,
dlg_48d242ce72b871a1,RustboroCity_Gym_Text_StoneBadgeInfoTakeThis,data/maps/RustboroCity_Gym/scripts.inc,optional_npc,main_story,yes,Resolved source reference,RustboroCity_Gym_EventScript_RoxanneDefeated,,,mandatory,high,
dlg_e739b5163d24a801,RustboroCity_Gym_Text_ExplainRockTomb,data/maps/RustboroCity_Gym/scripts.inc,optional_npc,main_story,yes,Resolved source reference,RustboroCity_Gym_EventScript_GiveRockTomb,,,mandatory,high,
dlg_ad5ae8da99fd5f43,RustboroCity_Gym_Text_RoxannePostBattle,data/maps/RustboroCity_Gym/scripts.inc,battle,main_story,yes,Resolved source reference,RustboroCity_Gym_EventScript_Roxanne,,,mandatory,high,
dlg_bf5072b57c613322,RustboroCity_Gym_Text_GymStatue,data/maps/RustboroCity_Gym/scripts.inc,interaction,optional_interaction,no,"Optional guide, statue, or registration interaction.",,,,excluded,high,
dlg_c09bcc0426a16ffe,RustboroCity_Gym_Text_GymStatueCertified,data/maps/RustboroCity_Gym/scripts.inc,interaction,optional_interaction,no,"Optional guide, statue, or registration interaction.",,,,excluded,high,
dlg_49c8ca79f59cddc7,RustboroCity_Gym_Text_RegisteredRoxanne,data/maps/RustboroCity_Gym/scripts.inc,optional_npc,optional_interaction,no,"Optional guide, statue, or registration interaction.",,,,excluded,high,
dlg_08674d7717f93db0,RusturfTunnel_Text_ComeAndGetSome,data/maps/RusturfTunnel/scripts.inc,optional_npc,main_story,yes,Resolved source reference,RusturfTunnel_EventScript_AquaGruntBackUp,,,mandatory,high,
dlg_992ebc7556fb9990,RusturfTunnel_Text_Peeko,data/maps/RusturfTunnel/scripts.inc,optional_npc,optional_interaction,no,Repeatable or optional transport interaction.,,,,excluded,high,
dlg_fac0960bd1369f1f,RusturfTunnel_Text_GruntIntro,data/maps/RusturfTunnel/scripts.inc,optional_npc,main_story,yes,Resolved source reference,RusturfTunnel_EventScript_Grunt,,,mandatory,high,
dlg_d362788277a67aac,RusturfTunnel_Text_GruntTakePackage,data/maps/RusturfTunnel/scripts.inc,optional_npc,main_story,yes,Resolved source reference,RusturfTunnel_EventScript_Grunt,,,mandatory,high,
dlg_2a1b92399c937260,RusturfTunnel_Text_PeekoGladToSeeYouSafe,data/maps/RusturfTunnel/scripts.inc,optional_npc,main_story,yes,Resolved source reference,RusturfTunnel_EventScript_Grunt,,,mandatory,high,
dlg_6917422c3af8974f,RusturfTunnel_Text_ThankYouLetsGoHomePeeko,data/maps/RusturfTunnel/scripts.inc,optional_npc,main_story,yes,Resolved source reference,RusturfTunnel_EventScript_Grunt,,,mandatory,high,
dlg_0027e4000ec8fec7,SeafloorCavern_Entrance_Text_HearMagmaNearMossdeep,data/maps/SeafloorCavern_Entrance/scripts.inc,main_story,excluded_candidate,no,Explicit false-positive rule or no mandatory script evidence,,,,excluded,medium,
dlg_712c3b885a284fc5,SeafloorCavern_Entrance_Text_HearMagmaNearMossdeepShort,data/maps/SeafloorCavern_Entrance/scripts.inc,main_story,excluded_candidate,no,Explicit false-positive rule or no mandatory script evidence,,,,excluded,medium,
dlg_7b5c292a947579af,SeafloorCavern_Room1_Text_Grunt1Intro,data/maps/SeafloorCavern_Room1/scripts.inc,main_story,excluded_candidate,no,Explicit false-positive rule or no mandatory script evidence,,,,excluded,medium,
dlg_2938397c43596c5a,SeafloorCavern_Room1_Text_Grunt1Defeat,data/maps/SeafloorCavern_Room1/scripts.inc,main_story,excluded_candidate,no,Explicit false-positive rule or no mandatory script evidence,,,,excluded,medium,
dlg_15c13b25a6b099d0,SeafloorCavern_Room1_Text_Grunt1PostBattle,data/maps/SeafloorCavern_Room1/scripts.inc,main_story,excluded_candidate,no,Explicit false-positive rule or no mandatory script evidence,,,,excluded,medium,
dlg_0cea0d6f566b5816,SeafloorCavern_Room1_Text_Grunt2Intro,data/maps/SeafloorCavern_Room1/scripts.inc,main_story,excluded_candidate,no,Explicit false-positive rule or no mandatory script evidence,,,,excluded,medium,
dlg_dd1e9aade29a83df,SeafloorCavern_Room1_Text_Grunt2Defeat,data/maps/SeafloorCavern_Room1/scripts.inc,main_story,excluded_candidate,no,Explicit false-positive rule or no mandatory script evidence,,,,excluded,medium,
dlg_0bbd667fcd9346c9,SeafloorCavern_Room1_Text_Grunt2PostBattle,data/maps/SeafloorCavern_Room1/scripts.inc,main_story,excluded_candidate,no,Explicit false-positive rule or no mandatory script evidence,,,,excluded,medium,
dlg_0a971403edc34cae,SeafloorCavern_Room3_Text_ShellyIntro,data/maps/SeafloorCavern_Room3/scripts.inc,main_story,excluded_candidate,no,Explicit false-positive rule or no mandatory script evidence,,,,excluded,medium,
dlg_30f1f34d8827c832,SeafloorCavern_Room3_Text_ShellyDefeat,data/maps/SeafloorCavern_Room3/scripts.inc,main_story,excluded_candidate,no,Explicit false-positive rule or no mandatory script evidence,,,,excluded,medium,
dlg_75070f450ae08c23,SeafloorCavern_Room3_Text_ShellyPostBattle,data/maps/SeafloorCavern_Room3/scripts.inc,main_story,excluded_candidate,no,Explicit false-positive rule or no mandatory script evidence,,,,excluded,medium,
dlg_91fe8eab7ef16f8b,SeafloorCavern_Room3_Text_Grunt5Intro,data/maps/SeafloorCavern_Room3/scripts.inc,main_story,excluded_candidate,no,Explicit false-positive rule or no mandatory script evidence,,,,excluded,medium,
dlg_8b62a9aa0db6b225,SeafloorCavern_Room3_Text_Grunt5Defeat,data/maps/SeafloorCavern_Room3/scripts.inc,main_story,excluded_candidate,no,Explicit false-positive rule or no mandatory script evidence,,,,excluded,medium,
dlg_88bdc5556c6e7f61,SeafloorCavern_Room3_Text_Grunt5PostBattle,data/maps/SeafloorCavern_Room3/scripts.inc,main_story,excluded_candidate,no,Explicit false-positive rule or no mandatory script evidence,,,,excluded,medium,
dlg_97d0e8d775af9375,SeafloorCavern_Room4_Text_Grunt3Intro,data/maps/SeafloorCavern_Room4/scripts.inc,main_story,excluded_candidate,no,Explicit false-positive rule or no mandatory script evidence,,,,excluded,medium,
dlg_03077d6e6cf2c6bb,SeafloorCavern_Room4_Text_Grunt3Defeat,data/maps/SeafloorCavern_Room4/scripts.inc,main_story,excluded_candidate,no,Explicit false-positive rule or no mandatory script evidence,,,,excluded,medium,
dlg_fabda0bbd91c705e,SeafloorCavern_Room4_Text_Grunt3PostBattle,data/maps/SeafloorCavern_Room4/scripts.inc,main_story,excluded_candidate,no,Explicit false-positive rule or no mandatory script evidence,,,,excluded,medium,
dlg_33d37bd7be0a6245,SeafloorCavern_Room4_Text_Grunt4Intro,data/maps/SeafloorCavern_Room4/scripts.inc,main_story,excluded_candidate,no,Explicit false-positive rule or no mandatory script evidence,,,,excluded,medium,
dlg_70298dbed2c21e1c,SeafloorCavern_Room4_Text_Grunt4Defeat,data/maps/SeafloorCavern_Room4/scripts.inc,main_story,excluded_candidate,no,Explicit false-positive rule or no mandatory script evidence,,,,excluded,medium,
dlg_11d8c08a2994f138,SeafloorCavern_Room4_Text_Grunt4PostBattle,data/maps/SeafloorCavern_Room4/scripts.inc,main_story,excluded_candidate,no,Explicit false-positive rule or no mandatory script evidence,,,,excluded,medium,
dlg_56c225a224c38318,SeafloorCavern_Room9_Text_ArchieHoldItRightThere,data/maps/SeafloorCavern_Room9/scripts.inc,main_story,main_story,yes,Resolved source reference,SeafloorCavern_Room9_EventScript_ArchieAwakenKyogre,,,mandatory,high,
dlg_e21be4ce24181c9d,SeafloorCavern_Room9_Text_ArchieSoItWasYou,data/maps/SeafloorCavern_Room9/scripts.inc,main_story,main_story,yes,Resolved source reference,SeafloorCavern_Room9_EventScript_ArchieAwakenKyogre,,,mandatory,high,
dlg_672712da70f8720a,SeafloorCavern_Room9_Text_ArchieBeholdKyogre,data/maps/SeafloorCavern_Room9/scripts.inc,main_story,main_story,yes,Resolved source reference,SeafloorCavern_Room9_EventScript_ArchieAwakenKyogre,,,mandatory,high,
dlg_904db249c77a5fb4,SeafloorCavern_Room9_Text_ArchieYouMustDisappear,data/maps/SeafloorCavern_Room9/scripts.inc,main_story,main_story,yes,Resolved source reference,SeafloorCavern_Room9_EventScript_ArchieAwakenKyogre,,,mandatory,high,
dlg_0571e092a312718b,SeafloorCavern_Room9_Text_ArchieDefeat,data/maps/SeafloorCavern_Room9/scripts.inc,main_story,excluded_candidate,no,Explicit false-positive rule or no mandatory script evidence,,,,excluded,medium,
dlg_5b8c8d67abbc38ae,SeafloorCavern_Room9_Text_ArchieWithThisRedOrb,data/maps/SeafloorCavern_Room9/scripts.inc,main_story,main_story,yes,Resolved source reference,SeafloorCavern_Room9_EventScript_ArchieAwakenKyogre,,,mandatory,high,
dlg_30a432ed17b0bf86,SeafloorCavern_Room9_Text_RedOrbShinesByItself,data/maps/SeafloorCavern_Room9/scripts.inc,main_story,main_story,yes,Resolved source reference,SeafloorCavern_Room9_EventScript_ArchieAwakenKyogre,,,mandatory,high,
dlg_5e4dc15ea2604bc6,SeafloorCavern_Room9_Text_ArchieWhereDidKyogreGo,data/maps/SeafloorCavern_Room9/scripts.inc,main_story,main_story,yes,Resolved source reference,SeafloorCavern_Room9_EventScript_ArchieAwakenKyogre,,,mandatory,high,
dlg_42f4426fdf01c018,SeafloorCavern_Room9_Text_ArchieAMessageFromOutside,data/maps/SeafloorCavern_Room9/scripts.inc,main_story,main_story,yes,Resolved source reference,SeafloorCavern_Room9_EventScript_ArchieAwakenKyogre,,,mandatory,high,
dlg_50cdd92ec4d3dc51,SeafloorCavern_Room9_Text_ArchieWhatRainingTooHard,data/maps/SeafloorCavern_Room9/scripts.inc,main_story,main_story,yes,Resolved source reference,SeafloorCavern_Room9_EventScript_ArchieAwakenKyogre,,,mandatory,high,
dlg_57e3edbafd739069,SeafloorCavern_Room9_Text_ArchieWhyDidKyogreDisappear,data/maps/SeafloorCavern_Room9/scripts.inc,main_story,main_story,yes,Resolved source reference,SeafloorCavern_Room9_EventScript_ArchieAwakenKyogre,,,mandatory,high,
dlg_b1b9bedf4bbb9835,SeafloorCavern_Room9_Text_MaxieWhatHaveYouWrought,data/maps/SeafloorCavern_Room9/scripts.inc,main_story,main_story,yes,Resolved source reference,SeafloorCavern_Room9_EventScript_ArchieAwakenKyogre,,,mandatory,high,
dlg_b9b9dc0d0d6b7eb0,SeafloorCavern_Room9_Text_ArchieDontGetAllHighAndMighty,data/maps/SeafloorCavern_Room9/scripts.inc,main_story,main_story,yes,Resolved source reference,SeafloorCavern_Room9_EventScript_ArchieAwakenKyogre,,,mandatory,high,
dlg_881182be07580274,SeafloorCavern_Room9_Text_MaxieWeDontHaveTimeToArgue,data/maps/SeafloorCavern_Room9/scripts.inc,main_story,main_story,yes,Resolved source reference,SeafloorCavern_Room9_EventScript_ArchieAwakenKyogre,,,mandatory,high,
dlg_648adc974a14e68d,SeafloorCavern_Room9_Text_MaxieComeOnPlayer,data/maps/SeafloorCavern_Room9/scripts.inc,main_story,main_story,yes,Resolved source reference,SeafloorCavern_Room9_EventScript_ArchieAwakenKyogre,,,mandatory,high,
dlg_bcbb1836835fa5a3,SkyPillar_Outside_Text_DoorIsClosed,data/maps/SkyPillar_Outside/scripts.inc,main_story,excluded_candidate,no,Explicit false-positive rule or no mandatory script evidence,,,,excluded,medium,
dlg_62cd9667f8720313,SkyPillar_Outside_Text_OpenedDoorToSkyPillar,data/maps/SkyPillar_Outside/scripts.inc,main_story,main_story,yes,Resolved source reference,SkyPillar_Outside_EventScript_WallaceScene,,,mandatory,high,
dlg_5ed157f43a6632fb,SkyPillar_Outside_Text_EarthquakeNotMomentToWaste,data/maps/SkyPillar_Outside/scripts.inc,main_story,main_story,yes,Resolved source reference,SkyPillar_Outside_EventScript_WallaceScene,,,mandatory,high,
dlg_847ea0c983f7e391,SkyPillar_Outside_Text_SituationGettingWorse,data/maps/SkyPillar_Outside/scripts.inc,main_story,main_story,yes,Resolved source reference,SkyPillar_Outside_EventScript_WallaceScene,,,mandatory,high,
dlg_7ff2392c13cba811,SkyPillar_Outside_Text_GotToGoBackForSootopolis,data/maps/SkyPillar_Outside/scripts.inc,main_story,main_story,yes,Resolved source reference,SkyPillar_Outside_EventScript_WallaceScene,,,mandatory,high,
dlg_6b211e62d63b8b92,SkyPillar_Top_Text_RayquazaFlewOff,data/maps/SkyPillar_Top/scripts.inc,main_story,main_story,yes,Resolved source reference,SkyPillar_Top_EventScript_AwakenRayquaza,,,mandatory,high,
dlg_745cb90c41c398d4,SlateportCity_Text_GetNameRaterToHelpYou,data/maps/SlateportCity/scripts.inc,optional_npc,optional_npc,no,Voluntary Slateport interview or harbor flavor dialogue.,,,,excluded,high,
dlg_4eda68ad2ec20a56,SlateportCity_Text_CaptSternBeingInterviewed,data/maps/SlateportCity/scripts.inc,optional_npc,main_story,yes,Resolved source reference,SlateportCity_EventScript_OldWomanSternInterview,,,mandatory,high,
dlg_7540db9a9fffc0dd,SlateportCity_Text_InterviewerSoCool,data/maps/SlateportCity/scripts.inc,optional_npc,optional_npc,no,Voluntary Slateport interview or harbor flavor dialogue.,,,,excluded,high,
dlg_7f0709929860c17b,SlateportCity_Text_SternSaysDiscoveredSomething,data/maps/SlateportCity/scripts.inc,optional_npc,main_story,yes,Resolved source reference,SlateportCity_EventScript_RichBoySternInterview,,,mandatory,high,
dlg_f386c792bc15b5cb,SlateportCity_Text_CaptainComeBackWithBigFish,data/maps/SlateportCity/scripts.inc,optional_npc,optional_npc,no,Voluntary Slateport interview or harbor flavor dialogue.,,,,excluded,high,
dlg_5749104acd720dec,SlateportCity_Text_AmIOnTV,data/maps/SlateportCity/scripts.inc,interaction,optional_npc,no,Voluntary Slateport interview or harbor flavor dialogue.,,,,excluded,high,
dlg_c907edeec81a69d9,SlateportCity_Text_CaptainsACelebrity,data/maps/SlateportCity/scripts.inc,optional_npc,optional_npc,no,Voluntary Slateport interview or harbor flavor dialogue.,,,,excluded,high,
dlg_29e6bfe52cbe76dc,SlateportCity_Text_SternMoveAheadWithExploration,data/maps/SlateportCity/scripts.inc,optional_npc,main_story,yes,Resolved source reference,SlateportCity_EventScript_CaptStern,,,mandatory,high,
dlg_c2fe8c4392efb1d7,SlateportCity_Text_GabbyWonderfulThanksForInterview,data/maps/SlateportCity/scripts.inc,optional_npc,optional_npc,no,Voluntary Slateport interview or harbor flavor dialogue.,,,,excluded,high,
dlg_a24a9e2b5d3b180d,SlateportCity_Text_SternWhewFirstInterview,data/maps/SlateportCity/scripts.inc,optional_npc,main_story,yes,Resolved source reference,SlateportCity_EventScript_CaptStern,,,mandatory,high,
dlg_f70b830d8ec236fd,SlateportCity_Text_OhPlayerWeMadeDiscovery,data/maps/SlateportCity/scripts.inc,optional_npc,main_story,yes,Resolved source reference,SlateportCity_EventScript_CaptStern,,,mandatory,high,
dlg_ac6bacd443ddc584,SlateportCity_Text_AquaWillAssumeControlOfSubmarine,data/maps/SlateportCity/scripts.inc,optional_npc,main_story,yes,Resolved source reference,SlateportCity_EventScript_CaptStern,,,mandatory,high,
dlg_0b38356a9d2a5891,SlateportCity_Text_SternWhatWasAllThat,data/maps/SlateportCity/scripts.inc,optional_npc,main_story,yes,Resolved source reference,SlateportCity_EventScript_CaptStern,,,mandatory,high,
dlg_b97c111ae0282f20,SlateportCity_Text_FromHarborTryingToTakeSub,data/maps/SlateportCity/scripts.inc,optional_npc,main_story,yes,Resolved source reference,SlateportCity_EventScript_CaptStern,,,mandatory,high,
dlg_5d595593ae009b8a,SlateportCity_Text_PleaseComeWithMe,data/maps/SlateportCity/scripts.inc,optional_npc,main_story,yes,Resolved source reference,SlateportCity_EventScript_CaptStern,,,mandatory,high,
dlg_79f9197cfd2f5f05,SlateportCity_Text_SternsShipyardWantedSign,data/maps/SlateportCity/scripts.inc,sign,sign,no,Optional sign interaction.,,,,excluded,high,
dlg_52601df28dc59b54,SlateportCity_Text_SternsShipyardNearsCompletion,data/maps/SlateportCity/scripts.inc,optional_npc,optional_npc,no,Voluntary Slateport interview or harbor flavor dialogue.,,,,excluded,high,
dlg_3a9feac6486144e0,SlateportCity_Text_SternsShipyardFerryComplete,data/maps/SlateportCity/scripts.inc,optional_npc,optional_npc,no,Voluntary Slateport interview or harbor flavor dialogue.,,,,excluded,high,
dlg_8e8d5256fa54aac6,SlateportCity_Text_YouDroveTeamAquaAway,data/maps/SlateportCity/scripts.inc,main_story,excluded_candidate,no,Explicit false-positive rule or no mandatory script evidence,,,,excluded,medium,
dlg_40ef2cebfda60ee7,SlateportCity_Harbor_Text_SameThugsTriedToRobAtMuseum,data/maps/SlateportCity_Harbor/scripts.inc,optional_npc,main_story,yes,Resolved source reference,SlateportCity_Harbor_EventScript_CaptStern,,,mandatory,high,
dlg_85246ab6bfa6b21d,SlateportCity_Harbor_Text_CaptSternWhyStealMySubmarine,data/maps/SlateportCity_Harbor/scripts.inc,optional_npc,main_story,yes,Resolved source reference,SlateportCity_Harbor_EventScript_WhyStealSubmarine,,,mandatory,high,
dlg_08ea04f3bc2092a7,SlateportCity_Harbor_Text_TeamAquaLeftNeedDive,data/maps/SlateportCity_Harbor/scripts.inc,main_story,excluded_candidate,no,Explicit false-positive rule or no mandatory script evidence,,,,excluded,medium,
dlg_a78903af737cd3df,SlateportCity_Harbor_Text_WontBeLongBeforeWeFinishFerry,data/maps/SlateportCity_Harbor/scripts.inc,optional_npc,optional_npc,no,Voluntary Slateport interview or harbor flavor dialogue.,,,,excluded,high,
dlg_f3193871c666b294,SlateportCity_OceanicMuseum_2F_Text_ThankYouForTheParts,data/maps/SlateportCity_OceanicMuseum_2F/scripts.inc,optional_npc,main_story,yes,Resolved source reference,SlateportCity_OceanicMuseum_2F_EventScript_CaptStern,,,mandatory,high,
dlg_bccdea658542d0e8,SlateportCity_OceanicMuseum_2F_Text_WellTakeThoseParts,data/maps/SlateportCity_OceanicMuseum_2F/scripts.inc,optional_npc,main_story,yes,Resolved source reference,SlateportCity_OceanicMuseum_2F_EventScript_CaptStern,,,mandatory,high,
dlg_6c9bfdabbe559c34,SlateportCity_OceanicMuseum_2F_Text_SternWhoAreYou,data/maps/SlateportCity_OceanicMuseum_2F/scripts.inc,optional_npc,main_story,yes,Resolved source reference,SlateportCity_OceanicMuseum_2F_EventScript_CaptStern,,,mandatory,high,
dlg_9758a7ae075cd9a8,SlateportCity_OceanicMuseum_2F_Text_WereTeamAqua,data/maps/SlateportCity_OceanicMuseum_2F/scripts.inc,main_story,main_story,yes,Resolved source reference,SlateportCity_OceanicMuseum_2F_EventScript_CaptStern,,,mandatory,high,
dlg_636ae9a849ca1131,SlateportCity_OceanicMuseum_2F_Text_BossGoingToBeFurious,data/maps/SlateportCity_OceanicMuseum_2F/scripts.inc,optional_npc,main_story,yes,Resolved source reference,SlateportCity_OceanicMuseum_2F_EventScript_CaptStern,,,mandatory,high,
dlg_e8971e4703accf6a,SlateportCity_OceanicMuseum_2F_Text_LetMeTakeCareOfThis,data/maps/SlateportCity_OceanicMuseum_2F/scripts.inc,optional_npc,main_story,yes,Resolved source reference,SlateportCity_OceanicMuseum_2F_EventScript_CaptStern,,,mandatory,high,
dlg_aa04df9ea54fa8e8,SlateportCity_OceanicMuseum_2F_Text_MeddlingKid,data/maps/SlateportCity_OceanicMuseum_2F/scripts.inc,optional_npc,main_story,yes,Resolved source reference,SlateportCity_OceanicMuseum_2F_EventScript_CaptStern,,,mandatory,high,
dlg_f04999e65407c9f5,SlateportCity_OceanicMuseum_2F_Text_CameToSeeWhatsTakingSoLong,data/maps/SlateportCity_OceanicMuseum_2F/scripts.inc,optional_npc,main_story,yes,Resolved source reference,SlateportCity_OceanicMuseum_2F_EventScript_CaptStern,,,mandatory,high,
dlg_6e3b14603f596d92,SlateportCity_OceanicMuseum_2F_Text_ArchieWarning,data/maps/SlateportCity_OceanicMuseum_2F/scripts.inc,optional_npc,main_story,yes,Resolved source reference,SlateportCity_OceanicMuseum_2F_EventScript_CaptStern,,,mandatory,high,
dlg_9d72999ead10d4fe,SlateportCity_OceanicMuseum_2F_Text_SternThankYouForSavingUs,data/maps/SlateportCity_OceanicMuseum_2F/scripts.inc,optional_npc,main_story,yes,Resolved source reference,SlateportCity_OceanicMuseum_2F_EventScript_CaptStern,,,mandatory,high,
dlg_d19a36b6538ce9c5,SlateportCity_OceanicMuseum_2F_Text_SternIveGotToGo,data/maps/SlateportCity_OceanicMuseum_2F/scripts.inc,optional_npc,main_story,yes,Resolved source reference,SlateportCity_OceanicMuseum_2F_EventScript_CaptStern,,,mandatory,high,
dlg_e32937d8b84ab3c8,SootopolisCity_Text_WhatIsThatGreenPokemon,data/maps/SootopolisCity/scripts.inc,optional_npc,optional_npc,no,Voluntary Sootopolis crisis spectator dialogue.,,,,excluded,high,
dlg_6968ce311e62156d,SootopolisCity_Text_FlyingMonStoppedRampage,data/maps/SootopolisCity/scripts.inc,optional_npc,optional_npc,no,Voluntary Sootopolis crisis spectator dialogue.,,,,excluded,high,
dlg_33a72eccf5c91c0b,SootopolisCity_Text_ThatWasWicked,data/maps/SootopolisCity/scripts.inc,optional_npc,optional_npc,no,Voluntary Sootopolis crisis spectator dialogue.,,,,excluded,high,
dlg_a7134aba2bf6ed31,SootopolisCity_Text_GreenOneSettlesThings,data/maps/SootopolisCity/scripts.inc,optional_npc,optional_npc,no,Voluntary Sootopolis crisis spectator dialogue.,,,,excluded,high,
dlg_3acf9511e8315954,SootopolisCity_Text_SawLegendWithOwnEyes,data/maps/SootopolisCity/scripts.inc,optional_npc,optional_npc,no,Voluntary Sootopolis crisis spectator dialogue.,,,,excluded,high,
dlg_eabce26bc325ab2d,SootopolisCity_Text_PrettyMonCameFromSky,data/maps/SootopolisCity/scripts.inc,optional_npc,optional_npc,no,Voluntary Sootopolis crisis spectator dialogue.,,,,excluded,high,
dlg_195b5a60d0c5cf8f,SootopolisCity_Text_SootopolisDidntGetWrecked,data/maps/SootopolisCity/scripts.inc,optional_npc,optional_npc,no,Voluntary Sootopolis crisis spectator dialogue.,,,,excluded,high,
dlg_c15588e7d6910800,SootopolisCity_Text_CaveOfOriginPleaseLeave,data/maps/SootopolisCity/scripts.inc,main_story,excluded_candidate,no,Explicit false-positive rule or no mandatory script evidence,,,,excluded,medium,
dlg_e22de59284a8dd5b,SootopolisCity_Text_CaveOfOriginSleepsToo,data/maps/SootopolisCity/scripts.inc,main_story,excluded_candidate,no,Explicit false-positive rule or no mandatory script evidence,,,,excluded,medium,
dlg_b4a62ec53eb78497,SootopolisCity_Text_FearedWorstWhenPokemonFlewDown,data/maps/SootopolisCity/scripts.inc,optional_npc,optional_npc,no,Voluntary Sootopolis crisis spectator dialogue.,,,,excluded,high,
dlg_2361a582c3330b84,SootopolisCity_Text_YouBroughtFlyingMon,data/maps/SootopolisCity/scripts.inc,optional_npc,optional_npc,no,Voluntary Sootopolis crisis spectator dialogue.,,,,excluded,high,
dlg_f4a47279c8fef42f,SootopolisCity_Text_GroudonPleaseStop,data/maps/SootopolisCity/scripts.inc,optional_npc,optional_npc,no,Voluntary Sootopolis crisis spectator dialogue.,,,,excluded,high,
dlg_c535707ea4269a80,SootopolisCity_Text_AfterAllOurScheming,data/maps/SootopolisCity/scripts.inc,optional_npc,main_story,yes,Resolved source reference,SootopolisCity_EventScript_MaxieRayquaza,,,mandatory,high,
dlg_822eda05adca47a7,SootopolisCity_Text_KyogreCalmDown,data/maps/SootopolisCity/scripts.inc,optional_npc,optional_npc,no,Voluntary Sootopolis crisis spectator dialogue.,,,,excluded,high,
dlg_6e265d07775a618e,SootopolisCity_Text_TryingMeaninglessToPokemon,data/maps/SootopolisCity/scripts.inc,optional_npc,main_story,yes,Resolved source reference,SootopolisCity_EventScript_ArchieRayquaza,,,mandatory,high,
dlg_2eb7f1b6277a7dc5,SootopolisCity_Text_InvolvedWithCrisisComeWithMe,data/maps/SootopolisCity/scripts.inc,optional_npc,main_story,yes,Resolved source reference,SootopolisCity_EventScript_StevenLeadPlayerCaveOfOrigin,,,mandatory,high,
dlg_585a3ab7c24ab2ed,SootopolisCity_Text_DoesThisMakeYourFearPokemon,data/maps/SootopolisCity/scripts.inc,optional_npc,main_story,yes,Resolved source reference,SootopolisCity_EventScript_StevenLeadPlayerCaveOfOrigin,,,mandatory,high,
dlg_d0a9580f9bb5ec14,SootopolisCity_Text_HereWereAreHelpWallace,data/maps/SootopolisCity/scripts.inc,optional_npc,main_story,yes,Resolved source reference,SootopolisCity_EventScript_StevenLeadPlayerCaveOfOrigin,,,mandatory,high,
dlg_5fe249944b18d8de,SootopolisCity_Text_KnowWhatsNeededToHelpHim,data/maps/SootopolisCity/scripts.inc,optional_npc,main_story,yes,Resolved source reference,SootopolisCity_EventScript_StevenHelpWallace,,,mandatory,high,
dlg_b7e2f6325e376b0e,SootopolisCity_Text_NeverBeenToSkyPillar,data/maps/SootopolisCity/scripts.inc,main_story,main_story,yes,Resolved source reference,SootopolisCity_EventScript_StevenHelpedWallace,,,mandatory,high,
dlg_a9cd459000662ef7,SootopolisCity_Text_SoThatsRayquaza,data/maps/SootopolisCity/scripts.inc,optional_npc,main_story,yes,Resolved source reference,SootopolisCity_EventScript_Steven,,,mandatory,high,
dlg_3e9330ccd919163e,SootopolisCity_Text_MaxieArchieLeft,data/maps/SootopolisCity/scripts.inc,optional_npc,main_story,yes,Resolved source reference,SootopolisCity_EventScript_StevenMaxieArchieLeft,,,mandatory,high,
dlg_4439fd1aa0f35e43,SootopolisCity_Text_HaventYouScaledSkyPillar,data/maps/SootopolisCity/scripts.inc,main_story,excluded_candidate,no,Explicit false-positive rule or no mandatory script evidence,,,,excluded,medium,
dlg_d4343881c6553b45,SootopolisCity_Text_AquaMagmaDidntMeanHarm,data/maps/SootopolisCity/scripts.inc,optional_npc,optional_npc,no,Voluntary Sootopolis crisis spectator dialogue.,,,,excluded,high,
dlg_5d6e4208f3d20470,SootopolisCity_Gym_1F_Text_GymGuideAdvice,data/maps/SootopolisCity_Gym_1F/scripts.inc,optional_npc,optional_interaction,no,"Optional guide, statue, or registration interaction.",,,,excluded,high,
dlg_6aa6b6f2d39025c2,SootopolisCity_Gym_1F_Text_GymGuidePostVictory,data/maps/SootopolisCity_Gym_1F/scripts.inc,interaction,optional_interaction,no,"Optional guide, statue, or registration interaction.",,,,excluded,high,
dlg_e4617a5d97c17e89,SootopolisCity_Gym_1F_Text_ReceivedRainBadge,data/maps/SootopolisCity_Gym_1F/scripts.inc,optional_npc,main_story,yes,Resolved source reference,SootopolisCity_Gym_1F_EventScript_JuanDefeated,,,mandatory,high,
dlg_04c38272168a6c08,SootopolisCity_Gym_1F_Text_ExplainRainBadgeTakeThis,data/maps/SootopolisCity_Gym_1F/scripts.inc,optional_npc,main_story,yes,Resolved source reference,SootopolisCity_Gym_1F_EventScript_JuanDefeated,,,mandatory,high,
dlg_b78ca7c65ffc780f,SootopolisCity_Gym_1F_Text_ExplainWaterPulse,data/maps/SootopolisCity_Gym_1F/scripts.inc,optional_npc,main_story,yes,Resolved source reference,SootopolisCity_Gym_1F_EventScript_GiveWaterPulse,,,mandatory,high,
dlg_8a36290387ccbeb9,SootopolisCity_Gym_1F_Text_RegisteredJuan,data/maps/SootopolisCity_Gym_1F/scripts.inc,optional_npc,optional_interaction,no,"Optional guide, statue, or registration interaction.",,,,excluded,high,
dlg_2d66888f162fdf06,SootopolisCity_Gym_1F_Text_JuanPostBattle,data/maps/SootopolisCity_Gym_1F/scripts.inc,battle,main_story,yes,Resolved source reference,SootopolisCity_Gym_1F_EventScript_Juan,,,mandatory,high,
dlg_dd46d9c50f26106a,SootopolisCity_Gym_1F_Text_GoGetFortreeBadge,data/maps/SootopolisCity_Gym_1F/scripts.inc,optional_npc,main_story,yes,Resolved source reference,SootopolisCity_Gym_1F_EventScript_GoGetFortreeBadge,,,mandatory,high,
dlg_bd0876a11b695f0b,SootopolisCity_Gym_1F_Text_GymStatue,data/maps/SootopolisCity_Gym_1F/scripts.inc,interaction,optional_interaction,no,"Optional guide, statue, or registration interaction.",,,,excluded,high,
dlg_b911bf166c1c005a,SootopolisCity_Gym_1F_Text_GymStatueCertified,data/maps/SootopolisCity_Gym_1F/scripts.inc,interaction,optional_interaction,no,"Optional guide, statue, or registration interaction.",,,,excluded,high,
dlg_3dfd8a9b33c2fb3b,SootopolisCity_Gym_B1F_Text_AndreaPostBattle,data/maps/SootopolisCity_Gym_B1F/scripts.inc,battle,trainer,no,Optional trainer post-battle dialogue.,,,,excluded,high,
dlg_1287c65870089f31,SootopolisCity_Gym_B1F_Text_CrissyPostBattle,data/maps/SootopolisCity_Gym_B1F/scripts.inc,battle,trainer,no,Optional trainer post-battle dialogue.,,,,excluded,high,
dlg_cddd5289fa5b4644,SootopolisCity_Gym_B1F_Text_DaphnePostBattle,data/maps/SootopolisCity_Gym_B1F/scripts.inc,battle,trainer,no,Optional trainer post-battle dialogue.,,,,excluded,high,
dlg_b49e81e83ce02b1a,SootopolisCity_Gym_B1F_Text_ConniePostBattle,data/maps/SootopolisCity_Gym_B1F/scripts.inc,battle,trainer,no,Optional trainer post-battle dialogue.,,,,excluded,high,
dlg_294cd07e35c5be67,SootopolisCity_Gym_B1F_Text_BridgetPostBattle,data/maps/SootopolisCity_Gym_B1F/scripts.inc,battle,trainer,no,Optional trainer post-battle dialogue.,,,,excluded,high,
dlg_82aaa419e4c7073e,SootopolisCity_Gym_B1F_Text_OliviaPostBattle,data/maps/SootopolisCity_Gym_B1F/scripts.inc,battle,trainer,no,Optional trainer post-battle dialogue.,,,,excluded,high,
dlg_4bda4092b8e06fa2,SootopolisCity_Gym_B1F_Text_TiffanyPostBattle,data/maps/SootopolisCity_Gym_B1F/scripts.inc,battle,trainer,no,Optional trainer post-battle dialogue.,,,,excluded,high,
dlg_adcd34017cc5ed91,SootopolisCity_Gym_B1F_Text_BethanyPostBattle,data/maps/SootopolisCity_Gym_B1F/scripts.inc,battle,trainer,no,Optional trainer post-battle dialogue.,,,,excluded,high,
dlg_4c893dad8d5b27d8,SootopolisCity_Gym_B1F_Text_AnnikaPostBattle,data/maps/SootopolisCity_Gym_B1F/scripts.inc,battle,trainer,no,Optional trainer post-battle dialogue.,,,,excluded,high,
dlg_50db3d77d0d3f415,SootopolisCity_Gym_B1F_Text_BriannaPostBattle,data/maps/SootopolisCity_Gym_B1F/scripts.inc,battle,trainer,no,Optional trainer post-battle dialogue.,,,,excluded,high,
dlg_77c0e5dfb773e0ac,Underwater_SeafloorCavern_Text_SubExplorer1,data/maps/Underwater_SeafloorCavern/scripts.inc,main_story,excluded_candidate,no,Explicit false-positive rule or no mandatory script evidence,,,,excluded,medium,
dlg_b838b5d4617b61fc,VerdanturfTown_House_Text_DefeatEliteFourInARow,data/maps/VerdanturfTown_House/scripts.inc,main_story,excluded_candidate,no,Explicit false-positive rule or no mandatory script evidence,,,,excluded,medium,
dlg_ae26a5585d0e39c3,VictoryRoad_1F_Text_WallyNotGoingToLoseAnymore,data/maps/VictoryRoad_1F/scripts.inc,optional_npc,main_story,yes,Resolved source reference,VictoryRoad_1F_EventScript_WallyEntranceBattle,,,mandatory,high,
dlg_2c3eb5a86574bda7,VictoryRoad_1F_Text_WallyPostEntranceBattle,data/maps/VictoryRoad_1F/scripts.inc,battle,main_story,yes,Resolved source reference,VictoryRoad_1F_EventScript_WallyEntranceBattle,,,mandatory,high,
dlg_a2eb9f186fcc3a94,VictoryRoad_1F_Text_WallyPostBattle,data/maps/VictoryRoad_1F/scripts.inc,battle,trainer,no,Optional trainer post-battle dialogue.,,,,excluded,high,
dlg_8012ad0711478da1,PetalburgCity_Gym_Text_GiveEnigmaBerry,data/text/berries.inc,item,optional_reward,no,Optional item reward outside required progression.,,,,excluded,high,
dlg_f05a5b388b38ad28,gText_Birch_Welcome,data/text/birch_speech.inc,main_story,main_story,yes,Resolved source reference,opening_sequence,,,mandatory,high,
dlg_a0a50d7092ef23e5,gText_Birch_Pokemon,data/text/birch_speech.inc,main_story,main_story,yes,Resolved source reference,opening_sequence,,,mandatory,high,
dlg_8413e20c18110096,gText_Birch_MainSpeech,data/text/birch_speech.inc,main_story,main_story,yes,Resolved source reference,opening_sequence,,,mandatory,high,
dlg_412f32d24928ff84,gText_Birch_AndYouAre,data/text/birch_speech.inc,main_story,main_story,yes,Resolved source reference,opening_sequence,,,mandatory,high,
dlg_008b1eacc20d2fa0,gText_Birch_BoyOrGirl,data/text/birch_speech.inc,main_story,main_story,yes,Resolved source reference,opening_sequence,,,mandatory,high,
dlg_9ef890e3b20a3ebf,gText_Birch_WhatsYourName,data/text/birch_speech.inc,main_story,main_story,yes,Resolved source reference,opening_sequence,,,mandatory,high,
dlg_531e30048ab5cfb4,gText_Birch_SoItsPlayer,data/text/birch_speech.inc,main_story,main_story,yes,Resolved source reference,opening_sequence,,,mandatory,high,
dlg_3d03c87c21475304,gText_Birch_YourePlayer,data/text/birch_speech.inc,main_story,main_story,yes,Resolved source reference,opening_sequence,,,mandatory,high,
dlg_745792a288a31bbd,gText_Birch_AreYouReady,data/text/birch_speech.inc,main_story,main_story,yes,Resolved source reference,opening_sequence,,,mandatory,high,
dlg_e7ece514f1c0a6a5,gText_NoMoreRoomForPokemon,data/text/pc_transfer.inc,system,optional_interaction,no,Optional or avoidable interaction branch.,,,,excluded,high,
dlg_fbfff4949ad6b61d,gText_NicknameThisPokemon,data/text/pc_transfer.inc,system,main_story,yes,Resolved source reference,Route119_WeatherInstitute_2F_EventScript_ReceiveCastformParty,,,mandatory,high,
dlg_7696ddbcad4cdaca,gBirchDexRatingText_SoYouveSeenAndCaught,data/text/pokedex_rating.inc,menu,main_story,yes,Resolved source reference,ProfBirch_EventScript_RatePokedex,,,mandatory,high,
dlg_dc0ce7c8455a31db,gBirchDexRatingText_OnANationwideBasis,data/text/pokedex_rating.inc,menu,main_story,yes,Resolved source reference,ProfBirch_EventScript_RatePokedex,,,mandatory,high,
