english_normalized,english_raw,thai,usage_count,source_ids,context_variants,status,notes
"... ... ... ... ... ... ... ...\n... ... ... ... ... ... ... ...\pto think that you have your very own\npokémon now...\lyour father will be overjoyed.\p...but please be careful.\nif anything happens, you can come home.\pgo on, go get them, honey!$","… … … … … … … …\n… … … … … … … …\pTo think that you have your very own\nPOKéMON now…\lYour father will be overjoyed.\p…But please be careful.\nIf anything happens, you can come home.\pGo on, go get them, honey!$",… … … … … … … …\n… … … … … … … …\pไม่นึกเลยว่าตอนนี้ลูกจะมี\nโปเกมอนเป็นของตัวเองแล้ว…\lพ่อของลูกต้องดีใจมากแน่ ๆ\p…แต่ระวังตัวด้วยนะ\nถ้ามีอะไรเกิดขึ้นก็กลับบ้านมาได้เสมอ\pเอาละ ไปให้เต็มที่เลยนะลูก!$,1,dlg_c1b0de35fc067f84,,draft,
"a reckless go-getter, are you?\nokay, i'll go first!$","A reckless go-getter, are you?\nOkay, I'll go first!$",ใจกล้าบ้าบิ่นสินะ?\nเอาล่ะ ฉันจะลุยก่อน!$,1,dlg_8199f6fe43038be0,,draft,
"ah, okay!\pyou're {player}{kun} who's moving to my\nhometown of littleroot.\li get it now!\p$","Ah, okay!\pYou're {PLAYER}{KUN} who's moving to my\nhometown of LITTLEROOT.\lI get it now!\p$",อ๋อ เข้าใจแล้ว!\pเธอคือ {PLAYER}{KUN} ที่กำลังจะย้ายมา\nอยู่เมืองมิโชโระ บ้านเกิดของผม\lตอนนี้เข้าใจแล้วละ!\p$,1,dlg_3d03c87c21475304,,draft,
"ah, there you are, {player}{kun}!\pplease come with me.\ni have something i want you to have.$","Ah, there you are, {PLAYER}{KUN}!\pPlease come with me.\nI have something I want you to have.$",อ้าว อยู่นี่เอง {PLAYER}{KUN}!\pช่วยมากับฉันหน่อย\nฉันมีของอยากมอบให้$,1,dlg_ca804248caf18a66,,draft,
"ahahaha!\pi'm phoebe of the elite four.\ni did my training on mt. pyre.\pwhile i trained, i gained the ability\nto commune with ghost-type pokémon.\pyes, the bond i developed with pokémon\nis extremely tight.\pso, come on, just try and see if you can\neven inflict damage on my pokémon!$","Ahahaha!\pI'm PHOEBE of the ELITE FOUR.\nI did my training on MT. PYRE.\pWhile I trained, I gained the ability\nto commune with GHOST-type POKéMON.\pYes, the bond I developed with POKéMON\nis extremely tight.\pSo, come on, just try and see if you can\neven inflict damage on my POKéMON!$",อ๊ะฮ่า ๆ!\pฉันคือฟูโยแห่งสี่จตุรเทพ\nฉันฝึกฝนอยู่ที่ภูเขาโอคุริบิ\pระหว่างฝึก ฉันได้ความสามารถ\nในการสื่อใจกับโปเกมอนประเภทผี\pใช่แล้ว สายสัมพันธ์ที่ฉันสร้าง\nกับโปเกมอนแน่นแฟ้นสุด ๆ\pเอ้า ลองดูสิว่าเธอจะสร้าง\nความเสียหายให้โปเกมอนของฉันได้ไหม!$,1,dlg_3e4d602d030fbda7,,draft,
"all right, are you ready?\pyour very own adventure is about\nto unfold.\ptake courage, and leap into the\nworld of pokémon where dreams,\ladventure, and friendships await!\pwell, i'll be expecting you later.\ncome see me in my pokémon lab.\p$","All right, are you ready?\pYour very own adventure is about\nto unfold.\pTake courage, and leap into the\nworld of POKéMON where dreams,\ladventure, and friendships await!\pWell, I'll be expecting you later.\nCome see me in my POKéMON LAB.\p$",เอาละ พร้อมหรือยัง?\pการผจญภัยของเธอเอง\nกำลังจะเริ่มต้นขึ้นแล้ว\pรวบรวมความกล้า แล้วก้าวสู่\nโลกแห่งโปเกมอน ที่ซึ่งความฝัน\lการผจญภัย และมิตรภาพรออยู่!\pแล้วไว้เจอกันอีกทีนะ\nมาหาผมที่แล็บโปเกมอนด้วยล่ะ\p$,1,dlg_745792a288a31bbd,,draft,
all right.\nwhat's your name?$,All right.\nWhat's your name?$,เอาละ\nเธอชื่ออะไร?$,1,dlg_9ef890e3b20a3ebf,,draft,
and you are?$,And you are?$,แล้วเธอคือใครล่ะ?$,1,dlg_412f32d24928ff84,,draft,
"archie: behold!\psee how beautiful it is, the sleeping\nform of the ancient pokémon kyogre!\pi have waited so long for this day to\ncome...$","ARCHIE: Behold!\pSee how beautiful it is, the sleeping\nform of the ancient POKéMON KYOGRE!\pI have waited so long for this day to\ncome…$",อาโอกิริ: จงดูให้ดี!\pดูร่างอันงดงามของโปเกมอนยุคบรรพกาล\nไคโอกาที่กำลังหลับใหล!\pฉันเฝ้ารอวันนี้มา\nแสนนาน…$,1,dlg_672712da70f8720a,,draft,
"archie: didn't i see you before?\nat slateport's museum?\pah, so your name is {player}.\pat the time, i thought you were one\nof team magma's goons.\phumph...\nyou're one odd kid.\pteam magma is a dangerous group of\ntotal fanatics.\pthey engage in destruction, claiming\nto expand the land mass.\pthey are the rivals to us,\nthe sea-loving team aqua!$","ARCHIE: Didn't I see you before?\nAt SLATEPORT's MUSEUM?\pAh, so your name is {PLAYER}.\pAt the time, I thought you were one\nof TEAM MAGMA's goons.\pHumph…\nYou're one odd kid.\pTEAM MAGMA is a dangerous group of\ntotal fanatics.\pThey engage in destruction, claiming\nto expand the land mass.\pThey are the rivals to us,\nthe sea-loving TEAM AQUA!$",อาโอกิริ: ฉันเคยเห็นแกมาก่อนใช่ไหม?\nที่พิพิธภัณฑ์ในไคไน?\pอ๋อ แกชื่อ {PLAYER} สินะ\pตอนนั้นฉันนึกว่าแกเป็นหนึ่ง\nในลูกสมุนของทีมแมกมา\pฮึ…\nแกนี่เป็นเด็กประหลาดจริง ๆ\pทีมแมกมาคือกลุ่มอันตราย\nที่เต็มไปด้วยพวกคลั่งลัทธิ\pพวกมันทำลายล้าง โดยอ้างว่า\nต้องการขยายผืนแผ่นดิน\pพวกมันคือศัตรูของเรา\nทีมอควาผู้รักท้องทะเล!$,1,dlg_e217e7b7f13bbeff,,draft,
"archie: fufufu...\nso it was you, after all.$","ARCHIE: Fufufu…\nSo it was you, after all.$",อาโอกิริ: หึ ๆ ๆ…\nเป็นแกจริง ๆ สินะ$,1,dlg_e21be4ce24181c9d,,draft,
"archie: fufufu...\pi commend you. i must recognize that\nyou are truly gifted.\pbut!\ni have this in my possession!\pwith this red orb, i can make kyogre...$","ARCHIE: Fufufu…\pI commend you. I must recognize that\nyou are truly gifted.\pBut!\nI have this in my possession!\pWith this RED ORB, I can make KYOGRE…$",อาโอกิริ: หึ ๆ ๆ…\pต้องยอมรับเลยว่าแกมีฝีมือ\nไม่ธรรมดาจริง ๆ\pแต่ว่า!\nฉันมีสิ่งนี้อยู่ในมือ!\pด้วยลูกแก้วสีแดงนี้ ฉันจะทำให้ไคโอกา…$,1,dlg_5b8c8d67abbc38ae,,draft,
"archie: grr, {player}!\ni should've guessed you'd show up!\psee for yourself what the fanatics\nof team magma are up to!\pthey're trying to inject the stolen\nmeteorite's power into the volcano!\pdoing something like that will cause\nthe volcano's eruption!$","ARCHIE: Grr, {PLAYER}!\nI should've guessed you'd show up!\pSee for yourself what the fanatics\nof TEAM MAGMA are up to!\pThey're trying to inject the stolen\nMETEORITE's power into the volcano!\pDoing something like that will cause\nthe volcano's eruption!$",อาโอกิริ: ฮึ่ม {PLAYER}!\nนึกแล้วว่าแกต้องโผล่มา!\pดูเอาเองว่าพวกคลั่งลัทธิ\nทีมแมกมากำลังทำอะไร!\pพวกมันกำลังส่งพลังของ\nอุกกาบาตที่ขโมยมาเข้าสู่ภูเขาไฟ!\pทำแบบนั้นภูเขาไฟ\nจะปะทุขึ้นมา!$,1,dlg_3a084ac6783a9ce7,,draft,
"archie: grrr...\pi want to stop that maxie,\nbut i can't!\pnot when i have my hands full battling\nthree opponents at once!$","ARCHIE: Grrr…\pI want to stop that MAXIE,\nbut I can't!\pNot when I have my hands full battling\nthree opponents at once!$",อาโอกิริ: ฮึ่ม…\pฉันอยากหยุดมัตสึบูสะ\nแต่ทำไม่ได้!\pในเมื่อฉันต้องรับมือศัตรู\nสามคนพร้อมกันแบบนี้!$,1,dlg_3e2b11896ebb1637,,draft,
archie: hm? it's a message from our\nmembers outside...$,ARCHIE: Hm? It's a message from our\nmembers outside…$,อาโอกิริ: หืม? ข้อความจาก\nพวกที่อยู่ข้างนอก…$,1,dlg_42f4426fdf01c018,,draft,
archie: hold it right there.$,ARCHIE: Hold it right there.$,อาโอกิริ: หยุดอยู่ตรงนั้น$,1,dlg_56c225a224c38318,,draft,
"archie: it surprises me, how you've\nmanaged to chase me here.\pbut that's all over now.\pfor the realization of my dream,\nyou must disappear now!$","ARCHIE: It surprises me, how you've\nmanaged to chase me here.\pBut that's all over now.\pFor the realization of my dream,\nyou must disappear now!$",อาโอกิริ: น่าประหลาดใจจริง ๆ ที่แก\nตามฉันมาถึงที่นี่ได้\pแต่ทุกอย่างจบลงแล้ว\pเพื่อให้ความฝันของฉันเป็นจริง\nแกต้องหายไปเดี๋ยวนี้!$,1,dlg_904db249c77a5fb4,,draft,
"archie: kyogre and groudon both\nflew off to who knows where.\pthe weather in hoenn has returned\nto its normal state...\phaha...\nhahaha...\pmaybe what we were trying to do was\nsomething small, even meaningless,\lto pokémon...$","ARCHIE: KYOGRE and GROUDON both\nflew off to who knows where.\pThe weather in HOENN has returned\nto its normal state…\pHaha…\nHahaha…\pMaybe what we were trying to do was\nsomething small, even meaningless,\lto POKéMON…$",อาโอกิริ: ทั้งไคโอกาและกราดอน\nบินไปไหนแล้วก็ไม่รู้\pสภาพอากาศในโฮเอ็นกลับคืน\nเป็นปกติแล้ว…\pฮ่า ๆ…\nฮ่า ๆ ๆ…\pบางทีสิ่งที่เราพยายามทำอาจเล็กน้อย\nหรือไร้ความหมายเสียด้วยซ้ำ\lสำหรับโปเกมอน…$,1,dlg_6e265d07775a618e,,draft,
"archie: team magma's maxie got ahead\nof us, but we also got what we wanted.\pthe red orb preserved at mt. pyre...\ni, archie, now have it in my possession!\pfufufu... now we can bring our ultimate\nobjective to fruition!\pokay, team!\nwe're pulling out!$","ARCHIE: TEAM MAGMA's MAXIE got ahead\nof us, but we also got what we wanted.\pThe RED ORB preserved at MT. PYRE…\nI, ARCHIE, now have it in my possession!\pFufufu… Now we can bring our ultimate\nobjective to fruition!\pOkay, TEAM!\nWe're pulling out!$",อาโอกิริ: มัตสึบูสะจากทีมแมกมา\nชิงลงมือก่อนเรา แต่เราก็ได้สิ่งที่ต้องการ\pลูกแก้วสีแดงซึ่งเก็บรักษาไว้ที่ภูเขาโอคุริบิ…\nตอนนี้อยู่ในมือของฉัน อาโอกิริแล้ว!\pหึ ๆ ๆ… ทีนี้เราก็ทำให้เป้าหมาย\nสูงสุดของเราเป็นจริงได้!\pเอาล่ะ ทุกคน!\nถอนกำลัง!$,1,dlg_d918d79168cfccf1,,draft,
archie: there's something wrong...\pthe red orb is supposed to awaken\nand control kyogre...\pbut... why?\nwhy did kyogre disappear?\pwhy?!$,ARCHIE: There's something wrong…\pThe RED ORB is supposed to awaken\nand control KYOGRE…\pBut… Why?\nWhy did KYOGRE disappear?\pWhy?!$,อาโอกิริ: มีอะไรผิดปกติ…\pลูกแก้วสีแดงควรจะปลุก\nและควบคุมไคโอกาได้…\pแต่… ทำไม?\nทำไมไคโอกาถึงหายไป?\pทำไมกัน?!$,1,dlg_57e3edbafd739069,,draft,
"archie: w-what?!\ndon't get all high and mighty with me!\pwasn't it you, team magma, that\ninfuriated groudon?\pso long as i have this red orb,\ni should be able to control kyogre...\pi should be able to control it...$","ARCHIE: W-what?!\nDon't get all high and mighty with me!\pWasn't it you, TEAM MAGMA, that\ninfuriated GROUDON?\pSo long as I have this RED ORB,\nI should be able to control KYOGRE…\pI should be able to control it…$",อาโอกิริ: อะ… อะไรนะ?!\nอย่ามาทำเป็นวางท่าเหนือฉัน!\pทีมแมกมาของแกไม่ใช่หรือ\nที่ทำให้กราดอนโกรธเกรี้ยว?\pตราบใดที่ฉันมีลูกแก้วสีแดง\nฉันก็ควรควบคุมไคโอกาได้…\pฉันควรควบคุมมันได้สิ…$,1,dlg_b9b9dc0d0d6b7eb0,,draft,
archie: what?!\pi didn't do anything.\nwhy did the red orb...\pwhere did kyogre go?$,ARCHIE: What?!\pI didn't do anything.\nWhy did the RED ORB…\pWhere did KYOGRE go?$,อาโอกิริ: อะไรนะ?!\pฉันยังไม่ได้ทำอะไรเลย\nทำไมลูกแก้วสีแดงถึง…\pไคโอกาหายไปไหนแล้ว?$,1,dlg_5e4dc15ea2604bc6,,draft,
"archie: yes, what is it?\phm...\nit's raining heavily?\pgood... that should have happened.\nthat is why we awakened kyogre,\lto realize team aqua's vision of\lexpanding the sea.\pwhat?!\pit's raining far harder than we\nenvisioned? you're in danger?\pthat can't be...\nthat's just not possible...\phold your position and monitor\nthe situation!$","ARCHIE: Yes, what is it?\pHm…\nIt's raining heavily?\pGood… That should have happened.\nThat is why we awakened KYOGRE,\lto realize TEAM AQUA's vision of\lexpanding the sea.\pWhat?!\pIt's raining far harder than we\nenvisioned? You're in danger?\pThat can't be…\nThat's just not possible…\pHold your position and monitor\nthe situation!$",อาโอกิริ: ว่าไง มีอะไร?\pหืม…\nฝนตกหนักงั้นหรือ?\pดี… ต้องเป็นแบบนั้นอยู่แล้ว\nเราเลยปลุกไคโอกาขึ้นมา\lเพื่อทำให้อุดมการณ์ในการขยายผืนทะเล\lของทีมอควาเป็นจริง\pว่าไงนะ?!\pฝนตกหนักกว่าที่เราคาดไว้มาก?\nพวกแกกำลังตกอยู่ในอันตราย?\pเป็นไปไม่ได้…\nไม่มีทางเป็นแบบนั้น…\pอยู่ประจำตำแหน่งและเฝ้าดู\nสถานการณ์ต่อไป!$,1,dlg_50cdd92ec4d3dc51,,draft,
"archie: yes, yes, we must!\nwe've got to hurry.\pthere's no telling what team magma\nwill do at mt. chimney!$","ARCHIE: Yes, yes, we must!\nWe've got to hurry.\pThere's no telling what TEAM MAGMA\nwill do at MT. CHIMNEY!$",อาโอกิริ: ใช่ ต้องตามไป!\nเราต้องรีบแล้ว\pไม่รู้ว่าทีมแมกมาจะทำอะไร\nที่ภูเขาเอ็นโทสึ!$,1,dlg_de424b65d2ac84b8,,draft,
"archie: {player}!\nthank you!\pwith your help, we thwarted team\nmagma's destructive plan!\pbut... you...\nwhose side are you on?\pah, it doesn't matter.\pwe will remain vigilant and keep up\nour pursuit of team magma.\p{player}, we shall meet again!$","ARCHIE: {PLAYER}!\nThank you!\pWith your help, we thwarted TEAM\nMAGMA's destructive plan!\pBut… You…\nWhose side are you on?\pAh, it doesn't matter.\pWe will remain vigilant and keep up\nour pursuit of TEAM MAGMA.\p{PLAYER}, we shall meet again!$",อาโอกิริ: {PLAYER}!\nขอบใจมาก!\pด้วยความช่วยเหลือของแก เราจึงหยุด\nแผนทำลายล้างของทีมแมกมาได้!\pแต่… แก…\nอยู่ฝ่ายไหนกันแน่?\pช่างเถอะ ไม่สำคัญหรอก\pเราจะเฝ้าระวังและตามล่า\nทีมแมกมาต่อไป\p{PLAYER} แล้วพบกันใหม่!$,1,dlg_31d1999313c6eb44,,draft,
"archie: {player}, you should keep\nan eye out for team magma, too.\pfarewell!$","ARCHIE: {PLAYER}, you should keep\nan eye out for TEAM MAGMA, too.\pFarewell!$",อาโอกิริ: {PLAYER} ระวัง\nทีมแมกมาด้วยล่ะ\pลาก่อน!$,1,dlg_620b24cda6ef26e8,,draft,
"boss, we should give chase to\nteam magma...$","BOSS, we should give chase to\nTEAM MAGMA…$",บอส เราควรรีบตาม\nทีมแมกมาไป…$,1,dlg_ea4952bca9a7ff22,,draft,
"brendan: hey, {player}.\nso this is where you were.\lhow's it going?\phave you been raising your pokémon?\ni'll check for you.$","BRENDAN: Hey, {PLAYER}.\nSo this is where you were.\lHow's it going?\pHave you been raising your POKéMON?\nI'll check for you.$",ยูคิ: เฮ้ {PLAYER}\nอยู่นี่เองเหรอ\lเป็นยังไงบ้าง?\pเลี้ยงโปเกมอนให้เก่งขึ้นหรือยัง?\nเดี๋ยวฉันตรวจให้เอง$,1,dlg_fd31a8d537ec357f,,draft,
"brendan: i think i get it.\ni think i know why my dad has his eye\lout for you now.\plook, your pokémon already likes you,\neven though you just got it.\p{player}, i get the feeling that you\ncould befriend any pokémon with ease.\pwe should head back to the lab.$","BRENDAN: I think I get it.\nI think I know why my dad has his eye\lout for you now.\pLook, your POKéMON already likes you,\neven though you just got it.\p{PLAYER}, I get the feeling that you\ncould befriend any POKéMON with ease.\pWe should head back to the LAB.$",ยูคิ: ฉันพอเข้าใจแล้ว\nตอนนี้รู้แล้วว่าทำไมพ่อ\lถึงสนใจเธอ\pดูสิ โปเกมอนของเธอชอบเธอแล้ว\nทั้งที่เพิ่งได้มาแท้ ๆ\p{PLAYER} ฉันรู้สึกว่าเธอ\nผูกมิตรกับโปเกมอนตัวไหนก็ได้แน่\pเรากลับไปที่แล็บกันเถอะ$,1,dlg_5ba654e578399a89,,draft,
"brendan: i'd say you're good enough\nto search for pokémon anywhere.\phere, i'll give you this.\ntry it out.$","BRENDAN: I'd say you're good enough\nto search for POKéMON anywhere.\pHere, I'll give you this.\nTry it out.$",ยูคิ: ฝีมือระดับเธอคงไป\nตามหาโปเกมอนที่ไหนก็ได้แล้ว\pนี่ ฉันให้ของชิ้นนี้\nลองใช้ดูสิ$,1,dlg_558729c3a49c4cf8,,draft,
"brendan: okay, so it's this one and\nthat one that live on route 103...$","BRENDAN: Okay, so it's this one and\nthat one that live on ROUTE 103…$",ยูคิ: เอาละ ตัวนี้กับ\nตัวนั้นอาศัยอยู่บนถนนหมายเลข 103…$,1,dlg_1d2c85c3dd45b39f,,draft,
"brendan: that's an itemfinder.\puse it to root around for items that\naren't visible.\pif it senses something, it emits\na sound.\panyway, i'm off to look for new\npokémon.$","BRENDAN: That's an ITEMFINDER.\pUse it to root around for items that\naren't visible.\pIf it senses something, it emits\na sound.\pAnyway, I'm off to look for new\nPOKéMON.$",ยูคิ: นั่นคือเครื่องค้นหาไอเทม\pใช้ค้นหาไอเทมที่\nมองไม่เห็นได้\pถ้ามันตรวจเจออะไร\nก็จะส่งเสียงออกมา\pเอาละ ฉันจะไปตามหา\nโปเกมอนตัวใหม่ต่อแล้ว$,1,dlg_d281b79c13882f2a,,draft,
"brendan: use fly, and your pokémon\ninstantly carries you to any town\lyou've already visited.\pbut you need the fortree gym badge \nto do that.\panyway, i have to move along.$","BRENDAN: Use FLY, and your POKéMON\ninstantly carries you to any town\lyou've already visited.\pBut you need the FORTREE GYM BADGE \nto do that.\pAnyway, I have to move along.$",ยูคิ: ถ้าใช้โซระโอะโทบุ โปเกมอน\nจะพาไปยังเมืองที่เคยไปมาแล้ว\lได้ในพริบตา\pแต่ต้องมีฮิวะมากิยิมแบดจ์ \nถึงจะใช้ได้\pเอาล่ะ ฉันต้องไปต่อแล้ว$,1,dlg_76bf541ad1e06184,,draft,
"brendan: whaaaat?! ... ... ... ... ...\n... ... ... ... ... ... ... ...\pit can't be helped if that's the rule.\p{player}, way to go!\ncongratulations!$","BRENDAN: Whaaaat?! … … … … …\n… … … … … … … …\pIt can't be helped if that's the rule.\p{PLAYER}, way to go!\nCongratulations!$",ยูคิ: อะไรนะ?! … … … … …\n… … … … … … … …\pถ้าเป็นกฎก็คงช่วยไม่ได้\p{PLAYER} ทำได้เยี่ยมมาก!\nยินดีด้วย!$,1,dlg_d3aa53241d06684c,,draft,
"brendan: {player}! so this is where\nyou've been looking for pokémon?\plet me see how good you got.\ni'll test you!\pnow!\nit's a battle, so battle!$","BRENDAN: {PLAYER}! So this is where\nyou've been looking for POKéMON?\pLet me see how good you got.\nI'll test you!\pNow!\nIt's a battle, so battle!$",ยูคิ: {PLAYER}! ที่นี่เองเหรอ\nที่เธอมาตามหาโปเกมอน?\pขอดูหน่อยว่าเก่งขึ้นแค่ไหน\nฉันจะทดสอบเธอเอง!\pเอาล่ะ!\nต่อสู้กันให้เต็มที่!$,1,dlg_83a72594b4c34bcc,,draft,
brendan: {player}!\phow would you like some advice before\nyou challenge the champion?...$,BRENDAN: {PLAYER}!\pHow would you like some advice before\nyou challenge the CHAMPION?…$,ยูคิ: {PLAYER}!\pอยากได้คำแนะนำก่อน\nท้าทายแชมเปี้ยนไหม?…$,1,dlg_002edf666920d96c,,draft,
"brendan: {player}, you've trained\nwithout me noticing...\pgood enough!\nhere, take this.$","BRENDAN: {PLAYER}, you've trained\nwithout me noticing…\pGood enough!\nHere, take this.$",ยูคิ: {PLAYER} ฝึกจนเก่งขึ้น\nโดยที่ฉันไม่ทันสังเกตเลย…\pใช้ได้เลย!\nเอ้า รับนี่ไป$,1,dlg_d3ccced86c75df3a,,draft,
brendan: {player}...\pare you trying to tell me...\nyou've beaten the champion?$,BRENDAN: {PLAYER}…\pAre you trying to tell me…\nYou've beaten the CHAMPION?$,ยูคิ: {PLAYER}…\pหรือว่าเธอ…\nเอาชนะแชมเปี้ยนแล้ว?$,1,dlg_2354d73bb4e62974,,draft,
capt. stern says they discovered\nsomething at the bottom of the sea.\pi wonder what it is?\nwhat could it be?$,CAPT. STERN says they discovered\nsomething at the bottom of the sea.\pI wonder what it is?\nWhat could it be?$,กัปตันคุสโนกิบอกว่าพวกเขาค้นพบ\nบางอย่างที่ก้นทะเล\pสงสัยจังว่าคืออะไร?\nจะเป็นอะไรกันนะ?$,1,dlg_7f0709929860c17b,,draft,
capt. stern: those thugs...\pthey're the same lot who tried to rob\nthe devon goods at the museum.$,CAPT. STERN: Those thugs…\pThey're the same lot who tried to rob\nthe DEVON GOODS at the MUSEUM.$,กัปตันคุสโนกิ: พวกอันธพาลนั่น…\pเป็นพวกเดียวกับที่พยายามปล้น\nสินค้าเดวอนในพิพิธภัณฑ์$,1,dlg_40ef2cebfda60ee7,,draft,
capt. stern: wh-what?\nwho are you people?$,CAPT. STERN: Wh-what?\nWho are you people?$,กัปตันคุสโนกิ: อะ-อะไรนะ?\nพวกแกเป็นใคร?$,1,dlg_6c9bfdabbe559c34,,draft,
capt. stern: what was that all about?\pit sounded like someone using\na megaphone...\pwhere did it come from?$,CAPT. STERN: What was that all about?\pIt sounded like someone using\na megaphone…\pWhere did it come from?$,กัปตันคุสโนกิ: เมื่อกี้มันอะไรกัน?\pฟังเหมือนเสียงใครบางคน\nพูดผ่านโทรโข่ง…\pดังมาจากไหนกัน?$,1,dlg_0b38356a9d2a5891,,draft,
capt. stern: whew...\pthat was my first time to be filmed for\ntv. that was nerve-wracking.$,CAPT. STERN: Whew…\pThat was my first time to be filmed for\nTV. That was nerve-wracking.$,กัปตันคุสโนกิ: เฮ้อ…\pนี่เป็นครั้งแรกที่ผมถูกถ่ายทำ\nออกทีวี ตื่นเต้นจนเกร็งเลยครับ$,1,dlg_a24a9e2b5d3b180d,,draft,
"capt. stern: whoops!\nthere's no time to lose!\pwe have to set out on our ocean-floor\nexpedition really soon.\pthanks again, but now i've got\nto go!\pfeel free to wander around and check\nout our facilities, though.$","CAPT. STERN: Whoops!\nThere's no time to lose!\pWe have to set out on our ocean-floor\nexpedition really soon.\pThanks again, but now I've got\nto go!\pFeel free to wander around and check\nout our facilities, though.$",กัปตันคุสโนกิ: อ๊ะ!\nไม่มีเวลาแล้ว!\pเราต้องรีบออกเดินทาง\nไปสำรวจก้นทะเล\pขอบคุณอีกครั้งนะ แต่ตอนนี้\nผมต้องไปแล้ว!\pเชิญเดินชมอุปกรณ์ต่าง ๆ\nของเราได้ตามสบายครับ$,1,dlg_d19a36b6538ce9c5,,draft,
"capt. stern: why...\pwhy would team aqua steal my\nsubmarine explorer 1?\pthey can't be after the slumbering\npokémon at the bottom of the sea...\pbut even if i were to chase them,\ni don't stand a chance against them...$","CAPT. STERN: Why…\pWhy would TEAM AQUA steal my\nSUBMARINE EXPLORER 1?\pThey can't be after the slumbering\nPOKéMON at the bottom of the sea…\pBut even if I were to chase them,\nI don't stand a chance against them…$",กัปตันคุสโนกิ: ทำไม…\pทำไมทีมอควาต้องขโมย\nเรือดำน้ำเอ็กซ์พลอเรอร์ 1 ของผม?\pคงไม่ได้เล็งโปเกมอนที่หลับใหล\nอยู่ก้นทะเลหรอกนะ…\pแต่ถึงผมจะตามไป\nก็ไม่มีทางสู้พวกมันได้…$,1,dlg_85246ab6bfa6b21d,,draft,
"capt. stern: yes, indeed. we intend to\nmove ahead with our exploration.$","CAPT. STERN: Yes, indeed. We intend to\nmove ahead with our exploration.$",กัปตันคุสโนกิ: ใช่ครับ เราตั้งใจจะ\nเดินหน้าสำรวจต่อไป$,1,dlg_29e6bfe52cbe76dc,,draft,
"capt. stern: you're...\nah, okay, you're {player}{kun}...\panyway, that was a tense situation!\nthank you for saving us!\poh, yes, i almost forgot that you\neven brought the parts from devon!$","CAPT. STERN: You're…\nAh, okay, you're {PLAYER}{KUN}…\pAnyway, that was a tense situation!\nThank you for saving us!\pOh, yes, I almost forgot that you\neven brought the parts from DEVON!$",กัปตันคุสโนกิ: คุณคือ…\nอ๋อ เข้าใจแล้ว {PLAYER}{KUN} สินะ…\pเมื่อกี้สถานการณ์คับขันจริง ๆ!\nขอบคุณที่ช่วยพวกเราไว้!\pอ้อ ใช่ ผมเกือบลืมไปเลยว่า\nคุณนำชิ้นส่วนจากเดวอนมาด้วย!$,1,dlg_9d72999ead10d4fe,,draft,
"dad: as the gym leader, i can't\nexpress how upset i am...\pbut as a father, it makes me both\nhappy and a little sad. it's odd...$","DAD: As the GYM LEADER, I can't\nexpress how upset I am…\pBut as a father, it makes me both\nhappy and a little sad. It's odd…$",พ่อ: ในฐานะยิมลีดเดอร์\nพ่อเสียใจจนบรรยายไม่ถูก…\pแต่ในฐานะพ่อ พ่อทั้งดีใจ\nและเศร้านิด ๆ เป็นความรู้สึกที่แปลกดี…$,1,dlg_189afa7d715ce58f,,draft,
dad: hm. i see.$,DAD: Hm. I see.$,พ่อ: อืม เข้าใจแล้ว$,1,dlg_28c0bea6f705559a,,draft,
"dad: hm... {player}, you have gotten\nstronger.\pi can tell by the number of badges\nthat you've earned.$","DAD: Hm… {PLAYER}, you have gotten\nstronger.\pI can tell by the number of BADGES\nthat you've earned.$",พ่อ: อืม… {PLAYER} ลูก\nแข็งแกร่งขึ้นแล้วนะ\pพ่อดูออกจากจำนวนแบดจ์\nที่ลูกได้รับมา$,1,dlg_341cabcfb47a1d38,,draft,
"dad: hm...\nso, you did get four gym badges.\pfine, as i promised, we will have\na pokémon battle.\p{player}...\pi'm so happy that i can have\na real battle with my own child.\pbut, a battle is a battle!\pi will do everything in my power as\na gym leader to win.\p{player}, you'd better give it your\nbest shot, too!$","DAD: Hm…\nSo, you did get four GYM BADGES.\pFine, as I promised, we will have\na POKéMON battle.\p{PLAYER}…\pI'm so happy that I can have\na real battle with my own child.\pBut, a battle is a battle!\pI will do everything in my power as\na GYM LEADER to win.\p{PLAYER}, you'd better give it your\nbest shot, too!$",พ่อ: อืม…\nในที่สุดลูกก็ได้ยิมแบดจ์มา 4 อัน\pเอาละ ตามที่สัญญาไว้\nเราจะมาดวลโปเกมอนกัน\p{PLAYER}…\pพ่อดีใจเหลือเกินที่ได้ต่อสู้\nอย่างจริงจังกับลูกของตัวเอง\pแต่การต่อสู้ก็คือการต่อสู้!\pพ่อจะใช้พลังทั้งหมดที่มี\nในฐานะยิมลีดเดอร์เพื่อคว้าชัย\p{PLAYER} ลูกเองก็\nสู้ให้เต็มที่เหมือนกัน!$,1,dlg_b1dbf403a97f2f0c,,draft,
"dad: hm? aren't you going to the\npokémon gym in rustboro city?\pthere's no challenge for me to\nbattle a greenhorn trainer.\p{player}, i want you to challenge me\nwhen you become a lot stronger.\pi'll battle you, {player}, when you\ncan show me four gym badges, okay?$","DAD: Hm? Aren't you going to the\nPOKéMON GYM in RUSTBORO CITY?\pThere's no challenge for me to\nbattle a greenhorn TRAINER.\p{PLAYER}, I want you to challenge me\nwhen you become a lot stronger.\pI'll battle you, {PLAYER}, when you\ncan show me four GYM BADGES, okay?$",พ่อ: หืม? ลูกไม่ได้จะไป\nโปเกมอนยิมที่เมืองคานาซึมิหรือ?\pให้พ่อต่อสู้กับเทรนเนอร์มือใหม่\nก็ไม่ท้าทายเลย\p{PLAYER} พ่ออยากให้ลูกมาท้าสู้\nตอนที่แข็งแกร่งกว่านี้มากแล้ว\pพ่อจะสู้กับลูก {PLAYER} เมื่อลูก\nเอายิมแบดจ์ 4 อันมาให้ดู ตกลงไหม?$,1,dlg_2833d41c93d5f47b,,draft,
"dad: hm? you're... uh... oh, right.\nyou're wally, right?$","DAD: Hm? You're… Uh… Oh, right.\nYou're WALLY, right?$",พ่อ: หืม? เธอคือ… เอ่อ… อ๋อ ใช่\nเธอชื่อมิตสึรุสินะ?$,1,dlg_20ec25c2eaea2190,,draft,
"dad: hm?\pwell, if it isn't {player}!\nso you're all finished moving in?\pi'm surprised that you managed to\nget here by yourself.\poh, i see.\nyou're with your pokémon.\phm... then i guess you're going to\nbecome a trainer like me, {player}.\pthat's great news!\ni'll be looking forward to it!$","DAD: Hm?\pWell, if it isn't {PLAYER}!\nSo you're all finished moving in?\pI'm surprised that you managed to\nget here by yourself.\pOh, I see.\nYou're with your POKéMON.\pHm… Then I guess you're going to\nbecome a TRAINER like me, {PLAYER}.\pThat's great news!\nI'll be looking forward to it!$",พ่อ: หืม?\pอ้าว {PLAYER} นี่นา!\nย้ายบ้านเสร็จเรียบร้อยแล้วหรือ?\pพ่อแปลกใจนะที่ลูก\nมาถึงนี่ได้ด้วยตัวเอง\pอ้อ เข้าใจแล้ว\nลูกมากับโปเกมอนนี่เอง\pอืม… ถ้าอย่างนั้นลูกคงจะ\nเป็นเทรนเนอร์เหมือนพ่อสินะ {PLAYER}\pเป็นข่าวดีจริง ๆ!\nพ่อจะตั้งตารอนะ!$,1,dlg_f7f989a1a6ff5a66,,draft,
"dad: i see... so, you've beaten\nthe gym leader in rustboro city.\pbut there are many more trainers\nwho are stronger than you, {player}.\pacross the sea in dewford town is a\ngym leader named brawly.\pyou should go challenge him.$","DAD: I see… So, you've beaten\nthe GYM LEADER in RUSTBORO CITY.\pBut there are many more TRAINERS\nwho are stronger than you, {PLAYER}.\pAcross the sea in DEWFORD TOWN is a\nGYM LEADER named BRAWLY.\pYou should go challenge him.$",พ่อ: เข้าใจแล้ว… ลูกเอาชนะ\nยิมลีดเดอร์แห่งเมืองคานาซึมิได้แล้ว\pแต่ยังมีเทรนเนอร์อีกมาก\nที่แข็งแกร่งกว่าลูกนะ {PLAYER}\pอีกฟากทะเล ที่เมืองมุโระ\nมียิมลีดเดอร์ชื่อโทคิ\pลูกควรไปท้าสู้กับเขา$,1,dlg_52b66c5569e850e3,,draft,
"dad: now...\p{player}, if you want to become a\nstrong trainer, here's my advice.\phead for rustboro city beyond this\ntown.\pthere, you should challenge\nthe gym leader, roxanne.\pafter her, go on to other pokémon\ngyms and defeat their leaders.\pcollect badges from them,\nunderstood?\pof course, i'm a gym leader, too.\nwe'll battle one day, {player}.\pbut that's only after you become\nstronger.$","DAD: Now…\p{PLAYER}, if you want to become a\nstrong TRAINER, here's my advice.\pHead for RUSTBORO CITY beyond this\ntown.\pThere, you should challenge\nthe GYM LEADER, ROXANNE.\pAfter her, go on to other POKéMON\nGYMS and defeat their LEADERS.\pCollect BADGES from them,\nunderstood?\pOf course, I'm a GYM LEADER, too.\nWe'll battle one day, {PLAYER}.\pBut that's only after you become\nstronger.$",พ่อ: เอาละ…\p{PLAYER} ถ้าลูกอยากเป็น\nเทรนเนอร์ที่แข็งแกร่ง พ่อมีคำแนะนำ\pมุ่งหน้าไปยังเมืองคานาซึมิ\nที่อยู่เลยเมืองนี้ไป\pที่นั่น ลูกควรท้าสู้กับ\nยิมลีดเดอร์ สึสึจิ\pจากนั้นก็ไปยังโปเกมอนยิมอื่น\nและเอาชนะเหล่าลีดเดอร์\pรวบรวมแบดจ์จากพวกเขา\nเข้าใจไหม?\pแน่นอน พ่อเองก็เป็นยิมลีดเดอร์\nสักวันเราจะได้สู้กัน {PLAYER}\pแต่ต้องรอจนลูก\nแข็งแกร่งกว่านี้ก่อน$,1,dlg_01331361d491fc05,,draft,
"dad: so, did it work out?$","DAD: So, did it work out?$",พ่อ: เป็นยังไง สำเร็จไหม?$,1,dlg_33f6361195064148,,draft,
"dad: tm42 contains facade.\pit doubles the power of moves if\nthe pokémon is poisoned, paralyzed,\lor burned.\pit might be able to turn a bad\nsituation into an advantage.$","DAD: TM42 contains FACADE.\pIt doubles the power of moves if\nthe POKéMON is poisoned, paralyzed,\lor burned.\pIt might be able to turn a bad\nsituation into an advantage.$",พ่อ: TM42 บรรจุท่าคาราเก็งกิ\pหากโปเกมอนติดพิษ เป็นอัมพาต\nหรือติดไฟ พลังของท่า\lจะเพิ่มขึ้นเป็นสองเท่า\pมันอาจพลิกสถานการณ์เลวร้าย\nให้กลายเป็นข้อได้เปรียบได้$,1,dlg_5ffaf85215a0f479,,draft,
"dad: with that badge, the defense\nof all your pokémon will increase.\ppokémon that know the hm move surf\nwill be able to travel over water.\pthis is my gift to you. {player}, i'm\nsure you can use it correctly.$","DAD: With that BADGE, the DEFENSE\nof all your POKéMON will increase.\pPOKéMON that know the HM move SURF\nwill be able to travel over water.\pThis is my gift to you. {PLAYER}, I'm\nsure you can use it correctly.$",พ่อ: แบดจ์นั้นจะเพิ่ม\nพลังป้องกันของโปเกมอนทุกตัว\pโปเกมอนที่รู้จักท่า HM นามิโนริ\nจะเดินทางข้ามผิวน้ำได้\pนี่คือของขวัญจากพ่อ {PLAYER}\nพ่อมั่นใจว่าลูกจะใช้มันได้ถูกต้อง$,1,dlg_1349dbfc0225bf7b,,draft,
"dad: {player}, you heard that,\nright?\pgo with wally and make sure that he\nsafely catches a pokémon.$","DAD: {PLAYER}, you heard that,\nright?\pGo with WALLY and make sure that he\nsafely catches a POKéMON.$",พ่อ: {PLAYER} ได้ยินแล้ว\nใช่ไหม?\pไปกับมิตสึรุ แล้วคอยช่วยให้เขา\nจับโปเกมอนได้อย่างปลอดภัย$,1,dlg_c91c18103becdb2f,,draft,
"dad: {player}, you should go visit\nyour mother every so often.\pi'm going to stay here and redouble\nmy training.\pit would bother me as a trainer to\nnot avenge my loss to you, {player}!$","DAD: {PLAYER}, you should go visit\nyour mother every so often.\pI'm going to stay here and redouble\nmy training.\pIt would bother me as a TRAINER to\nnot avenge my loss to you, {PLAYER}!$",พ่อ: {PLAYER} ลูกควรแวะไปหา\nแม่บ้างเป็นครั้งคราวนะ\pพ่อจะอยู่ที่นี่และ\nฝึกฝนให้หนักยิ่งกว่าเดิม\pในฐานะเทรนเนอร์ พ่อยอมไม่ได้\nถ้ายังไม่ได้แก้มือกับลูก {PLAYER}!$,1,dlg_a4dd4d5adc4061ee,,draft,
do you want to give a nickname to\nthis {str_var_1}?$,Do you want to give a nickname to\nthis {STR_VAR_1}?$,อยากตั้งชื่อเล่นให้\n{STR_VAR_1} ตัวนี้ไหม?$,1,dlg_fbfff4949ad6b61d,,draft,
"excuse me, please!\nplease come with me!$","Excuse me, please!\nPlease come with me!$",ขอโทษนะครับ!\nช่วยมากับผมหน่อย!$,1,dlg_f237e0965b02f5c4,,draft,
"fufufu...\ncapt. stern, i presume.\pwe of team aqua will assume\ncontrol of your submarine!\pyour objections are meaningless!\nwe expect your total cooperation!\pfufufu...\njust watch and learn what team\laqua has planned!$","Fufufu…\nCAPT. STERN, I presume.\pWe of TEAM AQUA will assume\ncontrol of your submarine!\pYour objections are meaningless!\nWe expect your total cooperation!\pFufufu…\nJust watch and learn what TEAM\lAQUA has planned!$",หึ ๆ ๆ…\nกัปตันคุสโนกิสินะ\pพวกเราทีมอควาจะยึด\nเรือดำน้ำของแกไป!\pคัดค้านไปก็ไร้ความหมาย!\nให้ความร่วมมือแต่โดยดีซะ!\pหึ ๆ ๆ…\nจงดูและเรียนรู้ว่า\lทีมอความีแผนการอะไร!$,1,dlg_ac6bacd443ddc584,,draft,
get out!\nout of the way!$,Get out!\nOut of the way!$,หลบไป!\nอย่าขวางทาง!$,1,dlg_55e2e299eaa32230,,draft,
good answer!\nthat's what a smart person'll do!$,Good answer!\nThat's what a smart person'll do!$,ตอบได้ดี!\nคนฉลาดก็ต้องเลือกแบบนั้น!$,1,dlg_0d1adf3d7c53be63,,draft,
"grah, keelhaul it all!\pthat hostage pokémon turned out to\nbe worthless!\pand to think i made a getaway...\nin this tunnel to nowhere!\phey! you!\nso you want to battle me?$","Grah, keelhaul it all!\pThat hostage POKéMON turned out to\nbe worthless!\pAnd to think I made a getaway…\nIn this tunnel to nowhere!\pHey! You!\nSo you want to battle me?$",กรอด ช่างมันทั้งหมดนี่แหละ!\pโปเกมอนตัวประกันนั่น\nไร้ประโยชน์สิ้นดี!\pอุตส่าห์หนีมาได้แท้ ๆ…\nแต่ดันเข้ามาในอุโมงค์ตันนี่!\pเฮ้! แกน่ะ!\nอยากสู้กับฉันงั้นเหรอ?$,1,dlg_fac0960bd1369f1f,,draft,
h-help me!$,H-help me!$,ชะ-ช่วยด้วย!$,1,dlg_a3524918d5d08235,,draft,
"having the rain badge shall assure you\nthe full obedience of all your pokémon\lto your every command.\pthe rain badge also allows the use\nof the hm move waterfall to scale\lwalls of cascading water.\pand, so that you never forget the\nbattle we shared, take this...$","Having the RAIN BADGE shall assure you\nthe full obedience of all your POKéMON\lto your every command.\pThe RAIN BADGE also allows the use\nof the HM move WATERFALL to scale\lwalls of cascading water.\pAnd, so that you never forget the\nbattle we shared, take this…$",เมื่อมีอาเมะแบดจ์ โปเกมอนทุกตัว\nจะเชื่อฟังทุกคำสั่งของเจ้า\lอย่างสมบูรณ์\pอาเมะแบดจ์ยังทำให้ใช้ท่า HM\nทากิโนโบริ เพื่อไต่ขึ้นไปตาม\lม่านน้ำตกได้\pและเพื่อไม่ให้เจ้าลืมการต่อสู้\nที่เรามีร่วมกัน รับสิ่งนี้ไป…$,1,dlg_04c38272168a6c08,,draft,
"heh?\pi don't know who you are, but if you get\nin the way of team magma, don't\lexpect any mercy!$","Heh?\pI don't know who you are, but if you get\nin the way of TEAM MAGMA, don't\lexpect any mercy!$",หือ?\pไม่รู้หรอกว่าแกเป็นใคร แต่ถ้ามา\nขวางทางทีมแมกมา ก็อย่าหวัง\lว่าพวกเราจะปรานี!$,1,dlg_69bbf0b329ac7158,,draft,
"hehehe!\neven team aqua joins us!\pbut it's too much trouble to deal with\nyou all...\pheh, it doesn't matter!\pwe've got the meteorite, so off to\nmt. chimney we go!\phehehe! be seeing you, you team\naqua dingbats!$","Hehehe!\nEven TEAM AQUA joins us!\pBut it's too much trouble to deal with\nyou all…\pHeh, it doesn't matter!\pWe've got the METEORITE, so off to\nMT. CHIMNEY we go!\pHehehe! Be seeing you, you TEAM\nAQUA dingbats!$",ฮี่ ๆ!\nแม้แต่ทีมอควาก็มาด้วย!\pแต่รับมือพวกแกทั้งหมด\nก็ยุ่งยากเกินไป…\pช่างเถอะ ไม่สำคัญ!\pเราได้อุกกาบาตมาแล้ว ต่อไปก็\nมุ่งหน้าไปภูเขาเอ็นโทสึ!\pฮี่ ๆ! แล้วเจอกันใหม่ พวกทีม\nอควาสมองทึบ!$,1,dlg_c71a89510217f917,,draft,
"hehehe!\pwhile i was toying with you, our boss\ngot through his preparations!$","Hehehe!\pWhile I was toying with you, our BOSS\ngot through his preparations!$",ฮี่ ๆ ๆ!\pระหว่างที่ฉันถ่วงเวลาแก บอสของเรา\nก็เตรียมการเสร็จเรียบร้อยแล้ว!$,1,dlg_4df79a104565cdd7,,draft,
"hehehe!\pwith this meteorite, that thing in\nmt. chimney will...$","Hehehe!\pWith this METEORITE, that thing in\nMT. CHIMNEY will…$",ฮี่ ๆ!\pเมื่อมีอุกกาบาตนี่ เจ้าสิ่งนั้น\nบนภูเขาเอ็นโทสึจะ…$,1,dlg_61953244313ffbe4,,draft,
"hehehe, hold it!\nwe'll take those parts!$","Hehehe, hold it!\nWe'll take those parts!$",ฮี่ ๆ เดี๋ยวก่อน!\nชิ้นส่วนนั่นพวกเราขอละ!$,1,dlg_bccdea658542d0e8,,draft,
hello! you over there!\nplease! help!\pin my bag!\nthere's a poké ball!$,Hello! You over there!\nPlease! Help!\pIn my BAG!\nThere's a POKé BALL!$,นี่! เธอที่อยู่ตรงนั้น!\nได้โปรด! ช่วยที!\pในกระเป๋าของฉัน!\nมีโปเกบอลอยู่!$,1,dlg_45ae69cb30f2cd90,,draft,
"hey!\nyou...\pwho are you?\poh, you're {player}, aren't you?\nmoved in next door, right?\pi didn't know that you're a girl.\pdad, prof. birch, said that our new\nnext-door neighbor is a gym leader's\lkid, so i assumed you'd be a guy.\pmy name's brendan.\nso, hi, neighbor!\phuh? hey, {player}, don't you have\na pokémon?\pdo you want me to go catch you one?\paw, darn, i forgot...\pi'm supposed to go help my dad catch\nsome wild pokémon.\psome other time, okay?$","Hey!\nYou…\pWho are you?\pOh, you're {PLAYER}, aren't you?\nMoved in next door, right?\pI didn't know that you're a girl.\pDad, PROF. BIRCH, said that our new\nnext-door neighbor is a GYM LEADER's\lkid, so I assumed you'd be a guy.\pMy name's BRENDAN.\nSo, hi, neighbor!\pHuh? Hey, {PLAYER}, don't you have\na POKéMON?\pDo you want me to go catch you one?\pAw, darn, I forgot…\pI'm supposed to go help my dad catch\nsome wild POKéMON.\pSome other time, okay?$",เฮ้!\nเธอน่ะ…\pเป็นใครกัน?\pอ๋อ เธอคือ {PLAYER} ใช่ไหม?\nคนที่เพิ่งย้ายมาอยู่ข้างบ้านสินะ\pไม่รู้มาก่อนเลยว่าเธอเป็นผู้หญิง\pพ่อของฉัน ศ.เบิร์ช บอกว่าเพื่อนบ้านใหม่\nเป็นลูกของยิมลีดเดอร์\lฉันเลยนึกว่าจะเป็นผู้ชายน่ะ\pฉันชื่อยูคิ\nยินดีที่ได้รู้จักนะ เพื่อนบ้าน!\pเอ๊ะ? {PLAYER} เธอยังไม่มี\nโปเกมอนเหรอ?\pอยากให้ฉันไปจับมาให้สักตัวไหม?\pอ๊ะ แย่ละ ลืมไปเลย…\pฉันต้องไปช่วยพ่อจับ\nโปเกมอนป่านี่นา\pไว้คราวหน้านะ ตกลงไหม?$,1,dlg_a1cf42cc4332f130,,draft,
"hey, it's {player}!\p...oh, yeah, dad gave you a pokémon.\psince we're here, how about a little\nbattle?\pi'll teach you what being a trainer's\nabout!$","Hey, it's {PLAYER}!\p…Oh, yeah, Dad gave you a POKéMON.\pSince we're here, how about a little\nbattle?\pI'll teach you what being a TRAINER's\nabout!$",เฮ้ {PLAYER} นี่นา!\p…อ๋อ จริงสิ พ่อให้โปเกมอนเธอมาแล้วนี่\pไหน ๆ ก็มาเจอกันแล้ว\nมาสู้กันสักหน่อยไหม?\pฉันจะสอนให้รู้เองว่า\nการเป็นเทรนเนอร์คืออะไร!$,1,dlg_a2a36d33d4e71a0c,,draft,
hi! sorry to keep you waiting!\pwelcome to the world of pokémon!\pmy name is birch.\pbut everyone calls me the pokémon\nprofessor.\p$,Hi! Sorry to keep you waiting!\pWelcome to the world of POKéMON!\pMy name is BIRCH.\pBut everyone calls me the POKéMON\nPROFESSOR.\p$,สวัสดี! ขอโทษที่ให้รอนะ!\pยินดีต้อนรับสู่โลกของโปเกมอน!\pผมชื่อเบิร์ช\pแต่ทุกคนเรียกผมว่า\nศาสตราจารย์โปเกมอน\p$,1,dlg_f05a5b388b38ad28,,draft,
"hm? you're {player}{kun}!\nyou saved my darling peeko!\lwe owe so much to you!\pwhat's that?\nyou want to sail with me?\phmhm...\pyou have a letter bound for dewford\nand a package for slateport, then?\pquite the busy life you must lead!\pbut, certainly, what you're asking is\nno problem at all.\pyou've come to the right man!\nwe'll set sail for dewford.$","Hm? You're {PLAYER}{KUN}!\nYou saved my darling PEEKO!\lWe owe so much to you!\pWhat's that?\nYou want to sail with me?\pHmhm…\pYou have a LETTER bound for DEWFORD\nand a package for SLATEPORT, then?\pQuite the busy life you must lead!\pBut, certainly, what you're asking is\nno problem at all.\pYou've come to the right man!\nWe'll set sail for DEWFORD.$",หืม? คุณคือ {PLAYER}{KUN} นี่!\nคุณช่วยพีโกะสุดที่รักของฉันไว้!\lพวกเราติดหนี้บุญคุณมากจริง ๆ!\pว่าไงนะ?\nอยากออกเรือไปกับฉันเหรอ?\pหึหึ…\pคุณมีจดหมายต้องส่งที่มุโระ\nกับพัสดุสำหรับไคไนสินะ?\pชีวิตยุ่งไม่เบาเลยนะ!\pแต่เรื่องที่ขอมานั้น\nไม่มีปัญหาเลย\pคุณมาถูกคนแล้ว!\nเราออกเรือไปมุโระกันเถอะ$,1,dlg_8b8f8c1d77b9c2c7,,draft,
"hmhm...\non a nationwide basis...\pyou've seen {str_var_1} pokémon,\nand you've caught {str_var_2} pokémon...$","Hmhm…\nOn a nationwide basis…\pYou've seen {STR_VAR_1} POKéMON,\nand you've caught {STR_VAR_2} POKéMON…$",หึ ๆ…\nถ้านับทั่วทั้งประเทศ…\pเธอพบโปเกมอนแล้ว {STR_VAR_1} ชนิด\nและจับได้ {STR_VAR_2} ชนิด…$,1,dlg_dc0ce7c8455a31db,,draft,
"hmhm...\pso, you've seen {str_var_1} pokémon,\nand you've caught {str_var_2} pokémon...$","Hmhm…\pSo, you've seen {STR_VAR_1} POKéMON,\nand you've caught {STR_VAR_2} POKéMON…$",หึ ๆ…\pเธอพบโปเกมอนแล้ว {STR_VAR_1} ชนิด\nและจับได้ {STR_VAR_2} ชนิด…$,1,dlg_7696ddbcad4cdaca,,draft,
"hold it right there, team magma!\pyou're badly mistaken if you think you\ncan have your way with the world!$","Hold it right there, TEAM MAGMA!\pYou're badly mistaken if you think you\ncan have your way with the world!$",หยุดเดี๋ยวนี้ ทีมแมกมา!\pถ้าคิดว่าจะทำอะไรกับโลกนี้\nตามใจชอบได้ ก็คิดผิดมหันต์!$,1,dlg_b1ce8521162aba50,,draft,
"huh?\nwho... who are you?\p... ... ... ... ... ... ... ...\n... ... ... ... ... ... ... ...\poh, you're {player}{kun}.\nso your move was today.\pum... i'm may.\nglad to meet you!\pi...\ni have this dream of becoming friends\lwith pokémon all over the world.\pi... i heard about you, {player}{kun}, from\nmy dad, prof. birch.\pi was hoping that you would be nice,\n{player}{kun}, and that we could be friends.\poh, this is silly, isn't it?\ni... i've just met you, {player}{kun}.\peheheh...\poh, no! i forgot!\pi was supposed to go help dad catch\nsome wild pokémon!\p{player}{kun}, i'll catch you later!$","Huh?\nWho… Who are you?\p… … … … … … … …\n… … … … … … … …\pOh, you're {PLAYER}{KUN}.\nSo your move was today.\pUm… I'm MAY.\nGlad to meet you!\pI…\nI have this dream of becoming friends\lwith POKéMON all over the world.\pI… I heard about you, {PLAYER}{KUN}, from\nmy dad, PROF. BIRCH.\pI was hoping that you would be nice,\n{PLAYER}{KUN}, and that we could be friends.\pOh, this is silly, isn't it?\nI… I've just met you, {PLAYER}{KUN}.\pEheheh…\pOh, no! I forgot!\pI was supposed to go help Dad catch\nsome wild POKéMON!\p{PLAYER}{KUN}, I'll catch you later!$",เอ๊ะ?\nคะ… คุณเป็นใครคะ?\p… … … … … … … …\n… … … … … … … …\pอ๋อ คุณคือ {PLAYER}{KUN}\nวันนี้เพิ่งย้ายมาสินะคะ\pเอ่อ… ฉันชื่อฮารุกะค่ะ\nยินดีที่ได้รู้จักนะ!\pฉัน…\nฉันฝันอยากเป็นเพื่อนกับโปเกมอน\lทั่วทั้งโลกเลยค่ะ\pฉัน… ได้ยินเรื่องของคุณ {PLAYER}{KUN}\nจากพ่อ ศ.เบิร์ชค่ะ\pฉันหวังว่าคุณจะใจดี\nและเราจะได้เป็นเพื่อนกันนะ {PLAYER}{KUN}\pพูดอะไรน่าอายจังเลยนะคะ\nทั้งที่ฉัน… เพิ่งพบคุณแท้ ๆ {PLAYER}{KUN}\pเอเฮะเฮะ…\pอ๊ะ ไม่นะ! ฉันลืมไปเลย!\pฉันต้องไปช่วยพ่อจับ\nโปเกมอนป่านี่นา!\p{PLAYER}{KUN} แล้วเจอกันนะคะ!$,1,dlg_7cc549bb2e89937d,,draft,
"humph, sniveling wimp!\nlet me take care of this!$","Humph, sniveling wimp!\nLet me take care of this!$",ฮึ เจ้าขี้แพ้ขี้แย!\nให้ฉันจัดการเอง!$,1,dlg_e8971e4703accf6a,,draft,
"i am the last of the pokémon league\nelite four, drake the dragon master!\pin their natural state, pokémon are\nwild living things. they are free.\pat times, they hinder us.\nat times, they help us.\pfor us to battle with pokémon as\npartners, do you know what it takes?\pdo you know what is needed?\pif you don't, then you will never\nprevail over me!$","I am the last of the POKéMON LEAGUE\nELITE FOUR, DRAKE the DRAGON master!\pIn their natural state, POKéMON are\nwild living things. They are free.\pAt times, they hinder us.\nAt times, they help us.\pFor us to battle with POKéMON as\npartners, do you know what it takes?\pDo you know what is needed?\pIf you don't, then you will never\nprevail over me!$",ข้าคือคนสุดท้ายแห่งสี่จตุรเทพ\nของโปเกมอนลีก เก็นจิผู้เชี่ยวชาญมังกร!\pโดยธรรมชาติ โปเกมอนเป็นสิ่งมีชีวิต\nป่าที่รักอิสระ\pบางครั้งพวกมันขัดขวางเรา\nบางครั้งก็ช่วยเหลือเรา\pเจ้ารู้หรือไม่ว่าต้องมีสิ่งใด\nจึงจะสู้เคียงข้างโปเกมอนได้?\pรู้หรือไม่ว่าสิ่งใดจำเป็น?\pหากไม่รู้ เจ้าก็ไม่มีวัน\nเอาชนะข้าได้!$,1,dlg_166dd7131ed8aba5,,draft,
i bet you want to take a break.\nbut i'm not about to let you do that!$,I bet you want to take a break.\nBut I'm not about to let you do that!$,คงอยากพักสักหน่อยสินะ\nแต่ฉันไม่ยอมให้พักหรอก!$,1,dlg_18051728da20cef1,,draft,
"i came to see what was taking so\nlong to snatch some parts, and you\lsimps are held up by a mere child?$","I came to see what was taking so\nlong to snatch some parts, and you\lsimps are held up by a mere child?$",ฉันมาดูว่าทำไมแค่ชิงชิ้นส่วน\nถึงใช้เวลานานนัก แล้วพวกแก\lกลับติดแหง็กเพราะเด็กคนเดียวเรอะ?$,1,dlg_f04999e65407c9f5,,draft,
i can see your talent becoming a giant\nwave to cause a storm of astonishment\lamong trainers one day!$,I can see your talent becoming a giant\nwave to cause a storm of astonishment\lamong TRAINERS one day!$,ฉันมองเห็นพรสวรรค์ของเธอเติบโต\nเป็นคลื่นยักษ์ที่สั่นสะเทือน\lเหล่าเทรนเนอร์ในสักวัน!$,1,dlg_dbb46905c78db3fa,,draft,
"i swell with optimism, seeing a promising\nyoung trainer like you!$","I swell with optimism, seeing a promising\nyoung TRAINER like you!$",พอเห็นเทรนเนอร์รุ่นใหม่อนาคตไกล\nอย่างเธอแล้ว ฉันก็ชื่นใจจริง ๆ!$,1,dlg_29cf2d6c137f7d7c,,draft,
i was hoping that it was a famous star\nso i could get an autograph.\pbut who's that being interviewed?\nisn't that capt. stern?$,I was hoping that it was a famous star\nso I could get an autograph.\pBut who's that being interviewed?\nIsn't that CAPT. STERN?$,ฉันหวังว่าจะเป็นดาราดัง\nจะได้ขอลายเซ็นเสียหน่อย\pแต่คนที่กำลังให้สัมภาษณ์นั่นใคร?\nกัปตันคุสโนกิไม่ใช่หรือ?$,1,dlg_4eda68ad2ec20a56,,draft,
"i'm mr. stone, the president of\nthe devon corporation.\pi'd just got word about you!\pyou saved our staff not just once,\nbut twice!\pi have a favor to ask of an amazing\nperson like you.\pi understand that you're delivering\na package to slateport's shipyard.\pwell, on the way, could you stop off in\ndewford town?\pi was hoping that you'd deliver a\nletter to steven in dewford.$","I'm MR. STONE, the PRESIDENT of\nthe DEVON CORPORATION.\pI'd just got word about you!\pYou saved our staff not just once,\nbut twice!\pI have a favor to ask of an amazing\nperson like you.\pI understand that you're delivering\na package to SLATEPORT's SHIPYARD.\pWell, on the way, could you stop off in\nDEWFORD TOWN?\pI was hoping that you'd deliver a\nLETTER to STEVEN in DEWFORD.$",ผมคือประธานสึวาบุกิ\nแห่งบริษัทเดวอน\pผมเพิ่งได้ยินเรื่องของคุณ!\pคุณช่วยพนักงานของเราไว้\nถึงสองครั้ง!\pผมมีเรื่องอยากขอร้อง\nคนเก่งอย่างคุณ\pได้ยินว่าคุณจะนำพัสดุไปส่ง\nที่อู่ต่อเรือในไคไน\pระหว่างทางช่วยแวะ\nเมืองมุโระได้ไหม?\pผมอยากให้คุณนำจดหมาย\nไปส่งให้ไดโกะที่มุโระ$,1,dlg_52b589c9fb152fe9,,draft,
"if team magma takes the rocket fuel,\ni won't be able to go to space!\pthey can't be allowed to get away\nwith such an outrage!$","If TEAM MAGMA takes the rocket fuel,\nI won't be able to go to space!\pThey can't be allowed to get away\nwith such an outrage!$",ถ้าทีมแมกมาเอาเชื้อเพลิงจรวดไป\nฉันก็ไปอวกาศไม่ได้สิ!\pปล่อยให้พวกมันก่อเรื่องเลวร้าย\nแบบนี้แล้วหนีไปไม่ได้!$,1,dlg_ff6b7727bf98e870,,draft,
"if you have a heat badge, all pokémon\nup to level 50, even those you get in\ltrades from other people, will obey\lyou completely.\pand, it lets pokémon use the hm move\nstrength outside of battle.\pthis is a token of my appreciation.\ndon't be shy about taking it!$","If you have a HEAT BADGE, all POKéMON\nup to Level 50, even those you get in\ltrades from other people, will obey\lyou completely.\pAnd, it lets POKéMON use the HM move\nSTRENGTH outside of battle.\pThis is a token of my appreciation.\nDon't be shy about taking it!$",ถ้ามีฮีตแบดจ์ โปเกมอนทุกตัว\nจนถึงเลเวล 50 แม้แต่โปเกมอนที่\lได้จากการแลกเปลี่ยนก็จะเชื่อฟัง\lเธออย่างสมบูรณ์\pและยังทำให้โปเกมอนใช้ท่า HM\nไคริกินอกการต่อสู้ได้\pนี่คือของแทนคำขอบคุณจากฉัน\nรับไปได้เลย ไม่ต้องเกรงใจ!$,1,dlg_1082e920ad6c3157,,draft,
it sounds like they've recovered\nthe ripped-off devon goods.$,It sounds like they've recovered\nthe ripped-off DEVON GOODS.$,ดูเหมือนจะได้สินค้าเดวอน\nที่ถูกขโมยกลับมาแล้วนะ$,1,dlg_a33aefbe6eb63e63,,draft,
it's from the harbor!\pthe submarine!\nthey're trying to take it!$,It's from the HARBOR!\pThe submarine!\nThey're trying to take it!$,เสียงมาจากท่าเรือ!\pเรือดำน้ำ!\nพวกมันกำลังจะขโมยไป!$,1,dlg_b97c111ae0282f20,,draft,
it's too soon to be relieved!\ni'm up next!$,It's too soon to be relieved!\nI'm up next!$,อย่าเพิ่งโล่งใจไป!\nคนต่อไปคือฉัน!$,1,dlg_abc5b37215d62d43,,draft,
maxie: all right...\nwe will give up on the fuel...\pthere appear to be more important\nmatters that i must examine...$,MAXIE: All right…\nWe will give up on the fuel…\pThere appear to be more important\nmatters that I must examine…$,มัตสึบูสะ: เอาเถอะ…\nเราจะเลิกยุ่งกับเชื้อเพลิง…\pดูเหมือนฉันมีเรื่องสำคัญกว่า\nที่ต้องตรวจสอบ…$,1,dlg_1d1b84c3dd049a67,,draft,
"maxie: but, enough.\ni will back off this time.\pbut don't think that this is the last\nyou've seen of team magma.\pfufufu...\peven without the meteorite, if we\nobtain that orb... fufufu...$","MAXIE: But, enough.\nI will back off this time.\pBut don't think that this is the last\nyou've seen of TEAM MAGMA.\pFufufu…\pEven without the METEORITE, if we\nobtain that ORB… Fufufu…$",มัตสึบูสะ: พอแค่นี้ก่อน\nคราวนี้ฉันจะถอยไป\pแต่อย่าคิดว่านี่จะเป็นครั้งสุดท้าย\nที่แกได้เจอกับทีมแมกมา\pหึ ๆ ๆ…\pถึงไม่มีอุกกาบาต ถ้าเราได้\nลูกแก้วนั่นมา… หึ ๆ ๆ…$,1,dlg_6d5968a287374b4b,,draft,
maxie: clear out of the way!\ndon't you dare interfere!$,MAXIE: Clear out of the way!\nDon't you dare interfere!$,มัตสึบูสะ: หลีกทางไป!\nอย่าบังอาจมาขวาง!$,1,dlg_9bb71a44ed8e9cc8,,draft,
"maxie: fufufu... since you're so\ncurious, you deserve an explanation.\pwe're going to jettison the entire\nload into mt. chimney!\pwith groudon gone, we have no need\nfor that slag heap of a mountain!\pso we'll use the fuel's power to make\nthe volcano erupt!\pit will be savage!$","MAXIE: Fufufu… Since you're so\ncurious, you deserve an explanation.\pWe're going to jettison the entire\nload into MT. CHIMNEY!\pWith GROUDON gone, we have no need\nfor that slag heap of a mountain!\pSo we'll use the fuel's power to make\nthe volcano erupt!\pIt will be savage!$",มัตสึบูสะ: หึ ๆ ๆ… ในเมื่อแก\nอยากรู้นัก ฉันจะอธิบายให้ฟัง\pเราจะทิ้งเชื้อเพลิงทั้งหมด\nลงไปในภูเขาเอ็นโทสึ!\pเมื่อกราดอนไม่อยู่ ภูเขาที่เป็น\nกองขยะนั่นก็ไม่มีประโยชน์!\pเราจึงจะใช้พลังของเชื้อเพลิง\nทำให้ภูเขาไฟปะทุ!\pมันจะต้องรุนแรงยิ่งนัก!$,1,dlg_220e2ebc787a03bc,,draft,
maxie: groudon!\nwhat's wrong?\pwasn't the blue orb the key?\pgroudon!\nwhere have you gone...$,MAXIE: GROUDON!\nWhat's wrong?\pWasn't the BLUE ORB the key?\pGROUDON!\nWhere have you gone…$,มัตสึบูสะ: กราดอน!\nเป็นอะไรไป?\pลูกแก้วสีน้ำเงินไม่ใช่กุญแจหรอกรึ?\pกราดอน!\nหายไปไหนแล้ว…$,1,dlg_f34fbe4729fcf204,,draft,
maxie: groudon...\pnothing could awaken you from your\nsleep bathed in magma...\pthis blue orb is what you sought.\nwasn't it?\pi have brought you the blue orb.\nlet its shine awaken you!\pand show me...\nshow me the full extent of your power!$,MAXIE: GROUDON…\pNothing could awaken you from your\nsleep bathed in magma…\pThis BLUE ORB is what you sought.\nWasn't it?\pI have brought you the BLUE ORB.\nLet its shine awaken you!\pAnd show me…\nShow me the full extent of your power!$,มัตสึบูสะ: กราดอน…\pไม่มีสิ่งใดปลุกแกจากนิทรา\nท่ามกลางแมกมาได้…\pลูกแก้วสีน้ำเงินนี้คือสิ่งที่แกตามหา\nไม่ใช่หรือ?\pฉันนำลูกแก้วสีน้ำเงินมาให้แล้ว\nจงตื่นขึ้นด้วยประกายของมัน!\pแล้วแสดงให้ฉันดู…\nแสดงพลังทั้งหมดของแกออกมา!$,1,dlg_36ea63b7ce608519,,draft,
"maxie: hm?\nwho are you?\p... ... ... ... ... ...\n... ... ... ... ... ...\pi'd heard archie bemoaning a child\nwho's been meddling in team aqua's\laffairs.\pit must be you he meant.\phumph! so you're thinking of\ninterfering with us, team magma?\pnow you listen.\nlong ago, living things used the\lland to live and grow.\pthat is why land is all important!\nit is the cradle of all!\pthat is why team magma is dedicated\nto the expansion of the land mass.\pit is for further advancement of\nhumankind and pokémon!\pand for that, we need the power of\nwhat sleeps within this mountain...\poh! there was no need for you to\nlearn that much.\pbut, no matter!\ni'll teach you the consequences of\lmeddling in our grand design!$","MAXIE: Hm?\nWho are you?\p… … … … … …\n… … … … … …\pI'd heard ARCHIE bemoaning a child\nwho's been meddling in TEAM AQUA's\laffairs.\pIt must be you he meant.\pHumph! So you're thinking of\ninterfering with us, TEAM MAGMA?\pNow you listen.\nLong ago, living things used the\lland to live and grow.\pThat is why land is all important!\nIt is the cradle of all!\pThat is why TEAM MAGMA is dedicated\nto the expansion of the land mass.\pIt is for further advancement of\nhumankind and POKéMON!\pAnd for that, we need the power of\nwhat sleeps within this mountain…\pOh! There was no need for you to\nlearn that much.\pBut, no matter!\nI'll teach you the consequences of\lmeddling in our grand design!$",มัตสึบูสะ: หืม?\nแกเป็นใคร?\p… … … … … …\n… … … … … …\pได้ยินอาโอกิริบ่นถึงเด็กคนหนึ่ง\nที่คอยยุ่งเรื่องของทีมอควา\lอยู่บ่อย ๆ\pคงหมายถึงแกสินะ\pฮึ! คิดจะมาขัดขวาง\nพวกเราทีมแมกมางั้นรึ?\pฟังให้ดี\nนานมาแล้ว เหล่าสิ่งมีชีวิตอาศัย\lผืนดินเพื่อดำรงชีวิตและเติบโต\pเพราะอย่างนั้นผืนดินจึงสำคัญที่สุด!\nมันคือแหล่งกำเนิดของทุกชีวิต!\pนั่นคือเหตุผลที่ทีมแมกมาทุ่มเท\nเพื่อขยายผืนแผ่นดิน\pทั้งหมดก็เพื่อความก้าวหน้า\nของมนุษย์และโปเกมอน!\pและเพื่อการนั้น เราต้องใช้พลัง\nของสิ่งที่หลับใหลอยู่ในภูเขานี้…\pโอ้! แกไม่จำเป็นต้อง\nรู้มากถึงเพียงนั้นนี่นา\pแต่ช่างเถอะ!\nฉันจะสอนให้รู้ถึงผลของการ\lขัดขวางแผนการอันยิ่งใหญ่ของเรา!$,1,dlg_e5fe9110f8a82454,,draft,
"maxie: oh, so it was you?\pi've seen you poking around uninvited\nhere and there...\pi get it now!\nyou must have pulled a cheap stunt!$","MAXIE: Oh, so it was you?\pI've seen you poking around uninvited\nhere and there…\pI get it now!\nYou must have pulled a cheap stunt!$",มัตสึบูสะ: อ้อ ฝีมือแกสินะ?\pฉันเห็นแกเที่ยวสอดมือยุ่ง\nไปทั่วโดยไม่ได้รับเชิญ…\pเข้าใจแล้ว!\nแกต้องเล่นตุกติกแน่!$,1,dlg_4943951ba089dba9,,draft,
"maxie: so the super-ancient pokémon\nweren't only groudon and kyogre...\pafter all our fruitless scheming and\nfrantic efforts, that one pokémon's\lsimple action puts everything right\lagain as if nothing had happened...\pfu...\nfuhahaha...$","MAXIE: So the super-ancient POKéMON\nweren't only GROUDON and KYOGRE…\pAfter all our fruitless scheming and\nfrantic efforts, that one POKéMON's\lsimple action puts everything right\lagain as if nothing had happened…\pFu…\nFuhahaha…$",มัตสึบูสะ: โปเกมอนยุคดึกดำบรรพ์\nไม่ได้มีเพียงกราดอนกับไคโอกา…\pหลังแผนการไร้ผลและความพยายาม\nอย่างบ้าคลั่งทั้งหมดของเรา โปเกมอน\lเพียงตัวเดียวกลับแก้ไขทุกอย่าง\lราวกับไม่เคยเกิดอะไรขึ้น…\pหึ…\nฮ่า ๆ ๆ ๆ…$,1,dlg_c535707ea4269a80,,draft,
"maxie: there has to be some reason\nwhy groudon fled...\pthat's what you're trying to say,\naren't you?\p... ... ... ... ... ...\n... ... ... ... ... ...\phumph...\nyou think i didn't know that?\pwith groudon gone, there is no longer\nany need for this blasted volcano.\pi am going after groudon, so this\nis where we part!$","MAXIE: There has to be some reason\nwhy GROUDON fled…\pThat's what you're trying to say,\naren't you?\p… … … … … …\n… … … … … …\pHumph…\nYou think I didn't know that?\pWith GROUDON gone, there is no longer\nany need for this blasted volcano.\pI am going after GROUDON, so this\nis where we part!$",มัตสึบูสะ: ต้องมีเหตุผลบางอย่าง\nที่กราดอนหนีไป…\pนั่นคือสิ่งที่แกพยายามจะบอก\nใช่ไหม?\p… … … … … …\n… … … … … …\pฮึ…\nคิดว่าฉันไม่รู้หรือ?\pเมื่อกราดอนไปแล้ว ภูเขาไฟ\nบ้า ๆ นี่ก็ไม่มีประโยชน์อีก\pฉันจะตามกราดอนไป\nเราแยกกันตรงนี้!$,1,dlg_0ced0caff1c00ef9,,draft,
maxie: we don't have the time to\nargue about it here!\pget outside and see for yourself!\psee if what you've wrought is the\nworld that we desired!$,MAXIE: We don't have the time to\nargue about it here!\pGet outside and see for yourself!\pSee if what you've wrought is the\nworld that we desired!$,มัตสึบูสะ: เราไม่มีเวลา\nมาเถียงกันที่นี่!\pออกไปดูด้วยตาตัวเอง!\pดูเสียว่าโลกที่แกสร้างขึ้น\nคือโลกที่เราปรารถนาจริงหรือ!$,1,dlg_881182be07580274,,draft,
"maxie: we failed to make the volcano\nerupt...\pwe failed to control groudon after\nwe had awoken it...\pis our goal to expand the land\nmisguided?\p... ... ... ... ... ...\n... ... ... ... ... ...\pif...\nif we, team magma, are wrong...\l... ... ... ... ... ...\pthen might team aqua's goal to expand\nthe sea also be equally misguided?$","MAXIE: We failed to make the volcano\nerupt…\pWe failed to control GROUDON after\nwe had awoken it…\pIs our goal to expand the land\nmisguided?\p… … … … … …\n… … … … … …\pIf…\nIf we, TEAM MAGMA, are wrong…\l… … … … … …\pThen might TEAM AQUA's goal to expand\nthe sea also be equally misguided?$",มัตสึบูสะ: เราทำให้ภูเขาไฟ\nปะทุไม่สำเร็จ…\pเราควบคุมกราดอนที่\nปลุกขึ้นมาไม่ได้…\pหรือเป้าหมายในการขยายผืนดิน\nของเราจะผิดจริง ๆ?\p… … … … … …\n… … … … … …\pถ้า…\nถ้าพวกเราทีมแมกมาเป็นฝ่ายผิด…\l… … … … … …\pถ้าอย่างนั้น เป้าหมายขยายผืนทะเล\nของทีมอควาก็อาจผิดเช่นกันหรือ?$,1,dlg_104f959b73f4cfdb,,draft,
"maxie: what have you wrought?\parchie... you've finally awoken kyogre,\nhaven't you?\pwhat will happen to the world if this\ndownpour continues for all eternity?\pthe world's landmass will drown in\nthe deepening sea...$","MAXIE: What have you wrought?\pARCHIE… You've finally awoken KYOGRE,\nhaven't you?\pWhat will happen to the world if this\ndownpour continues for all eternity?\pThe world's landmass will drown in\nthe deepening sea…$",มัตสึบูสะ: แกทำอะไรลงไป?\pอาโอกิริ… ในที่สุดแกก็ปลุกไคโอกา\nขึ้นมาแล้วสินะ?\pถ้าฝนเทลงมาเช่นนี้ชั่วนิรันดร์\nโลกจะเป็นอย่างไร?\pผืนแผ่นดินทั้งโลกจะจมลง\nในทะเลที่สูงขึ้น…$,1,dlg_b1b9bedf4bbb9835,,draft,
"maxie: {player}, come on, you have\nto get out of here, too!$","MAXIE: {PLAYER}, come on, you have\nto get out of here, too!$",มัตสึบูสะ: {PLAYER} เร็วเข้า แกเอง\nก็ต้องออกไปจากที่นี่!$,1,dlg_648adc974a14e68d,,draft,
maxie: {player}...\p... ... ... ... ... ...\n... ... ... ... ... ...$,MAXIE: {PLAYER}…\p… … … … … …\n… … … … … …$,มัตสึบูสะ: {PLAYER}…\p… … … … … …\n… … … … … …$,1,dlg_e5b724b2524196f4,,draft,
"may: but i had absolutely nothing to\nworry about! keep it up!\pand, here! i have a present for you.$","MAY: But I had absolutely nothing to\nworry about! Keep it up!\pAnd, here! I have a present for you.$",ฮารุกะ: แต่ดูแล้วฉันไม่ต้อง\nเป็นห่วงอะไรเลย! พยายามต่อไปนะ!\pแล้วก็นี่! ฉันมีของขวัญให้$,1,dlg_8f9454ec6b2ac0f0,,draft,
"may: groan...\p... ... ... ... ... ... ... ...\n... ... ... ... ... ... ... ...\pi'm just joking! that's okay!\nthat's the rule!\p{player}{kun}!\nhonestly, congratulations!$","MAY: Groan…\p… … … … … … … …\n… … … … … … … …\pI'm just joking! That's okay!\nThat's the rule!\p{PLAYER}{KUN}!\nHonestly, congratulations!$",ฮารุกะ: โธ่…\p… … … … … … … …\n… … … … … … … …\pล้อเล่นน่ะ! ไม่เป็นไร!\nกฎก็ต้องเป็นกฎ!\p{PLAYER}{KUN}!\nขอแสดงความยินดีจากใจจริง!$,1,dlg_ba212f09bd9a9718,,draft,
"may: hi, {player}{kun}, long time no see!\pwhile i was searching for other\npokémon, my pokémon grew stronger.\pso...\nhow about a little battle?$","MAY: Hi, {PLAYER}{KUN}, long time no see!\pWhile I was searching for other\nPOKéMON, my POKéMON grew stronger.\pSo…\nHow about a little battle?$",ฮารุกะ: สวัสดี {PLAYER}{KUN} ไม่ได้เจอกันนานเลยนะ!\pระหว่างที่ฉันตามหา\nโปเกมอนตัวอื่น โปเกมอนของฉันก็แข็งแกร่งขึ้น\pงั้น…\nมาสู้กันสักหน่อยไหม?$,1,dlg_28a099c0293fe293,,draft,
"may: huh?\nwhat, what, what?\p{player}{kun}...\ncould it be that...\lit's already over?$","MAY: Huh?\nWhat, what, what?\p{PLAYER}{KUN}…\nCould it be that…\lIt's already over?$",ฮารุกะ: เอ๊ะ?\nอะไร อะไร อะไรนะ?\p{PLAYER}{KUN}…\nหรือว่า…\lจบไปแล้วเหรอ?$,1,dlg_7998d023049f109f,,draft,
"may: i think i know why my dad has\nan eye out for you now.\pi mean, you just got that pokémon,\nbut it already likes you.\pyou might be able to befriend any\nkind of pokémon easily.\pwell, it's time to head back to\nthe lab.$","MAY: I think I know why my dad has\nan eye out for you now.\pI mean, you just got that POKéMON,\nbut it already likes you.\pYou might be able to befriend any\nkind of POKéMON easily.\pWell, it's time to head back to\nthe LAB.$",ฮารุกะ: ตอนนี้ฉันเข้าใจแล้วว่า\nทำไมพ่อถึงสนใจคุณ\pโปเกมอนตัวนั้นเพิ่งมาอยู่กับคุณ\nแต่ก็ชอบคุณแล้วนี่นา\pคุณอาจผูกมิตรกับโปเกมอน\nชนิดไหนก็ได้อย่างง่ายดายเลยนะ\pเอาละ ได้เวลากลับ\nไปที่แล็บแล้วค่ะ$,1,dlg_1ba2a80d63962ccb,,draft,
may: let's see... the pokémon found\non route 103 include...$,MAY: Let's see… The POKéMON found\non ROUTE 103 include…$,ฮารุกะ: ไหนดูซิ… โปเกมอนที่พบ\nบนถนนหมายเลข 103 มี…$,1,dlg_302bf4be4220a361,,draft,
"may: that's an itemfinder.\ptry it out. if there is an item that's\nnot visible, it emits a sound.\pokay, {player}{kun}, let's meet again!\pi know it's a little silly coming from\nme, but i think you should train a lot\lharder for the next time.$","MAY: That's an ITEMFINDER.\pTry it out. If there is an item that's\nnot visible, it emits a sound.\pOkay, {PLAYER}{KUN}, let's meet again!\pI know it's a little silly coming from\nme, but I think you should train a lot\lharder for the next time.$",ฮารุกะ: นั่นคือเครื่องค้นหาไอเทม\pลองใช้ดูนะ ถ้ามีไอเทมที่\nมองไม่เห็น มันจะส่งเสียงออกมา\pเอาละ {PLAYER}{KUN} แล้วพบกันใหม่นะ!\pฉันพูดแบบนี้ก็ดูแปลก ๆ นะ\nแต่คราวหน้าคุณควรฝึกให้\lหนักกว่านี้อีกเยอะนะ$,1,dlg_871ba96348530430,,draft,
"may: use fly, and your pokémon will\ninstantly carry you to any town you've\lalready visited.\pbut, to use fly, you have to get\nthe gym badge from fortree city.\lthat's important, so don't forget.\pyou should fly home and visit\nlittleroot for a change.\pi bet your mom's worried about you,\n{player}{kun}.\pwell, let's meet again somewhere!$","MAY: Use FLY, and your POKéMON will\ninstantly carry you to any town you've\lalready visited.\pBut, to use FLY, you have to get\nthe GYM BADGE from FORTREE CITY.\lThat's important, so don't forget.\pYou should FLY home and visit\nLITTLEROOT for a change.\pI bet your mom's worried about you,\n{PLAYER}{KUN}.\pWell, let's meet again somewhere!$",ฮารุกะ: ถ้าใช้โซระโอะโทบุ โปเกมอน\nจะพาเธอไปยังเมืองที่เคยไปมาแล้ว\lได้ในพริบตา\pแต่ถ้าจะใช้โซระโอะโทบุ ต้องได้\nยิมแบดจ์จากเมืองฮิวะมากิมาก่อน\lเรื่องนี้สำคัญ อย่าลืมล่ะ\pลองใช้โซระโอะโทบุกลับบ้าน\nไปเยี่ยมเมืองมิโชโระบ้างสิ\pแม่ของเธอคงเป็นห่วงแล้วนะ\n{PLAYER}{KUN}\pไว้พบกันใหม่ที่ไหนสักแห่งนะ!$,1,dlg_6be0ed70a0acd49c,,draft,
may: {player}{kun}!\nwhere were you? i was looking for you!\phow much stronger have you gotten?\nlet me check for you!\pready with your pokémon?\nof course you are! go!$,MAY: {PLAYER}{KUN}!\nWhere were you? I was looking for you!\pHow much stronger have you gotten?\nLet me check for you!\pReady with your POKéMON?\nOf course you are! Go!$,ฮารุกะ: {PLAYER}{KUN}!\nไปอยู่ที่ไหนมา? ฉันตามหาตั้งนาน!\pเก่งขึ้นแค่ไหนแล้วนะ?\nขอฉันทดสอบหน่อย!\pโปเกมอนพร้อมแล้วใช่ไหม?\nแน่นอนอยู่แล้ว! ลุยเลย!$,1,dlg_019f94a8aef9ea9b,,draft,
may: {player}{kun}!\phere's some advice before you challenge\nthe champion...$,MAY: {PLAYER}{KUN}!\pHere's some advice before you challenge\nthe CHAMPION…$,ฮารุกะ: {PLAYER}{KUN}!\pฉันมีคำแนะนำก่อนคุณจะท้าทาย\nแชมเปี้ยน…$,1,dlg_025c0ed4eb72f302,,draft,
"may: {player}{kun}, you've been busy\ntraining, too, haven't you?\pi think you deserve a reward!\nthis is from me!$","MAY: {PLAYER}{KUN}, you've been busy\ntraining, too, haven't you?\pI think you deserve a reward!\nThis is from me!$",ฮารุกะ: {PLAYER}{KUN} เองก็ขยัน\nฝึกมาตลอดสินะ?\pฉันว่าคุณควรได้รางวัล!\nนี่ ฉันให้!$,1,dlg_1d20082a3ecc7ddc,,draft,
"mom: see, {player}?\nisn't it nice in here, too?$","MOM: See, {PLAYER}?\nIsn't it nice in here, too?$",แม่: ดูสิ {PLAYER}\nข้างในก็น่าอยู่ใช่ไหมล่ะ?$,1,dlg_c9c9cfc75f70e8e3,,draft,
"mom: {player}! {player}! did you\nintroduce yourself to prof. birch?\poh! what an adorable pokémon!\nyou got it from prof. birch. how nice!\pyou're your father's child, all right.\nyou look good together with pokémon!\phere, honey! if you're going out on an\nadventure, wear these running shoes.\pthey'll put a zip in your step!$","MOM: {PLAYER}! {PLAYER}! Did you\nintroduce yourself to PROF. BIRCH?\pOh! What an adorable POKéMON!\nYou got it from PROF. BIRCH. How nice!\pYou're your father's child, all right.\nYou look good together with POKéMON!\pHere, honey! If you're going out on an\nadventure, wear these RUNNING SHOES.\pThey'll put a zip in your step!$",แม่: {PLAYER}! {PLAYER}! ลูกไป\nแนะนำตัวกับ ศ.เบิร์ชแล้วหรือยัง?\pว้าย! โปเกมอนน่ารักจัง!\nได้มาจาก ศ.เบิร์ชสินะ ดีจริง ๆ!\pสมเป็นลูกของพ่อจริง ๆ\nลูกกับโปเกมอนดูเข้ากันดีนะ!\pนี่จ้ะ! ถ้าจะออกไปผจญภัย\nก็สวมรองเท้าวิ่งคู่นี้นะ\pแล้วลูกจะก้าวฉับไวขึ้น!$,1,dlg_f4cbe5e2e14292ec,,draft,
"mom: {player}, those shoes came with\ninstructions.\p“press the b button while wearing these\nrunning shoes to run extra-fast!\p“slip on these running shoes and race\nin the great outdoors!”$","MOM: {PLAYER}, those shoes came with\ninstructions.\p“Press the B Button while wearing these\nRUNNING SHOES to run extra-fast!\p“Slip on these RUNNING SHOES and race\nin the great outdoors!”$",แม่: {PLAYER} รองเท้าคู่นั้น\nมีคู่มือมาด้วยนะ\p“ขณะสวมรองเท้าวิ่ง ให้กดปุ่ม B\nเพื่อวิ่งด้วยความเร็วสูง!\p“สวมรองเท้าวิ่งแล้วออกไปโลดแล่น\nกลางแจ้งอันกว้างใหญ่!”$,1,dlg_4066e0935321b02a,,draft,
"mom: {player}, we're here, honey!\pit must be tiring riding with our things\nin the moving truck.\pwell, this is littleroot town.\phow do you like it?\nthis is our new home!\pit has a quaint feel, but it seems to be\nan easy place to live, don't you think?\pand, you get your own room, {player}!\nlet's go inside.$","MOM: {PLAYER}, we're here, honey!\pIt must be tiring riding with our things\nin the moving truck.\pWell, this is LITTLEROOT TOWN.\pHow do you like it?\nThis is our new home!\pIt has a quaint feel, but it seems to be\nan easy place to live, don't you think?\pAnd, you get your own room, {PLAYER}!\nLet's go inside.$",แม่: {PLAYER} ถึงแล้วจ้ะ!\pนั่งมากับข้าวของในรถขนย้าย\nคงเหนื่อยน่าดูเลยนะ\pที่นี่คือเมืองมิโชโระ\pเป็นยังไงบ้าง?\nนี่คือบ้านใหม่ของเรา!\pบรรยากาศเรียบง่าย แต่ก็ดูเป็น\nเมืองที่อยู่สบาย ว่าไหม?\pแถมลูกยังมีห้องของตัวเองด้วยนะ {PLAYER}!\nเข้าไปข้างในกันเถอะ$,1,dlg_44f775b1fbf29ce7,,draft,
"mr. briney: ahoy!\ni know exactly what you want to say!\pyou're to deliver a letter to dewford\nand a package to slateport.\pwhat you need me to do is no problem\nat all--i'm the man for the job!\pfirst, we'll set sail for dewford.$","MR. BRINEY: Ahoy!\nI know exactly what you want to say!\pYou're to deliver a LETTER to DEWFORD\nand a package to SLATEPORT.\pWhat you need me to do is no problem\nat all--I'm the man for the job!\pFirst, we'll set sail for DEWFORD.$",คุณฮากิ: โอ้โฮ่!\nฉันรู้แล้วว่าคุณจะพูดอะไร!\pคุณต้องส่งจดหมายที่มุโระ\nและส่งพัสดุที่ไคไน\pเรื่องที่อยากให้ฉันช่วยไม่มีปัญหา\nฉันนี่แหละเหมาะกับงานนี้!\pก่อนอื่น ออกเรือไปมุโระกัน!$,1,dlg_5a21047689f2dce8,,draft,
"mr. briney: ahoy!\ni know exactly what you want to say!\pyou're to deliver a package to\ncapt. stern in slateport.\pwhat you need me to do is no problem\nat all--i'm the man for the job!\pfirst, we'll set sail for dewford.$","MR. BRINEY: Ahoy!\nI know exactly what you want to say!\pYou're to deliver a package to\nCAPT. STERN in SLATEPORT.\pWhat you need me to do is no problem\nat all--I'm the man for the job!\pFirst, we'll set sail for DEWFORD.$",คุณฮากิ: โอ้โฮ่!\nฉันรู้แล้วว่าคุณจะพูดอะไร!\pคุณต้องนำพัสดุไปส่งให้\nกัปตันคุสโนกิที่ไคไน\pเรื่องที่อยากให้ฉันช่วยไม่มีปัญหา\nฉันนี่แหละเหมาะกับงานนี้!\pก่อนอื่น ออกเรือไปมุโระกัน!$,1,dlg_4fedb8a481fa3e6c,,draft,
"mr. briney: dewford it is, then!\panchors aweigh!\npeeko, we're setting sail, my darling!$","MR. BRINEY: DEWFORD it is, then!\pAnchors aweigh!\nPEEKO, we're setting sail, my darling!$",คุณฮากิ: งั้นไปมุโระกัน!\pถอนสมอ!\nพีโกะ ออกเรือกันนะที่รัก!$,1,dlg_7eaad53685c1854a,,draft,
"mr. briney: hold on, lass!\nwait up, peeko!$","MR. BRINEY: Hold on, lass!\nWait up, PEEKO!$",คุณฮากิ: เดี๋ยวก่อนสาวน้อย!\nรอด้วย พีโกะ!$,1,dlg_59680c8db999e859,,draft,
"mr. stone: now, you should know that\ni am a great president.\pso, i'd never be so cheap as to ask\na favor for nothing in return.\pthat's why i want you to have this!$","MR. STONE: Now, you should know that\nI am a great PRESIDENT.\pSo, I'd never be so cheap as to ask\na favor for nothing in return.\pThat's why I want you to have this!$",ประธานสึวาบุกิ: คุณควรรู้ไว้นะว่า\nผมเป็นประธานผู้ยิ่งใหญ่\pผมจึงไม่ขอให้ใครช่วยฟรี ๆ\nโดยไม่มีสิ่งตอบแทนแน่นอน\pเพราะอย่างนั้น ผมอยากมอบนี่ให้คุณ!$,1,dlg_d944c62595a62903,,draft,
"mr. stone: that device...\pit's a pokémon navigator, or pokénav\nfor short.\pit's an indispensable tool for any\ntrainer on an adventure.\pit has a map of the hoenn region.\pyou can check the locations of\ndewford and slateport easily!\pby the way, i've heard that sinister\ncriminals--magma and aqua, i believe--\lhave been making trouble far and wide.\pi think it would be best if you rested\nup before you go on your way.$","MR. STONE: That device…\pIt's a POKéMON NAVIGATOR, or POKéNAV\nfor short.\pIt's an indispensable tool for any\nTRAINER on an adventure.\pIt has a map of the HOENN region.\pYou can check the locations of\nDEWFORD and SLATEPORT easily!\pBy the way, I've heard that sinister\ncriminals--MAGMA and AQUA, I believe--\lhave been making trouble far and wide.\pI think it would be best if you rested\nup before you go on your way.$",ประธานสึวาบุกิ: อุปกรณ์ชิ้นนั้น…\pชื่อเต็มคือโปเกมอนเนวิเกเตอร์\nหรือเรียกสั้น ๆ ว่าโปเกนาวี\pเป็นเครื่องมือที่ขาดไม่ได้สำหรับ\nเทรนเนอร์ผู้ออกผจญภัย\pในนั้นมีแผนที่ภูมิภาคโฮเอ็น\pคุณตรวจดูตำแหน่งของ\nมุโระกับไคไนได้ง่าย ๆ!\pว่าแต่ ผมได้ยินว่าพวกอาชญากร\nที่เรียกว่าทีมแมกมากับทีมอควา\lกำลังก่อเรื่องไปทั่ว\pพักผ่อนให้เต็มที่ก่อน\nออกเดินทางต่อจะดีกว่านะ$,1,dlg_6e4ba929b10c625c,,draft,
"mr. stone: well, then, {player}{kun},\ngo with caution and care!$","MR. STONE: Well, then, {PLAYER}{KUN},\ngo with caution and care!$",ประธานสึวาบุกิ: ถ้าอย่างนั้น {PLAYER}{KUN}\nเดินทางอย่างระมัดระวังนะ!$,1,dlg_80a46ed9b55cf555,,draft,
"norman, you don't mind, do you?\plet me borrow your {player}{kun} for\na minute or two.$","NORMAN, you don't mind, do you?\pLet me borrow your {PLAYER}{KUN} for\na minute or two.$",เซ็นริ คงไม่ว่าอะไรนะ?\pขอยืมตัว {PLAYER}{KUN} ของนาย\nสักครู่หนึ่ง$,1,dlg_258c92ca2f19d536,,draft,
"now what? if we don't get the parts,\nwe're in for it!\parrgh, i didn't count on being meddled\nwith by some meddling kid!$","Now what? If we don't get the parts,\nwe're in for it!\pArrgh, I didn't count on being meddled\nwith by some meddling kid!$",เอาไงดี? ถ้าไม่ได้ชิ้นส่วนกลับไป\nพวกเราแย่แน่!\pกรอด ไม่คิดเลยว่าจะถูก\nเด็กจุ้นจ้านมาขวางงาน!$,1,dlg_aa04df9ea54fa8e8,,draft,
"oh! how did it go?\nthe devon goods?\pyou did!\nyou got them back!\pyou really are a great trainer!\pi know! as my thanks, i'll give you\nanother great ball!$","Oh! How did it go?\nThe DEVON GOODS?\pYou did!\nYou got them back!\pYou really are a great TRAINER!\pI know! As my thanks, I'll give you\nanother GREAT BALL!$",อ้าว! เป็นยังไงบ้าง?\nสินค้าเดวอนล่ะ?\pทำได้แล้ว!\nเอากลับมาได้แล้ว!\pคุณเป็นเทรนเนอร์ที่ยอดเยี่ยมจริง ๆ!\pรู้แล้ว! เพื่อเป็นการขอบคุณ\nผมจะให้เกรตบอลอีกลูก!$,1,dlg_785cd46b2fc2f8ec,,draft,
oh! this boulder is shaking in response\nto the magma emblem!$,Oh! This boulder is shaking in response\nto the MAGMA EMBLEM!$,โอ้! ก้อนหินนี้กำลังสั่นตอบสนอง\nต่อตราสัญลักษณ์แมกมา!$,1,dlg_fe675caa94756773,,draft,
oh! {player}{kun}!\nyou're looking great!\pwe made a huge discovery on our last\nseafloor exploration.\pwe found an underwater cavern on\nroute 128.\pwe think it's the habitat of a pokémon\nthat's said to have been long extinct.$,Oh! {PLAYER}{KUN}!\nYou're looking great!\pWe made a huge discovery on our last\nseafloor exploration.\pWe found an underwater cavern on\nROUTE 128.\pWe think it's the habitat of a POKéMON\nthat's said to have been long extinct.$,โอ้! {PLAYER}{KUN}!\nดูดีมากเลยนะ!\pการสำรวจก้นทะเลครั้งล่าสุด\nทำให้เราค้นพบครั้งใหญ่\pเราพบถ้ำใต้ทะเลอยู่ที่\nเส้นทาง 128\pเราคิดว่านั่นคือถิ่นอาศัยของโปเกมอน\nที่ว่ากันว่าสูญพันธุ์ไปนานแล้ว$,1,dlg_f70b830d8ec236fd,,draft,
"oh, hi, {player}{kun}!\p...oh, i see, my dad gave you\na pokémon as a gift.\psince we're here, let's have a quick\nbattle!\pi'll give you a taste of what being\na trainer is like.$","Oh, hi, {PLAYER}{KUN}!\p…Oh, I see, my dad gave you\na POKéMON as a gift.\pSince we're here, let's have a quick\nbattle!\pI'll give you a taste of what being\na TRAINER is like.$",อ้าว สวัสดี {PLAYER}{KUN}!\p…อ๋อ เข้าใจแล้ว พ่อให้โปเกมอน\nเป็นของขวัญกับคุณสินะ\pไหน ๆ ก็มาเจอกันแล้ว\nมาสู้กันสักยกเถอะ!\pฉันจะให้คุณได้รู้ว่า\nการเป็นเทรนเนอร์เป็นยังไง$,1,dlg_31e833de1ea33667,,draft,
"oh, it's you!\pyou're that fantastic trainer who\nhelped me in petalburg woods!\phelp me! i was robbed by team aqua!\ni have to get the devon goods back!\pif i don't...\ni'm going to be in serious trouble.$","Oh, it's you!\pYou're that fantastic TRAINER who\nhelped me in PETALBURG WOODS!\pHelp me! I was robbed by TEAM AQUA!\nI have to get the DEVON GOODS back!\pIf I don't…\nI'm going to be in serious trouble.$",อ้าว คุณนี่เอง!\pคุณคือเทรนเนอร์ยอดฝีมือที่\nช่วยผมในป่าโทวกะนี่นา!\pช่วยด้วย! ผมถูกทีมอควาปล้น!\nต้องเอาสินค้าเดวอนกลับมาให้ได้!\pถ้าเอากลับมาไม่ได้…\nผมต้องเดือดร้อนหนักแน่ ๆ$,1,dlg_3af0169168c5908b,,draft,
"oh, man, what a disaster...\nthe boss is going to be furious...$","Oh, man, what a disaster…\nThe BOSS is going to be furious…$",โธ่เอ๊ย พังไม่เป็นท่า…\nบอสต้องโกรธจัดแน่…$,1,dlg_636ae9a849ca1131,,draft,
"oh, no...\nthis cannot happen...\pnot only the blue orb, but even\nthe red orb has been taken...\pthe blue orb and red orb must never\nbe separated. they belong together.\pwhat are those men trying to do with\nthe two orbs?\p... ... ... ... ... ...\n... ... ... ... ... ...\poh, yes. was it team magma who came\nand took the blue orb first?\pwell, in their haste, they left this\nbehind.\pi couldn't imagine what exactly it\ncould be.\pi would like you to have it.\nperhaps it will be useful in some way.$","Oh, no…\nThis cannot happen…\pNot only the BLUE ORB, but even\nthe RED ORB has been taken…\pThe BLUE ORB and RED ORB must never\nbe separated. They belong together.\pWhat are those men trying to do with\nthe two ORBS?\p… … … … … …\n… … … … … …\pOh, yes. Was it TEAM MAGMA who came\nand took the BLUE ORB first?\pWell, in their haste, they left this\nbehind.\pI couldn't imagine what exactly it\ncould be.\pI would like you to have it.\nPerhaps it will be useful in some way.$",โอ้ ไม่นะ…\nเรื่องเช่นนี้เกิดขึ้นไม่ได้…\pไม่ใช่แค่ลูกแก้วสีน้ำเงิน\nแม้แต่ลูกแก้วสีแดงก็ถูกชิงไป…\pลูกแก้วสีน้ำเงินกับลูกแก้วสีแดง\nห้ามแยกจากกัน ทั้งสองต้องอยู่คู่กัน\pคนพวกนั้นคิดจะทำอะไร\nกับลูกแก้วทั้งสองกันแน่?\p… … … … … …\n… … … … … …\pอ้อ ใช่ ทีมแมกมาเป็นพวกที่มา\nเอาลูกแก้วสีน้ำเงินไปก่อนสินะ?\pแต่ตอนรีบร้อน พวกเขาทิ้ง\nสิ่งนี้เอาไว้\pฉันเองก็นึกไม่ออกว่า\nมันคืออะไรกันแน่\pฉันอยากมอบมันให้เธอ\nบางทีมันอาจมีประโยชน์ก็ได้$,1,dlg_3e6adbb836d10aa0,,draft,
our president would like to have\na word with you.\pplease come with me.$,Our PRESIDENT would like to have\na word with you.\pPlease come with me.$,ท่านประธานอยาก\nคุยกับคุณหน่อย\pเชิญตามผมมาครับ$,1,dlg_ef91cab884e7930d,,draft,
"peeko owes her life to you!\pthey call me mr. briney.\nand, you are?\p... ... ... ... ... ... ... ...\n... ... ... ... ... ... ... ...\pah, so you are {player}{kun}!\ni sincerely thank you!\pnow, if there's anything that troubles\nyou, don't hesitate to tell me!\pyou can usually find me in my cottage\nby the sea near petalburg woods.\pcome, peeko, we should make our way\nhome.\ppeeko: pihyoh!$","PEEKO owes her life to you!\pThey call me MR. BRINEY.\nAnd, you are?\p… … … … … … … …\n… … … … … … … …\pAh, so you are {PLAYER}{KUN}!\nI sincerely thank you!\pNow, if there's anything that troubles\nyou, don't hesitate to tell me!\pYou can usually find me in my cottage\nby the sea near PETALBURG WOODS.\pCome, PEEKO, we should make our way\nhome.\pPEEKO: Pihyoh!$",พีโกะรอดมาได้ก็เพราะคุณ!\pฉันชื่อฮากิ\nแล้วคุณล่ะ?\p… … … … … … … …\n… … … … … … … …\pอ๋อ คุณคือ {PLAYER}{KUN} สินะ!\nขอบคุณจากใจจริง!\pถ้ามีอะไรเดือดร้อน\nก็บอกฉันได้เสมอนะ!\pปกติฉันอยู่กระท่อมริมทะเล\nใกล้ป่าโทวกะ\pไปกันเถอะพีโกะ\nกลับบ้านกัน\pพีโกะ: ปีฮโยะ!$,1,dlg_6917422c3af8974f,,draft,
peeko!\nam i glad to see you're safe!$,PEEKO!\nAm I glad to see you're safe!$,พีโกะ!\nดีจริง ๆ ที่เธอปลอดภัย!$,1,dlg_2a1b92399c937260,,draft,
"please, go ahead.$","Please, go ahead.$",เชิญเข้าไปได้เลยครับ$,1,dlg_6c5f3fd5f4fa792e,,draft,
"prof. birch: anyways,\ncongratulations!\pnow, go proudly into the final room!$","PROF. BIRCH: Anyways,\ncongratulations!\pNow, go proudly into the final room!$",ศ.เบิร์ช: เอาเป็นว่า\nขอแสดงความยินดี!\pเข้าไปในห้องสุดท้ายอย่างภาคภูมิใจได้เลย!$,1,dlg_dd762debedb89c77,,draft,
"prof. birch: if you work at pokémon\nand gain experience, i think you'll make\lan extremely good trainer.\pmy kid, {rival}, is also studying\npokémon while helping me out.\p{player}{kun}, don't you think it might be\na good idea to go see {rival}?$","PROF. BIRCH: If you work at POKéMON\nand gain experience, I think you'll make\lan extremely good TRAINER.\pMy kid, {RIVAL}, is also studying\nPOKéMON while helping me out.\p{PLAYER}{KUN}, don't you think it might be\na good idea to go see {RIVAL}?$",ศ.เบิร์ช: ถ้าเธอฝึกฝนโปเกมอน\nและสั่งสมประสบการณ์ ผมว่าเธอจะเป็น\lเทรนเนอร์ที่เก่งกาจมากแน่ ๆ\p{RIVAL} ลูกของผมก็กำลังศึกษา\nโปเกมอนและคอยช่วยงานผมอยู่\p{PLAYER}{KUN} ลองไปหา\n{RIVAL} ดูก็ดีนะ ว่าไหม?$,1,dlg_2f2b9342597fd41c,,draft,
"prof. birch: oh, hi, {player}{kun}!\pi heard you beat {rival} on\nyour first try. that's excellent!\p{rival}'s been helping with my research\nfor a long time.\p{rival} has an extensive history as\na trainer already.\phere, {player}{kun}, i ordered this for my\nresearch, but i think you should have\lthis pokédex.$","PROF. BIRCH: Oh, hi, {PLAYER}{KUN}!\pI heard you beat {RIVAL} on\nyour first try. That's excellent!\p{RIVAL}'s been helping with my research\nfor a long time.\p{RIVAL} has an extensive history as\na TRAINER already.\pHere, {PLAYER}{KUN}, I ordered this for my\nresearch, but I think you should have\lthis POKéDEX.$",ศ.เบิร์ช: อ้าว สวัสดี {PLAYER}{KUN}!\pได้ยินว่าเธอชนะ {RIVAL}\nได้ตั้งแต่ครั้งแรก ยอดเยี่ยมมาก!\p{RIVAL} ช่วยงานวิจัยของผม\nมานานแล้ว\p{RIVAL} เองก็มีประสบการณ์\nเป็นเทรนเนอร์มามากทีเดียว\pนี่ {PLAYER}{KUN} ผมสั่งสิ่งนี้มา\nเพื่อใช้ทำวิจัย แต่คิดว่าเธอ\lควรรับโปเกเด็กซ์นี้ไป$,1,dlg_4a63ffe7b2d7349e,,draft,
"prof. birch: see?\nwhat did i tell you, {rival}?\pdidn't i tell you that you don't need\nto worry about {player}{kun}?\p... ... ... ... ... ... ... ...\n{player}{kun}, you've finally done it.\pwhen i heard that you defeated your\nown father at the petalburg gym,\li thought perhaps you had a chance...\pbut to think you've actually become\nthe champion!\pah, yes!\pwhat became of your pokédex?\nhere, let me see.$","PROF. BIRCH: See?\nWhat did I tell you, {RIVAL}?\pDidn't I tell you that you don't need\nto worry about {PLAYER}{KUN}?\p… … … … … … … …\n{PLAYER}{KUN}, you've finally done it.\pWhen I heard that you defeated your\nown father at the PETALBURG GYM,\lI thought perhaps you had a chance…\pBut to think you've actually become\nthe CHAMPION!\pAh, yes!\pWhat became of your POKéDEX?\nHere, let me see.$",ศ.เบิร์ช: เห็นไหม?\nผมบอกแล้วไม่ใช่หรือ {RIVAL}?\pบอกแล้วว่าไม่ต้องเป็นห่วง\n{PLAYER}{KUN} หรอก\p… … … … … … … …\n{PLAYER}{KUN} ในที่สุดก็ทำสำเร็จ\pตอนที่ได้ยินว่าเธอเอาชนะ\nพ่อของตัวเองที่โทวกะยิม\lผมคิดว่าเธออาจมีโอกาส…\pแต่ไม่นึกว่าจะได้เป็น\nแชมเปี้ยนจริง ๆ!\pอ้อ ใช่แล้ว!\pโปเกเด็กซ์ของเธอเป็นยังไงบ้าง?\nขอผมดูหน่อย$,1,dlg_81ca23e1fc2c226a,,draft,
"prof. birch: so, {player}{kun}.\pi've heard so much about you from\nyour father.\pi've heard that you don't have your\nown pokémon yet.\pbut the way you battled earlier,\nyou pulled it off with aplomb!\pi guess you have your father's blood\nin your veins after all!\poh, yes. as thanks for rescuing me,\ni'd like you to have the pokémon you\lused earlier.\p{player} received the {str_var_1}!$","PROF. BIRCH: So, {PLAYER}{KUN}.\pI've heard so much about you from\nyour father.\pI've heard that you don't have your\nown POKéMON yet.\pBut the way you battled earlier,\nyou pulled it off with aplomb!\pI guess you have your father's blood\nin your veins after all!\pOh, yes. As thanks for rescuing me,\nI'd like you to have the POKéMON you\lused earlier.\p{PLAYER} received the {STR_VAR_1}!$",ศ.เบิร์ช: เอาละ {PLAYER}{KUN}\pผมได้ยินเรื่องของเธอ\nจากพ่อของเธอมามากเลย\pได้ยินว่าเธอยังไม่มี\nโปเกมอนเป็นของตัวเอง\pแต่จากฝีมือต่อสู้เมื่อกี้\nเธอทำได้อย่างยอดเยี่ยมเลย!\pสมแล้วที่เป็นลูก\nของพ่อเธอจริง ๆ!\pจริงสิ เพื่อขอบคุณที่ช่วยผมไว้\nผมอยากมอบโปเกมอน\lที่เธอใช้เมื่อกี้ให้\p{PLAYER} ได้รับ {STR_VAR_1}!$,1,dlg_e1f579546c78b2f9,,draft,
"prof. birch: the pokédex is a high-tech\ntool that automatically makes a record\lof any pokémon you meet or catch.\pmy kid, {rival}, goes everywhere\nwith it.\pwhenever my kid catches a rare pokémon\nand records its data in the pokédex,\lwhy, {rival} looks for me while i'm out\ldoing fieldwork, and shows me.$","PROF. BIRCH: The POKéDEX is a high-tech\ntool that automatically makes a record\lof any POKéMON you meet or catch.\pMy kid, {RIVAL}, goes everywhere\nwith it.\pWhenever my kid catches a rare POKéMON\nand records its data in the POKéDEX,\lwhy, {RIVAL} looks for me while I'm out\ldoing fieldwork, and shows me.$",ศ.เบิร์ช: โปเกเด็กซ์เป็นอุปกรณ์\nไฮเทคที่บันทึกข้อมูลโปเกมอน\lทุกตัวที่พบหรือจับได้โดยอัตโนมัติ\p{RIVAL} ลูกของผม\nพกมันติดตัวไปทุกแห่ง\pพอจับโปเกมอนหายากและบันทึกข้อมูล\nลงโปเกเด็กซ์ได้ {RIVAL} ก็จะตามหา\lผมที่กำลังสำรวจภาคสนาม\lแล้วเอาข้อมูลมาให้ผมดู$,1,dlg_dacb535b10f34d0d,,draft,
"prof. birch: whew...\pi was in the tall grass studying wild\npokémon when i was jumped.\pyou saved me.\nthanks a lot!\poh?\phi, you're {player}{kun}!\pthis is not the place to chat, so come\nby my pokémon lab later, okay?$","PROF. BIRCH: Whew…\pI was in the tall grass studying wild\nPOKéMON when I was jumped.\pYou saved me.\nThanks a lot!\pOh?\pHi, you're {PLAYER}{KUN}!\pThis is not the place to chat, so come\nby my POKéMON LAB later, okay?$",ศ.เบิร์ช: เฮ้อ…\pผมกำลังศึกษาโปเกมอนป่า\nในพงหญ้า แล้วจู่ ๆ ก็ถูกจู่โจม\pเธอช่วยผมไว้\nขอบใจมากนะ!\pโอ๊ะ?\pสวัสดี เธอคือ {PLAYER}{KUN} นี่นา!\pที่นี่ไม่เหมาะจะคุยกัน\nไว้แวะมาที่แล็บโปเกมอนของผมทีหลังนะ$,1,dlg_df2e8d10a02d0a58,,draft,
"prof. birch: while you're at it, why not\ngive a nickname to that {str_var_1}?$","PROF. BIRCH: While you're at it, why not\ngive a nickname to that {STR_VAR_1}?$",ศ.เบิร์ช: ไหน ๆ แล้ว ลองตั้งชื่อเล่นให้\n{STR_VAR_1} ตัวนั้นหน่อยไหม?$,1,dlg_a85b0bd843afd737,,draft,
"prof. birch: {rival}?\ngone home, i think.\por maybe that kid's scrabbling around\nin tall grass again somewhere...\pif you or your pokémon get tired,\nyou should get some rest at home.$","PROF. BIRCH: {RIVAL}?\nGone home, I think.\pOr maybe that kid's scrabbling around\nin tall grass again somewhere…\pIf you or your POKéMON get tired,\nyou should get some rest at home.$",ศ.เบิร์ช: {RIVAL} เหรอ?\nคงกลับบ้านไปแล้วละ\pหรือไม่ก็คงกำลังตะลุย\nพงหญ้าอยู่ที่ไหนสักแห่งอีก…\pถ้าเธอหรือโปเกมอนเหนื่อย\nก็กลับไปพักที่บ้านนะ$,1,dlg_68038fa36d7bdaf1,,draft,
"scott: hahahah!\nway to go, {player}{kun}!\pi just passed by a trainer riding\na bike.\pyou just beat that trainer, didn't you?\nit was pretty obvious that you did.\pthe kid looked really upset with\na face all red from anger.\pi sure seem to run into you often.\nare you off to fortree gym next?\pi expect that you'll do well at the gym.\nwell, i'll be seeing you!$","SCOTT: Hahahah!\nWay to go, {PLAYER}{KUN}!\pI just passed by a TRAINER riding\na BIKE.\pYou just beat that TRAINER, didn't you?\nIt was pretty obvious that you did.\pThe kid looked really upset with\na face all red from anger.\pI sure seem to run into you often.\nAre you off to FORTREE GYM next?\pI expect that you'll do well at the GYM.\nWell, I'll be seeing you!$",เอนิชิดะ: ฮ่า ๆ ๆ!\nทำได้ดีมาก {PLAYER}{KUN}!\pเมื่อกี้ฉันเดินผ่านเทรนเนอร์\nที่ขี่จักรยานอยู่คนหนึ่ง\pเธอเพิ่งชนะเทรนเนอร์คนนั้น\nมาใช่ไหม? ดูออกทันทีเลย\pเด็กคนนั้นดูหัวเสียมาก\nหน้าแดงก่ำด้วยความโกรธ\pดูเหมือนฉันจะเจอเธอบ่อยนะ\nต่อไปจะไปฮิวะมากิยิมหรือ?\pฉันมั่นใจว่าเธอจะทำได้ดีที่ยิม\nแล้วพบกันใหม่!$,1,dlg_6f04353d49eb36ad,,draft,
"scott: hehe...\ni was watching that match!\pyou're friends with that boy wally,\naren't you?\pbut you didn't hold anything back\nand beat him impressively.\pyeah! that's what a real pokémon\nbattle is all about!\pi idolize trainers like that!\p... ... ... ... ... ...\ni'll be cheering for you!$","SCOTT: Hehe…\nI was watching that match!\pYou're friends with that boy WALLY,\naren't you?\pBut you didn't hold anything back\nand beat him impressively.\pYeah! That's what a real POKéMON\nbattle is all about!\pI idolize TRAINERS like that!\p… … … … … …\nI'll be cheering for you!$",เอนิชิดะ: ฮี่ ๆ…\nฉันดูการต่อสู้นั่นอยู่!\pคุณเป็นเพื่อนกับมิตสึรุ\nใช่ไหม?\pแต่ก็ไม่ออมมือ และเอาชนะเขา\nได้อย่างยอดเยี่ยม\pใช่แล้ว! การต่อสู้ของโปเกมอน\nที่แท้จริงต้องแบบนี้!\pฉันชื่นชมเทรนเนอร์แบบคุณ!\p… … … … … …\nฉันจะคอยเอาใจช่วยนะ!$,1,dlg_a2a0edd5b970588e,,draft,
"since you are so strong, you should\nchallenge other gym leaders.\pby battling many trainers, you should\nlearn many things.$","Since you are so strong, you should\nchallenge other GYM LEADERS.\pBy battling many TRAINERS, you should\nlearn many things.$",ในเมื่อคุณแข็งแกร่งถึงเพียงนี้\nก็ควรไปท้าสู้กับยิมลีดเดอร์คนอื่น\pการต่อสู้กับเทรนเนอร์มากมาย\nจะทำให้คุณได้เรียนรู้อีกหลายสิ่ง$,1,dlg_ad5ae8da99fd5f43,,draft,
so it's {player}{kun}?$,So it's {PLAYER}{KUN}?$,ถ้าอย่างนั้น เธอคือ {PLAYER}{KUN} สินะ?$,1,dlg_531e30048ab5cfb4,,draft,
something unseeable is in the way.$,Something unseeable is in the way.$,มีบางสิ่งที่มองไม่เห็นขวางทางอยู่$,1,dlg_98e1f16605e4b205,,draft,
steven used the devon scope.\pan invisible pokémon became completely\nvisible!\pthe startled pokémon attacked!$,STEVEN used the DEVON SCOPE.\pAn invisible POKéMON became completely\nvisible!\pThe startled POKéMON attacked!$,ไดโกะใช้เดวอนสโคป\pโปเกมอนที่มองไม่เห็น\nปรากฏตัวออกมาอย่างชัดเจน!\pโปเกมอนที่ตกใจจู่โจมเข้ามา!$,1,dlg_8a26b89ed2ec5faf,,draft,
"steven: i see...\nyour battle style is intriguing.\pyour pokémon have obviously grown\nsince i first met you in dewford.\pi'd like you to have this\ndevon scope.\pwho knows, there may be other\nconcealed pokémon.$","STEVEN: I see…\nYour battle style is intriguing.\pYour POKéMON have obviously grown\nsince I first met you in DEWFORD.\pI'd like you to have this\nDEVON SCOPE.\pWho knows, there may be other\nconcealed POKéMON.$",ไดโกะ: เข้าใจแล้ว…\nรูปแบบการต่อสู้ของเธอน่าสนใจมาก\pโปเกมอนของเธอเติบโตขึ้นชัดเจน\nตั้งแต่ครั้งแรกที่พบกันที่มุโระ\pฉันอยากมอบ\nเดวอนสโคปนี้ให้เธอ\pใครจะรู้ อาจมีโปเกมอนตัวอื่น\nซ่อนตัวอยู่อีกก็ได้$,1,dlg_972b63a027991002,,draft,
steven: i think you have what's\nneeded to help him...$,STEVEN: I think you have what's\nneeded to help him…$,ไดโกะ: ฉันคิดว่าเธอมีสิ่งที่\nจำเป็นต้องใช้ช่วยเขา…$,1,dlg_5fe249944b18d8de,,draft,
steven: it looks like both maxie and\narchie have gone away somewhere.\pperhaps they've gone to mt. pyre to\nreturn those orbs...$,STEVEN: It looks like both MAXIE and\nARCHIE have gone away somewhere.\pPerhaps they've gone to MT. PYRE to\nreturn those ORBS…$,ไดโกะ: ดูเหมือนทั้งมัตสึบูสะกับ\nอาโอกิริจะไปที่ไหนสักแห่งแล้ว\pบางทีอาจไปภูเขาโอคุริบิ\nเพื่อคืนลูกแก้วเหล่านั้น…$,1,dlg_3e9330ccd919163e,,draft,
"steven: listen, {player}{kun}.\pdoes seeing groudon and kyogre make\nyou think pokémon are to be feared?\pbut that's not true.\npokémon are really more...\p...why am i asking you this?\nyou already know.$","STEVEN: Listen, {PLAYER}{KUN}.\pDoes seeing GROUDON and KYOGRE make\nyou think POKéMON are to be feared?\pBut that's not true.\nPOKéMON are really more…\p…Why am I asking you this?\nYou already know.$",ไดโกะ: ฟังนะ {PLAYER}{KUN}\pการได้เห็นกราดอนกับไคโอกา ทำให้\nเธอคิดว่าโปเกมอนน่ากลัวหรือเปล่า?\pแต่ไม่ใช่อย่างนั้น\nแท้จริงแล้วโปเกมอนนั้น…\p…ฉันถามเรื่องนี้ทำไมนะ?\nเธอรู้อยู่แล้วนี่นา$,1,dlg_585a3ab7c24ab2ed,,draft,
"steven: okay, here we are!\pinside here you'll find someone named\nwallace.\pi think you have what's needed to\nhelp him...$","STEVEN: Okay, here we are!\pInside here you'll find someone named\nWALLACE.\pI think you have what's needed to\nhelp him…$",ไดโกะ: เอาละ ถึงแล้ว!\pข้างในนี้มีคนชื่อ\nมิคุริอยู่\pฉันคิดว่าเธอมีสิ่งที่\nจำเป็นต้องใช้ช่วยเขา…$,1,dlg_d0a9580f9bb5ec14,,draft,
steven: so that's rayquaza...\pit's incredible how the two rampaging\npokémon would flee from it in fear...$,STEVEN: So that's RAYQUAZA…\pIt's incredible how the two rampaging\nPOKéMON would flee from it in fear…$,ไดโกะ: นั่นคือเร็คคูซา…\pเหลือเชื่อจริง ๆ ที่โปเกมอนคลุ้มคลั่ง\nสองตัวนั้นหวาดกลัวจนหนีไป…$,1,dlg_a9cd459000662ef7,,draft,
steven: team magma...\pwhat's the point of stealing rocket\nfuel?$,STEVEN: TEAM MAGMA…\pWhat's the point of stealing rocket\nfuel?$,ไดโกะ: ทีมแมกมา…\pขโมยเชื้อเพลิงจรวดไป\nเพื่ออะไรกัน?$,1,dlg_fad0e7d043c9af8c,,draft,
steven: the sky pillar...\pi've never been there.\ni wonder where it could be?$,STEVEN: The SKY PILLAR…\pI've never been there.\nI wonder where it could be?$,ไดโกะ: เสาหลักแห่งฟ้า…\pฉันไม่เคยไปที่นั่นเลย\nไม่รู้ว่าอยู่ที่ไหนกันนะ?$,1,dlg_b7e2f6325e376b0e,,draft,
"steven: those pokémon fighting...\ngroudon... and kyogre...\pthe two super-ancient pokémon\nwere awakened from a long sleep...\pand now they are smashing each other\nwith their uncontrollable energy...\p...{player}{kun}.\pyou being here now i'll take to mean\nthat you're prepared to become\linvolved in this crisis.\pwell, then, there's someone that\ni'd like you to meet.\pcome with me, please.$","STEVEN: Those POKéMON fighting…\nGROUDON… And KYOGRE…\pThe two super-ancient POKéMON\nwere awakened from a long sleep…\pAnd now they are smashing each other\nwith their uncontrollable energy…\p…{PLAYER}{KUN}.\pYou being here now I'll take to mean\nthat you're prepared to become\linvolved in this crisis.\pWell, then, there's someone that\nI'd like you to meet.\pCome with me, please.$",ไดโกะ: โปเกมอนที่กำลังสู้กัน…\nกราดอน… และไคโอกา…\pโปเกมอนยุคบรรพกาลทั้งสอง\nตื่นจากการหลับใหลอันยาวนาน…\pตอนนี้พวกมันกำลังปะทะกัน\nด้วยพลังที่ควบคุมไม่ได้…\p…{PLAYER}{KUN}\pการที่เธอมาถึงที่นี่ หมายความว่า\nพร้อมจะเข้ามาพัวพัน\lกับวิกฤตนี้แล้วสินะ\pถ้าอย่างนั้น มีคนหนึ่ง\nที่ฉันอยากให้เธอพบ\pตามฉันมา$,1,dlg_2eb7f1b6277a7dc5,,draft,
"steven: whew, that was too tense.\n{player}{kun}, thank you.\pi have something to give you as\nthanks for your support.\pplease come see me at home\nafter this.\poh, yes, i don't live in rustboro city.\ni live right here on this island.$","STEVEN: Whew, that was too tense.\n{PLAYER}{KUN}, thank you.\pI have something to give you as\nthanks for your support.\pPlease come see me at home\nafter this.\pOh, yes, I don't live in RUSTBORO CITY.\nI live right here on this island.$",ไดโกะ: เฮ้อ ตึงเครียดจริง ๆ\n{PLAYER}{KUN} ขอบใจนะ\pฉันมีของอยากมอบให้\nเพื่อตอบแทนที่ช่วยเหลือ\pเสร็จเรื่องแล้วช่วยมาหาฉัน\nที่บ้านด้วยนะ\pอ้อ บ้านฉันไม่ได้อยู่เมืองคานาซึมิ\nแต่อยู่บนเกาะนี้เอง$,1,dlg_63d0a5b1cfa2160d,,draft,
"steven: {player}{kun}, have you read that\nproclamation already?\pteam magma is coming after the rocket\nfuel on this island.\pi don't know what they'd need it for,\nbut they can't be allowed to take it.\pi'll keep an eye on things for\na while longer.\pin the meantime, why don't you go\ncheck out the town?$","STEVEN: {PLAYER}{KUN}, have you read that\nproclamation already?\pTEAM MAGMA is coming after the rocket\nfuel on this island.\pI don't know what they'd need it for,\nbut they can't be allowed to take it.\pI'll keep an eye on things for\na while longer.\pIn the meantime, why don't you go\ncheck out the town?$",ไดโกะ: {PLAYER}{KUN} อ่านประกาศ\nฉบับนั้นแล้วหรือยัง?\pทีมแมกมากำลังหมายตา\nเชื้อเพลิงจรวดบนเกาะนี้\pไม่รู้ว่าพวกมันต้องการไปทำอะไร\nแต่ปล่อยให้เอาไปไม่ได้\pฉันจะคอยเฝ้าสถานการณ์\nต่ออีกสักพัก\pระหว่างนี้ลองไป\nดูรอบเมืองก่อนไหม?$,1,dlg_79ce7f56167066ae,,draft,
"steven: {player}{kun}, show me your true\npower as a trainer!$","STEVEN: {PLAYER}{KUN}, show me your true\npower as a TRAINER!$",ไดโกะ: {PLAYER}{KUN} แสดงพลังที่แท้จริง\nในฐานะเทรนเนอร์ให้ฉันดูหน่อย!$,1,dlg_edeb336fc52d099f,,draft,
"steven: {player}{kun}.\pi enjoy seeing pokémon and trainers\nwho strive together.\pi think you're doing great.\pwell, let's meet again somewhere.$","STEVEN: {PLAYER}{KUN}.\pI enjoy seeing POKéMON and TRAINERS\nwho strive together.\pI think you're doing great.\pWell, let's meet again somewhere.$",ไดโกะ: {PLAYER}{KUN}\pฉันชอบที่ได้เห็นโปเกมอนกับเทรนเนอร์\nพยายามไปด้วยกัน\pฉันว่าเธอทำได้ดีมาก\pไว้พบกันใหม่ที่ไหนสักแห่ง$,1,dlg_2c9ae36316cdc574,,draft,
"tate: looks like the bond between you\nand your pokémon is far stronger than\lthe bond that we share as twins.\pliza: you will become even stronger!\nwe've battled you, so we know.$","TATE: Looks like the bond between you\nand your POKéMON is far stronger than\lthe bond that we share as twins.\pLIZA: You will become even stronger!\nWe've battled you, so we know.$",ฟู: สายสัมพันธ์ระหว่างเธอกับโปเกมอน\nแข็งแกร่งกว่าสายสัมพันธ์ของ\lพวกเราฝาแฝดเสียอีก\pรัน: เธอจะแข็งแกร่งขึ้นอีกแน่นอน!\nเพราะได้สู้กัน เราจึงรู้$,1,dlg_45b733a3659fa52c,,draft,
tate: that tm04 contains...\nliza: calm mind!\ptate: it raises sp. atk and...\nliza: it raises sp. def!\ptate: it's a move that's perfect...\nliza: for psychic pokémon!\p... ... ... ... ... ...$,TATE: That TM04 contains…\nLIZA: CALM MIND!\pTATE: It raises SP. ATK and…\nLIZA: It raises SP. DEF!\pTATE: It's a move that's perfect…\nLIZA: For PSYCHIC POKéMON!\p… … … … … …$,ฟู: TM04 บรรจุท่า…\nรัน: เมโซ!\pฟู: ช่วยเพิ่มพลังโจมตีพิเศษและ…\nรัน: เพิ่มพลังป้องกันพิเศษ!\pฟู: เป็นท่าที่เหมาะมาก…\nรัน: สำหรับโปเกมอนพลังจิต!\p… … … … … …$,1,dlg_bf9f721d101df3f8,,draft,
"tate: the mind badge enhances the\nsp. atk and sp. def of pokémon.\pliza: it also lets you use the hm move\ndive outside of battle.\ptate: you should also take this, too.$","TATE: The MIND BADGE enhances the\nSP. ATK and SP. DEF of POKéMON.\pLIZA: It also lets you use the HM move\nDIVE outside of battle.\pTATE: You should also take this, too.$",ฟู: มายด์แบดจ์ช่วยเพิ่ม\nพลังโจมตีพิเศษและพลังป้องกันพิเศษของโปเกมอน\pรัน: และยังทำให้ใช้ท่า HM\nไดฟ์นอกการต่อสู้ได้\pฟู: รับสิ่งนี้ไปด้วยนะ$,1,dlg_43359ec54091c550,,draft,
"team magma can't be allowed to steal\nthe rocket fuel.\poh, by the way, you can have this stone\ni found on the beach.$","TEAM MAGMA can't be allowed to steal\nthe rocket fuel.\pOh, by the way, you can have this stone\nI found on the beach.$",ปล่อยให้ทีมแมกมาขโมย\nเชื้อเพลิงจรวดไม่ได้\pอ้อ จริงสิ รับหินก้อนนี้ไปเถอะ\nฉันเจอมันที่ชายหาด$,1,dlg_10a0c4da3c01bfa0,,draft,
"team magma...\ndo they want to go to space, too?$","TEAM MAGMA…\nDo they want to go to space, too?$",ทีมแมกมา…\nพวกนั้นก็อยากไปอวกาศหรือ?$,1,dlg_33a9a5236748bb7b,,draft,
"thanks!\nthanks to you, we're safe!\pit might be an odd way of thanking you,\nbut take this pokémon.$","Thanks!\nThanks to you, we're safe!\pIt might be an odd way of thanking you,\nbut take this POKéMON.$",ขอบคุณ!\nเพราะคุณ พวกเราจึงปลอดภัย!\pอาจเป็นวิธีขอบคุณที่แปลกหน่อย\nแต่รับโปเกมอนตัวนี้ไปเถอะ$,1,dlg_15b8f87c5174f5d2,,draft,
"that technical machine, tm39,\ncontains rock tomb.\pit not only inflicts damage by dropping\nrocks, it also lowers speed.\pif you use a tm, it instantly teaches\nthe move to a pokémon.\premember, a tm can be used only once,\nso think before you use it.$","That TECHNICAL MACHINE, TM39,\ncontains ROCK TOMB.\pIt not only inflicts damage by dropping\nrocks, it also lowers SPEED.\pIf you use a TM, it instantly teaches\nthe move to a POKéMON.\pRemember, a TM can be used only once,\nso think before you use it.$",เครื่องเทคนิค TM39\nบรรจุท่ากังเซกิฟูจิ\pนอกจากสร้างความเสียหายด้วยการ\nทิ้งหินใส่แล้ว ยังลดความเร็วด้วย\pเมื่อใช้ TM โปเกมอนจะเรียนรู้\nท่านั้นได้ทันที\pจำไว้นะคะว่า TM ใช้ได้เพียงครั้งเดียว\nจึงควรคิดให้ดีก่อนใช้$,1,dlg_e739b5163d24a801,,draft,
that tm08 contains bulk up.\pit's a move that raises both attack\nand defense stats.\p... ... ... ... ... ...$,That TM08 contains BULK UP.\pIt's a move that raises both ATTACK\nand DEFENSE stats.\p… … … … … …$,TM08 บรรจุท่าบิลด์อัป\pเป็นท่าที่เพิ่มทั้งพลังโจมตี\nและพลังป้องกัน\p… … … … … …$,1,dlg_0e086d2f7643bdb7,,draft,
that tm34 there contains shock wave.\pit's a trustworthy move that never\nmisses! you can count on it!\p... ... ... ... ... ...$,That TM34 there contains SHOCK WAVE.\pIt's a trustworthy move that never\nmisses! You can count on it!\p… … … … … …$,TM34 นั่นบรรจุท่าเด็งเงกิฮะ\pเป็นท่าที่ไม่มีวันพลาดเป้า!\nวางใจได้เลย!\p… … … … … …$,1,dlg_ffb1954314bec3d3,,draft,
that tm50 contains overheat.\pthat move inflicts serious damage on\nthe opponent.\pbut it also sharply cuts the sp. atk\nof the pokémon using it. it might not\lbe suitable for longer battles.$,That TM50 contains OVERHEAT.\pThat move inflicts serious damage on\nthe opponent.\pBut it also sharply cuts the SP. ATK\nof the POKéMON using it. It might not\lbe suitable for longer battles.$,TM50 บรรจุท่าโอเวอร์ฮีต\pท่านี้สร้างความเสียหายรุนแรง\nแก่คู่ต่อสู้\pแต่จะลดพลังโจมตีพิเศษของ\nโปเกมอนที่ใช้ลงอย่างมาก จึงอาจ\lไม่เหมาะกับการต่อสู้ที่ยืดเยื้อ$,1,dlg_dc7603a3e7b7cee7,,draft,
the awakened rayquaza flew off...$,The awakened RAYQUAZA flew off…$,เร็คคูซาที่ตื่นขึ้นบินจากไป…$,1,dlg_6b211e62d63b8b92,,draft,
"the embodiments of the land, sea,\nand the sky...\pthat is said to be the identities of\nthe super-ancient pokémon...\pin the same way that we humans and\npokémon have life, our world, too,\lis alive...\pthe super-ancient pokémon have\ntaught us that...$","The embodiments of the land, sea,\nand the sky…\pThat is said to be the identities of\nthe super-ancient POKéMON…\pIn the same way that we humans and\nPOKéMON have life, our world, too,\lis alive…\pThe super-ancient POKéMON have\ntaught us that…$",ตัวแทนแห่งผืนดิน ท้องทะเล\nและท้องฟ้า…\pกล่าวกันว่านั่นคือตัวตนของ\nโปเกมอนยุคบรรพกาล…\pเช่นเดียวกับมนุษย์และโปเกมอน\nที่มีชีวิต โลกของเราเองก็\lมีชีวิตเช่นกัน…\pโปเกมอนยุคบรรพกาล\nได้สอนเรื่องนั้นแก่เรา…$,1,dlg_99952122a38c4d6b,,draft,
"the knuckle badge makes all pokémon\nup to level 30, even those you get in\ltrades, obey without question.\pand, you'll be able to use the hm move\nflash outside of battle.\pif you'd like, use this technical\nmachine, too.$","The KNUCKLE BADGE makes all POKéMON\nup to Level 30, even those you get in\ltrades, obey without question.\pAnd, you'll be able to use the HM move\nFLASH outside of battle.\pIf you'd like, use this TECHNICAL\nMACHINE, too.$",นัคเคิลแบดจ์ทำให้โปเกมอน\nถึงเลเวล 30 เชื่อฟังทุกคำสั่ง\lแม้จะได้มาจากการแลกเปลี่ยน\pและยังใช้ท่า HM แฟลช\nนอกการต่อสู้ได้ด้วย\pถ้าต้องการ ก็รับเครื่องเทคนิค\nนี้ไปใช้ด้วย$,1,dlg_c511203430171749,,draft,
"the mover's pokémon do all the work\nof moving us in and cleaning up after.\lthis is so convenient!\p{player}, your room is upstairs.\ngo check it out, dear!\pdad bought you a new clock to mark\nour move here.\ldon't forget to set it!$","The mover's POKéMON do all the work\nof moving us in and cleaning up after.\lThis is so convenient!\p{PLAYER}, your room is upstairs.\nGo check it out, dear!\pDAD bought you a new clock to mark\nour move here.\lDon't forget to set it!$",โปเกมอนของบริษัทขนย้ายช่วยทั้ง\nขนของและทำความสะอาดให้เราหมดเลย\lสะดวกจริง ๆ!\p{PLAYER} ห้องของลูกอยู่ชั้นบนนะ\nขึ้นไปดูสิจ๊ะ!\pพ่อซื้อนาฬิกาเรือนใหม่ให้เป็นที่ระลึก\nที่เราย้ายมาที่นี่\lอย่าลืมตั้งเวลาด้วยนะ!$,1,dlg_bd705cc8a504bb05,,draft,
"the power contained in the meteorite...\pby amplifying its power with this\nmachine, mt. chimney's volcanic\lactivity will instantly intensify...\pits energy will grow deep inside\nthe crater and...\lfufufu...$","The power contained in the METEORITE…\pBy amplifying its power with this\nmachine, MT. CHIMNEY's volcanic\lactivity will instantly intensify…\pIts energy will grow deep inside\nthe crater and…\lFufufu…$",พลังที่อยู่ในอุกกาบาต…\pถ้าใช้เครื่องนี้ขยายพลัง\nพลังปะทุของภูเขาเอ็นโทสึ\lจะรุนแรงขึ้นทันที…\pพลังจะเพิ่มพูนลึกลงไป\nในปล่องภูเขาไฟ แล้วก็…\lหึ ๆ ๆ…$,1,dlg_ed68ce020b1d6ba1,,draft,
the red orb suddenly began shining\nby itself!$,The RED ORB suddenly began shining\nby itself!$,จู่ ๆ ลูกแก้วสีแดงก็เริ่มส่องแสง\nขึ้นมาเอง!$,1,dlg_30a432ed17b0bf86,,draft,
"the stone badge heightens the attack\npower of your pokémon.\pit also enables them to use the hm move\ncut outside of battle.\pplease take this with you, too.$","The STONE BADGE heightens the ATTACK\npower of your POKéMON.\pIt also enables them to use the HM move\nCUT outside of battle.\pPlease take this with you, too.$",สโตนแบดจ์จะเพิ่ม\nพลังโจมตีของโปเกมอนคุณ\pและทำให้โปเกมอนใช้ท่า HM คัต\nนอกการต่อสู้ได้ด้วย\pโปรดรับสิ่งนี้ไปด้วยค่ะ$,1,dlg_48d242ce72b871a1,,draft,
"the technical machine i handed you\ncontains water pulse.\pin use, it will occasionally confuse\nthe target with ultrasonic waves.\p... ... ... ... ... ...$","The TECHNICAL MACHINE I handed you\ncontains WATER PULSE.\pIn use, it will occasionally confuse\nthe target with ultrasonic waves.\p… … … … … …$",เทคนิคแมชชีนที่ข้ามอบให้\nบรรจุท่ามิซึโนะฮาโด\pเมื่อใช้ บางครั้งคลื่นเสียงความถี่สูง\nจะทำให้เป้าหมายสับสน\p… … … … … …$,1,dlg_b78ca7c65ffc780f,,draft,
"the trainers who have gathered all\nthe gym badges of hoenn should make\lway to the ultimate destination.\pthe pokémon league.\ptravel to the easternmost reaches\nof hoenn, to the island ever grande.\pthere, you shall find the pokémon\nleague.$","The TRAINERS who have gathered all\nthe GYM BADGES of HOENN should make\lway to the ultimate destination.\pThe POKéMON LEAGUE.\pTravel to the easternmost reaches\nof HOENN, to the island EVER GRANDE.\pThere, you shall find the POKéMON\nLEAGUE.$",เหล่าเทรนเนอร์ผู้รวบรวม\nยิมแบดจ์แห่งโฮเอ็นครบแล้ว จง\lมุ่งหน้าสู่จุดหมายสูงสุด\pโปเกมอนลีก\pเดินทางไปยังปลายสุดทางตะวันออก\nของโฮเอ็น สู่เกาะไซยู\pที่นั่น เจ้าจะพบกับโปเกมอน\nลีก$,1,dlg_2d66888f162fdf06,,draft,
the two men who took the orbs came\nback to return them on their own.\pthose men...\nperhaps they are not so evil after all...$,The two men who took the ORBS came\nback to return them on their own.\pThose men…\nPerhaps they are not so evil after all…$,ชายสองคนที่เอาลูกแก้วไป\nกลับมาคืนด้วยตัวเองแล้ว\pคนเหล่านั้น…\nบางทีอาจไม่ได้ชั่วร้ายนักก็ได้…$,1,dlg_735f1ef23f4ce480,,draft,
"there remains but one badge to\nobtain in hoenn.\pif you wish to challenge the pokémon\nleague, you must obtain the last\lbadge from the gym in fortree.$","There remains but one BADGE to\nobtain in HOENN.\pIf you wish to challenge the POKéMON\nLEAGUE, you must obtain the last\lBADGE from the GYM in FORTREE.$",ยังเหลือแบดจ์อีกหนึ่งชิ้น\nที่ต้องคว้ามาในโฮเอ็น\pหากปรารถนาจะท้าทายโปเกมอน\nลีก เจ้าต้องรับแบดจ์สุดท้าย\lจากยิมในฮิวะมากิ$,1,dlg_dd46d9c50f26106a,,draft,
"this is plain not right...\pthe boss told me this would be a\nslick-and-easy job to pull.\pall i had to do was steal some package\nfrom devon.\ptch!\nyou want it back that badly, take it!$","This is plain not right…\pThe BOSS told me this would be a\nslick-and-easy job to pull.\pAll I had to do was steal some package\nfrom DEVON.\pTch!\nYou want it back that badly, take it!$",แบบนี้มันไม่ถูกเลย…\pบอสบอกว่างานนี้จะ\nง่ายเหมือนปอกกล้วยเข้าปาก\pแค่ขโมยพัสดุชิ้นหนึ่ง\nจากเดวอนเท่านั้น\pชิ!\nอยากได้คืนขนาดนั้นก็เอาไป!$,1,dlg_d362788277a67aac,,draft,
"this is the devon corporation's\nthird floor.\pour president's office is on\nthis floor.\panyway, i can't tell you how much i'm\ngrateful for what you've done.\pum... by the way, that parcel\nyou got back for us...\pcould i get you to deliver that to\nthe shipyard in slateport?\pit would be awful if those robbers\ntried to take it again.\puh... hehehe, so, uh, could i count\non you to do that for me?\poh, that's right.\ncould you wait here a second?$","This is the DEVON CORPORATION's\nthird floor.\pOur PRESIDENT's OFFICE is on\nthis floor.\pAnyway, I can't tell you how much I'm\ngrateful for what you've done.\pUm… By the way, that parcel\nyou got back for us…\pCould I get you to deliver that to\nthe SHIPYARD in SLATEPORT?\pIt would be awful if those robbers\ntried to take it again.\pUh… Hehehe, so, uh, could I count\non you to do that for me?\pOh, that's right.\nCould you wait here a second?$",ที่นี่คือชั้นสาม\nของบริษัทเดวอน\pห้องประธานอยู่\nบนชั้นนี้\pไม่รู้จะขอบคุณคุณ\nยังไงถึงจะพอจริง ๆ\pเอ่อ… ว่าแต่พัสดุที่\nคุณเอากลับมาให้เรา…\pช่วยนำไปส่งที่อู่ต่อเรือ\nในไคไนได้ไหม?\pคงแย่มากถ้าพวกโจร\nมาชิงไปอีก\pเอ่อ… แหะ ๆ คือว่า ฝากคุณ\nจัดการเรื่องนี้ได้ไหม?\pอ้อ จริงสิ\nช่วยรอตรงนี้สักครู่นะ$,1,dlg_d4bd710202b46c0c,,draft,
this is what we call a “pokémon.”\p\n$,This is what we call a “POKéMON.”\p\n$,สิ่งนี้เรียกว่า “โปเกมอน”\p\n$,1,dlg_a0a50d7092ef23e5,,draft,
"this world is widely inhabited by\ncreatures known as pokémon.\pwe humans live alongside pokémon,\nat times as friendly playmates, and\lat times as cooperative workmates.\pand sometimes, we band together\nand battle others like us.\pbut despite our closeness, we don't\nknow everything about pokémon.\pin fact, there are many, many\nsecrets surrounding pokémon.\pto unravel pokémon mysteries,\ni've been undertaking research.\lthat's what i do.\p$","This world is widely inhabited by\ncreatures known as POKéMON.\pWe humans live alongside POKéMON,\nat times as friendly playmates, and\lat times as cooperative workmates.\pAnd sometimes, we band together\nand battle others like us.\pBut despite our closeness, we don't\nknow everything about POKéMON.\pIn fact, there are many, many\nsecrets surrounding POKéMON.\pTo unravel POKéMON mysteries,\nI've been undertaking research.\lThat's what I do.\p$",โลกใบนี้มีสิ่งมีชีวิตที่เรียกว่า\nโปเกมอนอาศัยอยู่มากมาย\pมนุษย์เราใช้ชีวิตร่วมกับโปเกมอน\nบางครั้งก็เป็นเพื่อนเล่นที่สนิทสนม\lบางครั้งก็เป็นเพื่อนร่วมงานที่ช่วยเหลือกัน\pและบางครั้ง เราก็รวมพลังกัน\nต่อสู้กับกลุ่มอื่นเช่นเดียวกับเรา\pแต่แม้เราจะใกล้ชิดกันเพียงใด\nเราก็ยังไม่รู้ทุกอย่างเกี่ยวกับโปเกมอน\pที่จริงแล้ว โปเกมอนยังมีความลับ\nซ่อนอยู่อีกมากมายนัก\pผมจึงทำงานวิจัยเพื่อไข\nปริศนาของเหล่าโปเกมอน\lนี่แหละคืองานของผม\p$,1,dlg_8413e20c18110096,,draft,
"though i fell to you, i will remain\ndevoted to bird pokémon.$","Though I fell to you, I will remain\ndevoted to BIRD POKéMON.$",แม้ฉันจะแพ้เธอ แต่ฉันจะยังคง\nทุ่มเทให้โปเกมอนนกต่อไป$,1,dlg_90522eab9aeeb6c1,,draft,
tm40 contains aerial ace.\pits speed...\nno pokémon should be able to avoid it.\p... ... ... ... ... ...$,TM40 contains AERIAL ACE.\pIts speed…\nNo POKéMON should be able to avoid it.\p… … … … … …$,TM40 บรรจุท่าสึบาเมะกาเอชิ\pด้วยความเร็วของมัน…\nไม่มีโปเกมอนตัวไหนหลบได้แน่\p… … … … … …$,1,dlg_e89bf2fc11073911,,draft,
"um... i...\ni'd like to get a pokémon, please...$","Um… I…\nI'd like to get a POKéMON, please…$",เอ่อ… ผม…\nผมอยากได้โปเกมอนสักตัวครับ…$,1,dlg_494a02b492be76e5,,draft,
"uncle: it's because of pokémon that\nthis boy's got more pep, i suppose...\lbut he's become a bit too peppy...$","UNCLE: It's because of POKéMON that\nthis boy's got more pep, I suppose…\lBut he's become a bit too peppy…$",คุณลุง: คงเพราะโปเกมอน\nเด็กคนนี้ถึงได้กระปรี้กระเปร่าขึ้น…\lแต่ดูจะคึกเกินไปหน่อยแล้ว…$,1,dlg_be3cc677576abfad,,draft,
"uncle: now hold on, wally.\psince you started living with pokémon,\nyou have grown quite a lot stronger.\pbut don't you think you're pushing it\nto suddenly challenge a gym?$","UNCLE: Now hold on, WALLY.\pSince you started living with POKéMON,\nyou have grown quite a lot stronger.\pBut don't you think you're pushing it\nto suddenly challenge a GYM?$",คุณลุง: เดี๋ยวก่อน มิตสึรุ\pตั้งแต่เริ่มใช้ชีวิตกับโปเกมอน\nเธอก็แข็งแกร่งขึ้นมากจริง ๆ\pแต่จู่ ๆ จะท้าทายยิมเลย\nไม่ฝืนตัวเองไปหน่อยหรือ?$,1,dlg_776b6560c3cc25d0,,draft,
"uncle: wally, there's no need to be so\ndown on yourself.\pwhy, what's keeping you from becoming\nstronger and stronger?\pcome on, let's go home.\neveryone's waiting for you.$","UNCLE: WALLY, there's no need to be so\ndown on yourself.\pWhy, what's keeping you from becoming\nstronger and stronger?\pCome on, let's go home.\nEveryone's waiting for you.$",คุณลุง: มิตสึรุ ไม่ต้อง\nผิดหวังในตัวเองขนาดนั้น\pไม่มีอะไรขวางเธอจากการ\nแข็งแกร่งขึ้นเรื่อย ๆ หรอก\pไป กลับบ้านกันเถอะ\nทุกคนกำลังรอเธออยู่$,1,dlg_1dd9ce5252a610ca,,draft,
"uncle: {player}{kun}, it just dawned on me\nthat you must be the trainer who kept\lan eye out for wally when he caught\lhis pokémon.\pwhy don't you visit us in verdanturf\nsometime?\li'm sure wally would enjoy it.$","UNCLE: {PLAYER}{KUN}, it just dawned on me\nthat you must be the TRAINER who kept\lan eye out for WALLY when he caught\lhis POKéMON.\pWhy don't you visit us in VERDANTURF\nsometime?\lI'm sure WALLY would enjoy it.$",คุณลุง: {PLAYER}{KUN} ฉันเพิ่งนึกได้\nว่าคุณคงเป็นเทรนเนอร์ที่\lคอยช่วยมิตสึรุตอนเขาจับ\lโปเกมอนสินะ\pว่าง ๆ มาเยี่ยมเราที่ชิดาเกะ\nบ้างนะ\lมิตสึรุต้องดีใจแน่$,1,dlg_cb17948871baa56c,,draft,
"uncle: {player}{kun}, was it?\non wally's behalf, can i ask you to\lbattle with him just this once?\pi don't think he's going to listen to\nany reason the way he is now.$","UNCLE: {PLAYER}{KUN}, was it?\nOn WALLY's behalf, can I ask you to\lbattle with him just this once?\pI don't think he's going to listen to\nany reason the way he is now.$",คุณลุง: {PLAYER}{KUN} ใช่ไหม?\nฉันขอร้องแทนมิตสึรุ ให้คุณ\lสู้กับเขาสักครั้งได้ไหม?\pสภาพแบบนี้ ต่อให้พูดอย่างไร\nเขาก็คงไม่ฟังแล้ว$,1,dlg_f4f5fe77c8bb1be0,,draft,
wah!\nwhat are you doing here?\pwhat am i doing in a place like this?\pwhat business is it of yours?$,Wah!\nWhat are you doing here?\pWhat am I doing in a place like this?\pWhat business is it of yours?$,ว้าก!\nแกมาทำอะไรที่นี่?\pฉันมาทำอะไรในที่แบบนี้น่ะเหรอ?\pไม่ใช่ธุระอะไรของแก!$,1,dlg_d1feb2740067b7ae,,draft,
wait! pleeeaaase!\pdon't take my goods!$,Wait! Pleeeaaase!\pDon't take my GOODS!$,เดี๋ยวก่อน! ได้โปรดดดด!\pอย่าเอาสินค้าของฉันไป!$,1,dlg_fc09693422d97c87,,draft,
"wallace: come on, let's record your\nname as a trainer who triumphed over\lthe pokémon league, and the names of\lthe partners who battled with you.$","WALLACE: Come on, let's record your\nname as a TRAINER who triumphed over\lthe POKéMON LEAGUE, and the names of\lthe partners who battled with you.$",มิคุริ: มาเถอะ เราจะบันทึกชื่อ\nของเธอในฐานะเทรนเนอร์ผู้พิชิต\lโปเกมอนลีก และชื่อของเหล่าคู่หู\lที่ร่วมต่อสู้เคียงข้างเธอ$,1,dlg_f8d2a6465c7b7c81,,draft,
wallace: hmm...\nthe situation is getting worse...$,WALLACE: Hmm…\nThe situation is getting worse…$,มิคุริ: อืม…\nสถานการณ์เลวร้ายลงเรื่อย ๆ…$,1,dlg_847ea0c983f7e391,,draft,
"wallace: i'm sorry, but...\pfrom here on, only those trainers who\nhave become champions may enter.\pyou'll have to wait outside with\nprof. birch.$","WALLACE: I'm sorry, but…\pFrom here on, only those TRAINERS who\nhave become CHAMPIONS may enter.\pYou'll have to wait outside with\nPROF. BIRCH.$",มิคุริ: ขอโทษด้วย แต่ว่า…\pจากนี้ไป เฉพาะเทรนเนอร์ที่\nได้เป็นแชมเปี้ยนเท่านั้นจึงจะเข้าได้\pเธอต้องรอข้างนอกกับ\nศ.เบิร์ช$,1,dlg_44055334f4fe10fa,,draft,
wallace: it's an earthquake!\pthere's not a moment to waste!\nwe've got to hurry!$,WALLACE: It's an earthquake!\pThere's not a moment to waste!\nWe've got to hurry!$,มิคุริ: แผ่นดินไหว!\pจะเสียเวลาแม้แต่วินาทีเดียวไม่ได้!\nเราต้องรีบแล้ว!$,1,dlg_5ed157f43a6632fb,,draft,
"wallace: oh, my, i'm terribly sorry!\pin my haste, i didn't notice that\ni'd left you behind!\pi've opened the locked door of\nthe sky pillar.\p{player}{kun}, let's be on our way!$","WALLACE: Oh, my, I'm terribly sorry!\pIn my haste, I didn't notice that\nI'd left you behind!\pI've opened the locked door of\nthe SKY PILLAR.\p{PLAYER}{KUN}, let's be on our way!$",มิคุริ: โอ้ ต้องขอโทษจริง ๆ!\pฉันรีบร้อนจนไม่ทันสังเกตว่า\nทิ้งเธอไว้ข้างหลัง!\pฉันเปิดประตูที่ล็อกไว้ของ\nเสาหลักแห่งฟ้าแล้ว\p{PLAYER}{KUN} ไปกันเถอะ!$,1,dlg_62cd9667f8720313,,draft,
wallace: this isn't good...\pthe weather distortion is spreading\neven here...\p{player}{kun}.\prayquaza should be farther up\nfrom here.\pi'm worried about sootopolis.\ni've got to go back.\peverything is in your hands now.\ndon't fail us!$,WALLACE: This isn't good…\pThe weather distortion is spreading\neven here…\p{PLAYER}{KUN}.\pRAYQUAZA should be farther up\nfrom here.\pI'm worried about SOOTOPOLIS.\nI've got to go back.\pEverything is in your hands now.\nDon't fail us!$,มิคุริ: ไม่ดีแล้ว…\pความแปรปรวนของอากาศลามมา\nถึงที่นี่แล้ว…\p{PLAYER}{KUN}\pเร็คคูซาน่าจะอยู่สูงขึ้นไป\nจากตรงนี้\pฉันเป็นห่วงเมืองรูเนะ\nต้องกลับไปแล้ว\pทุกอย่างอยู่ในมือเธอแล้ว\nอย่าทำให้พวกเราผิดหวัง!$,1,dlg_7ff2392c13cba811,,draft,
wallace: this room...\pthis is where we keep records of\npokémon that prevailed through\lharsh battles.\pit is here that the league champions\nare honored.$,WALLACE: This room…\pThis is where we keep records of\nPOKéMON that prevailed through\lharsh battles.\pIt is here that the LEAGUE CHAMPIONS\nare honored.$,มิคุริ: ห้องนี้…\pคือสถานที่เก็บบันทึกโปเกมอน\nที่ฝ่าฟันการต่อสู้อันดุเดือด\lจนคว้าชัยชนะมาได้\pและเป็นสถานที่เชิดชูเหล่า\nแชมเปี้ยนแห่งลีก$,1,dlg_620c88648d5b14e6,,draft,
"wallace: welcome, {player}{kun}.\pthat incident in sootopolis city...\nthat was superb work, putting an end\lto that crisis all by yourself.\poops!\pit wouldn't be fair to say that you\nalone ended the crisis.\pyou overcame that difficult situation\nby working as one with your pokémon.\pwe trainers raise pokémon by giving\nthem items and by teaching them new\ltechniques for battle.\pbut we ourselves also learn many\nthings from pokémon.\pand this is where your achievements\nare put to the test against what\lothers like you have achieved.\pnow!\pwho can most elegantly dance with\ntheir pokémon in hoenn?\pshow me right here and now!$","WALLACE: Welcome, {PLAYER}{KUN}.\pThat incident in SOOTOPOLIS CITY…\nThat was superb work, putting an end\lto that crisis all by yourself.\pOops!\pIt wouldn't be fair to say that you\nalone ended the crisis.\pYou overcame that difficult situation\nby working as one with your POKéMON.\pWe TRAINERS raise POKéMON by giving\nthem items and by teaching them new\ltechniques for battle.\pBut we ourselves also learn many\nthings from POKéMON.\pAnd this is where your achievements\nare put to the test against what\lothers like you have achieved.\pNow!\pWho can most elegantly dance with\ntheir POKéMON in HOENN?\pShow me right here and now!$",มิคุริ: ยินดีต้อนรับ {PLAYER}{KUN}\pเหตุการณ์ที่เมืองรูเนะ…\nเธอทำได้ยอดเยี่ยมมาก ยุติวิกฤต\lนั้นได้ด้วยตัวคนเดียว\pอ๊ะ!\pจะบอกว่าเธอยุติวิกฤต\nเพียงลำพังคงไม่ยุติธรรม\pเธอก้าวผ่านสถานการณ์ยากลำบาก\nด้วยการรวมใจเป็นหนึ่งกับโปเกมอน\pพวกเราเทรนเนอร์เลี้ยงดูโปเกมอน\nด้วยไอเทม และสอนเทคนิคใหม่ ๆ\lเพื่อใช้ต่อสู้\pแต่ตัวเราเองก็ได้เรียนรู้\nหลายสิ่งจากโปเกมอนเช่นกัน\pและที่นี่คือสถานที่ทดสอบความสำเร็จ\nของเธอ เทียบกับผลงาน\lของเทรนเนอร์คนอื่นที่มาถึงจุดนี้\pเอาละ!\pใครจะร่ายรำเคียงคู่โปเกมอน\nได้สง่างามที่สุดในโฮเอ็น?\pแสดงให้ฉันเห็นที่นี่เดี๋ยวนี้!$,1,dlg_2ebe47d3ac14fd8e,,draft,
"wallace: {player}{kun}...\pno, let me rephrase that properly.\pthe new champion!\pcome with me.$","WALLACE: {PLAYER}{KUN}…\pNo, let me rephrase that properly.\pThe new CHAMPION!\pCome with me.$",มิคุริ: {PLAYER}{KUN}…\pไม่สิ ขอเรียกให้ถูกต้องดีกว่า\pแชมเปี้ยนคนใหม่!\pตามฉันมา$,1,dlg_e48bce6d96070af2,,draft,
"wally, here, i'll loan you my pokémon.\pwally received a zigzagoon!$","WALLY, here, I'll loan you my POKéMON.\pWALLY received a ZIGZAGOON!$",มิตสึรุ เอ้า ฉันให้ยืมโปเกมอนของฉัน\pมิตสึรุได้รับจิกุซากุมะ!$,1,dlg_eead62b58595e8b5,,draft,
"wally: aww, uncle, please?\pi want to challenge this gym and see\nhow much better i've become.\pplease? may i, please?$","WALLY: Aww, UNCLE, please?\pI want to challenge this GYM and see\nhow much better I've become.\pPlease? May I, please?$",มิตสึรุ: โธ่ คุณลุง ขอร้องล่ะครับ!\pผมอยากท้าทายยิมนี้ เพื่อดูว่า\nตัวเองเก่งขึ้นแค่ไหน\pขอเถอะนะครับ ได้ไหมครับ?$,1,dlg_48288662c4edf402,,draft,
"wally: hi! {player}!\pi bet you're surprised to see me here!\pi made it all the way here, and it's\nall thanks to you!\p{player}, losing to you that time\nmade me stronger!\pbut i'm not going to lose anymore!\pi'm going to win! for the pokémon who\ngave me courage and strength!\pokay... here i come!$","WALLY: Hi! {PLAYER}!\pI bet you're surprised to see me here!\pI made it all the way here, and it's\nall thanks to you!\p{PLAYER}, losing to you that time\nmade me stronger!\pBut I'm not going to lose anymore!\pI'm going to win! For the POKéMON who\ngave me courage and strength!\pOkay… Here I come!$",มิตสึรุ: สวัสดี {PLAYER}!\pคงตกใจที่เห็นผมที่นี่สินะครับ!\pผมมาถึงที่นี่ได้ ทั้งหมดนี้\nเป็นเพราะคุณ!\p{PLAYER} การแพ้คุณในครั้งนั้น\nทำให้ผมแข็งแกร่งขึ้น!\pแต่ผมจะไม่แพ้อีกแล้ว!\pผมจะชนะ! เพื่อโปเกมอนที่\nมอบความกล้าและพลังให้ผม!\pเอาละ… ผมมาแล้ว!$,1,dlg_ae26a5585d0e39c3,,draft,
"wally: i couldn't beat you today,\n{player}, but one of these days, i'll\lcatch up to you!$","WALLY: I couldn't beat you today,\n{PLAYER}, but one of these days, I'll\lcatch up to you!$",มิตสึรุ: วันนี้ผมเอาชนะคุณไม่ได้\n{PLAYER} แต่สักวันหนึ่ง ผมจะ\lตามคุณให้ทัน!$,1,dlg_2c3eb5a86574bda7,,draft,
"wally: i'm going to go stay with my\nrelatives in verdanturf town.\pi thought i would be lonely by myself,\nso i wanted to take a pokémon along.\pbut i've never caught a pokémon before.\ni don't know how...$","WALLY: I'm going to go stay with my\nrelatives in VERDANTURF TOWN.\pI thought I would be lonely by myself,\nso I wanted to take a POKéMON along.\pBut I've never caught a POKéMON before.\nI don't know how…$",มิตสึรุ: ผมกำลังจะไปพักกับ\nญาติที่เมืองชิดาเกะครับ\pผมคิดว่าถ้าไปคนเดียวคงเหงา\nเลยอยากพาโปเกมอนไปด้วยสักตัว\pแต่ผมไม่เคยจับโปเกมอนมาก่อน\nเลยไม่รู้ว่าต้องทำยังไง…$,1,dlg_f98cda4ae5188207,,draft,
"wally: i'm not pushing it.\pif i combine forces with ralts,\nwe can beat anyone!$","WALLY: I'm not pushing it.\pIf I combine forces with RALTS,\nwe can beat anyone!$",มิตสึรุ: ผมไม่ได้ฝืนตัวเองครับ\pถ้าผมกับราลทอสร่วมพลังกัน\nไม่ว่าใครเราก็ชนะได้!$,1,dlg_ea21b86b9428270d,,draft,
"wally: oh! hi, {player}!\pi've gotten a lot stronger since\nwe met.\p{player}, i want you and my uncle to\nunderstand that.\p{player}, please, will you have\na battle with me?$","WALLY: Oh! Hi, {PLAYER}!\pI've gotten a lot stronger since\nwe met.\p{PLAYER}, I want you and my UNCLE to\nunderstand that.\p{PLAYER}, please, will you have\na battle with me?$",มิตสึรุ: อ๊ะ! สวัสดี {PLAYER}!\pตั้งแต่พบกันครั้งก่อน\nผมแข็งแกร่งขึ้นมากแล้ว\p{PLAYER} ผมอยากให้คุณกับคุณลุง\nเข้าใจเรื่องนั้น\p{PLAYER} ได้โปรด\nสู้กับผมสักครั้งได้ไหม?$,1,dlg_9c9adfc531c27500,,draft,
"wally: oh, wow!\na pokémon!\pdad: hm. i'll give you a poké ball, too.\ngo for it!\pwally received a poké ball!$","WALLY: Oh, wow!\nA POKéMON!\pDAD: Hm. I'll give you a POKé BALL, too.\nGo for it!\pWALLY received a POKé BALL!$",มิตสึรุ: ว้าว!\nโปเกมอน!\pพ่อ: อืม ฉันให้โปเกบอลด้วยลูกหนึ่ง\nลองดูเลย!\pมิตสึรุได้รับโปเกบอล!$,1,dlg_16e7448d926be3cf,,draft,
"wally: oh, wow!\nthank you!$","WALLY: Oh, wow!\nThank you!$",มิตสึรุ: ว้าว!\nขอบคุณมากครับ!$,1,dlg_31f4283f58f635f0,,draft,
"wally: thank you, yes, it did.\nhere's your pokémon back.\p{player}, thank you for coming along\nwith me.\pyou two are why i was able to catch\nmy pokémon.\pi promise i'll take really good\ncare of it.\poh! my mom's waiting for me,\nso i have to go!\pbye, {player}!$","WALLY: Thank you, yes, it did.\nHere's your POKéMON back.\p{PLAYER}, thank you for coming along\nwith me.\pYou two are why I was able to catch\nmy POKéMON.\pI promise I'll take really good\ncare of it.\pOh! My mom's waiting for me,\nso I have to go!\pBye, {PLAYER}!$",มิตสึรุ: ขอบคุณครับ สำเร็จแล้ว\nนี่โปเกมอนของคุณครับ\p{PLAYER} ขอบคุณที่\nมากับผมนะครับ\pเพราะคุณสองคน ผมจึง\nจับโปเกมอนของตัวเองได้\pผมสัญญาว่าจะดูแลมัน\nอย่างดีที่สุดครับ\pอ๊ะ! แม่กำลังรอผมอยู่\nผมต้องไปแล้วครับ!\pลาก่อนนะ {PLAYER}!$,1,dlg_5a8bd4e5faf57436,,draft,
wally: uncle...\ni'll go back to verdanturf...$,WALLY: UNCLE…\nI'll go back to VERDANTURF…$,มิตสึรุ: คุณลุง…\nผมจะกลับไปชิดาเกะครับ…$,1,dlg_a08d097557c3e6c2,,draft,
"wally: {player}, please!\nbattle with me, please.$","WALLY: {PLAYER}, please!\nBattle with me, please.$",มิตสึรุ: {PLAYER} ได้โปรด!\nสู้กับผมอีกครั้งนะครับ$,1,dlg_d86f9ae4036a91a5,,draft,
"wally: {player}, thank you.\pokay... here i come!$","WALLY: {PLAYER}, thank you.\pOkay… Here I come!$",มิตสึรุ: {PLAYER} ขอบคุณครับ\pเอาละ… ผมมาแล้ว!$,1,dlg_fb648835502d4cf7,,draft,
"we are team aqua,\nand we love the sea!\pand i am team aqua's leader,\narchie!\pwhat makes you interfere with us?\p...no! you can't be!\nyou're not one of team magma?\pwait, that can't be right.\nyou're not dressed for the part.\p... ... ... ... ... ...\n... ... ... ... ... ...\ppokémon, people... all life depends on\nthe sea.\pso, team aqua is dedicated to\nthe expansion of the sea.\pdon't you agree? what we are doing\nis a magnificent undertaking.\pah, fine...\nyou're still too young to understand\lour noble objective.\pbut, i warn you, don't even consider\ninterfering with our plans again.\pthe consequences will cost you\ndearly!\pand don't you forget it!$","We are TEAM AQUA,\nand we love the sea!\pAnd I am TEAM AQUA's leader,\nARCHIE!\pWhat makes you interfere with us?\p…No! You can't be!\nYou're not one of TEAM MAGMA?\pWait, that can't be right.\nYou're not dressed for the part.\p… … … … … …\n… … … … … …\pPOKéMON, people… All life depends on\nthe sea.\pSo, TEAM AQUA is dedicated to\nthe expansion of the sea.\pDon't you agree? What we are doing\nis a magnificent undertaking.\pAh, fine…\nYou're still too young to understand\lour noble objective.\pBut, I warn you, don't even consider\ninterfering with our plans again.\pThe consequences will cost you\ndearly!\pAnd don't you forget it!$",พวกเราคือทีมอควา\nผู้รักท้องทะเล!\pและฉันคือหัวหน้าทีมอควา\nอาโอกิริ!\pทำไมแกถึงมาขวางพวกเรา?\p…ไม่! หรือว่าแก!\nแกไม่ใช่พวกทีมแมกมาหรือ?\pเดี๋ยวสิ ไม่น่าใช่\nแต่งตัวไม่เหมือนพวกมันเลย\p… … … … … …\n… … … … … …\pโปเกมอน มนุษย์… ทุกชีวิตล้วน\nต้องพึ่งพาท้องทะเล\pทีมอควาจึงมุ่งมั่นที่จะ\nขยายผืนทะเล\pไม่เห็นด้วยหรือ? สิ่งที่เราทำ\nคือภารกิจอันยิ่งใหญ่\pเอาเถอะ…\nแกยังเด็กเกินกว่าจะเข้าใจ\lเป้าหมายอันสูงส่งของเรา\pแต่ขอเตือนไว้ อย่าคิด\nขัดขวางแผนของเราอีก\pไม่อย่างนั้นแกจะต้อง\nชดใช้อย่างสาสม!\pจำใส่หัวไว้ด้วย!$,1,dlg_6e3b14603f596d92,,draft,
we have a situation here!\pa team magma mob just passed\nthe weather institute.\pthey appear to be headed for\nmt. pyre!$,We have a situation here!\pA TEAM MAGMA mob just passed\nthe WEATHER INSTITUTE.\pThey appear to be headed for\nMT. PYRE!$,เกิดเรื่องใหญ่แล้ว!\pกลุ่มทีมแมกมาเพิ่งผ่าน\nสถาบันอุตุนิยมวิทยาไป\pดูเหมือนพวกมันกำลังมุ่งหน้า\nไปยังภูเขาโอคุริบิ!$,1,dlg_6bc82f96214c6653,,draft,
we're team aqua!\pour boss wants those parts!\nshut your yap and fork them over!$,We're TEAM AQUA!\pOur BOSS wants those parts!\nShut your yap and fork them over!$,พวกเราคือทีมอควา!\pบอสของเราอยากได้ชิ้นส่วนนั่น!\nหุบปากแล้วส่งมาเดี๋ยวนี้!$,1,dlg_9758a7ae075cd9a8,,draft,
"welcome, challenger!\ni'm sidney of the elite four.\pi like that look you're giving me.\ni guess you'll give me a good match.\lthat's good! looking real good!\pall right! you and me, let's enjoy\na battle that can only be staged\lhere in the pokémon league!$","Welcome, challenger!\nI'm SIDNEY of the ELITE FOUR.\pI like that look you're giving me.\nI guess you'll give me a good match.\lThat's good! Looking real good!\pAll right! You and me, let's enjoy\na battle that can only be staged\lhere in the POKéMON LEAGUE!$",ยินดีต้อนรับ ผู้ท้าชิง!\nฉันคือคาเง็ตสึแห่งสี่จตุรเทพ\pฉันชอบแววตาที่เธอมองมา\nดูท่าจะสู้ได้สนุกดี\lเยี่ยม! ดูดีมาก!\pเอาละ! เธอกับฉัน มาสนุกกับ\nการต่อสู้ที่เกิดขึ้นได้เพียง\lในโปเกมอนลีกแห่งนี้กันเถอะ!$,1,dlg_eb6ec0975494eabc,,draft,
"welcome, my name is glacia\nof the elite four.\pi've traveled from afar to hoenn\nso that i may hone my ice skills.\pbut all i have seen are challenges by\nweak trainers and their pokémon.\pwhat about you?\pit would please me to no end if i could\ngo all out against you!$","Welcome, my name is GLACIA\nof the ELITE FOUR.\pI've traveled from afar to HOENN\nso that I may hone my ice skills.\pBut all I have seen are challenges by\nweak TRAINERS and their POKéMON.\pWhat about you?\pIt would please me to no end if I could\ngo all out against you!$",ยินดีต้อนรับ ฉันชื่อพริม\nแห่งสี่จตุรเทพ\pฉันเดินทางจากแดนไกลมายังโฮเอ็น\nเพื่อขัดเกลาทักษะน้ำแข็ง\pแต่ที่ผ่านมาฉันพบเพียง\nเทรนเนอร์อ่อนแอกับโปเกมอนของพวกเขา\pแล้วเธอล่ะ?\pถ้าฉันได้สู้กับเธออย่างเต็มกำลัง\nคงน่ายินดียิ่งนัก!$,1,dlg_27801ee152f487cf,,draft,
"what's wrong with you?\pyou're outnumbered three to one,\nbut you still want to take us on?$","What's wrong with you?\pYou're outnumbered three to one,\nbut you still want to take us on?$",เป็นอะไรของแก?\pถึงจะเสียเปรียบสามต่อหนึ่ง\nแต่ยังคิดจะสู้กับพวกเราอีกหรือ?$,1,dlg_70357e86f6ea09df,,draft,
"what, are you coming?\ncome and get some, then!$","What, are you coming?\nCome and get some, then!$",ว่าไง จะเข้ามาเหรอ?\nงั้นก็เข้ามาเลย!$,1,dlg_08674d7717f93db0,,draft,
"what?!\pwe can't waste any more time here!\nwe have to hurry to mt. pyre, too!\pahahahaha!\nteam magma, just you wait!$","What?!\pWe can't waste any more time here!\nWe have to hurry to MT. PYRE, too!\pAhahahaha!\nTEAM MAGMA, just you wait!$",ว่าไงนะ?!\pเราจะเสียเวลาที่นี่ต่อไปไม่ได้!\nต้องรีบไปภูเขาโอคุริบิเหมือนกัน!\pฮ่า ๆ ๆ ๆ!\nทีมแมกมา คอยดูก็แล้วกัน!$,1,dlg_72d579cc12f30a2d,,draft,
why would team magma want to steal\nour rocket fuel in the first place?$,Why would TEAM MAGMA want to steal\nour rocket fuel in the first place?$,ว่าแต่ทำไมทีมแมกมาถึงอยาก\nขโมยเชื้อเพลิงจรวดของเรากัน?$,1,dlg_63197315c2211581,,draft,
"with the dynamo badge, pokémon can\nuse rock smash out of battle.\pand, it will make your pokémon a little\nbit faster, too.\phmm...\nyou should take this, too!$","With the DYNAMO BADGE, POKéMON can\nuse ROCK SMASH out of battle.\pAnd, it will make your POKéMON a little\nbit faster, too.\pHmm…\nYou should take this, too!$",เมื่อมีไดนาโมแบดจ์ โปเกมอนจะ\nใช้อิวะคุดากินอกการต่อสู้ได้\pและยังทำให้โปเกมอนของเธอ\nเร็วขึ้นเล็กน้อยด้วย\pอืม…\nรับนี่ไปด้วยสิ!$,1,dlg_885f72022e6a7a31,,draft,
"with the feather badge, all pokémon up\nto lv 70, even those received through\ltrades, will obey your every command.\pyou will also be able to use\nthe hm move fly outside of battle.\pand this...\nthis is a gift from me.$","With the FEATHER BADGE, all POKéMON up\nto LV 70, even those received through\ltrades, will obey your every command.\pYou will also be able to use\nthe HM move FLY outside of battle.\pAnd this…\nThis is a gift from me.$",เมื่อมีเฟเธอร์แบดจ์ โปเกมอนทุกตัว\nจนถึงเลเวล 70 แม้แต่โปเกมอนที่ได้\lจากการแลกเปลี่ยนก็จะเชื่อฟังทุกคำสั่ง\pและยังใช้ท่า HM โซระโอะโทบุ\nนอกการต่อสู้ได้ด้วย\pและนี่…\nคือของขวัญจากฉัน$,1,dlg_4ba2da8c6c4cb804,,draft,
"yes? if you're looking for stern,\nthat would be me.\pah! those must be the parts i ordered\nfrom mr. stone of devon.\pthank you! that's great!\nwe can prepare for our expedition now.$","Yes? If you're looking for STERN,\nthat would be me.\pAh! Those must be the parts I ordered\nfrom MR. STONE of DEVON.\pThank you! That's great!\nWe can prepare for our expedition now.$",ครับ? ถ้าตามหากัปตันคุสโนกิ\nผมนี่แหละครับ\pอ๊ะ! นั่นต้องเป็นชิ้นส่วนที่ผมสั่ง\nจากประธานสึวาบุกิแห่งเดวอนแน่ ๆ\pขอบคุณครับ! เยี่ยมเลย!\nทีนี้ก็เตรียมออกสำรวจได้แล้ว$,1,dlg_f3193871c666b294,,draft,
"your power reminds me of someone...\poh! i know! you battle like norman,\nthe gym leader of petalburg.$","Your power reminds me of someone…\pOh! I know! You battle like NORMAN,\nthe GYM LEADER of PETALBURG.$",พลังของเธอทำให้ฉันนึกถึงใครบางคน…\pอ๋อ! รู้แล้ว! เธอต่อสู้เหมือนเซ็นริ\nยิมลีดเดอร์แห่งโทวกะเลย$,1,dlg_ad170cc8edbfbd94,,draft,
{252}{25}{3}{0}{0}{244}{4}{1}{252}{25}{29}{0}{0}{244}{6}{1}{252}{25}{48}{0}{0}{244}{6}{1}{252}{25}{3}{0}{0}{244}{4}{1}{252}{25}{8}{2}{0}{244}{7}{1}{252}{25}{30}{0}{0}{244}{8}{1}{252}{25}{3}{0}{0}{244}{4}{1}{252}{25}{3}{2}{0}{244}{7}{1}{252}{25}{8}{0}{0}{244}{6}{1}{252}{25}{15}{0}{0}{244}{6}{1}{252}{25}{6}{0}{0}{244}{4}{1}{252}{25}{39}{0}{0}{244}{6}{1}?\n{252}{25}{46}{0}{0}{244}{7}{1}{252}{25}{21}{1}{0}{244}{6}{1}{252}{25}{48}{0}{0}{244}{6}{1}{252}{25}{3}{0}{0}{244}{4}{1}{252}{25}{8}{2}{0}{244}{7}{1}{252}{25}{30}{0}{0}{244}{8}{1}{252}{25}{3}{0}{0}{244}{4}{1}{252}{25}{3}{2}{0}{244}{7}{1}{252}{25}{8}{0}{0}{244}{6}{1}{252}{25}{46}{0}{0}{244}{7}{1}{252}{25}{58}{0}{0}{244}{8}{1}{252}{25}{12}{0}{0}{244}{4}{1}?$,{252}{25}{3}{0}{0}{244}{4}{1}{252}{25}{29}{0}{0}{244}{6}{1}{252}{25}{48}{0}{0}{244}{6}{1}{252}{25}{3}{0}{0}{244}{4}{1}{252}{25}{8}{2}{0}{244}{7}{1}{252}{25}{30}{0}{0}{244}{8}{1}{252}{25}{3}{0}{0}{244}{4}{1}{252}{25}{3}{2}{0}{244}{7}{1}{252}{25}{8}{0}{0}{244}{6}{1}{252}{25}{15}{0}{0}{244}{6}{1}{252}{25}{6}{0}{0}{244}{4}{1}{252}{25}{39}{0}{0}{244}{6}{1}?\n{252}{25}{46}{0}{0}{244}{7}{1}{252}{25}{21}{1}{0}{244}{6}{1}{252}{25}{48}{0}{0}{244}{6}{1}{252}{25}{3}{0}{0}{244}{4}{1}{252}{25}{8}{2}{0}{244}{7}{1}{252}{25}{30}{0}{0}{244}{8}{1}{252}{25}{3}{0}{0}{244}{4}{1}{252}{25}{3}{2}{0}{244}{7}{1}{252}{25}{8}{0}{0}{244}{6}{1}{252}{25}{46}{0}{0}{244}{7}{1}{252}{25}{58}{0}{0}{244}{8}{1}{252}{25}{12}{0}{0}{244}{4}{1}?$,เธอเป็นเด็กผู้ชาย\nหรือเด็กผู้หญิงล่ะ?$,1,dlg_008b1eacc20d2fa0,,draft,
{player} received a pokénav.$,{PLAYER} received a POKéNAV.$,{PLAYER} ได้รับโปเกนาวี$,1,dlg_8cdabd7f75be9916,,draft,
{player} received castform!$,{PLAYER} received CASTFORM!$,{PLAYER} ได้รับโพวารุน!$,1,dlg_3949d91512dde4d1,,draft,
{player} received the balance badge\nfrom dad!$,{PLAYER} received the BALANCE BADGE\nfrom DAD!$,{PLAYER} ได้รับบาลานซ์แบดจ์\nจากพ่อ!$,1,dlg_02937a0c67770c8c,,draft,
{player} received the dynamo badge\nfrom wattson.$,{PLAYER} received the DYNAMO BADGE\nfrom WATTSON.$,{PLAYER} ได้รับไดนาโมแบดจ์\nจากเท็ตเซ็น$,1,dlg_fc810b4e66b7f5bb,,draft,
{player} received the feather badge\nfrom winona.$,{PLAYER} received the FEATHER BADGE\nfrom WINONA.$,{PLAYER} ได้รับเฟเธอร์แบดจ์\nจากนางิ$,1,dlg_043520f7cee45426,,draft,
{player} received the heat badge\nfrom flannery.$,{PLAYER} received the HEAT BADGE\nfrom FLANNERY.$,{PLAYER} ได้รับฮีตแบดจ์\nจากอาสึนะ$,1,dlg_85cc669a07cfd1db,,draft,
{player} received the knuckle badge\nfrom brawly.$,{PLAYER} received the KNUCKLE BADGE\nfrom BRAWLY.$,{PLAYER} ได้รับนัคเคิลแบดจ์\nจากโทคิ$,1,dlg_b5f1597d44c6a945,,draft,
{player} received the mind badge\nfrom tate and liza.$,{PLAYER} received the MIND BADGE\nfrom TATE and LIZA.$,{PLAYER} ได้รับมายด์แบดจ์\nจากฟูกับรัน$,1,dlg_16583cf9036a06e6,,draft,
{player} received the pokédex!$,{PLAYER} received the POKéDEX!$,{PLAYER} ได้รับโปเกเด็กซ์!$,1,dlg_a1f8f8a1ea390b2a,,draft,
{player} received the rain badge\nfrom juan.$,{PLAYER} received the RAIN BADGE\nfrom JUAN.$,{PLAYER} ได้รับอาเมะแบดจ์\nจากอาดัน$,1,dlg_e4617a5d97c17e89,,draft,
{player} received the stone badge\nfrom roxanne.$,{PLAYER} received the STONE BADGE\nfrom ROXANNE.$,{PLAYER} ได้รับสโตนแบดจ์\nจากสึสึจิ$,1,dlg_bde9acfada6ecdb8,,draft,
{player} removed the meteorite from\nthe mysterious machine.$,{PLAYER} removed the METEORITE from\nthe mysterious machine.$,{PLAYER} นำอุกกาบาตออกจาก\nเครื่องจักรลึกลับแล้ว$,1,dlg_42c985b1510208be,,draft,
{player} switched shoes with the\nrunning shoes.$,{PLAYER} switched shoes with the\nRUNNING SHOES.$,{PLAYER} เปลี่ยนเป็น\nรองเท้าวิ่งแล้ว$,1,dlg_51478fab2a0bb5f5,,draft,
"{player}, thank you.\nbeing a trainer is tough, isn't it?\pit's not enough just to have pokémon\nand make them battle. that isn't what\lbeing a real trainer is about.$","{PLAYER}, thank you.\nBeing a TRAINER is tough, isn't it?\pIt's not enough just to have POKéMON\nand make them battle. That isn't what\lbeing a real TRAINER is about.$",{PLAYER} ขอบคุณนะ\nการเป็นเทรนเนอร์นี่ลำบากจริง ๆ ว่าไหม?\pแค่มีโปเกมอนแล้วสั่งให้ต่อสู้\nยังไม่พอ นั่นไม่ใช่ความหมายของ\lการเป็นเทรนเนอร์ที่แท้จริง$,1,dlg_6ebacc9d8cd36793,,draft,
{player}... would you really come\nwith me?$,{PLAYER}… Would you really come\nwith me?$,{PLAYER}… จะมากับผม\nจริง ๆ หรือครับ?$,1,dlg_e60a3d620dc03986,,draft,
"{player}{kun}!\nplease, come with me!$","{PLAYER}{KUN}!\nPlease, come with me!$",{PLAYER}{KUN}!\nมากับผมเร็ว!$,1,dlg_5d595593ae009b8a,,draft,
